Evento,URL Evento,Fecha,Hora,Estatus,Artista o Atraccion,Venue,Ciudad,Estado,Pais,Latitud,Longitud,Segmento,Genero,Es Festival,Tiene Precio,Anio,Mes Numero,Mes Nombre,Conteo Eventos,Promotor
"Sinfónica de Minería, Abono Sábados ""Temporada de verano"".",https://www.ticketmaster.com.mx/sinfonica-de-mineria-abono-sabados-temporada-mexico-04-07-2026/event/3D0064ACC751B82B,2026-07-04,,offsale,Sinfónica de Minería,Sala Silvestre Revueltas,Ciudad de México,Ciudad de México,Mexico,19.3025494,-99.1732788,Music,Classical,False,False,2026,7,July,1,MONDIAL PRICE 1
Anyma,https://www.ticketmaster.com.mx/anyma-ciudad-de-mexico-22-08-2026/event/14006447E1CEB4EB,2026-08-22,21:00:00,onsale,Anyma,Estadio GNP Seguros,Ciudad de México,Ciudad de México,Mexico,19.405199,-99.095618,Music,Dance/Electronic,False,False,2026,8,August,1,OCESA
Anyma Stage,https://www.ticketmaster.com.mx/anyma-stage-ciudad-de-mexico-22-08-2026/event/140065109DA14010,2026-08-22,21:00:00,onsale,Anyma,Estadio GNP Seguros,Ciudad de México,Ciudad de México,Mexico,19.405199,-99.095618,Music,Dance/Electronic,False,False,2026,8,August,1,OCESA
Emmanuel & Mijares,https://www.ticketmaster.com.mx/emmanuel-mijares-ciudad-de-mexico-22-08-2026/event/3D006490F8CCD3C7,2026-08-22,20:00:00,onsale,Emmanuel & Mijares,Auditorio Nacional,Ciudad de México,Ciudad de México,Mexico,19.424648,-99.19484,Music,Latin,False,False,2026,8,August,1,OCESA
Los Tesoros del Ayer: Los Terrícolas y más...,https://www.ticketmaster.com.mx/los-tesoros-del-ayer-los-terricolas-mexico-22-08-2026/event/3D00648BD8F96100,2026-08-22,21:30:00,onsale,Los Terricolas de Freddy Fuentes,La Maraka,Ciudad de México,Ciudad de México,Mexico,19.3865108,-99.1631775,Music,Ballads/Romantic,False,False,2026,8,August,1,MONDIAL PRICE 1
Nxrcisistxs XX Años Abono Incluye 2 días,https://www.ticketmaster.com.mx/nxrcisistxs-xx-anos-abono-incluye-2-ciudad-de-mexico-22-08-2026/event/3D00646586881514,2026-08-22,,onsale,Nxrcisistxs,El Lunario del Auditorio Nacional,Ciudad de México,Ciudad de México,Mexico,19.424682,-99.1954,Music,Sin clasificar,False,False,2026,8,August,1,MONDIAL PRICE 1
Nxrcisistxs XX Años Dementes 1,https://www.ticketmaster.com.mx/nxrcisistxs-xx-anos-dementes-1-ciudad-de-mexico-22-08-2026/event/3D006464E87E70A4,2026-08-22,20:00:00,onsale,Nxrcisistxs,El Lunario del Auditorio Nacional,Ciudad de México,Ciudad de México,Mexico,19.424682,-99.1954,Music,Sin clasificar,False,False,2026,8,August,1,MONDIAL PRICE 1
ROSALÍA: LUX TOUR 2026,https://www.ticketmaster.com.mx/rosalia-lux-tour-2026-ciudad-de-mexico-22-08-2026/event/1400638B841E7B8B,2026-08-22,20:00:00,onsale,ROSALÍA,Palacio de los Deportes,Ciudad de México,Ciudad de México,Mexico,19.4015408,-99.0980606,Music,Latin,False,False,2026,8,August,1,OCESA
"Sinfónica de Minería, Temporada de verano, octavo programa.",https://www.ticketmaster.com.mx/sinfonica-de-mineria-temporada-de-verano-mexico-22-08-2026/event/3D0064ACBCDBA441,2026-08-22,20:00:00,onsale,Sinfónica de Minería,Sala Silvestre Revueltas,Ciudad de México,Ciudad de México,Mexico,19.3025494,-99.1732788,Music,Classical,False,False,2026,8,August,1,MONDIAL PRICE 1
XI Festival Mundial Del Bolero,https://www.ticketmaster.com.mx/xi-festival-mundial-del-bolero-mexico-22-08-2026/event/3D0064D3C60A57A3,2026-08-22,18:00:00,onsale,Festival Mundial del Bolero,Teatro de la Ciudad Esperanza Iris,Ciudad de México,Ciudad de México,Mexico,19.4366936,-99.1394375,Music,Ballads/Romantic,True,False,2026,8,August,1,MONDIAL PRICE 1
Cielo Abierto 2026***SUITES***,https://www.ticketmaster.com.mx/cielo-abierto-2026suites-monterrey-22-08-2026/event/140064DB908D3F82,2026-08-22,18:00:00,offsale,,Auditorio Banamex,Monterrey,Nuevo León,Mexico,25.67765795,-100.28085777,Music,Other,False,False,2026,8,August,1,OCESA
KABAH 30TH Aniversario La Calle de las Sirenas,https://www.ticketmaster.com.mx/kabah-30th-aniversario-la-calle-de-monterrey-22-08-2026/event/14006481AD0A6D16,2026-08-22,21:00:00,onsale,Kabah,Escenario GNP Seguros,Monterrey,Nuevo León,Mexico,25.666135,-100.316726,Music,Rock,False,False,2026,8,August,1,MONDIAL PRICE 1
Las Guerreras K-Pop en concierto,https://www.ticketmaster.com.mx/las-guerreras-kpop-en-concierto-mexico-23-08-2026/event/3D0064C684192CF3,2026-08-23,16:00:00,cancelled,,La Maraka,Ciudad de México,Ciudad de México,Mexico,19.3865108,-99.1631775,Music,Children's Music,False,False,2026,8,August,1,MONDIAL PRICE 1
Nxrcisistxs XX Años Dementes 2,https://www.ticketmaster.com.mx/nxrcisistxs-xx-anos-dementes-2-ciudad-de-mexico-23-08-2026/event/3D00646491CF179B,2026-08-23,18:00:00,onsale,Nxrcisistxs,El Lunario del Auditorio Nacional,Ciudad de México,Ciudad de México,Mexico,19.424682,-99.1954,Music,Sin clasificar,False,False,2026,8,August,1,MONDIAL PRICE 1
"Orquesta Sinfónica de Minería, 8+. Ingreso 16:30 h.",https://www.ticketmaster.com.mx/orquesta-sinfonica-de-mineria-8-ingreso-mexico-cdmx-23-08-2026/event/3D006489B03251A8,2026-08-23,17:00:00,onsale,Sala Principal Bellas Artes,Palacio de Bellas Artes,Ciudad de México,Ciudad de México,Mexico,19.4366302,-99.1435318,Music,Latin,False,False,2026,8,August,1,MONDIAL PRICE 1
XI Festival Mundial Del Bolero,https://www.ticketmaster.com.mx/xi-festival-mundial-del-bolero-mexico-23-08-2026/event/3D0064D3C60A57A5,2026-08-23,18:00:00,onsale,Festival Mundial del Bolero,Teatro de la Ciudad Esperanza Iris,Ciudad de México,Ciudad de México,Mexico,19.4366936,-99.1394375,Music,Ballads/Romantic,True,False,2026,8,August,1,MONDIAL PRICE 1
Sarai Rivera - Inquebrantable Tour,https://www.ticketmaster.com.mx/sarai-rivera-inquebrantable-tour-guadalajara-23-08-2026/event/3D00648F83C51D38,2026-08-23,18:00:00,onsale,Sarai Rivera,Teatro Diana (GDL),Guadalajara,Jalisco,Mexico,20.665434,-103.349341,Music,Religious,False,False,2026,8,August,1,MONDIAL PRICE 1
Arcángel,https://www.ticketmaster.com.mx/arcangel-zapopan-23-08-2026/event/1400644CADB69F25,2026-08-23,20:00:00,onsale,Arcángel,Auditorio Telmex,Zapopan,Jalisco,Mexico,20.73324,-103.38112,Music,Hip-Hop/Rap,False,False,2026,8,August,1,OCESA
Le Quattro Stagioni Antonio Vivaldi,https://www.ticketmaster.com.mx/le-quattro-stagioni-antonio-vivaldi-mexico-24-08-2026/event/3D0064D8B9752857,2026-08-24,19:00:00,cancelled,Antonio Vivaldi,Capilla Gótica,Ciudad de México,Ciudad de México,Mexico,19.3570805,-99.1898804,Music,Classical,False,False,2026,8,August,1,MONDIAL PRICE 1
ROSALÍA: LUX TOUR 2026,https://www.ticketmaster.com.mx/rosalia-lux-tour-2026-ciudad-de-mexico-24-08-2026/event/1400636DFBA285C0,2026-08-24,20:00:00,onsale,ROSALÍA,Palacio de los Deportes,Ciudad de México,Ciudad de México,Mexico,19.4015408,-99.0980606,Music,Latin,False,False,2026,8,August,1,OCESA
Fan sign Win Metawin (Boleto de evento no incluido),https://www.ticketmaster.com.mx/fan-sign-win-metawin-boleto-de-mexico-25-08-2026/event/140064C1D9B6E9FC,2026-08-25,21:00:00,onsale,Metawin Opas-iamkajorn,Teatro Metropolitan,Ciudad de México,Ciudad de México,Mexico,19.433457,-99.146811,Miscellaneous,Sin clasificar,False,False,2026,8,August,1,MONDIAL PRICE 1
Gala De Cierre Festival Internacional Flamenco MX 2026,https://www.ticketmaster.com.mx/gala-de-cierre-festival-internacional-flamenco-mexico-25-08-2026/event/3D0064C58F6C3778,2026-08-25,20:00:00,onsale,Flamenco Festival,Teatro de la Ciudad Esperanza Iris,Ciudad de México,Ciudad de México,Mexico,19.4366936,-99.1394375,Music,Latin,True,False,2026,8,August,1,MONDIAL PRICE 1
Hi-Touch Win Metawin (Boleto de evento no incluido),https://www.ticketmaster.com.mx/hitouch-win-metawin-boleto-de-evento-mexico-25-08-2026/event/140064C1F2822E03,2026-08-25,21:00:00,onsale,Metawin Opas-iamkajorn,Teatro Metropolitan,Ciudad de México,Ciudad de México,Mexico,19.433457,-99.146811,Miscellaneous,Sin clasificar,False,False,2026,8,August,1,MONDIAL PRICE 1
Just you and Win: 1st solo fan meeting in Mexico,https://www.ticketmaster.com.mx/just-you-and-win-1st-solo-mexico-25-08-2026/event/140064BD981A68C7,2026-08-25,21:00:00,onsale,Metawin Opas-iamkajorn,Teatro Metropolitan,Ciudad de México,Ciudad de México,Mexico,19.433457,-99.146811,Music,Pop,False,False,2026,8,August,1,OCESA
Photo 1:1 Win Metawin (Boleto de evento no incluido),https://www.ticketmaster.com.mx/photo-11-win-metawin-boleto-de-mexico-25-08-2026/event/140064C1F4E434A9,2026-08-25,21:00:00,onsale,Metawin Opas-iamkajorn,Teatro Metropolitan,Ciudad de México,Ciudad de México,Mexico,19.433457,-99.146811,Miscellaneous,Sin clasificar,False,False,2026,8,August,1,MONDIAL PRICE 1
Photo 1:1+ Hi-Touch Win Metawin (Boleto de evento no incluido),https://www.ticketmaster.com.mx/photo-11-hitouch-win-metawin-boleto-mexico-25-08-2026/event/140064FDFE4BFBC9,2026-08-25,21:00:00,onsale,Metawin Opas-iamkajorn,Teatro Metropolitan,Ciudad de México,Ciudad de México,Mexico,19.433457,-99.146811,Miscellaneous,Sin clasificar,False,False,2026,8,August,1,MONDIAL PRICE 1
Poster firmado + Hi-Touch Win Metawin (Boleto de evento no incluido),https://www.ticketmaster.com.mx/poster-firmado-hitouch-win-metawin-boleto-mexico-25-08-2026/event/140064FDFE65FC10,2026-08-25,21:00:00,onsale,Metawin Opas-iamkajorn,Teatro Metropolitan,Ciudad de México,Ciudad de México,Mexico,19.433457,-99.146811,Miscellaneous,Sin clasificar,False,False,2026,8,August,1,MONDIAL PRICE 1
Espinoza Paz,https://www.ticketmaster.com.mx/espinoza-paz-ciudad-de-mexico-26-08-2026/event/3D006375869E2F73,2026-08-26,20:00:00,onsale,Espinoza Paz,Auditorio Nacional,Ciudad de México,Ciudad de México,Mexico,19.424648,-99.19484,Music,Latin,False,False,2026,8,August,1,MONDIAL PRICE 1
Le Quattro Stagioni Antonio Vivaldi,https://www.ticketmaster.com.mx/le-quattro-stagioni-antonio-vivaldi-mexico-26-08-2026/event/3D0064D8B975285A,2026-08-26,19:00:00,cancelled,Antonio Vivaldi,Capilla Gótica,Ciudad de México,Ciudad de México,Mexico,19.3570805,-99.1898804,Music,Classical,False,False,2026,8,August,1,MONDIAL PRICE 1
ROSALÍA: LUX TOUR 2026,https://www.ticketmaster.com.mx/rosalia-lux-tour-2026-ciudad-de-mexico-26-08-2026/event/1400636DFDB091E8,2026-08-26,20:00:00,onsale,ROSALÍA,Palacio de los Deportes,Ciudad de México,Ciudad de México,Mexico,19.4015408,-99.0980606,Music,Latin,False,False,2026,8,August,1,OCESA
La Experiencia Más Tumbada - Listening Party,https://www.ticketmaster.com.mx/la-experiencia-mas-tumbada-listening-party-mexico-27-08-2026/event/140064F8AC237574,2026-08-27,20:00:00,onsale,Natanael Cano,Pepsi Center,Ciudad de México,Ciudad de México,Mexico,19.3934097,-99.1758118,Miscellaneous,Sin clasificar,False,False,2026,8,August,1,MONDIAL PRICE 1
Le Quattro Stagioni Antonio Vivaldi,https://www.ticketmaster.com.mx/le-quattro-stagioni-antonio-vivaldi-mexico-27-08-2026/event/3D0064D8B9782860,2026-08-27,21:30:00,cancelled,Antonio Vivaldi,Capilla Gótica,Ciudad de México,Ciudad de México,Mexico,19.3570805,-99.1898804,Music,Classical,False,False,2026,8,August,1,MONDIAL PRICE 1
Leyendas,https://www.ticketmaster.com.mx/leyendas-ciudad-de-mexico-27-08-2026/event/3D0064C2EB89832D,2026-08-27,20:30:00,onsale,Leyendas el show,Foro Stelaris Fiesta Americana Reforma,Ciudad de México,Ciudad de México,Mexico,19.432196,-99.1547394,Music,Ballads/Romantic,False,False,2026,8,August,1,MONDIAL PRICE 1
Madreperla,https://www.ticketmaster.com.mx/madreperla-mexico-27-08-2026/event/140064B3A52F7EC5,2026-08-27,20:30:00,onsale,,Teatro Metropolitan,Ciudad de México,Ciudad de México,Mexico,19.433457,-99.146811,Music,Other,False,False,2026,8,August,1,OCESA
Victor García Mi Regreso Tour,https://www.ticketmaster.com.mx/victor-garcia-mi-regreso-tour-ciudad-de-mexico-27-08-2026/event/3D00631292361CD5,2026-08-27,20:30:00,onsale,Victor Garcia,Auditorio Nacional,Ciudad de México,Ciudad de México,Mexico,19.424648,-99.19484,Music,Latin,False,False,2026,8,August,1,MONDIAL PRICE 1
Nanpa Básico,https://www.ticketmaster.com.mx/nanpa-basico-zapopan-27-08-2026/event/1400647F9FE553EF,2026-08-27,21:00:00,onsale,Nanpa Básico,Auditorio Telmex,Zapopan,Jalisco,Mexico,20.73324,-103.38112,Music,Hip-Hop/Rap,False,False,2026,8,August,1,OCESA
Cabaret Lunario Presenta:Jorge Muñiz con la gente que me gusta,https://www.ticketmaster.com.mx/cabaret-lunario-presentajorge-muniz-con-la-ciudad-de-mexico-28-08-2026/event/3D0064EAA3EB310D,2026-08-28,22:30:00,onsale,"Jorge Muñiz, Cabaret Lunario",El Lunario del Auditorio Nacional,Ciudad de México,Ciudad de México,Mexico,19.424682,-99.1954,Music,Latin,False,False,2026,8,August,1,MONDIAL PRICE 1
El Principe y El Divo - Pablo Marentes y Juilo Ponze,https://www.ticketmaster.com.mx/el-principe-y-el-divo-pablo-ciudad-de-mexico-28-08-2026/event/3D0064D1859D2305,2026-08-28,21:30:00,onsale,El Príncipe y el Divo,Foro Stelaris Fiesta Americana Reforma,Ciudad de México,Ciudad de México,Mexico,19.432196,-99.1547394,Music,Sin clasificar,False,False,2026,8,August,1,MONDIAL PRICE 1
"Grafías Gala Coreografos contemporáneos. CND,10+. Ingreso 19:30 h.",https://www.ticketmaster.com.mx/grafias-gala-coreografos-contemporaneos-cnd10-ingreso-mexico-cdmx-28-08-2026/event/3D0064E1BEAE3BF9,2026-08-28,20:00:00,onsale,Sala Principal Bellas Artes,Palacio de Bellas Artes,Ciudad de México,Ciudad de México,Mexico,19.4366302,-99.1435318,Music,Latin,False,False,2026,8,August,1,MONDIAL PRICE 3
Laureano Brizuela,https://www.ticketmaster.com.mx/laureano-brizuela-mexico-28-08-2026/event/3D006389CC9B6750,2026-08-28,21:30:00,onsale,Laureano Brizuela,La Maraka,Ciudad de México,Ciudad de México,Mexico,19.3865108,-99.1631775,Music,Rock,False,False,2026,8,August,1,MONDIAL PRICE 1
ROSALÍA: LUX TOUR 2026,https://www.ticketmaster.com.mx/rosalia-lux-tour-2026-ciudad-de-mexico-28-08-2026/event/1400636DFDB191EA,2026-08-28,20:00:00,onsale,ROSALÍA,Palacio de los Deportes,Ciudad de México,Ciudad de México,Mexico,19.4015408,-99.0980606,Music,Latin,False,False,2026,8,August,1,OCESA
"Sinfónica de Minería, Gala de Clausura",https://www.ticketmaster.com.mx/sinfonica-de-mineria-gala-de-clausura-mexico-28-08-2026/event/3D0064ACC327B275,2026-08-28,20:00:00,onsale,Sinfónica de Minería,Sala Silvestre Revueltas,Ciudad de México,Ciudad de México,Mexico,19.3025494,-99.1732788,Music,Classical,False,False,2026,8,August,1,MONDIAL PRICE 1
Surfistas del Sistema,https://www.ticketmaster.com.mx/surfistas-del-sistema-mexico-28-08-2026/event/140064ADF3DF114D,2026-08-28,20:30:00,onsale,Surfistas del Sistema,Pepsi Center,Ciudad de México,Ciudad de México,Mexico,19.3934097,-99.1758118,Music,Rock,False,False,2026,8,August,1,OCESA
Galas de mariachi voces de mi tierra,https://www.ticketmaster.com.mx/galas-de-mariachi-voces-de-mi-guadalajara-28-08-2026/event/140064AE8C454B5A,2026-08-28,20:00:00,onsale,Galas De Mariachi,Teatro De Degollado (GDL),Guadalajara,Jalisco,Mexico,20.677006,-103.344429,Music,Latin,False,False,2026,8,August,1,MONDIAL PRICE 1
Orquesta Colorado Naranjo & La Única Internacional Sonora Santanera,https://www.ticketmaster.com.mx/orquesta-colorado-naranjo-la-unica-internacional-guadalajara-28-08-2026/event/3D0064C5D07A8057,2026-08-28,21:00:00,onsale,"Orquesta Colorado Naranjo, Sonora Santanera",Teatro Diana (GDL),Guadalajara,Jalisco,Mexico,20.665434,-103.349341,Music,Classical,False,False,2026,8,August,1,MONDIAL PRICE 1
HELP ! En concierto - Homenaje a THE BEATLES,https://www.ticketmaster.com.mx/help-en-concierto-homenaje-a-the-tlalnepantla-de-baz-28-08-2026/event/140064F784B51FDA,2026-08-28,21:30:00,onsale,,Alboa Mundo E,Tlalnepantla de Baz,Estado de México,Mexico,,,Music,Rock,False,False,2026,8,August,1,MONDIAL PRICE 1
Cristian Castro,https://www.ticketmaster.com.mx/cristian-castro-zapopan-28-08-2026/event/1400644CFC598BE6,2026-08-28,21:00:00,onsale,Cristian Castro,Auditorio Telmex,Zapopan,Jalisco,Mexico,20.73324,-103.38112,Music,Latin,False,False,2026,8,August,1,MONDIAL PRICE 1
Enjambre,https://www.ticketmaster.com.mx/enjambre-ciudad-de-mexico-29-08-2026/event/1400648898E65B09,2026-08-29,21:00:00,onsale,Enjambre,Estadio GNP Seguros,Ciudad de México,Ciudad de México,Mexico,19.405199,-99.095618,Music,Latin,False,False,2026,8,August,1,OCESA
Enjambre Zona Vibra,https://www.ticketmaster.com.mx/enjambre-zona-vibra-ciudad-de-mexico-29-08-2026/event/1400648996805A42,2026-08-29,21:00:00,onsale,Enjambre,Estadio GNP Seguros,Ciudad de México,Ciudad de México,Mexico,19.405199,-99.095618,Music,Latin,False,False,2026,8,August,1,MONDIAL PRICE 1
Ladrones,https://www.ticketmaster.com.mx/ladrones-mexico-29-08-2026/event/140064758E0D31FF,2026-08-29,20:30:00,onsale,Ladrones,Pabellón del Palacio de los Deportes,Ciudad de México,Ciudad de México,Mexico,19.4015408,-99.0980606,Music,Rock,False,False,2026,8,August,1,OCESA
No Te Va Gustar,https://www.ticketmaster.com.mx/no-te-va-gustar-mexico-29-08-2026/event/14006430838729BA,2026-08-29,20:30:00,onsale,No Te Va Gustar,Pepsi Center,Ciudad de México,Ciudad de México,Mexico,19.3934097,-99.1758118,Music,Latin,False,False,2026,8,August,1,OCESA
Paloma Morphy,https://www.ticketmaster.com.mx/paloma-morphy-mexico-29-08-2026/event/1400643C97478080,2026-08-29,20:30:00,onsale,Paloma Morphy,Auditorio BB,Ciudad de México,Ciudad de México,Mexico,19.4080696,-99.1678772,Music,Pop,False,False,2026,8,August,1,OCESA
Prisma 40 años después...,https://www.ticketmaster.com.mx/prisma-40-anos-despues-ciudad-de-mexico-29-08-2026/event/3D0064B0926C656F,2026-08-29,20:00:00,onsale,Prisma,El Lunario del Auditorio Nacional,Ciudad de México,Ciudad de México,Mexico,19.424682,-99.1954,Music,Ballads/Romantic,False,False,2026,8,August,1,MONDIAL PRICE 1
ROSALÍA: LUX TOUR 2026,https://www.ticketmaster.com.mx/rosalia-lux-tour-2026-ciudad-de-mexico-29-08-2026/event/1400636DFDB291F6,2026-08-29,20:00:00,onsale,ROSALÍA,Palacio de los Deportes,Ciudad de México,Ciudad de México,Mexico,19.4015408,-99.0980606,Music,Latin,False,False,2026,8,August,1,OCESA
"Sinfónica de Minería, Gala de Clausura",https://www.ticketmaster.com.mx/sinfonica-de-mineria-gala-de-clausura-mexico-29-08-2026/event/3D0064ACC40DB3D9,2026-08-29,20:00:00,onsale,Sinfónica de Minería,Sala Silvestre Revueltas,Ciudad de México,Ciudad de México,Mexico,19.3025494,-99.1732788,Music,Classical,False,False,2026,8,August,1,MONDIAL PRICE 1
Sr. Bikini,https://www.ticketmaster.com.mx/sr-bikini-mexico-29-08-2026/event/1400644CE2F243E0,2026-08-29,20:00:00,onsale,Sr. Bikini,Teatro Metropolitan,Ciudad de México,Ciudad de México,Mexico,19.433457,-99.146811,Music,Rock,False,False,2026,8,August,1,OCESA
Una noche con JazzMx,https://www.ticketmaster.com.mx/una-noche-con-jazzmx-mexico-29-08-2026/event/3D0064B48456367B,2026-08-29,17:00:00,onsale,,El Cantoral ,Ciudad de México,Ciudad de México,Mexico,19.361737,-99.166137,Music,Jazz,False,False,2026,8,August,1,MONDIAL PRICE 1
"Galas de mariachi ""canta corazón",https://www.ticketmaster.com.mx/galas-de-mariachi-canta-corazon-guadalajara-29-08-2026/event/140064B2962642F8,2026-08-29,20:00:00,onsale,Galas De Mariachi,Teatro De Degollado (GDL),Guadalajara,Jalisco,Mexico,20.677006,-103.344429,Music,Latin,False,False,2026,8,August,1,MONDIAL PRICE 1
Alter Una Noche Más,https://www.ticketmaster.com.mx/alter-una-noche-mas-col-centro-monterrey-29-08-2026/event/3D00647C91432A0B,2026-08-29,21:00:00,cancelled,,Foro Corona Monterrey,Monterrey,Nuevo León,Mexico,25.66646204,-100.31681661,Music,Rock,False,False,2026,8,August,1,MONDIAL PRICE 1
Mijares Sinfónico,https://www.ticketmaster.com.mx/mijares-sinfonico-monterrey-29-08-2026/event/1400646EA830E097,2026-08-29,21:00:00,onsale,Mijares,Escenario GNP Seguros,Monterrey,Nuevo León,Mexico,25.666135,-100.316726,Music,Latin,False,False,2026,8,August,1,MONDIAL PRICE 1
Nanpa Básico,https://www.ticketmaster.com.mx/nanpa-basico-monterrey-29-08-2026/event/1400647AB44CB578,2026-08-29,21:00:00,onsale,Nanpa Básico,Auditorio Banamex,Monterrey,Nuevo León,Mexico,25.67765795,-100.28085777,Music,Hip-Hop/Rap,False,False,2026,8,August,1,OCESA
Cristian Castro,https://www.ticketmaster.com.mx/cristian-castro-zapopan-29-08-2026/event/1400644CFD9E8FA3,2026-08-29,21:00:00,onsale,Cristian Castro,Auditorio Telmex,Zapopan,Jalisco,Mexico,20.73324,-103.38112,Music,Latin,False,False,2026,8,August,1,MONDIAL PRICE 1
 Elvis Epic Experience By Héctor Ortiz,https://www.ticketmaster.com.mx/elvis-epic-experience-by-hector-ortiz-mexico-30-08-2026/event/140064C4E2335C7A,2026-08-30,17:30:00,onsale,Héctor Ortiz,Teatro Metropolitan,Ciudad de México,Ciudad de México,Mexico,19.433457,-99.146811,Music,Latin,False,False,2026,8,August,1,OCESA
Enjambre,https://www.ticketmaster.com.mx/enjambre-ciudad-de-mexico-30-08-2026/event/14006491FA0E84A7,2026-08-30,20:00:00,onsale,Enjambre,Estadio GNP Seguros,Ciudad de México,Ciudad de México,Mexico,19.405199,-99.095618,Music,Latin,False,False,2026,8,August,1,OCESA
Fey,https://www.ticketmaster.com.mx/fey-ciudad-de-mexico-30-08-2026/event/3D00649DDD8FCEBA,2026-08-30,18:00:00,onsale,Fey,Auditorio Nacional,Ciudad de México,Ciudad de México,Mexico,19.424648,-99.19484,Music,Latin,False,False,2026,8,August,1,MONDIAL PRICE 1
"Grafías Gala Coreografos contemporáneos. CND,10+. Ingreso 16:30 h.",https://www.ticketmaster.com.mx/grafias-gala-coreografos-contemporaneos-cnd10-ingreso-mexico-cdmx-30-08-2026/event/3D0064E1BFC03C4B,2026-08-30,17:00:00,onsale,Sala Principal Bellas Artes,Palacio de Bellas Artes,Ciudad de México,Ciudad de México,Mexico,19.4366302,-99.1435318,Music,Latin,False,False,2026,8,August,1,MONDIAL PRICE 3
"HÉCTOR INFANZÓN, 50 Aniversario ANDANDO.",https://www.ticketmaster.com.mx/hector-infanzon-50-aniversario-andando-mexico-30-08-2026/event/3D0064C8B85A2A60,2026-08-30,18:00:00,onsale,Héctor Infanzón,Teatro de la Ciudad Esperanza Iris,Ciudad de México,Ciudad de México,Mexico,19.4366936,-99.1394375,Music,Jazz,False,False,2026,8,August,1,MONDIAL PRICE 1
Nanpa Básico,https://www.ticketmaster.com.mx/nanpa-basico-ciudad-de-mexico-30-08-2026/event/1400647B83104D1E,2026-08-30,19:00:00,onsale,Nanpa Básico,Palacio de los Deportes,Ciudad de México,Ciudad de México,Mexico,19.4015408,-99.0980606,Music,Hip-Hop/Rap,False,False,2026,8,August,1,OCESA
"Sinfónica de Minería, Gala de Clausura",https://www.ticketmaster.com.mx/sinfonica-de-mineria-gala-de-clausura-mexico-30-08-2026/event/3D0064ACC40DB3DE,2026-08-30,12:00:00,onsale,Sinfónica de Minería,Sala Silvestre Revueltas,Ciudad de México,Ciudad de México,Mexico,19.3025494,-99.1732788,Music,Classical,False,False,2026,8,August,1,MONDIAL PRICE 1
Sarai Rivera Inquebrantable Tour,https://www.ticketmaster.com.mx/sarai-rivera-inquebrantable-tour-monterrey-30-08-2026/event/1400647C9D097775,2026-08-30,18:00:00,onsale,Sarai Rivera,Escenario GNP Seguros,Monterrey,Nuevo León,Mexico,25.666135,-100.316726,Music,Religious,False,False,2026,8,August,1,MONDIAL PRICE 1
Helloween 40 Years Anniversary Tour,https://www.ticketmaster.com.mx/helloween-40-years-anniversary-tour-guadalajara-31-08-2026/event/3D0064928C5029E6,2026-08-31,21:00:00,onsale,Helloween,Teatro Diana (GDL),Guadalajara,Jalisco,Mexico,20.665434,-103.349341,Music,Metal,False,False,2026,8,August,1,MONDIAL PRICE 1
Mario Aguilar: 10 Aniversario,https://www.ticketmaster.com.mx/mario-aguilar-10-aniversario-ciudad-de-mexico-01-09-2026/event/3D00638B89791FC1,2026-09-01,20:30:00,onsale,Mario Aguilar,Auditorio Nacional,Ciudad de México,Ciudad de México,Mexico,19.424648,-99.19484,Music,Other,False,False,2026,9,September,1,MONDIAL PRICE 1
"Majo Cornejo presenta: ""Gallo Drito""",https://www.ticketmaster.com.mx/majo-cornejo-presenta-gallo-drito-mexico-02-09-2026/event/3D0064899B973B4E,2026-09-02,20:00:00,cancelled,Majo Cornejo,Teatro de la Ciudad Esperanza Iris,Ciudad de México,Ciudad de México,Mexico,19.4366936,-99.1394375,Music,Latin,False,False,2026,9,September,1,MONDIAL PRICE 1
"Galas de mariachi ""íconos de hoy""",https://www.ticketmaster.com.mx/galas-de-mariachi-iconos-de-hoy-guadalajara-02-09-2026/event/140064B289012F9A,2026-09-02,20:00:00,onsale,Galas De Mariachi,Teatro De Degollado (GDL),Guadalajara,Jalisco,Mexico,20.677006,-103.344429,Music,Latin,False,False,2026,9,September,1,MONDIAL PRICE 1
Un Muerto  más,https://www.ticketmaster.com.mx/un-muerto-mas-col-centro-monterrey-02-09-2026/event/3D0064D285B215EB,2026-09-02,21:00:00,onsale,Un muerto más,Foro Corona Monterrey,Monterrey,Nuevo León,Mexico,25.66646204,-100.31681661,Music,Latin,False,False,2026,9,September,1,MONDIAL PRICE 1
Mijares Sinfónico,https://www.ticketmaster.com.mx/mijares-sinfonico-zapopan-02-09-2026/event/140064DAB4218776,2026-09-02,21:00:00,onsale,Mijares,Auditorio Telmex,Zapopan,Jalisco,Mexico,20.73324,-103.38112,Music,Latin,False,False,2026,9,September,1,OCESA
Iván Ferreiro,https://www.ticketmaster.com.mx/ivan-ferreiro-mexico-03-09-2026/event/1400645B86895029,2026-09-03,20:30:00,onsale,Iván Ferreiro,Teatro Metropolitan,Ciudad de México,Ciudad de México,Mexico,19.433457,-99.146811,Music,Rock,False,False,2026,9,September,1,OCESA
Morir Poquito,https://www.ticketmaster.com.mx/morir-poquito-mexico-03-09-2026/event/3D0064A4C4BA64F0,2026-09-03,20:00:00,onsale,,TEATRO SERGIO MAGAÑA,Ciudad de México,Ciudad de México,Mexico,19.4457073,-99.1606674,Music,Pop,False,False,2026,9,September,1,MONDIAL PRICE 3
Siddhartha,https://www.ticketmaster.com.mx/siddhartha-ciudad-de-mexico-03-09-2026/event/1400638CA031D1FF,2026-09-03,20:00:00,onsale,Siddhartha,Palacio de los Deportes,Ciudad de México,Ciudad de México,Mexico,19.4015408,-99.0980606,Music,Rock,False,False,2026,9,September,1,OCESA
"Yuridia, Las Cartas Sobre La Mesa Tour",https://www.ticketmaster.com.mx/yuridia-las-cartas-sobre-la-mesa-ciudad-de-mexico-03-09-2026/event/140064A6B6A0CA17,2026-09-03,21:00:00,onsale,Yuridia,Estadio GNP Seguros,Ciudad de México,Ciudad de México,Mexico,19.405199,-99.095618,Music,Latin,False,False,2026,9,September,1,OCESA
"Galas de mariachi ""época dorada""",https://www.ticketmaster.com.mx/galas-de-mariachi-epoca-dorada-guadalajara-03-09-2026/event/140064B286372B85,2026-09-03,20:00:00,onsale,Galas De Mariachi,Teatro De Degollado (GDL),Guadalajara,Jalisco,Mexico,20.677006,-103.344429,Music,Latin,False,False,2026,9,September,1,MONDIAL PRICE 1
Calle 24,https://www.ticketmaster.com.mx/calle-24-monterrey-03-09-2026/event/140064DBA202658C,2026-09-03,21:00:00,onsale,Calle 24,Escenario GNP Seguros,Monterrey,Nuevo León,Mexico,25.666135,-100.316726,Music,Latin,False,False,2026,9,September,1,MONDIAL PRICE 1
La Santa Cecilia,https://www.ticketmaster.com.mx/la-santa-cecilia-col-centro-monterrey-03-09-2026/event/3D006489DF1C7592,2026-09-03,21:00:00,onsale,La Santa Cecilia,Foro Corona Monterrey,Monterrey,Nuevo León,Mexico,25.66646204,-100.31681661,Music,Latin,False,False,2026,9,September,1,MONDIAL PRICE 1
Alexander Acha,https://www.ticketmaster.com.mx/alexander-acha-mexico-04-09-2026/event/3D0064539D622C57,2026-09-04,21:30:00,cancelled,Alexander Acha,La Maraka,Ciudad de México,Ciudad de México,Mexico,19.3865108,-99.1631775,Music,Pop,False,False,2026,9,September,1,MONDIAL PRICE 1
David Byrne - Who is the Sky Tour  ,https://www.ticketmaster.com.mx/david-byrne-who-is-the-sky-mexico-04-09-2026/event/1400649885C4361A,2026-09-04,21:00:00,onsale,David Byrne,Teatro Metropolitan,Ciudad de México,Ciudad de México,Mexico,19.433457,-99.146811,Music,Rock,False,False,2026,9,September,1,OCESA
Los Dandys de Armando Navarro y La Esencia del Bolero,https://www.ticketmaster.com.mx/los-dandys-de-armando-navarro-y-mexico-04-09-2026/event/140064F4B95B6FB7,2026-09-04,20:00:00,onsale,,Teatro Tepeyac,Ciudad de México,Ciudad de México,Mexico,19.4757404,-99.1206207,Music,Other,False,False,2026,9,September,1,MONDIAL PRICE 1
Morir Poquito,https://www.ticketmaster.com.mx/morir-poquito-mexico-04-09-2026/event/3D0064A4C4BB64F3,2026-09-04,20:00:00,onsale,,TEATRO SERGIO MAGAÑA,Ciudad de México,Ciudad de México,Mexico,19.4457073,-99.1606674,Music,Pop,False,False,2026,9,September,1,MONDIAL PRICE 3
Siddhartha,https://www.ticketmaster.com.mx/siddhartha-ciudad-de-mexico-04-09-2026/event/14006389D0F9D895,2026-09-04,20:00:00,onsale,Siddhartha,Palacio de los Deportes,Ciudad de México,Ciudad de México,Mexico,19.4015408,-99.0980606,Music,Rock,False,False,2026,9,September,1,OCESA
"Yuridia, Las Cartas Sobre La Mesa Tour",https://www.ticketmaster.com.mx/yuridia-las-cartas-sobre-la-mesa-ciudad-de-mexico-04-09-2026/event/14006497E66626E7,2026-09-04,21:00:00,onsale,Yuridia,Estadio GNP Seguros,Ciudad de México,Ciudad de México,Mexico,19.405199,-99.095618,Music,Latin,False,False,2026,9,September,1,OCESA
Alberto Barros,https://www.ticketmaster.com.mx/alberto-barros-guadalajara-04-09-2026/event/3D0064ACAA998122,2026-09-04,21:00:00,onsale,Alberto Barros,Teatro Diana (GDL),Guadalajara,Jalisco,Mexico,20.665434,-103.349341,Music,Latin,False,False,2026,9,September,1,MONDIAL PRICE 1
Paloma Morphy,https://www.ticketmaster.com.mx/paloma-morphy-col-centro-monterrey-04-09-2026/event/3D00649EE3ADECBA,2026-09-04,21:00:00,onsale,Paloma Morphy,Foro Corona Monterrey,Monterrey,Nuevo León,Mexico,25.66646204,-100.31681661,Music,Pop,False,False,2026,9,September,1,MONDIAL PRICE 1
Natalia Jimenez y el Mariachi CHG con la Orquesta Filarmonica de Jal,https://www.ticketmaster.com.mx/natalia-jimenez-y-el-mariachi-chg-zapopan-04-09-2026/event/140064BB82145D88,2026-09-04,21:00:00,onsale,Galas De Mariachi,Auditorio Telmex,Zapopan,Jalisco,Mexico,20.73324,-103.38112,Music,Latin,False,False,2026,9,September,1,MONDIAL PRICE 1
Abono Comfort Arre Pepsi Black 2026,https://www.ticketmaster.com.mx/abono-comfort-arre-pepsi-black-2026-mexico-05-09-2026/event/14006499DD66C021,2026-09-05,,onsale,"Festival Arre, Banda MS, Gabito Ballesteros, Calle 24, Edgardo Nuñez, El Mimoso, Grupo Cañaveral, Herencia de Patrones, Los Plebes Del Rancho, Regulo Caro, Cumbia Pedregal, Yng Naz, Alejandro Fernández, Los Tucanes De Tijuana, Clave Especial, Eslabon Armado, La Sonora Dinamita, Los 2 de la S, Los Dos Carnales, Mi Banda El Mexicano, Damaris Bojor, Delilah, Franco Rey, Victor Mendivil, LOS KDT'S DE LINARES, Rey Quinto, Joaquín Coronel, Jorge Tapia, Juanpa Salazar, La Coreañera, Mar Solis, Mosmo, Plan de Escape, Ria, Santiago Martell, Destino, Eddy, El Junte Sabanero, Juanchito, Kakalo, Marcos Villalobos, Nueva H, Pasabordo",Autodromo Hnos. Rodriguez,Ciudad de México,Ciudad de México,Mexico,19.402829,-99.089247,Music,Sin clasificar,True,False,2026,9,September,1,OCESA
Abono General Arre Pepsi Black 2026,https://www.ticketmaster.com.mx/abono-general-arre-pepsi-black-2026-mexico-05-09-2026/event/14006499DA4ABAA6,2026-09-05,,onsale,"Festival Arre, Banda MS, Gabito Ballesteros, Calle 24, Edgardo Nuñez, El Mimoso, Grupo Cañaveral, Herencia de Patrones, Los Plebes Del Rancho, Regulo Caro, Cumbia Pedregal, Yng Naz, Alejandro Fernández, Los Tucanes De Tijuana, Clave Especial, Eslabon Armado, La Sonora Dinamita, Los 2 de la S, Los Dos Carnales, Mi Banda El Mexicano, Damaris Bojor, Delilah, Franco Rey, Victor Mendivil, LOS KDT'S DE LINARES, Rey Quinto, Joaquín Coronel, Jorge Tapia, Juanpa Salazar, La Coreañera, Mar Solis, Mosmo, Plan de Escape, Ria, Santiago Martell, Destino, Eddy, El Junte Sabanero, Juanchito, Kakalo, Marcos Villalobos, Nueva H, Pasabordo",Autodromo Hnos. Rodriguez,Ciudad de México,Ciudad de México,Mexico,19.402829,-99.089247,Music,Sin clasificar,True,False,2026,9,September,1,OCESA
Abono Zona Vip HSBC Premier Arre Pepsi Black 2026,https://www.ticketmaster.com.mx/abono-zona-vip-hsbc-premier-arre-mexico-05-09-2026/event/14006499AA246710,2026-09-05,,onsale,"Festival Arre, Banda MS, Gabito Ballesteros, Calle 24, Edgardo Nuñez, El Mimoso, Grupo Cañaveral, Herencia de Patrones, Los Plebes Del Rancho, Regulo Caro, Cumbia Pedregal, Yng Naz, Alejandro Fernández, Los Tucanes De Tijuana, Clave Especial, Eslabon Armado, La Sonora Dinamita, Los 2 de la S, Los Dos Carnales, Mi Banda El Mexicano, Damaris Bojor, Delilah, Franco Rey, Victor Mendivil, LOS KDT'S DE LINARES, Rey Quinto, Joaquín Coronel, Jorge Tapia, Juanpa Salazar, La Coreañera, Mar Solis, Mosmo, Plan de Escape, Ria, Santiago Martell, Destino, Eddy, El Junte Sabanero, Juanchito, Kakalo, Marcos Villalobos, Nueva H, Pasabordo",Autodromo Hnos. Rodriguez,Ciudad de México,Ciudad de México,Mexico,19.402829,-99.089247,Music,Sin clasificar,True,False,2026,9,September,1,OCESA
Alexa Tarantino Quartet,https://www.ticketmaster.com.mx/alexa-tarantino-quartet-mexico-05-09-2026/event/3D00642896AE182D,2026-09-05,19:30:00,cancelled,"Alexa Tarantino, Ciclo NY Jazz All Stars",Teatro de la Ciudad Esperanza Iris,Ciudad de México,Ciudad de México,Mexico,19.4366936,-99.1394375,Music,Jazz,False,False,2026,9,September,1,MONDIAL PRICE 1
David Byrne - Who is the Sky Tour  ,https://www.ticketmaster.com.mx/david-byrne-who-is-the-sky-mexico-05-09-2026/event/1400649888503A76,2026-09-05,21:00:00,onsale,David Byrne,Teatro Metropolitan,Ciudad de México,Ciudad de México,Mexico,19.433457,-99.146811,Music,Rock,False,False,2026,9,September,1,OCESA
Gustavo Lara Aliento Con Aliento,https://www.ticketmaster.com.mx/gustavo-lara-aliento-con-aliento-ciudad-de-mexico-05-09-2026/event/3D0064A69A1149C2,2026-09-05,21:30:00,onsale,Gustavo Lara,Foro Stelaris Fiesta Americana Reforma,Ciudad de México,Ciudad de México,Mexico,19.432196,-99.1547394,Music,Latin,False,False,2026,9,September,1,MONDIAL PRICE 1
Individual Comfort Arre Pepsi Black 2026,https://www.ticketmaster.com.mx/individual-comfort-arre-pepsi-black-2026-mexico-05-09-2026/event/14006499BA258330,2026-09-05,14:00:00,onsale,"Festival Arre, Banda MS, Gabito Ballesteros, Calle 24, Edgardo Nuñez, El Mimoso, Grupo Cañaveral, Herencia de Patrones, LOS KDT'S DE LINARES, Los Plebes Del Rancho, Rey Quinto, Regulo Caro, Cumbia Pedregal, Joaquín Coronel, Jorge Tapia, Juanpa Salazar, La Coreañera, Mar Solis, Mosmo, Plan de Escape, Ria, Santiago Martell, Yng Naz",Autodromo Hnos. Rodriguez,Ciudad de México,Ciudad de México,Mexico,19.402829,-99.089247,Music,Sin clasificar,True,False,2026,9,September,1,OCESA
Individual General Arre Pepsi Black 2026,https://www.ticketmaster.com.mx/individual-general-arre-pepsi-black-2026-mexico-05-09-2026/event/14006499E65FCEF1,2026-09-05,14:00:00,onsale,"Festival Arre, Banda MS, Gabito Ballesteros, Calle 24, Edgardo Nuñez, El Mimoso, Grupo Cañaveral, Herencia de Patrones, LOS KDT'S DE LINARES, Los Plebes Del Rancho, Rey Quinto, Regulo Caro, Cumbia Pedregal, Joaquín Coronel, Jorge Tapia, Juanpa Salazar, La Coreañera, Mar Solis, Mosmo, Plan de Escape, Ria, Santiago Martell, Yng Naz",Autodromo Hnos. Rodriguez,Ciudad de México,Ciudad de México,Mexico,19.402829,-99.089247,Music,Sin clasificar,True,False,2026,9,September,1,OCESA
Individual Zona Vip HSBC Premier Arre Pepsi Black 2026,https://www.ticketmaster.com.mx/individual-zona-vip-hsbc-premier-arre-mexico-05-09-2026/event/14006499E7E2D208,2026-09-05,14:00:00,onsale,"Festival Arre, Banda MS, Gabito Ballesteros, Calle 24, Edgardo Nuñez, El Mimoso, Grupo Cañaveral, Herencia de Patrones, LOS KDT'S DE LINARES, Los Plebes Del Rancho, Rey Quinto, Regulo Caro, Cumbia Pedregal, Joaquín Coronel, Jorge Tapia, Juanpa Salazar, La Coreañera, Mar Solis, Mosmo, Plan de Escape, Ria, Santiago Martell, Yng Naz",Autodromo Hnos. Rodriguez,Ciudad de México,Ciudad de México,Mexico,19.402829,-99.089247,Music,Sin clasificar,True,False,2026,9,September,1,OCESA
Morir Poquito,https://www.ticketmaster.com.mx/morir-poquito-mexico-05-09-2026/event/3D0064CCD4E15F0E,2026-09-05,19:00:00,onsale,,TEATRO SERGIO MAGAÑA,Ciudad de México,Ciudad de México,Mexico,19.4457073,-99.1606674,Music,Dance/Electronic,False,False,2026,9,September,1,MONDIAL PRICE 3
Pedro Fernández,https://www.ticketmaster.com.mx/pedro-fernandez-ciudad-de-mexico-05-09-2026/event/3D00645B87A41D83,2026-09-05,20:00:00,onsale,Pedro Fernández,Auditorio Nacional,Ciudad de México,Ciudad de México,Mexico,19.424648,-99.19484,Music,Latin,False,False,2026,9,September,1,MONDIAL PRICE 1
Triciclo Circus Band,https://www.ticketmaster.com.mx/triciclo-circus-band-mexico-05-09-2026/event/14006498D7AFED1B,2026-09-05,20:30:00,onsale,Triciclo Circus Band,Pabellón del Palacio de los Deportes,Ciudad de México,Ciudad de México,Mexico,19.4015408,-99.0980606,Music,Other,False,False,2026,9,September,1,OCESA
Aleks Syntek 35 aniversario,https://www.ticketmaster.com.mx/aleks-syntek-35-aniversario-guadalajara-05-09-2026/event/3D00646AFEC98291,2026-09-05,21:00:00,onsale,Aleks Syntek,Teatro Diana (GDL),Guadalajara,Jalisco,Mexico,20.665434,-103.349341,Music,Latin,False,False,2026,9,September,1,MONDIAL PRICE 1
"Galas de mariachi ""la última y nos vamos""",https://www.ticketmaster.com.mx/galas-de-mariachi-la-ultima-y-guadalajara-05-09-2026/event/140064B28C06333D,2026-09-05,20:00:00,onsale,Galas De Mariachi,Teatro De Degollado (GDL),Guadalajara,Jalisco,Mexico,20.677006,-103.344429,Music,Latin,False,False,2026,9,September,1,MONDIAL PRICE 1
Millonario,https://www.ticketmaster.com.mx/millonario-col-centro-monterrey-05-09-2026/event/3D00645188B11437,2026-09-05,21:00:00,onsale,Millonario,Foro Corona Monterrey,Monterrey,Nuevo León,Mexico,25.66646204,-100.31681661,Music,Hip-Hop/Rap,False,False,2026,9,September,1,MONDIAL PRICE 1
Iván Ferreiro,https://www.ticketmaster.com.mx/ivan-ferreiro-zapopan-05-09-2026/event/3D00647E83E80CD2,2026-09-05,20:00:00,cancelled,Iván Ferreiro,Conjunto de Artes Escenicas,Zapopan,Jalisco,Mexico,20.73703643,-103.3805303,Music,Rock,False,False,2026,9,September,1,MONDIAL PRICE 1
DIVAS & DIVERSIDAD: Voces De Concierto,https://www.ticketmaster.com.mx/divas-diversidad-voces-de-concierto-ciudad-de-mexico-06-09-2026/event/3D0064C88A640DD3,2026-09-06,18:00:00,rescheduled,Coro Gay Ciudad de México,Teatro Varsovia,Ciudad de México,Ciudad de México,Mexico,19.42556745,-99.16893566,Music,Latin,False,False,2026,9,September,1,MONDIAL PRICE 1
David Byrne - Who is the Sky Tour  ,https://www.ticketmaster.com.mx/david-byrne-who-is-the-sky-mexico-06-09-2026/event/1400649888513A79,2026-09-06,21:00:00,onsale,David Byrne,Teatro Metropolitan,Ciudad de México,Ciudad de México,Mexico,19.433457,-99.146811,Music,Rock,False,False,2026,9,September,1,OCESA
Individual Comfort Arre Pepsi Black 2026,https://www.ticketmaster.com.mx/individual-comfort-arre-pepsi-black-2026-mexico-06-09-2026/event/14006499BAF584A2,2026-09-06,14:00:00,onsale,"Festival Arre, Alejandro Fernández, Los Tucanes De Tijuana, Clave Especial, Eslabon Armado, La Sonora Dinamita, Los 2 de la S, Los Dos Carnales, Damaris Bojor, Mi Banda El Mexicano, Delilah, Destino, Eddy, El Junte Sabanero, Franco Rey, Juanchito, Kakalo, Marcos Villalobos, Nueva H, Pasabordo, Victor Mendivil",Autodromo Hnos. Rodriguez,Ciudad de México,Ciudad de México,Mexico,19.402829,-99.089247,Music,Sin clasificar,True,False,2026,9,September,1,OCESA
Individual General Arre Pepsi Black 2026,https://www.ticketmaster.com.mx/individual-general-arre-pepsi-black-2026-mexico-06-09-2026/event/14006499E74BD086,2026-09-06,14:00:00,onsale,"Festival Arre, Alejandro Fernández, Los Tucanes De Tijuana, Clave Especial, Eslabon Armado, La Sonora Dinamita, Los 2 de la S, Los Dos Carnales, Mi Banda El Mexicano, Damaris Bojor, Delilah, Destino, Eddy, El Junte Sabanero, Franco Rey, Juanchito, Kakalo, Marcos Villalobos, Nueva H, Pasabordo, Victor Mendivil",Autodromo Hnos. Rodriguez,Ciudad de México,Ciudad de México,Mexico,19.402829,-99.089247,Music,Sin clasificar,True,False,2026,9,September,1,OCESA
Individual Zona Vip HSBC Premier Arre Pepsi Black 2026,https://www.ticketmaster.com.mx/individual-zona-vip-hsbc-premier-arre-mexico-06-09-2026/event/14006499E883D363,2026-09-06,14:00:00,onsale,"Festival Arre, Alejandro Fernández, Los Tucanes De Tijuana, Clave Especial, Eslabon Armado, La Sonora Dinamita, Los 2 de la S, Los Dos Carnales, Mi Banda El Mexicano, Damaris Bojor, Delilah, Destino, Eddy, El Junte Sabanero, Franco Rey, Juanchito, Kakalo, Marcos Villalobos, Nueva H, Pasabordo, Victor Mendivil",Autodromo Hnos. Rodriguez,Ciudad de México,Ciudad de México,Mexico,19.402829,-99.089247,Music,Sin clasificar,True,False,2026,9,September,1,OCESA
Morir Poquito,https://www.ticketmaster.com.mx/morir-poquito-mexico-06-09-2026/event/3D0064CCD56B5F6D,2026-09-06,18:00:00,onsale,,TEATRO SERGIO MAGAÑA,Ciudad de México,Ciudad de México,Mexico,19.4457073,-99.1606674,Music,Dance/Electronic,False,False,2026,9,September,1,MONDIAL PRICE 3
Todos Vuelven Tour Ana Sofi W,https://www.ticketmaster.com.mx/todos-vuelven-tour-ana-sofi-w-ciudad-de-mexico-06-09-2026/event/3D0064C3110DA729,2026-09-06,20:00:00,onsale,Ana Sofi W,El Lunario del Auditorio Nacional,Ciudad de México,Ciudad de México,Mexico,19.424682,-99.1954,Music,Pop,False,False,2026,9,September,1,OCESA
Tributo a Los Bee Gees Feel the Fever,https://www.ticketmaster.com.mx/tributo-a-los-bee-gees-feel-mexico-06-09-2026/event/3D00650E8235174C,2026-09-06,18:30:00,onsale,,La Maraka,Ciudad de México,Ciudad de México,Mexico,19.3865108,-99.1631775,Music,Ballads/Romantic,False,False,2026,9,September,1,MONDIAL PRICE 1
Mariachi Vargas,https://www.ticketmaster.com.mx/mariachi-vargas-monterrey-06-09-2026/event/1400646A843C2E22,2026-09-06,18:30:00,onsale,Mariachi Vargas de Tecalitlán,Escenario GNP Seguros,Monterrey,Nuevo León,Mexico,25.666135,-100.316726,Music,Latin,False,False,2026,9,September,1,MONDIAL PRICE 1
Alberto Barros El Titan de la Salsa,https://www.ticketmaster.com.mx/alberto-barros-el-titan-de-la-ciudad-de-mexico-07-09-2026/event/3D006438B48735C6,2026-09-07,20:30:00,onsale,Alberto Barros,Auditorio Nacional,Ciudad de México,Ciudad de México,Mexico,19.424648,-99.19484,Music,Latin,False,False,2026,9,September,1,MONDIAL PRICE 1
Scorpions,https://www.ticketmaster.com.mx/scorpions-zapopan-07-09-2026/event/1400649CE46EE73D,2026-09-07,21:00:00,onsale,Scorpions,Auditorio Telmex,Zapopan,Jalisco,Mexico,20.73324,-103.38112,Music,Rock,False,False,2026,9,September,1,OCESA
Juntos,https://www.ticketmaster.com.mx/juntos-ciudad-de-mexico-08-09-2026/event/3D006451208A72D4,2026-09-08,20:30:00,onsale,Jorge Medina y Josi Cuen - JUNTOS,Auditorio Nacional,Ciudad de México,Ciudad de México,Mexico,19.424648,-99.19484,Music,Latin,False,False,2026,9,September,1,OCESA
David Byrne Who is the sky tour,https://www.ticketmaster.com.mx/david-byrne-who-is-the-sky-zapopan-08-09-2026/event/14006498D180E06A,2026-09-08,21:00:00,onsale,David Byrne,Auditorio Telmex,Zapopan,Jalisco,Mexico,20.73324,-103.38112,Music,Rock,False,False,2026,9,September,1,OCESA
5 Seconds of Summer,https://www.ticketmaster.com.mx/5-seconds-of-summer-ciudad-de-mexico-09-09-2026/event/14006386D5C1E06E,2026-09-09,20:00:00,onsale,5 Seconds of Summer,Palacio de los Deportes,Ciudad de México,Ciudad de México,Mexico,19.4015408,-99.0980606,Music,Pop,False,False,2026,9,September,1,OCESA
5SOS - BITE THE APPLE UPGRADE (boleto de evento no inlcuido),https://www.ticketmaster.com.mx/5sos-bite-the-apple-upgrade-boleto-ciudad-de-mexico-09-09-2026/event/140063890E94FC18,2026-09-09,20:00:00,onsale,5 Seconds of Summer,Palacio de los Deportes,Ciudad de México,Ciudad de México,Mexico,19.4015408,-99.0980606,Music,Pop,False,False,2026,9,September,1,MONDIAL PRICE 1
Juntos,https://www.ticketmaster.com.mx/juntos-ciudad-de-mexico-09-09-2026/event/3D00645121F17372,2026-09-09,20:30:00,onsale,Jorge Medina y Josi Cuen - JUNTOS,Auditorio Nacional,Ciudad de México,Ciudad de México,Mexico,19.424648,-99.19484,Music,Latin,False,False,2026,9,September,1,OCESA
Rod Stewart,https://www.ticketmaster.com.mx/rod-stewart-monterrey-09-09-2026/event/3D0064B9A373457A,2026-09-09,21:00:00,cancelled,Rod Stewart,Estadio Borregos,Monterrey,Nuevo León,Mexico,25.6535973,-100.2854331,Music,Rock,False,False,2026,9,September,1,MONDIAL PRICE 1
ERAUSO o la última increíble aventura de la monja Alférez.,https://www.ticketmaster.com.mx/erauso-o-la-ultima-increible-aventura-mexico-10-09-2026/event/3D0064A4A74A4977,2026-09-10,20:00:00,onsale,,TEATRO SERGIO MAGAÑA,Ciudad de México,Ciudad de México,Mexico,19.4457073,-99.1606674,Music,Other,False,False,2026,9,September,1,MONDIAL PRICE 3
Juntos,https://www.ticketmaster.com.mx/juntos-ciudad-de-mexico-10-09-2026/event/3D00645121F17376,2026-09-10,20:30:00,onsale,Jorge Medina y Josi Cuen - JUNTOS,Auditorio Nacional,Ciudad de México,Ciudad de México,Mexico,19.424648,-99.19484,Music,Latin,False,False,2026,9,September,1,OCESA
La Bande-Son Imaginaire,https://www.ticketmaster.com.mx/la-bandeson-imaginaire-mexico-10-09-2026/event/1400643CD4A473C1,2026-09-10,20:30:00,onsale,La bande-son imaginaire,Pepsi Center,Ciudad de México,Ciudad de México,Mexico,19.3934097,-99.1758118,Music,Metal,False,False,2026,9,September,1,OCESA
Leyendas,https://www.ticketmaster.com.mx/leyendas-ciudad-de-mexico-10-09-2026/event/3D0064C2EB8A8332,2026-09-10,20:30:00,onsale,Leyendas el show,Foro Stelaris Fiesta Americana Reforma,Ciudad de México,Ciudad de México,Mexico,19.432196,-99.1547394,Music,Ballads/Romantic,False,False,2026,9,September,1,MONDIAL PRICE 1
Maelo Ruiz & Willie González,https://www.ticketmaster.com.mx/maelo-ruiz-willie-gonzalez-mexico-10-09-2026/event/3D0064C38EE12BC7,2026-09-10,21:00:00,onsale,"Willie González, Maelo Ruiz",Mambo Cafe Insurgentes,Ciudad de México,Ciudad de México,Mexico,19.3831291,-99.176033,Music,Latin,False,False,2026,9,September,1,MONDIAL PRICE 1
Scorpions,https://www.ticketmaster.com.mx/scorpions-ciudad-de-mexico-10-09-2026/event/1400649893654C1A,2026-09-10,20:00:00,onsale,Scorpions,Palacio de los Deportes,Ciudad de México,Ciudad de México,Mexico,19.4015408,-99.0980606,Music,Rock,False,False,2026,9,September,1,OCESA
Tan Biónica,https://www.ticketmaster.com.mx/tan-bionica-mexico-10-09-2026/event/14006452AEAAA4AB,2026-09-10,20:30:00,onsale,Tan Biónica,Teatro Metropolitan,Ciudad de México,Ciudad de México,Mexico,19.433457,-99.146811,Music,Rock,False,False,2026,9,September,1,OCESA
David Byrne - Who is the Sky Tour  ,https://www.ticketmaster.com.mx/david-byrne-who-is-the-sky-monterrey-10-09-2026/event/1400649896B752D7,2026-09-10,21:00:00,onsale,David Byrne,Escenario GNP Seguros,Monterrey,Nuevo León,Mexico,25.666135,-100.316726,Music,Rock,False,False,2026,9,September,1,MONDIAL PRICE 1
Carlos Macías,https://www.ticketmaster.com.mx/carlos-macias-ciudad-de-mexico-11-09-2026/event/3D0064EC931C437C,2026-09-11,21:00:00,onsale,Carlos Macías,El Lunario del Auditorio Nacional,Ciudad de México,Ciudad de México,Mexico,19.424682,-99.1954,Music,Latin,False,False,2026,9,September,1,MONDIAL PRICE 1
Claudia Sierra presenta De despecho y de locura,https://www.ticketmaster.com.mx/claudia-sierra-presenta-de-despecho-y-ciudad-de-mexico-11-09-2026/event/3D0064C1B44E49CA,2026-09-11,21:30:00,onsale,Claudia Sierra,Foro Stelaris Fiesta Americana Reforma,Ciudad de México,Ciudad de México,Mexico,19.432196,-99.1547394,Music,Other,False,False,2026,9,September,1,MONDIAL PRICE 1
ERAUSO o la última increíble aventura de la monja Alférez.,https://www.ticketmaster.com.mx/erauso-o-la-ultima-increible-aventura-mexico-11-09-2026/event/3D0064A4B46F57E0,2026-09-11,20:00:00,onsale,,TEATRO SERGIO MAGAÑA,Ciudad de México,Ciudad de México,Mexico,19.4457073,-99.1606674,Music,Other,False,False,2026,9,September,1,MONDIAL PRICE 3
El amante de Gardel. Tango Queer MX,https://www.ticketmaster.com.mx/el-amante-de-gardel-tango-queer-mexico-11-09-2026/event/3D0064C8AD8322FE,2026-09-11,20:00:00,onsale,El amante de Gardel,Teatro Benito Juárez,Ciudad de México,Ciudad de México,Mexico,19.43204,-99.160816,Arts & Theatre,Music,False,False,2026,9,September,1,MONDIAL PRICE 3
Entre Ardidas,https://www.ticketmaster.com.mx/entre-ardidas-mexico-11-09-2026/event/3D0064FBE54B56E9,2026-09-11,22:00:00,onsale,,La Maraka,Ciudad de México,Ciudad de México,Mexico,19.3865108,-99.1631775,Music,Other,False,False,2026,9,September,1,MONDIAL PRICE 1
Juntos,https://www.ticketmaster.com.mx/juntos-ciudad-de-mexico-11-09-2026/event/3D00645121F37378,2026-09-11,20:30:00,onsale,Jorge Medina y Josi Cuen - JUNTOS,Auditorio Nacional,Ciudad de México,Ciudad de México,Mexico,19.424648,-99.19484,Music,Latin,False,False,2026,9,September,1,OCESA
Maelo Ruiz & Willie González,https://www.ticketmaster.com.mx/maelo-ruiz-willie-gonzalez-mexico-11-09-2026/event/3D00650CC4B952DE,2026-09-11,21:00:00,onsale,Willie González,Mambo Cafe Insurgentes,Ciudad de México,Ciudad de México,Mexico,19.3831291,-99.176033,Music,Latin,False,False,2026,9,September,1,MONDIAL PRICE 1
Nach,https://www.ticketmaster.com.mx/nach-mexico-11-09-2026/event/140064A1B6F2B5FE,2026-09-11,20:30:00,onsale,Nach,Pepsi Center,Ciudad de México,Ciudad de México,Mexico,19.3934097,-99.1758118,Music,Hip-Hop/Rap,False,False,2026,9,September,1,OCESA
Rosy Arango Por Primera Vez en Cdmx ¡Ven a Jugar Lotería! México ,https://www.ticketmaster.com.mx/rosy-arango-por-primera-vez-en-mexico-11-09-2026/event/1400647CB20AB527,2026-09-11,20:30:00,onsale,Rosy Arango,Teatro Metropolitan,Ciudad de México,Ciudad de México,Mexico,19.433457,-99.146811,Music,Latin,False,False,2026,9,September,1,OCESA
TrendLine,https://www.ticketmaster.com.mx/trendline-mexico-11-09-2026/event/3D00649B84A00ED5,2026-09-11,21:00:00,onsale,TrendLine,Foro Red Access,Ciudad de México,Ciudad de México,Mexico,19.35677,-99.163341,Music,Ballads/Romantic,False,False,2026,9,September,1,MONDIAL PRICE 1
aespa - Hi-Bye Package upgrade (Boleto de evento no incluido),https://www.ticketmaster.com.mx/aespa-hibye-package-upgrade-boleto-de-ciudad-de-mexico-11-09-2026/event/140064F6BBE378B7,2026-09-11,20:00:00,onsale,aespa,Palacio de los Deportes,Ciudad de México,Ciudad de México,Mexico,19.4015408,-99.0980606,Miscellaneous,Sin clasificar,False,False,2026,9,September,1,MONDIAL PRICE 1
aespa LIVE TOUR - SYNK : COMPLæXITY - in Mexico City,https://www.ticketmaster.com.mx/aespa-live-tour-synk-complxity-in-ciudad-de-mexico-11-09-2026/event/14006472E8BAE4C3,2026-09-11,20:00:00,onsale,aespa,Palacio de los Deportes,Ciudad de México,Ciudad de México,Mexico,19.4015408,-99.0980606,Music,Pop,False,False,2026,9,September,1,OCESA
Pate De Fua,https://www.ticketmaster.com.mx/pate-de-fua-guadalajara-11-09-2026/event/3D006459E8C1BEA7,2026-09-11,20:30:00,onsale,Pate De Fua,Teatro Diana (GDL),Guadalajara,Jalisco,Mexico,20.665434,-103.349341,Music,Jazz,False,False,2026,9,September,1,OCESA
Black Veil Brides,https://www.ticketmaster.com.mx/black-veil-brides-monterrey-11-09-2026/event/14006488B9F1B324,2026-09-11,21:00:00,onsale,Black Veil Brides,Escenario GNP Seguros,Monterrey,Nuevo León,Mexico,25.666135,-100.316726,Music,Metal,False,False,2026,9,September,1,MONDIAL PRICE 1
5 Seconds of Summer,https://www.ticketmaster.com.mx/5-seconds-of-summer-zapopan-11-09-2026/event/14006385ACD9D460,2026-09-11,21:00:00,onsale,5 Seconds of Summer,Auditorio Telmex,Zapopan,Jalisco,Mexico,20.73324,-103.38112,Music,Pop,False,False,2026,9,September,1,OCESA
5SOS - BITE THE APPLE UPGRADE (boleto de evento no inlcuido),https://www.ticketmaster.com.mx/5sos-bite-the-apple-upgrade-boleto-zapopan-11-09-2026/event/1400638910FE1C79,2026-09-11,21:00:00,onsale,5 Seconds of Summer,Auditorio Telmex,Zapopan,Jalisco,Mexico,20.73324,-103.38112,Music,Pop,False,False,2026,9,September,1,MONDIAL PRICE 1
Rod Stewart,https://www.ticketmaster.com.mx/rod-stewart-zapopan-11-09-2026/event/3D0064B6D88194B4,2026-09-11,21:00:00,cancelled,Rod Stewart,Coliseo GNP Seguros,Zapopan,Jalisco,Mexico,20.693768,-103.416177,Music,Rock,False,False,2026,9,September,1,OCESA
Abono Banamex Plus 2 Días Vans Warped Tour 2026,https://www.ticketmaster.com.mx/abono-banamex-plus-2-dias-vans-mexico-12-09-2026/event/14006376AE803D1F,2026-09-12,,onsale,Vans Warped Tour,Autodromo Hnos. Rodriguez,Ciudad de México,Ciudad de México,Mexico,19.402829,-99.089247,Music,Sin clasificar,True,False,2026,9,September,1,OCESA
Abono General 2 Días Vans Warped Tour 2026,https://www.ticketmaster.com.mx/abono-general-2-dias-vans-warped-mexico-12-09-2026/event/14006376AC9625F8,2026-09-12,,onsale,Vans Warped Tour,Autodromo Hnos. Rodriguez,Ciudad de México,Ciudad de México,Mexico,19.402829,-99.089247,Music,Sin clasificar,True,False,2026,9,September,1,OCESA
Angelo Diep 'Revolution Tour',https://www.ticketmaster.com.mx/angelo-diep-revolution-tour-mexico-12-09-2026/event/3D0064C2A6DD425D,2026-09-12,21:30:00,onsale,Angelo Diep,La Maraka,Ciudad de México,Ciudad de México,Mexico,19.3865108,-99.1631775,Music,Ballads/Romantic,False,False,2026,9,September,1,MONDIAL PRICE 3
El amante de Gardel. Tango Queer MX,https://www.ticketmaster.com.mx/el-amante-de-gardel-tango-queer-mexico-12-09-2026/event/3D0064C8B46E283C,2026-09-12,19:00:00,onsale,El amante de Gardel,Teatro Benito Juárez,Ciudad de México,Ciudad de México,Mexico,19.43204,-99.160816,Arts & Theatre,Music,False,False,2026,9,September,1,MONDIAL PRICE 3
INSPECTOR: Only Fans,https://www.ticketmaster.com.mx/inspector-only-fans-mexico-12-09-2026/event/140064B0B052CD03,2026-09-12,20:30:00,onsale,Inspector,Pepsi Center,Ciudad de México,Ciudad de México,Mexico,19.3934097,-99.1758118,Music,Latin,False,False,2026,9,September,1,MONDIAL PRICE 1
Individual Banamex Plus Vans Warped Tour,https://www.ticketmaster.com.mx/individual-banamex-plus-vans-warped-tour-mexico-12-09-2026/event/140064D3A6C06491,2026-09-12,12:00:00,onsale,Vans Warped Tour,Autodromo Hnos. Rodriguez,Ciudad de México,Ciudad de México,Mexico,19.402829,-99.089247,Music,Sin clasificar,True,False,2026,9,September,1,OCESA
Individual General Vans Warped Tour 2026,https://www.ticketmaster.com.mx/individual-general-vans-warped-tour-2026-mexico-12-09-2026/event/140064D0011634E6,2026-09-12,12:00:00,onsale,Vans Warped Tour,Autodromo Hnos. Rodriguez,Ciudad de México,Ciudad de México,Mexico,19.402829,-99.089247,Music,Sin clasificar,True,False,2026,9,September,1,OCESA
La Santa Cecilia,https://www.ticketmaster.com.mx/la-santa-cecilia-mexico-12-09-2026/event/14006385A8E5C699,2026-09-12,20:00:00,onsale,La Santa Cecilia,Teatro Metropolitan,Ciudad de México,Ciudad de México,Mexico,19.433457,-99.146811,Music,Latin,False,False,2026,9,September,1,OCESA
Lagos,https://www.ticketmaster.com.mx/lagos-mexico-12-09-2026/event/140064C380FE2765,2026-09-12,21:00:00,onsale,LAGOS,Auditorio BB,Ciudad de México,Ciudad de México,Mexico,19.4080696,-99.1678772,Music,Ballads/Romantic,False,False,2026,9,September,1,OCESA
Laufey: A Matter of Time Tour: The Final Shows,https://www.ticketmaster.com.mx/laufey-a-matter-of-time-tour-ciudad-de-mexico-12-09-2026/event/14006459B1DC85F4,2026-09-12,20:00:00,onsale,"Laufey, Amie Blu",Palacio de los Deportes,Ciudad de México,Ciudad de México,Mexico,19.4015408,-99.0980606,Music,Jazz,False,False,2026,9,September,1,MONDIAL PRICE 1
Natt Calma,https://www.ticketmaster.com.mx/natt-calma-ciudad-de-mexico-12-09-2026/event/3D0064AC82161E33,2026-09-12,21:00:00,cancelled,Natt Calma,El Lunario del Auditorio Nacional,Ciudad de México,Ciudad de México,Mexico,19.424682,-99.1954,Music,R&B,False,False,2026,9,September,1,OCESA
"Neo 5 live show en concierto. Acceso 21:00hrs ,Inicio show 22:00hrs",https://www.ticketmaster.com.mx/neo-5-live-show-en-concierto-mexico-12-09-2026/event/3D0064F0859C1693,2026-09-12,21:00:00,onsale,Neo 5 live show,Foro Red Access,Ciudad de México,Ciudad de México,Mexico,19.35677,-99.163341,Music,Pop,False,False,2026,9,September,1,MONDIAL PRICE 1
Pablo Preciado en Concierto,https://www.ticketmaster.com.mx/pablo-preciado-en-concierto-ciudad-de-mexico-12-09-2026/event/3D0064F5837410F5,2026-09-12,21:00:00,onsale,Pablo Preciado,El Lunario del Auditorio Nacional,Ciudad de México,Ciudad de México,Mexico,19.424682,-99.1954,Music,Ballads/Romantic,False,False,2026,9,September,1,OCESA
5 Seconds of Summer,https://www.ticketmaster.com.mx/5-seconds-of-summer-monterrey-12-09-2026/event/14006385D5C684DD,2026-09-12,21:00:00,onsale,5 Seconds of Summer,Auditorio Banamex,Monterrey,Nuevo León,Mexico,25.67765795,-100.28085777,Music,Pop,False,False,2026,9,September,1,OCESA
5SOS - BITE THE APPLE UPGRADE (boleto de evento no inlcuido),https://www.ticketmaster.com.mx/5sos-bite-the-apple-upgrade-boleto-monterrey-12-09-2026/event/1400638916284417,2026-09-12,21:00:00,onsale,5 Seconds of Summer,Auditorio Banamex,Monterrey,Nuevo León,Mexico,25.67765795,-100.28085777,Music,Pop,False,False,2026,9,September,1,MONDIAL PRICE 1
Visceral x Drama Theme - Solo Cadaver & Geassassin,https://www.ticketmaster.com.mx/visceral-x-drama-theme-solo-cadaver-col-centro-monterrey-12-09-2026/event/3D0064D594391DB7,2026-09-12,21:00:00,onsale,,Foro Corona Monterrey,Monterrey,Nuevo León,Mexico,25.66646204,-100.31681661,Music,R&B,False,False,2026,9,September,1,MONDIAL PRICE 1
Whiplash In Concert,https://www.ticketmaster.com.mx/whiplash-in-concert-monterrey-12-09-2026/event/1400632D7EF207DE,2026-09-12,20:00:00,onsale,Whiplash,Escenario GNP Seguros,Monterrey,Nuevo León,Mexico,25.666135,-100.316726,Music,Sin clasificar,False,False,2026,9,September,1,MONDIAL PRICE 1
Black Veil Brides,https://www.ticketmaster.com.mx/black-veil-brides-zapopan-12-09-2026/event/3D00648ABF735390,2026-09-12,20:00:00,onsale,Black Veil Brides,Teatro Estudio Cavaret,Zapopan,Jalisco,Mexico,20.736739,-103.378417,Music,Metal,False,False,2026,9,September,1,OCESA
63 + 54 An&s de Exitos Grupo Yndio y Los Solitarios,https://www.ticketmaster.com.mx/63-54-ans-de-exitos-grupo-mexico-13-09-2026/event/140064C9AC4FB2E2,2026-09-13,18:00:00,onsale,Grupo Yndio,Teatro Metropolitan,Ciudad de México,Ciudad de México,Mexico,19.433457,-99.146811,Music,Latin,False,False,2026,9,September,1,OCESA
El amante de Gardel. Tango Queer MX,https://www.ticketmaster.com.mx/el-amante-de-gardel-tango-queer-mexico-13-09-2026/event/3D0064C8B46E283E,2026-09-13,18:00:00,onsale,El amante de Gardel,Teatro Benito Juárez,Ciudad de México,Ciudad de México,Mexico,19.43204,-99.160816,Arts & Theatre,Music,False,False,2026,9,September,1,MONDIAL PRICE 3
Individual Banamex Plus Vans Warped Tour,https://www.ticketmaster.com.mx/individual-banamex-plus-vans-warped-tour-mexico-13-09-2026/event/140064D3AC777039,2026-09-13,12:00:00,onsale,Vans Warped Tour,Autodromo Hnos. Rodriguez,Ciudad de México,Ciudad de México,Mexico,19.402829,-99.089247,Music,Sin clasificar,True,False,2026,9,September,1,OCESA
Individual General Vans Warped Tour 2026,https://www.ticketmaster.com.mx/individual-general-vans-warped-tour-2026-mexico-13-09-2026/event/140064D009FE4EFB,2026-09-13,12:00:00,onsale,Vans Warped Tour,Autodromo Hnos. Rodriguez,Ciudad de México,Ciudad de México,Mexico,19.402829,-99.089247,Music,Sin clasificar,True,False,2026,9,September,1,OCESA
Los Vaguens,https://www.ticketmaster.com.mx/los-vaguens-ciudad-de-mexico-13-09-2026/event/3D006488AB4A3EBE,2026-09-13,19:00:00,onsale,Los Vaguens,El Lunario del Auditorio Nacional,Ciudad de México,Ciudad de México,Mexico,19.424682,-99.1954,Music,Rock,False,False,2026,9,September,1,MONDIAL PRICE 1
Los Vaguens VIP+Meet&Greet,https://www.ticketmaster.com.mx/los-vaguens-vipmeetgreet-ciudad-de-mexico-13-09-2026/event/3D006488E56F61CA,2026-09-13,19:00:00,onsale,Los Vaguens,El Lunario del Auditorio Nacional,Ciudad de México,Ciudad de México,Mexico,19.424682,-99.1954,Music,Rock,False,False,2026,9,September,1,MONDIAL PRICE 1
Morejuice Fest,https://www.ticketmaster.com.mx/morejuice-fest-mexico-13-09-2026/event/1400644CBCADC4B0,2026-09-13,12:00:00,onsale,Morejuice Fest,Pepsi Center,Ciudad de México,Ciudad de México,Mexico,19.3934097,-99.1758118,Music,Sin clasificar,True,False,2026,9,September,1,OCESA
Rod Stewart,https://www.ticketmaster.com.mx/rod-stewart-ciudad-de-mexico-13-09-2026/event/140064B6B268A481,2026-09-13,19:00:00,cancelled,Rod Stewart,Palacio de los Deportes,Ciudad de México,Ciudad de México,Mexico,19.4015408,-99.0980606,Music,Rock,False,False,2026,9,September,1,OCESA
Scorpions,https://www.ticketmaster.com.mx/scorpions-monterrey-13-09-2026/event/140064A6B13DBCC9,2026-09-13,20:00:00,onsale,Scorpions,Auditorio Banamex,Monterrey,Nuevo León,Mexico,25.67765795,-100.28085777,Music,Rock,False,False,2026,9,September,1,OCESA
Scorpions (Pista General de Pie),https://www.ticketmaster.com.mx/scorpions-pista-general-de-pie-monterrey-13-09-2026/event/1400650B90552B71,2026-09-13,20:00:00,onsale,Scorpions,Auditorio Banamex,Monterrey,Nuevo León,Mexico,25.67765795,-100.28085777,Music,Rock,False,False,2026,9,September,1,OCESA
Virus,https://www.ticketmaster.com.mx/virus-ciudad-de-mexico-14-09-2026/event/3D0064BDEEEAB637,2026-09-14,20:30:00,onsale,Virus,El Lunario del Auditorio Nacional,Ciudad de México,Ciudad de México,Mexico,19.424682,-99.1954,Music,Metal,False,False,2026,9,September,1,OCESA
wave to earth - the pieces tour,https://www.ticketmaster.com.mx/wave-to-earth-the-pieces-tour-mexico-15-09-2026/event/140064A683F1450D,2026-09-15,20:15:00,onsale,Wave To Earth,Pepsi Center,Ciudad de México,Ciudad de México,Mexico,19.3934097,-99.1758118,Music,Pop,False,False,2026,9,September,1,OCESA
Ana Torroja,https://www.ticketmaster.com.mx/ana-torroja-mexico-17-09-2026/event/14006474C984A8FE,2026-09-17,21:00:00,onsale,Ana Torroja,Teatro Metropolitan,Ciudad de México,Ciudad de México,Mexico,19.433457,-99.146811,Music,Ballads/Romantic,False,False,2026,9,September,1,OCESA
Juntos,https://www.ticketmaster.com.mx/juntos-ciudad-de-mexico-17-09-2026/event/3D006454D31A59C3,2026-09-17,20:30:00,onsale,Jorge Medina y Josi Cuen - JUNTOS,Auditorio Nacional,Ciudad de México,Ciudad de México,Mexico,19.424648,-99.19484,Music,Latin,False,False,2026,9,September,1,OCESA
"La Fanfarria del Capitán,Bailanta Sin Fronteras",https://www.ticketmaster.com.mx/la-fanfarria-del-capitanbailanta-sin-fronteras-ciudad-de-mexico-17-09-2026/event/3D0064E9C52B5045,2026-09-17,20:30:00,cancelled,La Fanfarria del Capitan,El Lunario del Auditorio Nacional,Ciudad de México,Ciudad de México,Mexico,19.424682,-99.1954,Music,Latin,False,False,2026,9,September,1,OCESA
Reyno,https://www.ticketmaster.com.mx/reyno-mexico-17-09-2026/event/1400645A8A57357F,2026-09-17,20:00:00,onsale,Reyno,Pepsi Center,Ciudad de México,Ciudad de México,Mexico,19.3934097,-99.1758118,Music,Latin,False,False,2026,9,September,1,MONDIAL PRICE 1
Sotomayor,https://www.ticketmaster.com.mx/sotomayor-ciudad-de-mexico-17-09-2026/event/3D00650BE2335A1E,2026-09-17,20:30:00,onsale,,El Lunario del Auditorio Nacional,Ciudad de México,Ciudad de México,Mexico,19.424682,-99.1954,Music,Rock,False,False,2026,9,September,1,OCESA
Anuel AA,https://www.ticketmaster.com.mx/anuel-aa-monterrey-17-09-2026/event/3D0064778E0D356F,2026-09-17,21:00:00,onsale,Anuel AA,Estadio Borregos,Monterrey,Nuevo León,Mexico,25.6535973,-100.2854331,Music,Hip-Hop/Rap,False,False,2026,9,September,1,MONDIAL PRICE 1
Young Miko - Late Checkout Tour,https://www.ticketmaster.com.mx/young-miko-late-checkout-tour-tlajomulco-de-zuniga-17-09-2026/event/3D006441A10E29F4,2026-09-17,21:00:00,onsale,Young Miko,Arena VFG,Tlajomulco de Zuñiga,Jalisco,Mexico,20.467193,-103.263489,Music,Latin,False,False,2026,9,September,1,OCESA
La 33 Orquesta,https://www.ticketmaster.com.mx/la-33-orquesta-tlalnepantla-de-baz-17-09-2026/event/1400650586D13731,2026-09-17,21:00:00,onsale,La 33 Orquesta,Grand Mambo Cafe Tlalnepantla,Tlalnepantla de Baz,Estado de México,Mexico,19.51829,-99.21263,Music,Rock,False,False,2026,9,September,1,MONDIAL PRICE 1
LAGOS,https://www.ticketmaster.com.mx/lagos-zapopan-17-09-2026/event/3D0064C2C1085FD1,2026-09-17,21:00:00,onsale,LAGOS,Teatro Estudio Cavaret,Zapopan,Jalisco,Mexico,20.736739,-103.378417,Music,Ballads/Romantic,False,False,2026,9,September,1,OCESA
Nach,https://www.ticketmaster.com.mx/nach-zapopan-17-09-2026/event/140064A581893417,2026-09-17,21:00:00,onsale,Nach,Auditorio Telmex,Zapopan,Jalisco,Mexico,20.73324,-103.38112,Music,Hip-Hop/Rap,False,False,2026,9,September,1,OCESA
Bengala 20 Años,https://www.ticketmaster.com.mx/bengala-20-anos-ciudad-de-mexico-18-09-2026/event/3D00646B92B31E5A,2026-09-18,20:30:00,onsale,Bengala,El Lunario del Auditorio Nacional,Ciudad de México,Ciudad de México,Mexico,19.424682,-99.1954,Music,Rock,False,False,2026,9,September,1,OCESA
Bratty,https://www.ticketmaster.com.mx/bratty-mexico-18-09-2026/event/1400649091B952F0,2026-09-18,20:30:00,onsale,Bratty,Teatro Metropolitan,Ciudad de México,Ciudad de México,Mexico,19.433457,-99.146811,Music,Pop,False,False,2026,9,September,1,OCESA
Heavy Nopal 'Tributo a Rockdrigo González',https://www.ticketmaster.com.mx/heavy-nopal-tributo-a-rockdrigo-gonzalez-mexico-18-09-2026/event/3D0064CD8B9E1A37,2026-09-18,21:30:00,onsale,Heavy Nopal,La Maraka,Ciudad de México,Ciudad de México,Mexico,19.3865108,-99.1631775,Music,Latin,False,False,2026,9,September,1,MONDIAL PRICE 1
I Am Hardstyle,https://www.ticketmaster.com.mx/i-am-hardstyle-mexico-18-09-2026/event/1400649EB893D735,2026-09-18,20:30:00,onsale,I Am Hardstyle,Pabellón del Palacio de los Deportes,Ciudad de México,Ciudad de México,Mexico,19.4015408,-99.0980606,Music,Dance/Electronic,False,False,2026,9,September,1,OCESA
Juntos,https://www.ticketmaster.com.mx/juntos-ciudad-de-mexico-18-09-2026/event/3D006454D5005B3C,2026-09-18,20:30:00,onsale,Jorge Medina y Josi Cuen - JUNTOS,Auditorio Nacional,Ciudad de México,Ciudad de México,Mexico,19.424648,-99.19484,Music,Latin,False,False,2026,9,September,1,OCESA
Majo Rivas en CDMX,https://www.ticketmaster.com.mx/majo-rivas-en-cdmx-ciudad-de-mexico-18-09-2026/event/3D0064F297A2324F,2026-09-18,20:00:00,onsale,Majo Rivas,Sala Pepsi Black,Ciudad de México,Ciudad de México,Mexico,19.3948388,-99.1747505,Music,Latin,False,False,2026,9,September,1,MONDIAL PRICE 1
Natanael Cano Vol 1 Tour,https://www.ticketmaster.com.mx/natanael-cano-vol-1-tour-ciudad-de-mexico-18-09-2026/event/140064E7A6C847E4,2026-09-18,21:00:00,onsale,Natanael Cano,Estadio GNP Seguros,Ciudad de México,Ciudad de México,Mexico,19.405199,-99.095618,Music,Latin,False,False,2026,9,September,1,OCESA
Charles Ans,https://www.ticketmaster.com.mx/charles-ans-zapopan-18-09-2026/event/3D006391C8BF40A6,2026-09-18,21:00:00,onsale,Charles Ans,Teatro Estudio Cavaret,Zapopan,Jalisco,Mexico,20.736739,-103.378417,Music,Hip-Hop/Rap,False,False,2026,9,September,1,OCESA
Myke Towers,https://www.ticketmaster.com.mx/myke-towers-zapopan-18-09-2026/event/140064648D362D62,2026-09-18,21:00:00,onsale,Myke Towers,Auditorio Telmex,Zapopan,Jalisco,Mexico,20.73324,-103.38112,Music,Hip-Hop/Rap,False,False,2026,9,September,1,OCESA
Bengala 20 Años,https://www.ticketmaster.com.mx/bengala-20-anos-ciudad-de-mexico-19-09-2026/event/3D0064308A011A7A,2026-09-19,20:00:00,onsale,Bengala,El Lunario del Auditorio Nacional,Ciudad de México,Ciudad de México,Mexico,19.424682,-99.1954,Music,Rock,False,False,2026,9,September,1,OCESA
Natanael Cano Vol 1 Tour,https://www.ticketmaster.com.mx/natanael-cano-vol-1-tour-ciudad-de-mexico-19-09-2026/event/140064E7A9094A5C,2026-09-19,21:00:00,onsale,Natanael Cano,Estadio GNP Seguros,Ciudad de México,Ciudad de México,Mexico,19.405199,-99.095618,Music,Latin,False,False,2026,9,September,1,OCESA
Piano Bar El Concierto,https://www.ticketmaster.com.mx/piano-bar-el-concierto-ciudad-de-mexico-19-09-2026/event/3D00651182EC12B5,2026-09-19,21:00:00,onsale,,Foro Stelaris Fiesta Americana Reforma,Ciudad de México,Ciudad de México,Mexico,19.432196,-99.1547394,Music,Other,False,False,2026,9,September,1,MONDIAL PRICE 1
Robyn - The Sexistential Tour,https://www.ticketmaster.com.mx/robyn-the-sexistential-tour-ciudad-de-mexico-19-09-2026/event/1400643B9351974D,2026-09-19,20:00:00,onsale,"Robyn, Lykke Li",Palacio de los Deportes,Ciudad de México,Ciudad de México,Mexico,19.4015408,-99.0980606,Music,Dance/Electronic,False,False,2026,9,September,1,OCESA
Son Rompe Pera,https://www.ticketmaster.com.mx/son-rompe-pera-mexico-19-09-2026/event/140064A59C666857,2026-09-19,20:30:00,onsale,Son Rompe Pera,Teatro Metropolitan,Ciudad de México,Ciudad de México,Mexico,19.433457,-99.146811,Music,Latin,False,False,2026,9,September,1,OCESA
Unreal,https://www.ticketmaster.com.mx/unreal-mexico-19-09-2026/event/140064A1A1177F36,2026-09-19,20:30:00,onsale,The Unreal,Pabellón del Palacio de los Deportes,Ciudad de México,Ciudad de México,Mexico,19.4015408,-99.0980606,Music,Rock,False,False,2026,9,September,1,OCESA
Dr. Pink! Amigxs Tour,https://www.ticketmaster.com.mx/dr-pink-amigxs-tour-guadalajara-19-09-2026/event/3D0064CAED9756F8,2026-09-19,18:30:00,onsale,,Estudio Diana,Guadalajara,Jalisco,Mexico,20.665489,-103.349316,Music,Other,False,False,2026,9,September,1,MONDIAL PRICE 3
"Ana Sofi W ""Todos Vuelven"" Tour 2026",https://www.ticketmaster.com.mx/ana-sofi-w-todos-vuelven-tour-col-centro-monterrey-19-09-2026/event/3D0064C3835B1F7D,2026-09-19,20:00:00,onsale,Ana Sofi W,Foro Corona Monterrey,Monterrey,Nuevo León,Mexico,25.66646204,-100.31681661,Music,Pop,False,False,2026,9,September,1,MONDIAL PRICE 1
Nach,https://www.ticketmaster.com.mx/nach-monterrey-19-09-2026/event/140064A1BB01BFD3,2026-09-19,20:30:00,onsale,Nach,Escenario GNP Seguros,Monterrey,Nuevo León,Mexico,25.666135,-100.316726,Music,Hip-Hop/Rap,False,False,2026,9,September,1,MONDIAL PRICE 1
Anuel AA,https://www.ticketmaster.com.mx/anuel-aa-zapopan-19-09-2026/event/3D00647BC5207BBB,2026-09-19,21:00:00,onsale,Anuel AA,Coliseo GNP Seguros,Zapopan,Jalisco,Mexico,20.693768,-103.416177,Music,Hip-Hop/Rap,False,False,2026,9,September,1,OCESA
Beach Fossils,https://www.ticketmaster.com.mx/beach-fossils-ciudad-de-mexico-20-09-2026/event/3D0064BAD2468364,2026-09-20,21:00:00,onsale,Beach Fossils,El Lunario del Auditorio Nacional,Ciudad de México,Ciudad de México,Mexico,19.424682,-99.1954,Music,Rock,False,False,2026,9,September,1,OCESA
MC Davo,https://www.ticketmaster.com.mx/mc-davo-mexico-20-09-2026/event/14006479BA54F5BE,2026-09-20,19:00:00,onsale,MC Davo,Pepsi Center,Ciudad de México,Ciudad de México,Mexico,19.3934097,-99.1758118,Music,Hip-Hop/Rap,False,False,2026,9,September,1,OCESA
Blonde Redhead,https://www.ticketmaster.com.mx/blonde-redhead-mexico-21-09-2026/event/140064B78619420A,2026-09-21,21:00:00,onsale,Blonde Redhead,Teatro Metropolitan,Ciudad de México,Ciudad de México,Mexico,19.433457,-99.146811,Music,Rock,False,False,2026,9,September,1,OCESA
The Neighbourhood: THE WOURLD TOUR,https://www.ticketmaster.com.mx/the-neighbourhood-the-wourld-tour-zapopan-21-09-2026/event/140063588B854A24,2026-09-21,21:00:00,onsale,The Neighbourhood,Auditorio Telmex,Zapopan,Jalisco,Mexico,20.73324,-103.38112,Music,Rock,False,False,2026,9,September,1,OCESA
Gondwana & Quique Neira,https://www.ticketmaster.com.mx/gondwana-quique-neira-ciudad-de-mexico-22-09-2026/event/3D0064ADDE6EB937,2026-09-22,20:30:00,onsale,Gondwana,Auditorio Nacional,Ciudad de México,Ciudad de México,Mexico,19.424648,-99.19484,Music,Reggae,False,False,2026,9,September,1,MONDIAL PRICE 1
Young Miko - Late Checkout Tour,https://www.ticketmaster.com.mx/young-miko-late-checkout-tour-ciudad-de-mexico-22-09-2026/event/1400647CB05FB097,2026-09-22,20:00:00,onsale,Young Miko,Palacio de los Deportes,Ciudad de México,Ciudad de México,Mexico,19.4015408,-99.0980606,Music,Latin,False,False,2026,9,September,1,OCESA
De La Rose,https://www.ticketmaster.com.mx/de-la-rose-mexico-23-09-2026/event/1400649D9B5A5B87,2026-09-23,21:00:00,onsale,De La Rose,Teatro Metropolitan,Ciudad de México,Ciudad de México,Mexico,19.433457,-99.146811,Music,Latin,False,False,2026,9,September,1,OCESA
La Leyenda,https://www.ticketmaster.com.mx/la-leyenda-ciudad-de-mexico-23-09-2026/event/3D0064FE95512B67,2026-09-23,20:30:00,onsale,La Leyenda,El Lunario del Auditorio Nacional,Ciudad de México,Ciudad de México,Mexico,19.424682,-99.1954,Music,Latin,False,False,2026,9,September,1,OCESA
Gondwana & Quique Neira,https://www.ticketmaster.com.mx/gondwana-quique-neira-monterrey-23-09-2026/event/140064F7A6396ABA,2026-09-23,21:00:00,onsale,"Gondwana, Quique Neira",Escenario GNP Seguros,Monterrey,Nuevo León,Mexico,25.666135,-100.316726,Music,Reggae,False,False,2026,9,September,1,MONDIAL PRICE 1
The Neighbourhood: THE WOURLD TOUR,https://www.ticketmaster.com.mx/the-neighbourhood-the-wourld-tour-monterrey-23-09-2026/event/14006358B1528118,2026-09-23,21:00:00,onsale,The Neighbourhood,Auditorio Banamex,Monterrey,Nuevo León,Mexico,25.67765795,-100.28085777,Music,Rock,False,False,2026,9,September,1,OCESA
GRTSCH,https://www.ticketmaster.com.mx/grtsch-ciudad-de-mexico-24-09-2026/event/3D0064DAFECB6195,2026-09-24,20:30:00,onsale,,El Lunario del Auditorio Nacional,Ciudad de México,Ciudad de México,Mexico,19.424682,-99.1954,Music,Rock,False,False,2026,9,September,1,OCESA
Lucero,https://www.ticketmaster.com.mx/lucero-ciudad-de-mexico-24-09-2026/event/3D00648FB08C6779,2026-09-24,20:30:00,onsale,Lucero,Auditorio Nacional,Ciudad de México,Ciudad de México,Mexico,19.424648,-99.19484,Music,Ballads/Romantic,False,False,2026,9,September,1,OCESA
Marco Mares,https://www.ticketmaster.com.mx/marco-mares-mexico-24-09-2026/event/140064818DC93536,2026-09-24,20:30:00,cancelled,Marco Mares,Teatro Metropolitan,Ciudad de México,Ciudad de México,Mexico,19.433457,-99.146811,Music,Rock,False,False,2026,9,September,1,OCESA
Moenia,https://www.ticketmaster.com.mx/moenia-ciudad-de-mexico-24-09-2026/event/140064798177386D,2026-09-24,20:00:00,onsale,Moenia,Palacio de los Deportes,Ciudad de México,Ciudad de México,Mexico,19.4015408,-99.0980606,Music,Latin,False,False,2026,9,September,1,OCESA
Gondwana & Quique Neira,https://www.ticketmaster.com.mx/gondwana-quique-neira-guadalajara-24-09-2026/event/3D006514BF2A5ED7,2026-09-24,21:00:00,onsale,"Gondwana, Quique Neira",Teatro Diana (GDL),Guadalajara,Jalisco,Mexico,20.665434,-103.349341,Music,Reggae,False,False,2026,9,September,1,MONDIAL PRICE 1
Alex Fernández,https://www.ticketmaster.com.mx/alex-fernandez-zapopan-24-09-2026/event/140062E8A564104D,2026-09-24,21:00:00,onsale,Alex Fernandez,Auditorio Telmex,Zapopan,Jalisco,Mexico,20.73324,-103.38112,Music,Latin,False,False,2026,9,September,1,MONDIAL PRICE 1
Bohemia 93 Humor&Canciones:Gus Munguía El Costeño Al Castillo El Pollo,https://www.ticketmaster.com.mx/bohemia-93-humorcancionesgus-munguia-el-costeno-mexico-25-09-2026/event/3D0064F8A2233C64,2026-09-25,21:00:00,onsale,Bohemia 91,El Cantoral ,Ciudad de México,Ciudad de México,Mexico,19.361737,-99.166137,Music,Latin,False,False,2026,9,September,1,MONDIAL PRICE 1
Chetes,https://www.ticketmaster.com.mx/chetes-mexico-25-09-2026/event/140064818367280B,2026-09-25,20:30:00,onsale,Chetes,Pabellón del Palacio de los Deportes,Ciudad de México,Ciudad de México,Mexico,19.4015408,-99.0980606,Music,Latin,False,False,2026,9,September,1,OCESA
Juntos,https://www.ticketmaster.com.mx/juntos-ciudad-de-mexico-25-09-2026/event/3D006454D5015B41,2026-09-25,20:30:00,onsale,Jorge Medina y Josi Cuen - JUNTOS,Auditorio Nacional,Ciudad de México,Ciudad de México,Mexico,19.424648,-99.19484,Music,Latin,False,False,2026,9,September,1,OCESA
Los Revenants 'El Sueño Renace',https://www.ticketmaster.com.mx/los-revenants-el-sueno-renace-mexico-25-09-2026/event/3D0064DBBD9D2BEF,2026-09-25,21:30:00,onsale,Los Revenants,La Maraka,Ciudad de México,Ciudad de México,Mexico,19.3865108,-99.1631775,Music,Rock,False,False,2026,9,September,1,MONDIAL PRICE 1
Nicho Hinojosa en Concierto,https://www.ticketmaster.com.mx/nicho-hinojosa-en-concierto-ciudad-de-mexico-25-09-2026/event/3D0064D2F7E776EC,2026-09-25,21:30:00,onsale,Nicho Hinojosa,Foro Stelaris Fiesta Americana Reforma,Ciudad de México,Ciudad de México,Mexico,19.432196,-99.1547394,Music,Latin,False,False,2026,9,September,1,MONDIAL PRICE 1
STRAYCITY MEXICO CITY,https://www.ticketmaster.com.mx/straycity-mexico-city-ciudad-de-mexico-25-09-2026/event/1400649DA6177249,2026-09-25,18:30:00,onsale,Stray Kids,Estadio GNP Seguros,Ciudad de México,Ciudad de México,Mexico,19.405199,-99.095618,Music,Pop,False,False,2026,9,September,1,OCESA
The Neighbourhood: THE WOURLD TOUR,https://www.ticketmaster.com.mx/the-neighbourhood-the-wourld-tour-ciudad-de-mexico-25-09-2026/event/1400635995F04BE7,2026-09-25,20:00:00,onsale,The Neighbourhood,Palacio de los Deportes,Ciudad de México,Ciudad de México,Mexico,19.4015408,-99.0980606,Music,Rock,False,False,2026,9,September,1,OCESA
Winona Riders,https://www.ticketmaster.com.mx/winona-riders-mexico-25-09-2026/event/3D00647586652CBD,2026-09-25,21:00:00,onsale,Winona Riders,Foro Puebla,Ciudad de México,Ciudad de México,Mexico,19.422158,-99.164129,Music,Rock,False,False,2026,9,September,1,OCESA
Sentidos Opuestos,https://www.ticketmaster.com.mx/sentidos-opuestos-guadalajara-25-09-2026/event/3D00647585742C02,2026-09-25,21:00:00,onsale,Sentidos Opuestos,Teatro Diana (GDL),Guadalajara,Jalisco,Mexico,20.665434,-103.349341,Music,Latin,False,False,2026,9,September,1,MONDIAL PRICE 1
Comisario Pantera y Pastilla,https://www.ticketmaster.com.mx/comisario-pantera-y-pastilla-col-centro-monterrey-25-09-2026/event/3D00646ABE5B4B98,2026-09-25,21:00:00,onsale,,Foro Corona Monterrey,Monterrey,Nuevo León,Mexico,25.66646204,-100.31681661,Music,Rock,False,False,2026,9,September,1,MONDIAL PRICE 1
Alvaro Diaz,https://www.ticketmaster.com.mx/alvaro-diaz-zapopan-25-09-2026/event/140064BA8B504BD6,2026-09-25,21:00:00,onsale,Alvaro Diaz,Auditorio Telmex,Zapopan,Jalisco,Mexico,20.73324,-103.38112,Music,Hip-Hop/Rap,False,False,2026,9,September,1,OCESA
Natanael Cano Vol 1 Tour,https://www.ticketmaster.com.mx/natanael-cano-vol-1-tour-zapopan-25-09-2026/event/3D0064E988A81234,2026-09-25,21:00:00,onsale,Natanael Cano,Coliseo GNP Seguros,Zapopan,Jalisco,Mexico,20.693768,-103.416177,Music,Latin,False,False,2026,9,September,1,OCESA
AFI,https://www.ticketmaster.com.mx/afi-mexico-26-09-2026/event/1400649EBC4EDF83,2026-09-26,20:30:00,onsale,AFI,Pabellón del Palacio de los Deportes,Ciudad de México,Ciudad de México,Mexico,19.4015408,-99.0980606,Music,Rock,False,False,2026,9,September,1,OCESA
Alive,https://www.ticketmaster.com.mx/alive-ciudad-de-mexico-26-09-2026/event/3D0064E7B7AA32F4,2026-09-26,21:30:00,onsale,"Alive, una fiesta en el tiempo",Foro Stelaris Fiesta Americana Reforma,Ciudad de México,Ciudad de México,Mexico,19.432196,-99.1547394,Music,Pop,False,False,2026,9,September,1,MONDIAL PRICE 1
Cabaret Lunario Presenta:Estela Nuñez con Mariachi,https://www.ticketmaster.com.mx/cabaret-lunario-presentaestela-nunez-con-mariachi-ciudad-de-mexico-26-09-2026/event/3D0064D80D5047C7,2026-09-26,22:30:00,onsale,"Estela Nunez, Cabaret Lunario",El Lunario del Auditorio Nacional,Ciudad de México,Ciudad de México,Mexico,19.424682,-99.1954,Music,Ballads/Romantic,False,False,2026,9,September,1,MONDIAL PRICE 1
Juntos,https://www.ticketmaster.com.mx/juntos-ciudad-de-mexico-26-09-2026/event/3D006454D5025B43,2026-09-26,20:00:00,onsale,Jorge Medina y Josi Cuen - JUNTOS,Auditorio Nacional,Ciudad de México,Ciudad de México,Mexico,19.424648,-99.19484,Music,Latin,False,False,2026,9,September,1,OCESA
La Garfield,https://www.ticketmaster.com.mx/la-garfield-mexico-26-09-2026/event/3D0064BD80412D2A,2026-09-26,21:30:00,onsale,La Garfield,La Maraka,Ciudad de México,Ciudad de México,Mexico,19.3865108,-99.1631775,Music,Ballads/Romantic,False,False,2026,9,September,1,MONDIAL PRICE 1
Marconi en concierto,https://www.ticketmaster.com.mx/marconi-en-concierto-mexico-26-09-2026/event/3D0064B299EF2BFF,2026-09-26,21:00:00,onsale,Marconi,Foro Red Access,Ciudad de México,Ciudad de México,Mexico,19.35677,-99.163341,Music,Rock,False,False,2026,9,September,1,MONDIAL PRICE 1
Rebel Cats,https://www.ticketmaster.com.mx/rebel-cats-mexico-26-09-2026/event/140064A5833C365D,2026-09-26,20:00:00,onsale,Rebel Cats,Teatro Metropolitan,Ciudad de México,Ciudad de México,Mexico,19.433457,-99.146811,Music,Rock,False,False,2026,9,September,1,OCESA
STRAYCITY MEXICO CITY,https://www.ticketmaster.com.mx/straycity-mexico-city-ciudad-de-mexico-26-09-2026/event/1400649DA6FD73ED,2026-09-26,18:30:00,onsale,Stray Kids,Estadio GNP Seguros,Ciudad de México,Ciudad de México,Mexico,19.405199,-99.095618,Music,Pop,False,False,2026,9,September,1,OCESA
The Neighbourhood: THE WOURLD TOUR,https://www.ticketmaster.com.mx/the-neighbourhood-the-wourld-tour-ciudad-de-mexico-26-09-2026/event/14006366DEADBA30,2026-09-26,20:00:00,onsale,The Neighbourhood,Palacio de los Deportes,Ciudad de México,Ciudad de México,Mexico,19.4015408,-99.0980606,Music,Rock,False,False,2026,9,September,1,OCESA
Levin : Swag7,https://www.ticketmaster.com.mx/levin-swag7-guadalajara-26-09-2026/event/3D0064DB99E9158B,2026-09-26,19:00:00,onsale,,Estudio Diana,Guadalajara,Jalisco,Mexico,20.665489,-103.349316,Music,Hip-Hop/Rap,False,False,2026,9,September,1,MONDIAL PRICE 3
High On Fire,https://www.ticketmaster.com.mx/high-on-fire-col-centro-monterrey-26-09-2026/event/3D0064D8A55A1743,2026-09-26,21:00:00,onsale,High On Fire,Foro Corona Monterrey,Monterrey,Nuevo León,Mexico,25.66646204,-100.31681661,Music,Metal,False,False,2026,9,September,1,MONDIAL PRICE 1
Sentidos Opuestos,https://www.ticketmaster.com.mx/sentidos-opuestos-monterrey-26-09-2026/event/140064A983575CBB,2026-09-26,20:00:00,onsale,Sentidos Opuestos,Escenario GNP Seguros,Monterrey,Nuevo León,Mexico,25.666135,-100.316726,Music,Latin,False,False,2026,9,September,1,MONDIAL PRICE 1
Alta Consigna,https://www.ticketmaster.com.mx/alta-consigna-zapopan-26-09-2026/event/140064D3BF769437,2026-09-26,21:00:00,onsale,Alta Consigna,Auditorio Telmex,Zapopan,Jalisco,Mexico,20.73324,-103.38112,Music,Latin,False,False,2026,9,September,1,MONDIAL PRICE 1
Greeicy,https://www.ticketmaster.com.mx/greeicy-mexico-29-09-2026/event/140064AEBCEED02A,2026-09-29,21:00:00,onsale,Greeicy,Teatro Metropolitan,Ciudad de México,Ciudad de México,Mexico,19.433457,-99.146811,Music,Latin,False,False,2026,9,September,1,OCESA
Maroon 5,https://www.ticketmaster.com.mx/maroon-5-ciudad-de-mexico-30-09-2026/event/3D0064B8BC1C9DBC,2026-09-30,21:00:00,onsale,Maroon 5,Estadio Alfredo Harp Helú,Ciudad de México,Ciudad de México,Mexico,19.403697,-99.08536,Music,Pop,False,False,2026,9,September,1,OCESA
Sébastien Tellier: Kiss The Beast Tour,https://www.ticketmaster.com.mx/sebastien-tellier-kiss-the-beast-tour-mexico-30-09-2026/event/140064ACA66C65F6,2026-09-30,20:30:00,onsale,Sebastian Tellier,Pabellón del Palacio de los Deportes,Ciudad de México,Ciudad de México,Mexico,19.4015408,-99.0980606,Music,Pop,False,False,2026,9,September,1,OCESA
Carlos Sadness,https://www.ticketmaster.com.mx/carlos-sadness-ciudad-de-mexico-01-10-2026/event/3D006472ACD3499D,2026-10-01,21:00:00,onsale,Carlos Sadness,El Lunario del Auditorio Nacional,Ciudad de México,Ciudad de México,Mexico,19.424682,-99.1954,Music,Pop,False,False,2026,10,October,1,MONDIAL PRICE 1
Jessica Simpson,https://www.ticketmaster.com.mx/jessica-simpson-mexico-01-10-2026/event/3D0064A1ADA27072,2026-10-01,21:30:00,onsale,Jessica Simpson,La Maraka,Ciudad de México,Ciudad de México,Mexico,19.3865108,-99.1631775,Music,Rock,False,False,2026,10,October,1,MONDIAL PRICE 1
Motorama,https://www.ticketmaster.com.mx/motorama-ciudad-de-mexico-01-10-2026/event/3D0064A986822A42,2026-10-01,21:00:00,onsale,Motorama,Auditorio Nacional,Ciudad de México,Ciudad de México,Mexico,19.424648,-99.19484,Music,Rock,False,False,2026,10,October,1,MONDIAL PRICE 1
Tove Lo - ESTRUS TOUR,https://www.ticketmaster.com.mx/tove-lo-estrus-tour-mexico-01-10-2026/event/14006445E135EFF5,2026-10-01,21:00:00,onsale,Tove Lo,Pepsi Center,Ciudad de México,Ciudad de México,Mexico,19.3934097,-99.1758118,Music,Pop,False,False,2026,10,October,1,OCESA
Cultura Profetica Presenta en Bucle,https://www.ticketmaster.com.mx/cultura-profetica-presenta-en-bucle-monterrey-01-10-2026/event/140064D4F52C8BE2,2026-10-01,21:00:00,onsale,Cultura Profética,Escenario GNP Seguros,Monterrey,Nuevo León,Mexico,25.666135,-100.316726,Music,Reggae,False,False,2026,10,October,1,MONDIAL PRICE 1
Paté de Fuá,https://www.ticketmaster.com.mx/pate-de-fua-col-centro-monterrey-01-10-2026/event/3D0064E7FC675AE7,2026-10-01,21:00:00,onsale,Pate De Fua,Foro Corona Monterrey,Monterrey,Nuevo León,Mexico,25.66646204,-100.31681661,Music,Jazz,False,False,2026,10,October,1,MONDIAL PRICE 2
Carlos Sadness,https://www.ticketmaster.com.mx/carlos-sadness-ciudad-de-mexico-02-10-2026/event/3D006472AFD04C26,2026-10-02,21:00:00,onsale,Carlos Sadness,El Lunario del Auditorio Nacional,Ciudad de México,Ciudad de México,Mexico,19.424682,-99.1954,Music,Pop,False,False,2026,10,October,1,MONDIAL PRICE 1
Cultura Profética,https://www.ticketmaster.com.mx/cultura-profetica-mexico-02-10-2026/event/140064D3A3AE5E8E,2026-10-02,21:00:00,onsale,Cultura Profética,Pepsi Center,Ciudad de México,Ciudad de México,Mexico,19.3934097,-99.1758118,Music,Reggae,False,False,2026,10,October,1,MONDIAL PRICE 1
Denisse de Kalafe,https://www.ticketmaster.com.mx/denisse-de-kalafe-mexico-02-10-2026/event/3D006471BA7C7302,2026-10-02,21:30:00,onsale,Denisse de Kalafe,La Maraka,Ciudad de México,Ciudad de México,Mexico,19.3865108,-99.1631775,Music,Pop,False,False,2026,10,October,1,MONDIAL PRICE 1
Hija de la Luna Homenaje a Mecano,https://www.ticketmaster.com.mx/hija-de-la-luna-homenaje-a-mexico-02-10-2026/event/140064D8852F249E,2026-10-02,20:30:00,onsale,"Hija de la Luna, Mecano",Teatro Metropolitan,Ciudad de México,Ciudad de México,Mexico,19.433457,-99.146811,Music,Pop,False,False,2026,10,October,1,OCESA
Iron Maiden,https://www.ticketmaster.com.mx/iron-maiden-ciudad-de-mexico-02-10-2026/event/1400634DB30C6F68,2026-10-02,21:00:00,onsale,Iron Maiden,Estadio GNP Seguros,Ciudad de México,Ciudad de México,Mexico,19.405199,-99.095618,Music,Metal,False,False,2026,10,October,1,OCESA
Jorge Coque Muñíz,https://www.ticketmaster.com.mx/jorge-coque-muniz-mexico-02-10-2026/event/140064FEE88AB29D,2026-10-02,20:30:00,onsale,Jorge Muñiz,Teatro Tepeyac,Ciudad de México,Ciudad de México,Mexico,19.4757404,-99.1206207,Music,Latin,False,False,2026,10,October,1,MONDIAL PRICE 1
Siddhartha,https://www.ticketmaster.com.mx/siddhartha-zapopan-02-10-2026/event/1400643196F060DC,2026-10-02,21:00:00,onsale,Siddhartha,Auditorio Telmex,Zapopan,Jalisco,Mexico,20.73324,-103.38112,Music,Rock,False,False,2026,10,October,1,MONDIAL PRICE 1
Carlos Sadness,https://www.ticketmaster.com.mx/carlos-sadness-ciudad-de-mexico-03-10-2026/event/3D006472AFD04C28,2026-10-03,21:00:00,onsale,Carlos Sadness,El Lunario del Auditorio Nacional,Ciudad de México,Ciudad de México,Mexico,19.424682,-99.1954,Music,Pop,False,False,2026,10,October,1,MONDIAL PRICE 1
Cox Homenaje al Príncipe,https://www.ticketmaster.com.mx/cox-homenaje-al-principe-ciudad-de-mexico-03-10-2026/event/3D0064E686630AB1,2026-10-03,21:30:00,onsale,COX,Foro Stelaris Fiesta Americana Reforma,Ciudad de México,Ciudad de México,Mexico,19.432196,-99.1547394,Music,Dance/Electronic,False,False,2026,10,October,1,MONDIAL PRICE 1
Fiquet,https://www.ticketmaster.com.mx/fiquet-mexico-03-10-2026/event/3D006483B3434D3B,2026-10-03,18:00:00,onsale,,TEATRO SERGIO MAGAÑA,Ciudad de México,Ciudad de México,Mexico,19.4457073,-99.1606674,Music,Rock,False,False,2026,10,October,1,MONDIAL PRICE 3
Lost Acapulco,https://www.ticketmaster.com.mx/lost-acapulco-mexico-03-10-2026/event/14006459E9460BFA,2026-10-03,20:30:00,onsale,Lost Acapulco,Teatro Metropolitan,Ciudad de México,Ciudad de México,Mexico,19.433457,-99.146811,Music,Rock,False,False,2026,10,October,1,OCESA
American Modern Ensemble,https://www.ticketmaster.com.mx/american-modern-ensemble-guanajuato-03-10-2026/event/3D0064C382541D7A,2026-10-03,20:30:00,onsale,"American Modern Ensemble, Festival Internacional Cervantino",Teatro Juarez (Fic),Guanajuato,Guanajuato,Mexico,21.014911,-101.251931,Music,Classical,False,False,2026,10,October,1,MONDIAL PRICE 1
"Julian Sartorius, RLLRLRLLRRLRLRLRLLRLRLR",https://www.ticketmaster.com.mx/julian-sartorius-rllrlrllrrlrlrlrllrlrlr-guanajuato-03-10-2026/event/3D0064B9B13553A5,2026-10-03,17:00:00,onsale,"Julian Sartorius, Festival Internacional Cervantino",Templo de la Compañía,Guanajuato,Guanajuato,Mexico,21.017032,-101.252705,Music,Dance/Electronic,False,False,2026,10,October,1,MONDIAL PRICE 1
Mondo Cane con Mike Patton,https://www.ticketmaster.com.mx/mondo-cane-con-mike-patton-guanajuato-03-10-2026/event/3D0064BAE4408EE9,2026-10-03,19:00:00,onsale,"Mike Patton, Festival Internacional Cervantino",Explanada de la AlhAondiga de Granaditas,Guanajuato,Guanajuato,Mexico,21.0191588,-101.2584882,Music,Rock,False,False,2026,10,October,1,MONDIAL PRICE 3
"Renee, Lado B",https://www.ticketmaster.com.mx/renee-lado-b-guanajuato-03-10-2026/event/3D0064C5C7C97AAB,2026-10-03,22:00:00,onsale,"Renee, Festival Internacional Cervantino",Casa FIC- Trasnoche,Guanajuato,Guanajuato,Mexico,21.012918,-101.251621,Music,Pop,False,False,2026,10,October,1,MONDIAL PRICE 1
"Trío Mujeres Tamaulipecas, Canto a mi Huasteca",https://www.ticketmaster.com.mx/trio-mujeres-tamaulipecas-canto-a-mi-guanajuato-03-10-2026/event/3D0064C17F170D6B,2026-10-03,12:00:00,onsale,"Trio Mujeres Tamaulipecas, Festival Internacional Cervantino",Casa FIC - Jardín San Pedro,Guanajuato,Guanajuato,Mexico,21.012918,-101.251621,Music,Latin,False,False,2026,10,October,1,MONDIAL PRICE 1
"Joonas Ahonen, piano",https://www.ticketmaster.com.mx/joonas-ahonen-piano-marfil-03-10-2026/event/3D0064B9A85F4BFE,2026-10-03,13:30:00,onsale,"Joonas Ahonen, Festival Internacional Cervantino",Templo de Marfil de Abajo,Marfil,Guanajuato,Mexico,21.0023709,-101.2853751,Music,Other,False,False,2026,10,October,1,MONDIAL PRICE 1
Alvaro Diaz,https://www.ticketmaster.com.mx/alvaro-diaz-monterrey-03-10-2026/event/140064BA83223A06,2026-10-03,21:00:00,onsale,Alvaro Diaz,Auditorio Banamex,Monterrey,Nuevo León,Mexico,25.67765795,-100.28085777,Music,Hip-Hop/Rap,False,False,2026,10,October,1,MONDIAL PRICE 1
Eslabón Armado,https://www.ticketmaster.com.mx/eslabon-armado-monterrey-03-10-2026/event/140064AFB3F0D04E,2026-10-03,21:00:00,onsale,Eslabon Armado,Escenario GNP Seguros,Monterrey,Nuevo León,Mexico,25.666135,-100.316726,Music,Latin,False,False,2026,10,October,1,MONDIAL PRICE 1
Maroon 5,https://www.ticketmaster.com.mx/maroon-5-monterrey-03-10-2026/event/3D0064B99A74340C,2026-10-03,21:00:00,onsale,Maroon 5,Estadio Borregos,Monterrey,Nuevo León,Mexico,25.6535973,-100.2854331,Music,Pop,False,False,2026,10,October,1,MONDIAL PRICE 1
Alejandro Sanz,https://www.ticketmaster.com.mx/alejandro-sanz-zapopan-03-10-2026/event/3D00648AA7133D45,2026-10-03,21:00:00,onsale,Alejandro Sanz,Coliseo GNP Seguros,Zapopan,Jalisco,Mexico,20.693768,-103.416177,Music,Latin,False,False,2026,10,October,1,OCESA
"Comp. Nal. Ópera Tosca de Giacomo Puccini, 10+. Ingreso 16:30 h.",https://www.ticketmaster.com.mx/comp-nal-opera-tosca-de-giacomo-mexico-cdmx-04-10-2026/event/3D0064F290C62ADD,2026-10-04,17:00:00,onsale,Sala Principal Bellas Artes,Palacio de Bellas Artes,Ciudad de México,Ciudad de México,Mexico,19.4366302,-99.1435318,Music,Latin,False,False,2026,10,October,1,MONDIAL PRICE 1
"Guillotina, Rock Mata Pop",https://www.ticketmaster.com.mx/guillotina-rock-mata-pop-ciudad-de-mexico-04-10-2026/event/3D0064ABC00451A3,2026-10-04,19:00:00,onsale,Guillotina,El Lunario del Auditorio Nacional,Ciudad de México,Ciudad de México,Mexico,19.424682,-99.1954,Music,Rock,False,False,2026,10,October,1,OCESA
Pasatono Orquesta. Música para curar la tiricia.,https://www.ticketmaster.com.mx/pasatono-orquesta-musica-para-curar-la-mexico-04-10-2026/event/3D006501CF1E962D,2026-10-04,18:00:00,onsale,Pasatono Orquesta,Teatro de la Ciudad Esperanza Iris,Ciudad de México,Ciudad de México,Mexico,19.4366936,-99.1394375,Music,Latin,False,False,2026,10,October,1,MONDIAL PRICE 1
Sonora Santanera con María Fernanda,https://www.ticketmaster.com.mx/sonora-santanera-con-maria-fernanda-mexico-04-10-2026/event/3D0064D0917F206E,2026-10-04,18:30:00,onsale,Sonora Santanera,La Maraka,Ciudad de México,Ciudad de México,Mexico,19.3865108,-99.1631775,Music,Latin,False,False,2026,10,October,1,MONDIAL PRICE 1
UNDERTALE: The Determination Symphony,https://www.ticketmaster.com.mx/undertale-the-determination-symphony-mexico-04-10-2026/event/14006499B54A7A54,2026-10-04,19:00:00,onsale,UNDERTALE Symphony,Teatro Metropolitan,Ciudad de México,Ciudad de México,Mexico,19.433457,-99.146811,Music,Other,False,False,2026,10,October,1,OCESA
"Les Métaboles, Voces esculpidas",https://www.ticketmaster.com.mx/les-metaboles-voces-esculpidas-guanajuato-04-10-2026/event/3D0064C5F1C0A35D,2026-10-04,13:00:00,onsale,"Les Métaboles, Festival Internacional Cervantino",Teatro Juarez (Fic),Guanajuato,Guanajuato,Mexico,21.014911,-101.251931,Music,Classical,False,False,2026,10,October,1,MONDIAL PRICE 1
"Rita Donte, Ritual",https://www.ticketmaster.com.mx/rita-donte-ritual-guanajuato-04-10-2026/event/3D0064C190861F7F,2026-10-04,12:00:00,onsale,"Rita Donte, Festival Internacional Cervantino",Casa FIC - Jardín San Pedro,Guanajuato,Guanajuato,Mexico,21.012918,-101.251621,Music,Latin,False,False,2026,10,October,1,MONDIAL PRICE 1
Alvaro Diaz,https://www.ticketmaster.com.mx/alvaro-diaz-monterrey-04-10-2026/event/140064CBB2F6E40F,2026-10-04,21:00:00,onsale,Alvaro Diaz,Auditorio Banamex,Monterrey,Nuevo León,Mexico,25.67765795,-100.28085777,Music,Hip-Hop/Rap,False,False,2026,10,October,1,OCESA
Cultura Profética,https://www.ticketmaster.com.mx/cultura-profetica-zapopan-04-10-2026/event/140064D3CE6AB05A,2026-10-04,20:30:00,onsale,Cultura Profética,Auditorio Telmex,Zapopan,Jalisco,Mexico,20.73324,-103.38112,Music,Reggae,False,False,2026,10,October,1,MONDIAL PRICE 1
MXC Artist Page Event - DO NOT PURCHASE,https://www.ticketmaster.com.mx/mxc-artist-page-event-do-not-los-angeles-05-10-2026/event/140063196F7A1127,2026-10-05,19:08:00,onsale,Test artist,Nenue test MTY,Los Angeles,Nuevo León,Mexico,,,Music,Pop,False,False,2026,10,October,1,MONDIAL PRICE 1
"Comp. Nal. Ópera Tosca de Giacomo Puccini, 10+. Ingreso 19:30 h.",https://www.ticketmaster.com.mx/comp-nal-opera-tosca-de-giacomo-mexico-cdmx-06-10-2026/event/3D0064F291A92B71,2026-10-06,20:00:00,onsale,Sala Principal Bellas Artes,Palacio de Bellas Artes,Ciudad de México,Ciudad de México,Mexico,19.4366302,-99.1435318,Music,Latin,False,False,2026,10,October,1,MONDIAL PRICE 1
Geese - Getting Killed Again Tour ,https://www.ticketmaster.com.mx/geese-getting-killed-again-tour-mexico-06-10-2026/event/14006491D75811D7,2026-10-06,21:00:00,onsale,"Geese, Mariachi De America",Teatro Metropolitan,Ciudad de México,Ciudad de México,Mexico,19.433457,-99.146811,Music,Rock,False,False,2026,10,October,1,MONDIAL PRICE 1
Rosana,https://www.ticketmaster.com.mx/rosana-ciudad-de-mexico-06-10-2026/event/3D006497E3BDB670,2026-10-06,20:30:00,onsale,Rosana,Auditorio Nacional,Ciudad de México,Ciudad de México,Mexico,19.424648,-99.19484,Music,Ballads/Romantic,False,False,2026,10,October,1,OCESA
Omar Córdova y Sociedad de Impro Brutal,https://www.ticketmaster.com.mx/omar-cordova-y-sociedad-de-impro-guanajuato-06-10-2026/event/3D0064B98A791A2A,2026-10-06,17:00:00,onsale,"Omar Cordova, Festival Internacional Cervantino",Teatro Cervantes (Fic),Guanajuato,Guanajuato,Mexico,19.82094,-101.5865784,Music,New Age,False,False,2026,10,October,1,MONDIAL PRICE 1
"Orquesta Típica Yukalpetén, Gala Yucateca",https://www.ticketmaster.com.mx/orquesta-tipica-yukalpeten-gala-yucateca-guanajuato-06-10-2026/event/3D0064BAC10678CC,2026-10-06,19:00:00,onsale,"Orquesta Tipica Yukalpeten, Festival Internacional Cervantino",Explanada de la AlhAondiga de Granaditas,Guanajuato,Guanajuato,Mexico,21.0191588,-101.2584882,Music,Latin,False,False,2026,10,October,1,MONDIAL PRICE 2
NIC,https://www.ticketmaster.com.mx/nic-ciudad-de-mexico-07-10-2026/event/3D00648FE6FC9971,2026-10-07,21:00:00,onsale,Nicole Zignago,El Lunario del Auditorio Nacional,Ciudad de México,Ciudad de México,Mexico,19.424682,-99.1954,Music,Pop,False,False,2026,10,October,1,OCESA
Robbie Williams,https://www.ticketmaster.com.mx/robbie-williams-ciudad-de-mexico-07-10-2026/event/1400644BAAE88864,2026-10-07,20:00:00,onsale,Robbie Williams,Palacio de los Deportes,Ciudad de México,Ciudad de México,Mexico,19.4015408,-99.0980606,Music,Rock,False,False,2026,10,October,1,MONDIAL PRICE 1
"Ensamble A Tempo, México multimedia",https://www.ticketmaster.com.mx/ensamble-a-tempo-mexico-multimedia-guanajuato-07-10-2026/event/3D0064B9B5045673,2026-10-07,17:00:00,onsale,"Ensamble A Tempo, Festival Internacional Cervantino",Templo de la Compañía,Guanajuato,Guanajuato,Mexico,21.017032,-101.252705,Music,Classical,False,False,2026,10,October,1,MONDIAL PRICE 1
Orquesta Moderna,https://www.ticketmaster.com.mx/orquesta-moderna-guanajuato-07-10-2026/event/3D0064BABA43744E,2026-10-07,19:00:00,onsale,"Orquesta Moderna, Festival Internacional Cervantino",Explanada de la AlhAondiga de Granaditas,Guanajuato,Guanajuato,Mexico,21.0191588,-101.2584882,Music,Jazz,False,False,2026,10,October,1,MONDIAL PRICE 2
"Comp. Nal. Ópera Tosca de Giacomo Puccini, 10+. Ingreso 19:30 h.",https://www.ticketmaster.com.mx/comp-nal-opera-tosca-de-giacomo-mexico-cdmx-08-10-2026/event/3D0064F291A92B73,2026-10-08,20:00:00,onsale,Sala Principal Bellas Artes,Palacio de Bellas Artes,Ciudad de México,Ciudad de México,Mexico,19.4366302,-99.1435318,Music,Latin,False,False,2026,10,October,1,MONDIAL PRICE 1
Grupo Galé y Diego Morán,https://www.ticketmaster.com.mx/grupo-gale-y-diego-moran-mexico-08-10-2026/event/3D0064D084571544,2026-10-08,21:30:00,onsale,"Grupo Galé, Diego Morán",La Maraka,Ciudad de México,Ciudad de México,Mexico,19.3865108,-99.1631775,Music,Latin,False,False,2026,10,October,1,MONDIAL PRICE 1
LTD Rock,https://www.ticketmaster.com.mx/ltd-rock-mexico-08-10-2026/event/140064FD812E4077,2026-10-08,20:30:00,onsale,LTD Rock,Teatro Metropolitan,Ciudad de México,Ciudad de México,Mexico,19.433457,-99.146811,Music,Rock,False,False,2026,10,October,1,OCESA
Miami Horror,https://www.ticketmaster.com.mx/miami-horror-mexico-08-10-2026/event/3D0064C4A88E61EF,2026-10-08,21:00:00,onsale,Miami Horror,Foro Puebla,Ciudad de México,Ciudad de México,Mexico,19.422158,-99.164129,Music,Rock,False,False,2026,10,October,1,OCESA
"Okills, 15 Años",https://www.ticketmaster.com.mx/okills-15-anos-ciudad-de-mexico-08-10-2026/event/3D0064A8FE25B7CD,2026-10-08,20:30:00,onsale,Okills,El Lunario del Auditorio Nacional,Ciudad de México,Ciudad de México,Mexico,19.424682,-99.1954,Music,Rock,False,False,2026,10,October,1,OCESA
Pablo Alborán,https://www.ticketmaster.com.mx/pablo-alboran-ciudad-de-mexico-08-10-2026/event/3D006458BC5439FA,2026-10-08,20:30:00,onsale,Pablo Alboran,Auditorio Nacional,Ciudad de México,Ciudad de México,Mexico,19.424648,-99.19484,Music,Latin,False,False,2026,10,October,1,OCESA
Presentación del álbum DEVOTOS: TRIBUTO A SANTA SABINA,https://www.ticketmaster.com.mx/presentacion-del-album-devotos-tributo-a-mexico-08-10-2026/event/3D00650C92732025,2026-10-08,19:00:00,onsale,,Teatro de la Ciudad Esperanza Iris,Ciudad de México,Ciudad de México,Mexico,19.4366936,-99.1394375,Music,Rock,False,False,2026,10,October,1,MONDIAL PRICE 1
Robbie Williams,https://www.ticketmaster.com.mx/robbie-williams-ciudad-de-mexico-08-10-2026/event/1400645AE89B4C75,2026-10-08,20:00:00,onsale,Robbie Williams,Palacio de los Deportes,Ciudad de México,Ciudad de México,Mexico,19.4015408,-99.0980606,Music,Rock,False,False,2026,10,October,1,OCESA
"Coro del Teatro del Bicentenario, Réquiem de  Duruflé",https://www.ticketmaster.com.mx/coro-del-teatro-del-bicentenario-requiem-guanajuato-08-10-2026/event/3D0064B9921427E0,2026-10-08,17:00:00,onsale,"Coro del Teatro del Bicentenario, Festival Internacional Cervantino",Templo de la Compañía,Guanajuato,Guanajuato,Mexico,21.017032,-101.252705,Music,Classical,False,False,2026,10,October,1,MONDIAL PRICE 1
"Natalia Cruz y La Istmeña, Música tradicional y contemporánea del Itsm",https://www.ticketmaster.com.mx/natalia-cruz-y-la-istmena-musica-guanajuato-08-10-2026/event/3D0064BAB0886AB1,2026-10-08,19:00:00,onsale,"Natalia Cruz y La Istmeña, Festival Internacional Cervantino",Explanada de la AlhAondiga de Granaditas,Guanajuato,Guanajuato,Mexico,21.0191588,-101.2584882,Music,Latin,False,False,2026,10,October,1,MONDIAL PRICE 2
"Pat Boy con Báat Paax, U yik´el ak t´aan (La voz de la palabra)",https://www.ticketmaster.com.mx/pat-boy-con-baat-paax-u-guanajuato-08-10-2026/event/3D0064C5B55E687E,2026-10-08,22:00:00,onsale,"Pat Boy, Festival Internacional Cervantino",Casa FIC- Trasnoche,Guanajuato,Guanajuato,Mexico,21.012918,-101.251621,Music,Latin,False,False,2026,10,October,1,MONDIAL PRICE 1
Kurt,https://www.ticketmaster.com.mx/kurt-col-centro-monterrey-08-10-2026/event/3D0064C99702197F,2026-10-08,21:00:00,onsale,Kurt,Foro Corona Monterrey,Monterrey,Nuevo León,Mexico,25.66646204,-100.31681661,Music,Ballads/Romantic,False,False,2026,10,October,1,MONDIAL PRICE 1
Rosana,https://www.ticketmaster.com.mx/rosana-monterrey-08-10-2026/event/1400649CBAF99806,2026-10-08,21:00:00,onsale,Rosana,Escenario GNP Seguros,Monterrey,Nuevo León,Mexico,25.666135,-100.316726,Music,Ballads/Romantic,False,False,2026,10,October,1,MONDIAL PRICE 1
Alcalá Norte,https://www.ticketmaster.com.mx/alcala-norte-mexico-09-10-2026/event/3D0064B69E695685,2026-10-09,21:00:00,onsale,Alcalá Norte,Foro Puebla,Ciudad de México,Ciudad de México,Mexico,19.422158,-99.164129,Music,Pop,False,False,2026,10,October,1,OCESA
Alvaro Diaz,https://www.ticketmaster.com.mx/alvaro-diaz-ciudad-de-mexico-09-10-2026/event/140064BABAC2BE62,2026-10-09,20:00:00,onsale,Alvaro Diaz,Palacio de los Deportes,Ciudad de México,Ciudad de México,Mexico,19.4015408,-99.0980606,Music,Hip-Hop/Rap,False,False,2026,10,October,1,OCESA
"Carlos Macías ""México es a todo dar""",https://www.ticketmaster.com.mx/carlos-macias-mexico-es-a-todo-ciudad-de-mexico-09-10-2026/event/3D00650BBA1E3D73,2026-10-09,21:30:00,onsale,Carlos Macías,Foro Stelaris Fiesta Americana Reforma,Ciudad de México,Ciudad de México,Mexico,19.432196,-99.1547394,Music,Latin,False,False,2026,10,October,1,MONDIAL PRICE 1
Grupo Galé y Diego Morán,https://www.ticketmaster.com.mx/grupo-gale-y-diego-moran-mexico-09-10-2026/event/3D0064D08217129F,2026-10-09,21:30:00,onsale,"Grupo Galé, Diego Morán",La Maraka,Ciudad de México,Ciudad de México,Mexico,19.3865108,-99.1631775,Music,Latin,False,False,2026,10,October,1,MONDIAL PRICE 1
Meme del Real,https://www.ticketmaster.com.mx/meme-del-real-mexico-09-10-2026/event/140064BE836F4C03,2026-10-09,20:30:00,onsale,Meme del Real,Teatro Metropolitan,Ciudad de México,Ciudad de México,Mexico,19.433457,-99.146811,Music,Latin,False,False,2026,10,October,1,OCESA
Of Monsters and Men - The Mouse Parade Tour.,https://www.ticketmaster.com.mx/of-monsters-and-men-the-mouse-mexico-09-10-2026/event/140064D7BB81765E,2026-10-09,21:00:00,onsale,Of Monsters and Men,Pepsi Center,Ciudad de México,Ciudad de México,Mexico,19.3934097,-99.1758118,Music,Folk,False,False,2026,10,October,1,OCESA
Pablo Alboran,https://www.ticketmaster.com.mx/pablo-alboran-ciudad-de-mexico-09-10-2026/event/3D00643EC0E9A02F,2026-10-09,20:30:00,onsale,Pablo Alboran,Auditorio Nacional,Ciudad de México,Ciudad de México,Mexico,19.424648,-99.19484,Music,Latin,False,False,2026,10,October,1,OCESA
Ricardo Caballero el Intérprete,https://www.ticketmaster.com.mx/ricardo-caballero-el-interprete-ciudad-de-mexico-09-10-2026/event/3D0064EF886C12D5,2026-10-09,21:00:00,onsale,Ricardo Caballero,El Lunario del Auditorio Nacional,Ciudad de México,Ciudad de México,Mexico,19.424682,-99.1954,Music,Latin,False,False,2026,10,October,1,MONDIAL PRICE 1
"San Francisco disco band, la mejor musica disco en vivo.",https://www.ticketmaster.com.mx/san-francisco-disco-band-la-mejor-mexico-09-10-2026/event/3D0064F88EEC293C,2026-10-09,21:00:00,onsale,San Francisco Disco Band,Foro Red Access,Ciudad de México,Ciudad de México,Mexico,19.35677,-99.163341,Music,Dance/Electronic,False,False,2026,10,October,1,MONDIAL PRICE 1
Sole Giménez,https://www.ticketmaster.com.mx/sole-gimenez-mexico-09-10-2026/event/3D0064FFD79C85A9,2026-10-09,20:00:00,onsale,Sole Giménez,Teatro de la Ciudad Esperanza Iris,Ciudad de México,Ciudad de México,Mexico,19.4366936,-99.1394375,Music,Ballads/Romantic,False,False,2026,10,October,1,MONDIAL PRICE 1
Yousuke Yukimatsu Autumn 2026 Tour,https://www.ticketmaster.com.mx/yousuke-yukimatsu-autumn-2026-tour-mexico-09-10-2026/event/140064C6C6F6CA22,2026-10-09,20:30:00,onsale,Yousuke Yukimatsu (¥ØU$UK€ ¥UK1MAT$U),Pabellón del Palacio de los Deportes,Ciudad de México,Ciudad de México,Mexico,19.4015408,-99.0980606,Music,Pop,False,False,2026,10,October,1,OCESA
Rosana,https://www.ticketmaster.com.mx/rosana-guadalajara-09-10-2026/event/3D006497E62BB8F0,2026-10-09,21:00:00,onsale,Rosana,Teatro Diana (GDL),Guadalajara,Jalisco,Mexico,20.665434,-103.349341,Music,Ballads/Romantic,False,False,2026,10,October,1,OCESA
"Grupo Yolotecuani, Sones y canciones de Guerrero",https://www.ticketmaster.com.mx/grupo-yolotecuani-sones-y-canciones-de-guanajuato-09-10-2026/event/3D0064C198E229FF,2026-10-09,12:00:00,onsale,"Grupo Yolotecuani, Festival Internacional Cervantino",Casa FIC - Jardín San Pedro,Guanajuato,Guanajuato,Mexico,21.012918,-101.251621,Music,Latin,False,False,2026,10,October,1,MONDIAL PRICE 1
La Santísima Voladora,https://www.ticketmaster.com.mx/la-santisima-voladora-guanajuato-09-10-2026/event/3D0064C5C6A979DD,2026-10-09,22:00:00,onsale,"La Santisima Voladora, Festival Internacional Cervantino",Casa FIC- Trasnoche,Guanajuato,Guanajuato,Mexico,21.012918,-101.251621,Music,Rock,False,False,2026,10,October,1,MONDIAL PRICE 1
AQUIHAYAQUIHAY,https://www.ticketmaster.com.mx/aquihayaquihay-col-centro-monterrey-09-10-2026/event/3D0064C2A7F64308,2026-10-09,21:00:00,onsale,AQUIHAYAQUIHAY,Foro Corona Monterrey,Monterrey,Nuevo León,Mexico,25.66646204,-100.31681661,Music,Hip-Hop/Rap,False,False,2026,10,October,1,MONDIAL PRICE 1
Akriila - El Tour de Lucy,https://www.ticketmaster.com.mx/akriila-el-tour-de-lucy-ciudad-de-mexico-10-10-2026/event/3D0064B60514BEC2,2026-10-10,21:00:00,onsale,,Foro Teambro,Ciudad de México,Ciudad de México,Mexico,19.40984,-99.103645,Music,R&B,False,False,2026,10,October,1,OCESA
Alejandro Sanz,https://www.ticketmaster.com.mx/alejandro-sanz-ciudad-de-mexico-10-10-2026/event/1400648ABED6B4E9,2026-10-10,21:00:00,onsale,Alejandro Sanz,Estadio GNP Seguros,Ciudad de México,Ciudad de México,Mexico,19.405199,-99.095618,Music,Latin,False,False,2026,10,October,1,OCESA
Alvaro Diaz,https://www.ticketmaster.com.mx/alvaro-diaz-ciudad-de-mexico-10-10-2026/event/140064BABCEEC333,2026-10-10,20:00:00,onsale,Alvaro Diaz,Palacio de los Deportes,Ciudad de México,Ciudad de México,Mexico,19.4015408,-99.0980606,Music,Hip-Hop/Rap,False,False,2026,10,October,1,OCESA
Camila Fernández,https://www.ticketmaster.com.mx/camila-fernandez-mexico-10-10-2026/event/3D0064DAB177352A,2026-10-10,21:30:00,onsale,Camila Fernandez,La Maraka,Ciudad de México,Ciudad de México,Mexico,19.3865108,-99.1631775,Music,Latin,False,False,2026,10,October,1,MONDIAL PRICE 1
Entre Compas,https://www.ticketmaster.com.mx/entre-compas-mexico-10-10-2026/event/140064B0B74FE57A,2026-10-10,20:00:00,onsale,Entre Compas,Pepsi Center,Ciudad de México,Ciudad de México,Mexico,19.3934097,-99.1758118,Music,Rock,False,False,2026,10,October,1,MONDIAL PRICE 1
Estelares,https://www.ticketmaster.com.mx/estelares-ciudad-de-mexico-10-10-2026/event/3D0064A982722511,2026-10-10,20:00:00,onsale,Estelares,El Lunario del Auditorio Nacional,Ciudad de México,Ciudad de México,Mexico,19.424682,-99.1954,Music,Latin,False,False,2026,10,October,1,OCESA
La Barranca (Acústico),https://www.ticketmaster.com.mx/la-barranca-acustico-mexico-10-10-2026/event/3D0064B9F7E57B83,2026-10-10,19:00:00,onsale,La Barranca,Teatro de la Ciudad Esperanza Iris,Ciudad de México,Ciudad de México,Mexico,19.4366936,-99.1394375,Music,Rock,False,False,2026,10,October,1,MONDIAL PRICE 1
Monsieur Periné,https://www.ticketmaster.com.mx/monsieur-perine-mexico-10-10-2026/event/14006497A6D97984,2026-10-10,20:00:00,onsale,Monsieur Perine,Teatro Metropolitan,Ciudad de México,Ciudad de México,Mexico,19.433457,-99.146811,Music,Jazz,False,False,2026,10,October,1,OCESA
"Camerata Salzburg con María Dueñas, violín Gregory Ahss, violín y dir",https://www.ticketmaster.com.mx/camerata-salzburg-con-maria-duenas-violin-guanajuato-10-10-2026/event/3D0064C4C14E7CE3,2026-10-10,20:30:00,onsale,"Camerata de Salzburgo, Festival Internacional Cervantino",Teatro Juarez (Fic),Guanajuato,Guanajuato,Mexico,21.014911,-101.251931,Music,Classical,False,False,2026,10,October,1,MONDIAL PRICE 1
"Compañía Antonio Gades, Carmen de Antonio Gades y Carlos Saura ",https://www.ticketmaster.com.mx/compania-antonio-gades-carmen-de-antonio-guanajuato-10-10-2026/event/3D0064BABDAF76AB,2026-10-10,19:00:00,onsale,"Compania De Antonio Gades, Festival Internacional Cervantino",Explanada de la AlhAondiga de Granaditas,Guanajuato,Guanajuato,Mexico,21.0191588,-101.2584882,Music,Classical,False,False,2026,10,October,1,MONDIAL PRICE 2
Cuarteto Ruvalcaba,https://www.ticketmaster.com.mx/cuarteto-ruvalcaba-guanajuato-10-10-2026/event/3D0064B98F462032,2026-10-10,17:00:00,onsale,"Cuarteto Ruvalcaba, Festival Internacional Cervantino",Templo de la Compañía,Guanajuato,Guanajuato,Mexico,21.017032,-101.252705,Music,Latin,False,False,2026,10,October,1,MONDIAL PRICE 1
"Leïla Ka, Maldonne ",https://www.ticketmaster.com.mx/leila-ka-maldonne-guanajuato-10-10-2026/event/3D0064C18C3219F7,2026-10-10,18:00:00,onsale,"Leila Ka, Festival Internacional Cervantino",Teatro Principal (Fic),Guanajuato,Guanajuato,Mexico,31.3242092,-110.9469376,Music,Hip-Hop/Rap,False,False,2026,10,October,1,MONDIAL PRICE 3
"Momi Maiga, Kairo",https://www.ticketmaster.com.mx/momi-maiga-kairo-guanajuato-10-10-2026/event/3D0064C5B7AD6ACC,2026-10-10,22:00:00,onsale,"Momi Maiga, Festival Internacional Cervantino",Casa FIC- Trasnoche,Guanajuato,Guanajuato,Mexico,21.012918,-101.251621,Music,World,False,False,2026,10,October,1,MONDIAL PRICE 1
Mushamukas Ensamble  &  Escena RAUXA,https://www.ticketmaster.com.mx/mushamukas-ensamble-escena-rauxa-guanajuato-10-10-2026/event/3D0064C18F4E1D25,2026-10-10,12:00:00,onsale,"Mushamukas, Festival Internacional Cervantino",Casa FIC - Jardín San Pedro,Guanajuato,Guanajuato,Mexico,21.012918,-101.251621,Music,Classical,False,False,2026,10,October,1,MONDIAL PRICE 1
"Bugallo - Williams Piano Duo, Juegos y evocaciones",https://www.ticketmaster.com.mx/bugallo-williams-piano-duo-juegos-y-marfil-10-10-2026/event/3D0064B9933428C0,2026-10-10,13:30:00,onsale,"Bugallo Williams Piano Duo, Festival Internacional Cervantino",Templo de Marfil de Abajo,Marfil,Guanajuato,Mexico,21.0023709,-101.2853751,Music,Classical,False,False,2026,10,October,1,MONDIAL PRICE 1
Rawayana,https://www.ticketmaster.com.mx/rawayana-monterrey-10-10-2026/event/140064379319DA14,2026-10-10,21:00:00,onsale,Rawayana,Auditorio Banamex,Monterrey,Nuevo León,Mexico,25.67765795,-100.28085777,Music,Pop,False,False,2026,10,October,1,OCESA
AQUIHAYAQUIHAY,https://www.ticketmaster.com.mx/aquihayaquihay-ciudad-de-mexico-11-10-2026/event/3D0064C6C47692C5,2026-10-11,20:00:00,onsale,AQUIHAYAQUIHAY,El Lunario del Auditorio Nacional,Ciudad de México,Ciudad de México,Mexico,19.424682,-99.1954,Music,Hip-Hop/Rap,False,False,2026,10,October,1,MONDIAL PRICE 1
Alvaro Diaz,https://www.ticketmaster.com.mx/alvaro-diaz-ciudad-de-mexico-11-10-2026/event/140064CBA3A19749,2026-10-11,19:00:00,onsale,Alvaro Diaz,Palacio de los Deportes,Ciudad de México,Ciudad de México,Mexico,19.4015408,-99.0980606,Music,Hip-Hop/Rap,False,False,2026,10,October,1,OCESA
Aquihayaquihay VIP+MEET&GREET,https://www.ticketmaster.com.mx/aquihayaquihay-vipmeetgreet-ciudad-de-mexico-11-10-2026/event/3D0064C8E3313FB6,2026-10-11,20:00:00,onsale,AQUIHAYAQUIHAY,El Lunario del Auditorio Nacional,Ciudad de México,Ciudad de México,Mexico,19.424682,-99.1954,Music,Hip-Hop/Rap,False,False,2026,10,October,1,MONDIAL PRICE 1
"Comp. Nal. Ópera Tosca de Giacomo Puccini, 10+. Ingreso 16:30 h",https://www.ticketmaster.com.mx/comp-nal-opera-tosca-de-giacomo-mexico-cdmx-11-10-2026/event/3D0064F291AA2B75,2026-10-11,17:00:00,onsale,Sala Principal Bellas Artes,Palacio de Bellas Artes,Ciudad de México,Ciudad de México,Mexico,19.4366302,-99.1435318,Music,Latin,False,False,2026,10,October,1,MONDIAL PRICE 1
Grupo Palomo: Ofrenda Norteña,https://www.ticketmaster.com.mx/grupo-palomo-ofrenda-nortena-mexico-11-10-2026/event/3D0064DBA60A1EB4,2026-10-11,19:00:00,onsale,Grupo Palomo,La Maraka,Ciudad de México,Ciudad de México,Mexico,19.3865108,-99.1631775,Music,Latin,False,False,2026,10,October,1,MONDIAL PRICE 1
La Única Internacional Sonora Santanera Concierto Sinfónico,https://www.ticketmaster.com.mx/la-unica-internacional-sonora-santanera-concierto-ciudad-de-mexico-11-10-2026/event/3D006488B2BF450B,2026-10-11,18:00:00,onsale,La Sonora Santanera,Auditorio Nacional,Ciudad de México,Ciudad de México,Mexico,19.424648,-99.19484,Music,Folk,False,False,2026,10,October,1,MONDIAL PRICE 1
Leon Chavez Teixeiro,https://www.ticketmaster.com.mx/leon-chavez-teixeiro-mexico-11-10-2026/event/3D006497F0F5C5DA,2026-10-11,18:00:00,onsale,León Chávez Teixeiro,Teatro de la Ciudad Esperanza Iris,Ciudad de México,Ciudad de México,Mexico,19.4366936,-99.1394375,Music,Latin,False,False,2026,10,October,1,MONDIAL PRICE 3
Natalia Lafourcade,https://www.ticketmaster.com.mx/natalia-lafourcade-mexico-11-10-2026/event/140064A58BDA44F3,2026-10-11,20:30:00,onsale,Natalia Lafourcade,Teatro Metropolitan,Ciudad de México,Ciudad de México,Mexico,19.433457,-99.146811,Music,Latin,False,False,2026,10,October,1,OCESA
PETER BJORN AND JOHN WRITER'S BLOCK 20TH ANNIVERSARY TOUR 2026  ,https://www.ticketmaster.com.mx/peter-bjorn-and-john-writers-block-mexico-11-10-2026/event/3D0064C9F9BF54D5,2026-10-11,19:00:00,onsale,Peter Bjorn and John,Foro Puebla,Ciudad de México,Ciudad de México,Mexico,19.422158,-99.164129,Music,Rock,False,False,2026,10,October,1,OCESA
Sepultura,https://www.ticketmaster.com.mx/sepultura-mexico-11-10-2026/event/140064EEFAB5C896,2026-10-11,20:30:00,onsale,Sepultura,Pepsi Center,Ciudad de México,Ciudad de México,Mexico,19.3934097,-99.1758118,Music,Metal,False,False,2026,10,October,1,OCESA
NIC,https://www.ticketmaster.com.mx/nic-guadalajara-11-10-2026/event/3D00648F8EAA2779,2026-10-11,19:00:00,cancelled,Nicole Zignago,C3 Stage GDL,Guadalajara,Jalisco,Mexico,20.674799,-103.369551,Music,Pop,False,False,2026,10,October,1,OCESA
La Banda de Música del Edo. Gto y Ópera de Saltillo,https://www.ticketmaster.com.mx/la-banda-de-musica-del-edo-guanajuato-11-10-2026/event/3D0064BAA0345279,2026-10-11,19:00:00,onsale,"Banda de música del Estado de Guanajuato, Festival Internacional Cervantino",Explanada de la AlhAondiga de Granaditas,Guanajuato,Guanajuato,Mexico,21.0191588,-101.2584882,Music,Classical,False,False,2026,10,October,1,MONDIAL PRICE 2
"Leïla Ka, Maldonne ",https://www.ticketmaster.com.mx/leila-ka-maldonne-guanajuato-11-10-2026/event/3D0064C18D9C1AF9,2026-10-11,12:00:00,onsale,"Leila Ka, Festival Internacional Cervantino",Teatro Principal (Fic),Guanajuato,Guanajuato,Mexico,31.3242092,-110.9469376,Music,Hip-Hop/Rap,False,False,2026,10,October,1,MONDIAL PRICE 3
"Samoyedo, Tributo a la música tejana",https://www.ticketmaster.com.mx/samoyedo-tributo-a-la-musica-tejana-guanajuato-11-10-2026/event/3D0064C1AA36403D,2026-10-11,12:00:00,onsale,"Samoyedo, Festival Internacional Cervantino",Casa FIC - Jardín San Pedro,Guanajuato,Guanajuato,Mexico,21.012918,-101.251621,Music,Latin,False,False,2026,10,October,1,MONDIAL PRICE 1
AQUIHAYAQUIHAY,https://www.ticketmaster.com.mx/aquihayaquihay-ciudad-de-mexico-12-10-2026/event/3D0064CAE529538C,2026-10-12,20:00:00,onsale,AQUIHAYAQUIHAY,El Lunario del Auditorio Nacional,Ciudad de México,Ciudad de México,Mexico,19.424682,-99.1954,Music,Hip-Hop/Rap,False,False,2026,10,October,1,MONDIAL PRICE 1
Aquihayaquihay VIP+MEET&GREET,https://www.ticketmaster.com.mx/aquihayaquihay-vipmeetgreet-ciudad-de-mexico-12-10-2026/event/3D0064CB8623103B,2026-10-12,20:00:00,onsale,AQUIHAYAQUIHAY,El Lunario del Auditorio Nacional,Ciudad de México,Ciudad de México,Mexico,19.424682,-99.1954,Music,Hip-Hop/Rap,False,False,2026,10,October,1,MONDIAL PRICE 1
Enrique Bunbury,https://www.ticketmaster.com.mx/enrique-bunbury-ciudad-de-mexico-12-10-2026/event/3D0064449FBA24A0,2026-10-12,20:30:00,onsale,Bunbury,Auditorio Nacional,Ciudad de México,Ciudad de México,Mexico,19.424648,-99.19484,Music,Latin,False,False,2026,10,October,1,OCESA
Natalia Lafourcade,https://www.ticketmaster.com.mx/natalia-lafourcade-mexico-12-10-2026/event/140064A58CF84697,2026-10-12,20:30:00,onsale,Natalia Lafourcade,Teatro Metropolitan,Ciudad de México,Ciudad de México,Mexico,19.433457,-99.146811,Music,Latin,False,False,2026,10,October,1,OCESA
"Mujer en Cypher, Capítulo 3 ",https://www.ticketmaster.com.mx/mujer-en-cypher-capitulo-3-guanajuato-12-10-2026/event/3D0064BBF41F8D09,2026-10-12,19:00:00,onsale,"Cypher Clique, Festival Internacional Cervantino",Explanada de la AlhAondiga de Granaditas,Guanajuato,Guanajuato,Mexico,21.0191588,-101.2584882,Music,Hip-Hop/Rap,False,False,2026,10,October,1,MONDIAL PRICE 2
Travis,https://www.ticketmaster.com.mx/travis-monterrey-12-10-2026/event/14006490E1B2B168,2026-10-12,21:00:00,onsale,Travis,Escenario GNP Seguros,Monterrey,Nuevo León,Mexico,25.666135,-100.316726,Music,Rock,False,False,2026,10,October,1,MONDIAL PRICE 1
AQUIHAYAQUIHAY,https://www.ticketmaster.com.mx/aquihayaquihay-ciudad-de-mexico-13-10-2026/event/3D0064CCD2185D43,2026-10-13,20:00:00,onsale,AQUIHAYAQUIHAY,El Lunario del Auditorio Nacional,Ciudad de México,Ciudad de México,Mexico,19.424682,-99.1954,Music,Hip-Hop/Rap,False,False,2026,10,October,1,MONDIAL PRICE 1
Aquihayaquihay VIP + MEET&GREET,https://www.ticketmaster.com.mx/aquihayaquihay-vip-meetgreet-ciudad-de-mexico-13-10-2026/event/3D0064CCE9BB70C2,2026-10-13,20:00:00,onsale,AQUIHAYAQUIHAY,El Lunario del Auditorio Nacional,Ciudad de México,Ciudad de México,Mexico,19.424682,-99.1954,Music,Hip-Hop/Rap,False,False,2026,10,October,1,MONDIAL PRICE 1
"Comp. Nal. Ópera Tosca de Giacomo Puccini, 10+. Ingreso 19:30 h.",https://www.ticketmaster.com.mx/comp-nal-opera-tosca-de-giacomo-mexico-cdmx-13-10-2026/event/3D0064F291AA2B7C,2026-10-13,20:00:00,onsale,Sala Principal Bellas Artes,Palacio de Bellas Artes,Ciudad de México,Ciudad de México,Mexico,19.4366302,-99.1435318,Music,Latin,False,False,2026,10,October,1,MONDIAL PRICE 1
Hombres G,https://www.ticketmaster.com.mx/hombres-g-ciudad-de-mexico-13-10-2026/event/3D00643781BC189F,2026-10-13,20:30:00,onsale,Hombres G,Auditorio Nacional,Ciudad de México,Ciudad de México,Mexico,19.424648,-99.19484,Music,Pop,False,False,2026,10,October,1,OCESA
Jane Remover: Live Exhibit,https://www.ticketmaster.com.mx/jane-remover-live-exhibit-mexico-13-10-2026/event/3D00650EE9DD8479,2026-10-13,21:00:00,onsale,"Jane Remover, Dazegxd",Foro Puebla,Ciudad de México,Ciudad de México,Mexico,19.422158,-99.164129,Music,Rock,False,False,2026,10,October,1,OCESA
Rhye en Ciudad de México,https://www.ticketmaster.com.mx/rhye-en-ciudad-de-mexico-mexico-13-10-2026/event/140064C495C15362,2026-10-13,21:00:00,onsale,Rhye,Pepsi Center,Ciudad de México,Ciudad de México,Mexico,19.3934097,-99.1758118,Music,Rock,False,False,2026,10,October,1,MONDIAL PRICE 1
XIII: Luigi Vidal en concierto,https://www.ticketmaster.com.mx/xiii-luigi-vidal-en-concierto-ciudad-de-mexico-13-10-2026/event/3D0064F686761739,2026-10-13,20:30:00,onsale,Luigi Vidal,Foro Stelaris Fiesta Americana Reforma,Ciudad de México,Ciudad de México,Mexico,19.432196,-99.1547394,Music,Latin,False,False,2026,10,October,1,MONDIAL PRICE 1
 La ópera de los monstruos,https://www.ticketmaster.com.mx/la-opera-de-los-monstruos-guanajuato-13-10-2026/event/3D0064B996232BCF,2026-10-13,17:00:00,onsale,"Monstruos, Festival Internacional Cervantino",Teatro Cervantes (Fic),Guanajuato,Guanajuato,Mexico,19.82094,-101.5865784,Music,Children's Music,False,False,2026,10,October,1,MONDIAL PRICE 2
Two Door Cinema Club,https://www.ticketmaster.com.mx/two-door-cinema-club-monterrey-13-10-2026/event/14006465B8929907,2026-10-13,21:00:00,onsale,Two Door Cinema Club,Escenario GNP Seguros,Monterrey,Nuevo León,Mexico,25.666135,-100.316726,Music,Rock,False,False,2026,10,October,1,MONDIAL PRICE 1
Walls El día que me olvides tour,https://www.ticketmaster.com.mx/walls-el-dia-que-me-olvides-col-centro-monterrey-13-10-2026/event/3D006501B6A87A05,2026-10-13,21:00:00,onsale,Walls,Foro Corona Monterrey,Monterrey,Nuevo León,Mexico,25.66646204,-100.31681661,Music,Dance/Electronic,False,False,2026,10,October,1,MONDIAL PRICE 1
Hombres G,https://www.ticketmaster.com.mx/hombres-g-ciudad-de-mexico-14-10-2026/event/3D00643784EC1AE4,2026-10-14,20:30:00,onsale,Hombres G,Auditorio Nacional,Ciudad de México,Ciudad de México,Mexico,19.424648,-99.19484,Music,Pop,False,False,2026,10,October,1,OCESA
Karen Souza: The Biggest Latin Jazz Diva is Back,https://www.ticketmaster.com.mx/karen-souza-the-biggest-latin-jazz-ciudad-de-mexico-14-10-2026/event/3D0064CAAFDC312B,2026-10-14,21:00:00,onsale,Karen Souza,El Lunario del Auditorio Nacional,Ciudad de México,Ciudad de México,Mexico,19.424682,-99.1954,Music,Jazz,False,False,2026,10,October,1,MONDIAL PRICE 1
Travis,https://www.ticketmaster.com.mx/travis-mexico-14-10-2026/event/14006490FAA70C06,2026-10-14,21:00:00,onsale,Travis,Pepsi Center,Ciudad de México,Ciudad de México,Mexico,19.3934097,-99.1758118,Music,Rock,False,False,2026,10,October,1,OCESA
 La ópera de los monstruos,https://www.ticketmaster.com.mx/la-opera-de-los-monstruos-guanajuato-14-10-2026/event/3D0064B9993631A4,2026-10-14,17:00:00,onsale,"Monstruos, Festival Internacional Cervantino",Teatro Cervantes (Fic),Guanajuato,Guanajuato,Mexico,19.82094,-101.5865784,Music,Children's Music,False,False,2026,10,October,1,MONDIAL PRICE 2
"Jackie Mendoza, Lorelle Meets The Obsolete y Silent",https://www.ticketmaster.com.mx/jackie-mendoza-lorelle-meets-the-obsolete-guanajuato-14-10-2026/event/3D0064BBFE789313,2026-10-14,19:00:00,onsale,"Jackie Mendoza, Festival Internacional Cervantino",Explanada de la AlhAondiga de Granaditas,Guanajuato,Guanajuato,Mexico,21.0191588,-101.2584882,Music,Dance/Electronic,False,False,2026,10,October,1,MONDIAL PRICE 2
Pablo Alboran,https://www.ticketmaster.com.mx/pablo-alboran-zapopan-14-10-2026/event/14006443E01164A4,2026-10-14,21:00:00,onsale,Pablo Alboran,Auditorio Telmex,Zapopan,Jalisco,Mexico,20.73324,-103.38112,Music,Latin,False,False,2026,10,October,1,OCESA
ADÉLA: The Red Bottoms Tour,https://www.ticketmaster.com.mx/adela-the-red-bottoms-tour-mexico-15-10-2026/event/3D0064B4A4556F2D,2026-10-15,21:00:00,onsale,ADÉLA,Foro Puebla,Ciudad de México,Ciudad de México,Mexico,19.422158,-99.164129,Music,Pop,False,False,2026,10,October,1,OCESA
Enrique Bunbury,https://www.ticketmaster.com.mx/enrique-bunbury-ciudad-de-mexico-15-10-2026/event/3D006444A1C82659,2026-10-15,20:30:00,onsale,Bunbury,Auditorio Nacional,Ciudad de México,Ciudad de México,Mexico,19.424648,-99.19484,Music,Latin,False,False,2026,10,October,1,OCESA
Francisco Céspedes Sinfónico,https://www.ticketmaster.com.mx/francisco-cespedes-sinfonico-mexico-15-10-2026/event/3D0064F8CA0A6726,2026-10-15,20:30:00,onsale,Francisco Cespedes,Teatro de la Ciudad Esperanza Iris,Ciudad de México,Ciudad de México,Mexico,19.4366936,-99.1394375,Music,Latin,False,False,2026,10,October,1,MONDIAL PRICE 1
Kneecap,https://www.ticketmaster.com.mx/kneecap-mexico-15-10-2026/event/140064EFA08F5438,2026-10-15,20:30:00,onsale,Kneecap,Pabellón del Palacio de los Deportes,Ciudad de México,Ciudad de México,Mexico,19.4015408,-99.0980606,Music,Hip-Hop/Rap,False,False,2026,10,October,1,OCESA
Two Door Cinema Club,https://www.ticketmaster.com.mx/two-door-cinema-club-mexico-15-10-2026/event/14006465B2568D0E,2026-10-15,21:00:00,onsale,Two Door Cinema Club,Pepsi Center,Ciudad de México,Ciudad de México,Mexico,19.3934097,-99.1758118,Music,Rock,False,False,2026,10,October,1,OCESA
Cuarteto Arod,https://www.ticketmaster.com.mx/cuarteto-arod-guanajuato-15-10-2026/event/3D0064CAED7256ED,2026-10-15,20:30:00,onsale,"Cuarteto Arod, Festival Internacional Cervantino",Teatro Juarez (Fic),Guanajuato,Guanajuato,Mexico,21.014911,-101.251931,Music,Classical,False,False,2026,10,October,1,MONDIAL PRICE 1
Gala Arturo Chacón - Cruz Homenaje a Juan Gabriel y José José.,https://www.ticketmaster.com.mx/gala-arturo-chacon-cruz-homenaje-a-guanajuato-15-10-2026/event/3D0064BBF1C38B93,2026-10-15,19:00:00,onsale,"Gala Arturo Chacón - Cruz Homenaje a Juan Gabriel y José José., Festival Internacional Cervantino, Mariachi Gama 1000",Explanada de la AlhAondiga de Granaditas,Guanajuato,Guanajuato,Mexico,21.0191588,-101.2584882,Arts & Theatre,Opera,False,False,2026,10,October,1,MONDIAL PRICE 2
"Banda de Música del Estado de Guanajuato, Retana, Cuper y Compeán",https://www.ticketmaster.com.mx/banda-de-musica-del-estado-de-marfil-15-10-2026/event/3D0064B98CDB1CBF,2026-10-15,13:30:00,onsale,"Angelica Retana, Festival Internacional Cervantino",Templo de Marfil de Abajo,Marfil,Guanajuato,Mexico,21.0023709,-101.2853751,Music,Classical,False,False,2026,10,October,1,MONDIAL PRICE 1
Pablo Alboran,https://www.ticketmaster.com.mx/pablo-alboran-monterrey-15-10-2026/event/1400643ED22C4D36,2026-10-15,21:00:00,onsale,Pablo Alboran,Auditorio Banamex,Monterrey,Nuevo León,Mexico,25.67765795,-100.28085777,Music,Latin,False,False,2026,10,October,1,OCESA
Meme del Real,https://www.ticketmaster.com.mx/meme-del-real-zapopan-15-10-2026/event/3D0064CBB9965132,2026-10-15,21:00:00,onsale,Meme del Real,Conjunto de Artes Escenicas,Zapopan,Jalisco,Mexico,20.73703643,-103.3805303,Music,Latin,False,False,2026,10,October,1,MONDIAL PRICE 3
OMD,https://www.ticketmaster.com.mx/omd-zapopan-15-10-2026/event/3D0064A8D6208EC6,2026-10-15,21:00:00,onsale,OMD,Teatro Estudio Cavaret,Zapopan,Jalisco,Mexico,20.736739,-103.378417,Music,Pop,False,False,2026,10,October,1,OCESA
ADÉLA: The Red Bottoms Tour,https://www.ticketmaster.com.mx/adela-the-red-bottoms-tour-mexico-16-10-2026/event/3D0064B4A57F71F0,2026-10-16,21:00:00,onsale,ADÉLA,Foro Puebla,Ciudad de México,Ciudad de México,Mexico,19.422158,-99.164129,Music,Pop,False,False,2026,10,October,1,OCESA
Angélica María y Enrique Guzmán: La Despedida,https://www.ticketmaster.com.mx/angelica-maria-y-enrique-guzman-la-mexico-16-10-2026/event/140064BB99CBAA7B,2026-10-16,20:00:00,onsale,Angélica María y Enrique Guzmán,Teatro Metropolitan,Ciudad de México,Ciudad de México,Mexico,19.433457,-99.146811,Music,Ballads/Romantic,False,False,2026,10,October,1,OCESA
Dabeull,https://www.ticketmaster.com.mx/dabeull-mexico-16-10-2026/event/140064B6D405EDFB,2026-10-16,21:00:00,onsale,Dabeull,Auditorio BB,Ciudad de México,Ciudad de México,Mexico,19.4080696,-99.1678772,Music,Dance/Electronic,False,False,2026,10,October,1,MONDIAL PRICE 1
Edén Muñoz,https://www.ticketmaster.com.mx/eden-munoz-mexico-16-10-2026/event/3D00646AB8F047F6,2026-10-16,21:00:00,onsale,Edén Muñoz,Monumental Plaza De Toros México,Ciudad de México,Ciudad de México,Mexico,19.382954,-99.180087,Music,Latin,False,False,2026,10,October,1,MONDIAL PRICE 1
Hombres G,https://www.ticketmaster.com.mx/hombres-g-ciudad-de-mexico-16-10-2026/event/3D00643784ED1AE6,2026-10-16,20:30:00,onsale,Hombres G,Auditorio Nacional,Ciudad de México,Ciudad de México,Mexico,19.424648,-99.19484,Music,Pop,False,False,2026,10,October,1,OCESA
Martin Garrix,https://www.ticketmaster.com.mx/martin-garrix-ciudad-de-mexico-16-10-2026/event/14006379C09FE01C,2026-10-16,20:00:00,onsale,Martin Garrix,Palacio de los Deportes,Ciudad de México,Ciudad de México,Mexico,19.4015408,-99.0980606,Music,Dance/Electronic,False,False,2026,10,October,1,OCESA
"Noche de Boleros con Coque Muñiz, Axel Muñiz y Ernesto Alejandro",https://www.ticketmaster.com.mx/noche-de-boleros-con-coque-muniz-mexico-16-10-2026/event/3D0064FCA1EB33BC,2026-10-16,21:30:00,onsale,"Axel Muñiz, Jorge Muñiz",La Maraka,Ciudad de México,Ciudad de México,Mexico,19.3865108,-99.1631775,Music,Pop,False,False,2026,10,October,1,MONDIAL PRICE 1
TrendLine,https://www.ticketmaster.com.mx/trendline-mexico-16-10-2026/event/3D00649B84A00ED7,2026-10-16,21:00:00,onsale,TrendLine,Foro Red Access,Ciudad de México,Ciudad de México,Mexico,19.35677,-99.163341,Music,Ballads/Romantic,False,False,2026,10,October,1,MONDIAL PRICE 1
Two Door Cinema Club,https://www.ticketmaster.com.mx/two-door-cinema-club-mexico-16-10-2026/event/14006465B3688F29,2026-10-16,21:00:00,onsale,Two Door Cinema Club,Pepsi Center,Ciudad de México,Ciudad de México,Mexico,19.3934097,-99.1758118,Music,Rock,False,False,2026,10,October,1,OCESA
Cuarteto de Cuerdas de Bellas Artes y Manuel Hernández,https://www.ticketmaster.com.mx/cuarteto-de-cuerdas-de-bellas-artes-guanajuato-16-10-2026/event/3D0064B98A0919D8,2026-10-16,17:00:00,onsale,"Cuarteto de Cuerdas de Bellas Artes, Festival Internacional Cervantino",Templo de la Compañía,Guanajuato,Guanajuato,Mexico,21.017032,-101.252705,Music,Classical,False,False,2026,10,October,1,MONDIAL PRICE 1
"LINA_, Fado Camões",https://www.ticketmaster.com.mx/lina-fado-camoes-guanajuato-16-10-2026/event/3D0064C5BE4272D6,2026-10-16,22:00:00,onsale,"Lina, Festival Internacional Cervantino",Casa FIC- Trasnoche,Guanajuato,Guanajuato,Mexico,21.012918,-101.251621,Music,Latin,False,False,2026,10,October,1,MONDIAL PRICE 1
Lemon Bucket Orkestra,https://www.ticketmaster.com.mx/lemon-bucket-orkestra-guanajuato-16-10-2026/event/3D0064BBEFC58A38,2026-10-16,19:00:00,onsale,"The Lemon Bucket Orkestra, Festival Internacional Cervantino",Explanada de la AlhAondiga de Granaditas,Guanajuato,Guanajuato,Mexico,21.0191588,-101.2584882,Music,World,False,False,2026,10,October,1,MONDIAL PRICE 2
"Kotaro Fukuma, piano, Viaje sobre agua",https://www.ticketmaster.com.mx/kotaro-fukuma-piano-viaje-sobre-agua-marfil-16-10-2026/event/3D0064B9B76357EF,2026-10-16,13:30:00,onsale,"Kotaro Fukuma, Festival Internacional Cervantino",Templo de Marfil de Abajo,Marfil,Guanajuato,Mexico,21.0023709,-101.2853751,Music,Classical,False,False,2026,10,October,1,MONDIAL PRICE 1
Enjambre,https://www.ticketmaster.com.mx/enjambre-monterrey-16-10-2026/event/1400638B9690BD8D,2026-10-16,21:00:00,onsale,Enjambre,Auditorio Banamex,Monterrey,Nuevo León,Mexico,25.67765795,-100.28085777,Music,Latin,False,False,2026,10,October,1,MONDIAL PRICE 1
Regios Country Fest,https://www.ticketmaster.com.mx/regios-country-fest-col-centro-monterrey-16-10-2026/event/3D00645CACAE3712,2026-10-16,21:00:00,cancelled,,Foro Corona Monterrey,Monterrey,Nuevo León,Mexico,25.66646204,-100.31681661,Music,Hip-Hop/Rap,True,False,2026,10,October,1,MONDIAL PRICE 3
Caifanes,https://www.ticketmaster.com.mx/caifanes-zapopan-16-10-2026/event/14006463843B2330,2026-10-16,21:00:00,onsale,Caifanes,Auditorio Telmex,Zapopan,Jalisco,Mexico,20.73324,-103.38112,Music,Latin,False,False,2026,10,October,1,OCESA
Airbag,https://www.ticketmaster.com.mx/airbag-mexico-17-10-2026/event/14006472B18F8B81,2026-10-17,20:00:00,onsale,Airbag,Pepsi Center,Ciudad de México,Ciudad de México,Mexico,19.3934097,-99.1758118,Music,Rock,False,False,2026,10,October,1,OCESA
Alejandro Filio,https://www.ticketmaster.com.mx/alejandro-filio-mexico-17-10-2026/event/3D0064B287E21A4C,2026-10-17,21:00:00,onsale,Alejandro Filio,Foro Red Access,Ciudad de México,Ciudad de México,Mexico,19.35677,-99.163341,Music,World,False,False,2026,10,October,1,MONDIAL PRICE 1
Band-Maid World Tour 2026,https://www.ticketmaster.com.mx/bandmaid-world-tour-2026-mexico-17-10-2026/event/140064F69A193DBF,2026-10-17,20:30:00,onsale,BAND-MAID,Pabellón del Palacio de los Deportes,Ciudad de México,Ciudad de México,Mexico,19.4015408,-99.0980606,Music,Rock,False,False,2026,10,October,1,OCESA
Edén Muñoz,https://www.ticketmaster.com.mx/eden-munoz-mexico-17-10-2026/event/3D006429B2E15420,2026-10-17,21:00:00,onsale,Edén Muñoz,Monumental Plaza De Toros México,Ciudad de México,Ciudad de México,Mexico,19.382954,-99.180087,Music,Latin,False,False,2026,10,October,1,MONDIAL PRICE 1
Enrique Bunbury,https://www.ticketmaster.com.mx/enrique-bunbury-ciudad-de-mexico-17-10-2026/event/3D006444A1C8265B,2026-10-17,20:30:00,onsale,Bunbury,Auditorio Nacional,Ciudad de México,Ciudad de México,Mexico,19.424648,-99.19484,Music,Latin,False,False,2026,10,October,1,OCESA
Juan Solo Salvavidas,https://www.ticketmaster.com.mx/juan-solo-salvavidas-ciudad-de-mexico-17-10-2026/event/3D0064B6AE246AEB,2026-10-17,20:00:00,onsale,Juan Solo,El Lunario del Auditorio Nacional,Ciudad de México,Ciudad de México,Mexico,19.424682,-99.1954,Music,Ballads/Romantic,False,False,2026,10,October,1,MONDIAL PRICE 1
"Mariana Ochoa ""Amiga Tour""",https://www.ticketmaster.com.mx/mariana-ochoa-amiga-tour-mexico-17-10-2026/event/3D0064928B1E286C,2026-10-17,21:30:00,onsale,Mariana Ochoa,La Maraka,Ciudad de México,Ciudad de México,Mexico,19.3865108,-99.1631775,Music,Latin,False,False,2026,10,October,1,MONDIAL PRICE 1
Martin Garrix,https://www.ticketmaster.com.mx/martin-garrix-ciudad-de-mexico-17-10-2026/event/14006379C189E285,2026-10-17,20:00:00,onsale,Martin Garrix,Palacio de los Deportes,Ciudad de México,Ciudad de México,Mexico,19.4015408,-99.0980606,Music,Dance/Electronic,False,False,2026,10,October,1,OCESA
Melissa Aldana Quartet,https://www.ticketmaster.com.mx/melissa-aldana-quartet-mexico-17-10-2026/event/3D006429838D1831,2026-10-17,19:30:00,onsale,"Melissa Aldana, Ciclo NY Jazz All Stars",Teatro de la Ciudad Esperanza Iris,Ciudad de México,Ciudad de México,Mexico,19.4366936,-99.1394375,Music,Jazz,False,False,2026,10,October,1,MONDIAL PRICE 1
"Yolanda del Rio, El Gran Regreso",https://www.ticketmaster.com.mx/yolanda-del-rio-el-gran-regreso-mexico-17-10-2026/event/1400646FDA1DAF5D,2026-10-17,20:00:00,onsale,Yolanda Del Rio,Teatro Metropolitan,Ciudad de México,Ciudad de México,Mexico,19.433457,-99.146811,Music,Latin,False,False,2026,10,October,1,OCESA
"Cuarteto de Mario Nandayapa, México a través de la marimba",https://www.ticketmaster.com.mx/cuarteto-de-mario-nandayapa-mexico-a-guanajuato-17-10-2026/event/3D0064C182A00F75,2026-10-17,12:00:00,onsale,"Cuarteto de Mario Nandayapa, Festival Internacional Cervantino",Casa FIC - Jardín San Pedro,Guanajuato,Guanajuato,Mexico,21.012918,-101.251621,Music,Latin,False,False,2026,10,October,1,MONDIAL PRICE 1
Grupo Niche,https://www.ticketmaster.com.mx/grupo-niche-guanajuato-17-10-2026/event/3D0064BBEC958843,2026-10-17,19:00:00,onsale,"Grupo Niche, Festival Internacional Cervantino",Explanada de la AlhAondiga de Granaditas,Guanajuato,Guanajuato,Mexico,21.0191588,-101.2584882,Music,Latin,False,False,2026,10,October,1,MONDIAL PRICE 2
"Sofía Rei, Antónima",https://www.ticketmaster.com.mx/sofia-rei-antonima-guanajuato-17-10-2026/event/3D0064C5B43E67B4,2026-10-17,22:00:00,onsale,"Sofia Rei, Festival Internacional Cervantino",Casa FIC- Trasnoche,Guanajuato,Guanajuato,Mexico,21.012918,-101.251621,Music,Jazz,False,False,2026,10,October,1,MONDIAL PRICE 1
Alejandro Sanz,https://www.ticketmaster.com.mx/alejandro-sanz-monterrey-17-10-2026/event/3D00648D82A70E2A,2026-10-17,21:00:00,onsale,Alejandro Sanz,Estadio Borregos,Monterrey,Nuevo León,Mexico,25.6535973,-100.2854331,Music,Latin,False,False,2026,10,October,1,MONDIAL PRICE 1
Mike Lamadrid,https://www.ticketmaster.com.mx/mike-lamadrid-col-centro-monterrey-17-10-2026/event/3D0064C2A6A3423E,2026-10-17,21:00:00,onsale,Mike Lamadrid,Foro Corona Monterrey,Monterrey,Nuevo León,Mexico,25.66646204,-100.31681661,Music,Hip-Hop/Rap,False,False,2026,10,October,1,MONDIAL PRICE 1
"Serbia ""No me sueltes tour""",https://www.ticketmaster.com.mx/serbia-no-me-sueltes-tour-monterrey-17-10-2026/event/140064A58E28489B,2026-10-17,20:00:00,onsale,Serbia,Escenario GNP Seguros,Monterrey,Nuevo León,Mexico,25.666135,-100.316726,Music,Rock,False,False,2026,10,October,1,MONDIAL PRICE 1
Festival Nescafé Vaiven 2026 Banamex VIP,https://www.ticketmaster.com.mx/festival-nescafe-vaiven-2026-banamex-vip-tehuixtla-17-10-2026/event/1400649CE2D7E337,2026-10-17,15:00:00,onsale,"Festival Nescafé Vaivén 2026, ZHU, Bob Moses, Madeon, Ralphie Choo, DRAMA, Joji, Max Styler, The Midnight, Clubz, OMRI., Rafael, L.T.D., Juana Aguirre, Adam Ten",Jardines de México,Tehuixtla,Morelos,Mexico,18.607629,-99.291045,Music,Sin clasificar,True,False,2026,10,October,1,OCESA
Festival Nescafé Vaiven 2026 Comfort,https://www.ticketmaster.com.mx/festival-nescafe-vaiven-2026-comfort-tehuixtla-17-10-2026/event/1400649CBEBA9FF1,2026-10-17,15:00:00,onsale,"Festival Nescafé Vaivén 2026, ZHU, Bob Moses, Madeon, Ralphie Choo, DRAMA, Joji, Max Styler, The Midnight, Clubz, OMRI., Rafael, L.T.D., Juana Aguirre, Adam Ten",Jardines de México,Tehuixtla,Morelos,Mexico,18.607629,-99.291045,Music,Sin clasificar,True,False,2026,10,October,1,OCESA
Festival Nescafé Vaiven 2026 General,https://www.ticketmaster.com.mx/festival-nescafe-vaiven-2026-general-tehuixtla-17-10-2026/event/1400649CE183E00A,2026-10-17,15:00:00,onsale,"Festival Nescafé Vaivén 2026, ZHU, Bob Moses, Madeon, Ralphie Choo, DRAMA, Joji, Max Styler, The Midnight, Clubz, OMRI., Rafael, L.T.D., Juana Aguirre, Adam Ten",Jardines de México,Tehuixtla,Morelos,Mexico,18.607629,-99.291045,Music,Sin clasificar,True,False,2026,10,October,1,OCESA
Caifanes,https://www.ticketmaster.com.mx/caifanes-zapopan-17-10-2026/event/1400645384A13CE0,2026-10-17,21:00:00,onsale,Caifanes,Auditorio Telmex,Zapopan,Jalisco,Mexico,20.73324,-103.38112,Music,Latin,False,False,2026,10,October,1,OCESA
Consorcio En Concierto,https://www.ticketmaster.com.mx/consorcio-en-concierto-mexico-18-10-2026/event/1400637ABD4CD852,2026-10-18,17:00:00,onsale,Consorcio En Concierto,Teatro Metropolitan,Ciudad de México,Ciudad de México,Mexico,19.433457,-99.146811,Music,Latin,False,False,2026,10,October,1,OCESA
Hombres G,https://www.ticketmaster.com.mx/hombres-g-ciudad-de-mexico-18-10-2026/event/3D00643784EE1AEC,2026-10-18,19:00:00,onsale,Hombres G,Auditorio Nacional,Ciudad de México,Ciudad de México,Mexico,19.424648,-99.19484,Music,Pop,False,False,2026,10,October,1,OCESA
La Onda Vaselina,https://www.ticketmaster.com.mx/la-onda-vaselina-mexico-18-10-2026/event/3D00649D98803CA1,2026-10-18,13:00:00,cancelled,La Onda Vaselina,Foro Red Access,Ciudad de México,Ciudad de México,Mexico,19.35677,-99.163341,Music,Other,False,False,2026,10,October,1,MONDIAL PRICE 1
Los Baby's,https://www.ticketmaster.com.mx/los-babys-mexico-18-10-2026/event/3D0064E7E6F34CFF,2026-10-18,18:30:00,onsale,Los Baby's,La Maraka,Ciudad de México,Ciudad de México,Mexico,19.3865108,-99.1631775,Music,World,False,False,2026,10,October,1,MONDIAL PRICE 1
OMD,https://www.ticketmaster.com.mx/omd-mexico-18-10-2026/event/140064A8C9CE524B,2026-10-18,19:00:00,onsale,OMD,Pepsi Center,Ciudad de México,Ciudad de México,Mexico,19.3934097,-99.1758118,Music,Pop,False,False,2026,10,October,1,OCESA
Pavel Loaria Big Band 10 Años,https://www.ticketmaster.com.mx/pavel-loaria-big-band-10-anos-ciudad-de-mexico-18-10-2026/event/3D0064D783B00D70,2026-10-18,13:00:00,onsale,Pavel Loaria,El Lunario del Auditorio Nacional,Ciudad de México,Ciudad de México,Mexico,19.424682,-99.1954,Music,Other,False,False,2026,10,October,1,MONDIAL PRICE 1
Clausura: Dabeull Live Band,https://www.ticketmaster.com.mx/clausura-dabeull-live-band-guanajuato-18-10-2026/event/3D0064BBE6088463,2026-10-18,19:00:00,onsale,"Dabeull Live Band, Festival Internacional Cervantino",Explanada de la AlhAondiga de Granaditas,Guanajuato,Guanajuato,Mexico,21.0191588,-101.2584882,Music,R&B,False,False,2026,10,October,1,MONDIAL PRICE 3
Def Leppard,https://www.ticketmaster.com.mx/def-leppard-ciudad-de-mexico-19-10-2026/event/140064B5BE65F56F,2026-10-19,20:00:00,onsale,"Def Leppard, Extreme",Palacio de los Deportes,Ciudad de México,Ciudad de México,Mexico,19.4015408,-99.0980606,Music,Rock,False,False,2026,10,October,1,OCESA
Enrique Bunbury,https://www.ticketmaster.com.mx/enrique-bunbury-ciudad-de-mexico-19-10-2026/event/3D006444A1CB2663,2026-10-19,20:30:00,onsale,Bunbury,Auditorio Nacional,Ciudad de México,Ciudad de México,Mexico,19.424648,-99.19484,Music,Latin,False,False,2026,10,October,1,OCESA
Sofía Rei / Fest Cervantino en CDMX,https://www.ticketmaster.com.mx/sofia-rei-fest-cervantino-en-cdmx-ciudad-de-mexico-19-10-2026/event/3D0064FDE66F7A69,2026-10-19,20:00:00,onsale,Sofia Rei,El Lunario del Auditorio Nacional,Ciudad de México,Ciudad de México,Mexico,19.424682,-99.1954,Music,Jazz,True,False,2026,10,October,1,MONDIAL PRICE 1
The Midnight: Time Machines,https://www.ticketmaster.com.mx/the-midnight-time-machines-monterrey-19-10-2026/event/140064AE920759FC,2026-10-19,20:00:00,onsale,The Midnight,Escenario GNP Seguros,Monterrey,Nuevo León,Mexico,25.666135,-100.316726,Music,Pop,False,False,2026,10,October,1,MONDIAL PRICE 1
Hombres G,https://www.ticketmaster.com.mx/hombres-g-zapopan-20-10-2026/event/14006437A4957B44,2026-10-20,21:00:00,onsale,Hombres G,Auditorio Telmex,Zapopan,Jalisco,Mexico,20.73324,-103.38112,Music,Pop,False,False,2026,10,October,1,OCESA
Jesse & Joy,https://www.ticketmaster.com.mx/jesse-joy-ciudad-de-mexico-21-10-2026/event/3D0064D4806B10F9,2026-10-21,20:30:00,onsale,Jesse & Joy,Auditorio Nacional,Ciudad de México,Ciudad de México,Mexico,19.424648,-99.19484,Music,Ballads/Romantic,False,False,2026,10,October,1,MONDIAL PRICE 1
La Casetera 2026,https://www.ticketmaster.com.mx/la-casetera-2026-mexico-21-10-2026/event/14006487BAECF088,2026-10-21,20:30:00,onsale,La Casetera,Teatro Metropolitan,Ciudad de México,Ciudad de México,Mexico,19.433457,-99.146811,Music,Latin,False,False,2026,10,October,1,OCESA
SLAYER: Reign In Blood 40th Anniversary 2026,https://www.ticketmaster.com.mx/slayer-reign-in-blood-40th-anniversary-ciudad-de-mexico-21-10-2026/event/14006495ADFCEE8F,2026-10-21,20:00:00,onsale,"Slayer, Power Trip",Palacio de los Deportes,Ciudad de México,Ciudad de México,Mexico,19.4015408,-99.0980606,Music,Metal,False,False,2026,10,October,1,OCESA
Def Leppard,https://www.ticketmaster.com.mx/def-leppard-tlajomulco-de-zuniga-21-10-2026/event/3D0064B487293AC5,2026-10-21,21:00:00,onsale,"Def Leppard, Extreme",Arena VFG,Tlajomulco de Zuñiga,Jalisco,Mexico,20.467193,-103.263489,Music,Rock,False,False,2026,10,October,1,OCESA
Enrique Bunbury,https://www.ticketmaster.com.mx/enrique-bunbury-zapopan-21-10-2026/event/14006444AC7E96E0,2026-10-21,21:00:00,onsale,Bunbury,Auditorio Telmex,Zapopan,Jalisco,Mexico,20.73324,-103.38112,Music,Latin,False,False,2026,10,October,1,OCESA
Bad Gyal,https://www.ticketmaster.com.mx/bad-gyal-ciudad-de-mexico-22-10-2026/event/1400646682DA2537,2026-10-22,20:00:00,onsale,Bad Gyal,Palacio de los Deportes,Ciudad de México,Ciudad de México,Mexico,19.4015408,-99.0980606,Music,Reggae,False,False,2026,10,October,1,OCESA
Edith Márquez,https://www.ticketmaster.com.mx/edith-marquez-ciudad-de-mexico-22-10-2026/event/3D0064AFD302DD6B,2026-10-22,20:30:00,onsale,Edith Marquez,Auditorio Nacional,Ciudad de México,Ciudad de México,Mexico,19.424648,-99.19484,Music,Latin,False,False,2026,10,October,1,MONDIAL PRICE 1
"Flamencura ""El Latido de la Tradición""",https://www.ticketmaster.com.mx/flamencura-el-latido-de-la-tradicion-ciudad-de-mexico-22-10-2026/event/3D0064D68E330F60,2026-10-22,20:30:00,onsale,Flamencura,Foro Stelaris Fiesta Americana Reforma,Ciudad de México,Ciudad de México,Mexico,19.432196,-99.1547394,Music,World,False,False,2026,10,October,1,MONDIAL PRICE 1
Jessie Ware: The Superbloom Tour,https://www.ticketmaster.com.mx/jessie-ware-the-superbloom-tour-mexico-22-10-2026/event/1400646C9883696F,2026-10-22,21:00:00,onsale,"Jessie Ware, dhruv",Teatro Metropolitan,Ciudad de México,Ciudad de México,Mexico,19.433457,-99.146811,Music,Rock,False,False,2026,10,October,1,OCESA
Kurt,https://www.ticketmaster.com.mx/kurt-mexico-22-10-2026/event/3D0064DD00E34090,2026-10-22,21:30:00,onsale,Kurt,La Maraka,Ciudad de México,Ciudad de México,Mexico,19.3865108,-99.1631775,Music,Ballads/Romantic,False,False,2026,10,October,1,MONDIAL PRICE 1
The Vaccines,https://www.ticketmaster.com.mx/the-vaccines-mexico-22-10-2026/event/140064F99D504B31,2026-10-22,20:30:00,onsale,The Vaccines,Pabellón del Palacio de los Deportes,Ciudad de México,Ciudad de México,Mexico,19.4015408,-99.0980606,Music,Rock,False,False,2026,10,October,1,OCESA
Hombres G,https://www.ticketmaster.com.mx/hombres-g-zapopan-22-10-2026/event/14006437A7528A0E,2026-10-22,21:00:00,onsale,Hombres G,Auditorio Telmex,Zapopan,Jalisco,Mexico,20.73324,-103.38112,Music,Pop,False,False,2026,10,October,1,OCESA
Panteon Rococo y Los Autenticos Caligaris,https://www.ticketmaster.com.mx/panteon-rococo-y-los-autenticos-caligaris-zapopan-22-10-2026/event/3D0064B6DAA696AC,2026-10-22,21:00:00,onsale,"Panteon Rococo, Los Autenticos Caligaris, Los Caligaris, Los Auténticos Decadentes",Coliseo GNP Seguros,Zapopan,Jalisco,Mexico,20.693768,-103.416177,Music,Latin,False,False,2026,10,October,1,OCESA
Alizzz,https://www.ticketmaster.com.mx/alizzz-mexico-23-10-2026/event/140064FEA026ACFA,2026-10-23,20:30:00,onsale,Alizzz,Pabellón del Palacio de los Deportes,Ciudad de México,Ciudad de México,Mexico,19.4015408,-99.0980606,Music,Dance/Electronic,False,False,2026,10,October,1,OCESA
Andres Obregon M&G y Palomazo acustico (boleto de evento no incluido),https://www.ticketmaster.com.mx/andres-obregon-mg-y-palomazo-acustico-ciudad-de-mexico-23-10-2026/event/3D00649882B43B40,2026-10-23,20:30:00,onsale,Andrés Obregón,Auditorio Nacional,Ciudad de México,Ciudad de México,Mexico,19.424648,-99.19484,Miscellaneous,Sin clasificar,False,False,2026,10,October,1,MONDIAL PRICE 1
Andrés Obregón,https://www.ticketmaster.com.mx/andres-obregon-ciudad-de-mexico-23-10-2026/event/3D00648FB4C06D91,2026-10-23,20:30:00,onsale,Andrés Obregón,Auditorio Nacional,Ciudad de México,Ciudad de México,Mexico,19.424648,-99.19484,Music,Ballads/Romantic,False,False,2026,10,October,1,OCESA
Arturo Sandoval Presenta:Sangú,https://www.ticketmaster.com.mx/arturo-sandoval-presentasangu-ciudad-de-mexico-23-10-2026/event/3D0064EAD6325E11,2026-10-23,21:00:00,onsale,Arturo Sandoval,El Lunario del Auditorio Nacional,Ciudad de México,Ciudad de México,Mexico,19.424682,-99.1954,Music,Jazz,False,False,2026,10,October,1,MONDIAL PRICE 1
Belako,https://www.ticketmaster.com.mx/belako-mexico-23-10-2026/event/3D006491A6F559A2,2026-10-23,20:30:00,cancelled,Belako,Foro Puebla,Ciudad de México,Ciudad de México,Mexico,19.422158,-99.164129,Music,Pop,False,False,2026,10,October,1,OCESA
Fobia,https://www.ticketmaster.com.mx/fobia-ciudad-de-mexico-23-10-2026/event/14006496E4CE9B1C,2026-10-23,20:00:00,onsale,Fobia,Palacio de los Deportes,Ciudad de México,Ciudad de México,Mexico,19.4015408,-99.0980606,Music,World,False,False,2026,10,October,1,OCESA
Jessie Ware: The Superbloom Tour,https://www.ticketmaster.com.mx/jessie-ware-the-superbloom-tour-mexico-23-10-2026/event/1400646C99656B67,2026-10-23,21:00:00,onsale,"Jessie Ware, dhruv",Teatro Metropolitan,Ciudad de México,Ciudad de México,Mexico,19.433457,-99.146811,Music,Rock,False,False,2026,10,October,1,OCESA
Matisse,https://www.ticketmaster.com.mx/matisse-mexico-23-10-2026/event/3D0064DAAB493025,2026-10-23,21:30:00,onsale,Matisse,La Maraka,Ciudad de México,Ciudad de México,Mexico,19.3865108,-99.1631775,Music,Latin,False,False,2026,10,October,1,MONDIAL PRICE 1
Bad Gyal,https://www.ticketmaster.com.mx/bad-gyal-monterrey-23-10-2026/event/14006466C811BE49,2026-10-23,21:00:00,onsale,Bad Gyal,Auditorio Banamex,Monterrey,Nuevo León,Mexico,25.67765795,-100.28085777,Music,Reggae,False,False,2026,10,October,1,OCESA
Los Angeles Azules,https://www.ticketmaster.com.mx/los-angeles-azules-monterrey-23-10-2026/event/1400647C8D424E6D,2026-10-23,21:00:00,onsale,Los Angeles Azules,Escenario GNP Seguros,Monterrey,Nuevo León,Mexico,25.666135,-100.316726,Music,Latin,False,False,2026,10,October,1,MONDIAL PRICE 1
Tipling Rock,https://www.ticketmaster.com.mx/tipling-rock-col-centro-monterrey-23-10-2026/event/3D006504E02E52CC,2026-10-23,21:00:00,onsale,Tipling Rock,Foro Corona Monterrey,Monterrey,Nuevo León,Mexico,25.66646204,-100.31681661,Music,Rock,False,False,2026,10,October,1,MONDIAL PRICE 1
Enrique Bunbury,https://www.ticketmaster.com.mx/enrique-bunbury-zapopan-23-10-2026/event/14006444AD6498F3,2026-10-23,21:00:00,onsale,Bunbury,Auditorio Telmex,Zapopan,Jalisco,Mexico,20.73324,-103.38112,Music,Latin,False,False,2026,10,October,1,OCESA
Abel Pintos,https://www.ticketmaster.com.mx/abel-pintos-mexico-24-10-2026/event/140064BA0E37D9A3,2026-10-24,20:00:00,onsale,Abel Pintos,Teatro Metropolitan,Ciudad de México,Ciudad de México,Mexico,19.433457,-99.146811,Music,Pop,False,False,2026,10,October,1,OCESA
Arturo Sandoval Presenta:Sangú,https://www.ticketmaster.com.mx/arturo-sandoval-presentasangu-ciudad-de-mexico-24-10-2026/event/3D0064EAD6DB5EA2,2026-10-24,21:00:00,onsale,Arturo Sandoval,El Lunario del Auditorio Nacional,Ciudad de México,Ciudad de México,Mexico,19.424682,-99.1954,Music,Jazz,False,False,2026,10,October,1,MONDIAL PRICE 1
Cannons: The Everything Glows Tour,https://www.ticketmaster.com.mx/cannons-the-everything-glows-tour-mexico-24-10-2026/event/140064A8B176E1ED,2026-10-24,20:30:00,onsale,Cannons,Pabellón del Palacio de los Deportes,Ciudad de México,Ciudad de México,Mexico,19.4015408,-99.0980606,Music,Rock,False,False,2026,10,October,1,OCESA
Fobia,https://www.ticketmaster.com.mx/fobia-ciudad-de-mexico-24-10-2026/event/14006473F5266309,2026-10-24,20:00:00,onsale,Fobia,Palacio de los Deportes,Ciudad de México,Ciudad de México,Mexico,19.4015408,-99.0980606,Music,World,False,False,2026,10,October,1,OCESA
Gloria Trevi Celebration,https://www.ticketmaster.com.mx/gloria-trevi-celebration-ciudad-de-mexico-24-10-2026/event/3D0064D4C1C15CE7,2026-10-24,20:00:00,onsale,Gloria Trevi,Auditorio Nacional,Ciudad de México,Ciudad de México,Mexico,19.424648,-99.19484,Music,Latin,False,False,2026,10,October,1,MONDIAL PRICE 1
"Tatiana ""Retro Pop""",https://www.ticketmaster.com.mx/tatiana-retro-pop-mexico-24-10-2026/event/3D006471D7D38823,2026-10-24,21:30:00,onsale,Tatiana,La Maraka,Ciudad de México,Ciudad de México,Mexico,19.3865108,-99.1631775,Music,Pop,False,False,2026,10,October,1,MONDIAL PRICE 1
Tipling Rock,https://www.ticketmaster.com.mx/tipling-rock-guadalajara-24-10-2026/event/3D006489E6897AC8,2026-10-24,21:00:00,onsale,Tipling Rock,C3 Stage GDL,Guadalajara,Jalisco,Mexico,20.674799,-103.369551,Music,Rock,False,False,2026,10,October,1,MONDIAL PRICE 1
Allison,https://www.ticketmaster.com.mx/allison-monterrey-24-10-2026/event/3D006490ECB5C22A,2026-10-24,21:00:00,onsale,Allison,Café Iguana,Monterrey,Nuevo León,Mexico,25.666714,-100.307407,Music,Rock,False,False,2026,10,October,1,MONDIAL PRICE 1
Bengala,https://www.ticketmaster.com.mx/bengala-col-centro-monterrey-24-10-2026/event/3D006501925E43AC,2026-10-24,21:00:00,onsale,Bengala,Foro Corona Monterrey,Monterrey,Nuevo León,Mexico,25.66646204,-100.31681661,Music,Rock,False,False,2026,10,October,1,MONDIAL PRICE 1
Los Angeles Azules,https://www.ticketmaster.com.mx/los-angeles-azules-monterrey-24-10-2026/event/1400647C8DC44FC1,2026-10-24,21:00:00,onsale,Los Angeles Azules,Escenario GNP Seguros,Monterrey,Nuevo León,Mexico,25.666135,-100.316726,Music,Latin,False,False,2026,10,October,1,MONDIAL PRICE 1
Adolescentes & Friends,https://www.ticketmaster.com.mx/adolescentes-friends-mexico-25-10-2026/event/140064C482D22D97,2026-10-25,18:00:00,onsale,,Teatro Metropolitan,Ciudad de México,Ciudad de México,Mexico,19.433457,-99.146811,Music,World,False,False,2026,10,October,1,OCESA
Liquits,https://www.ticketmaster.com.mx/liquits-mexico-25-10-2026/event/3D0064A1ABA96E32,2026-10-25,17:30:00,onsale,Liquits,La Maraka,Ciudad de México,Ciudad de México,Mexico,19.3865108,-99.1631775,Music,Rock,False,False,2026,10,October,1,MONDIAL PRICE 1
Pimpinela,https://www.ticketmaster.com.mx/pimpinela-ciudad-de-mexico-25-10-2026/event/3D006496B5456E98,2026-10-25,19:00:00,onsale,Pimpinela,Auditorio Nacional,Ciudad de México,Ciudad de México,Mexico,19.424648,-99.19484,Music,Latin,False,False,2026,10,October,1,MONDIAL PRICE 1
Romeo Santos & Prince Royce,https://www.ticketmaster.com.mx/romeo-santos-prince-royce-ciudad-de-mexico-25-10-2026/event/1400644AC4672C91,2026-10-25,19:00:00,onsale,"Romeo Santos, Prince Royce",Palacio de los Deportes,Ciudad de México,Ciudad de México,Mexico,19.4015408,-99.0980606,Music,Latin,False,False,2026,10,October,1,OCESA
Transmetal 40 Aniversario,https://www.ticketmaster.com.mx/transmetal-40-aniversario-ciudad-de-mexico-25-10-2026/event/3D00648B933C249E,2026-10-25,19:00:00,onsale,Transmetal,El Lunario del Auditorio Nacional,Ciudad de México,Ciudad de México,Mexico,19.424682,-99.1954,Music,Metal,False,False,2026,10,October,1,MONDIAL PRICE 1
Andrés Koi - Siempre sale el sol,https://www.ticketmaster.com.mx/andres-koi-siempre-sale-el-sol-col-centro-monterrey-25-10-2026/event/3D0064F2919A2B68,2026-10-25,20:00:00,onsale,Andrés Koi,Foro Corona Monterrey,Monterrey,Nuevo León,Mexico,25.66646204,-100.31681661,Music,Pop,False,False,2026,10,October,1,MONDIAL PRICE 1
Bad Gyal,https://www.ticketmaster.com.mx/bad-gyal-zapopan-25-10-2026/event/14006466926B3B89,2026-10-25,20:00:00,onsale,Bad Gyal,Auditorio Telmex,Zapopan,Jalisco,Mexico,20.73324,-103.38112,Music,Reggae,False,False,2026,10,October,1,OCESA
Romeo Santos & Prince Royce,https://www.ticketmaster.com.mx/romeo-santos-prince-royce-ciudad-de-mexico-26-10-2026/event/1400644AC6193369,2026-10-26,20:00:00,onsale,"Romeo Santos, Prince Royce",Palacio de los Deportes,Ciudad de México,Ciudad de México,Mexico,19.4015408,-99.0980606,Music,Latin,False,False,2026,10,October,1,OCESA
"Eterno Marcos Vidal, Marcos Witt, Marco Barrientos",https://www.ticketmaster.com.mx/eterno-marcos-vidal-marcos-witt-marco-ciudad-de-mexico-27-10-2026/event/3D0064C994C0173F,2026-10-27,20:30:00,onsale,"Marcos Vidal, Marcos Witt, Marco Barrientos",Auditorio Nacional,Ciudad de México,Ciudad de México,Mexico,19.424648,-99.19484,Music,Religious,False,False,2026,10,October,1,MONDIAL PRICE 1
JIMMY SEA - AVOCEAN PHOTO (Boleto de evento no incluido),https://www.ticketmaster.com.mx/jimmy-sea-avocean-photo-boleto-de-mexico-28-10-2026/event/1400647284142806,2026-10-28,21:00:00,onsale,Jimmy Sea,Teatro Metropolitan,Ciudad de México,Ciudad de México,Mexico,19.433457,-99.146811,Miscellaneous,Sin clasificar,False,False,2026,10,October,1,MONDIAL PRICE 1
JIMMY SEA - HI TOUCH JIMMY SEA (Boleto de evento no incluido),https://www.ticketmaster.com.mx/jimmy-sea-hi-touch-jimmy-sea-mexico-28-10-2026/event/14006472854C29B2,2026-10-28,21:00:00,onsale,Jimmy Sea,Teatro Metropolitan,Ciudad de México,Ciudad de México,Mexico,19.433457,-99.146811,Miscellaneous,Sin clasificar,False,False,2026,10,October,1,MONDIAL PRICE 1
JIMMY SEA - HI-BYE AVOCEAN (Boleto de evento no incluido),https://www.ticketmaster.com.mx/jimmy-sea-hibye-avocean-boleto-de-mexico-28-10-2026/event/1400647287D62D3B,2026-10-28,21:00:00,onsale,Jimmy Sea,Teatro Metropolitan,Ciudad de México,Ciudad de México,Mexico,19.433457,-99.146811,Miscellaneous,Sin clasificar,False,False,2026,10,October,1,MONDIAL PRICE 1
JIMMY SEA FAMILY PRE-SIGNED POLAROID (Boleto de evento no incluido),https://www.ticketmaster.com.mx/jimmy-sea-family-presigned-polaroid-boleto-mexico-28-10-2026/event/14006471F8B4364A,2026-10-28,21:00:00,onsale,Jimmy Sea,Teatro Metropolitan,Ciudad de México,Ciudad de México,Mexico,19.433457,-99.146811,Miscellaneous,Sin clasificar,False,False,2026,10,October,1,MONDIAL PRICE 1
JIMMY SEA PRE-SIGNED POLAROID (Boleto de evento no incluido),https://www.ticketmaster.com.mx/jimmy-sea-presigned-polaroid-boleto-de-mexico-28-10-2026/event/14006471016C4E12,2026-10-28,21:00:00,onsale,Jimmy Sea,Teatro Metropolitan,Ciudad de México,Ciudad de México,Mexico,19.433457,-99.146811,Miscellaneous,Sin clasificar,False,False,2026,10,October,1,MONDIAL PRICE 1
Jimmy Sea,https://www.ticketmaster.com.mx/jimmy-sea-mexico-28-10-2026/event/1400646A83BD2D7B,2026-10-28,21:00:00,onsale,Jimmy Sea,Teatro Metropolitan,Ciudad de México,Ciudad de México,Mexico,19.433457,-99.146811,Music,Pop,False,False,2026,10,October,1,OCESA
Aitana,https://www.ticketmaster.com.mx/aitana-monterrey-28-10-2026/event/1400646E85FB5B41,2026-10-28,21:00:00,onsale,Aitana,Auditorio Banamex,Monterrey,Nuevo León,Mexico,25.67765795,-100.28085777,Music,Pop,False,False,2026,10,October,1,OCESA
"ETERNO Marcos Vidal, Marcos Witt, Marco Barrientos",https://www.ticketmaster.com.mx/eterno-marcos-vidal-marcos-witt-marco-monterrey-28-10-2026/event/140064C681572E2A,2026-10-28,20:00:00,onsale,,Escenario GNP Seguros,Monterrey,Nuevo León,Mexico,25.666135,-100.316726,Music,Other,False,False,2026,10,October,1,MONDIAL PRICE 1
Entre Panas,https://www.ticketmaster.com.mx/entre-panas-ciudad-de-mexico-29-10-2026/event/3D0064998AC355D3,2026-10-29,20:30:00,cancelled,"Carlos Vallarino, Mar María",El Lunario del Auditorio Nacional,Ciudad de México,Ciudad de México,Mexico,19.424682,-99.1954,Music,Latin,False,False,2026,10,October,1,OCESA
Las Voces Más Arrolladoras,https://www.ticketmaster.com.mx/las-voces-mas-arrolladoras-mexico-29-10-2026/event/140062E2DEE23BF4,2026-10-29,20:30:00,cancelled,,Teatro Metropolitan,Ciudad de México,Ciudad de México,Mexico,19.433457,-99.146811,Music,Other,False,False,2026,10,October,1,OCESA
TIMO,https://www.ticketmaster.com.mx/timo-mexico-29-10-2026/event/1400649899B458A2,2026-10-29,21:00:00,onsale,TIMO,Pepsi Center,Ciudad de México,Ciudad de México,Mexico,19.3934097,-99.1758118,Music,Pop,False,False,2026,10,October,1,OCESA
Jacinto,https://www.ticketmaster.com.mx/jacinto-col-centro-monterrey-29-10-2026/event/3D0064A5BB036A7B,2026-10-29,21:00:00,onsale,Jacinto,Foro Corona Monterrey,Monterrey,Nuevo León,Mexico,25.66646204,-100.31681661,Music,Pop,False,False,2026,10,October,1,MONDIAL PRICE 1
Kapo,https://www.ticketmaster.com.mx/kapo-zapopan-29-10-2026/event/140064A7DD663DA0,2026-10-29,21:00:00,onsale,Kapo,Auditorio Telmex,Zapopan,Jalisco,Mexico,20.73324,-103.38112,Music,Latin,False,False,2026,10,October,1,MONDIAL PRICE 1
Los Pericos,https://www.ticketmaster.com.mx/los-pericos-zapopan-29-10-2026/event/3D0064A894E74321,2026-10-29,21:00:00,onsale,Los Pericos,Teatro Estudio Cavaret,Zapopan,Jalisco,Mexico,20.736739,-103.378417,Music,Latin,False,False,2026,10,October,1,OCESA
La Tremenda Korte,https://www.ticketmaster.com.mx/la-tremenda-korte-mexico-30-10-2026/event/3D0064FDEEE97FC1,2026-10-30,20:30:00,onsale,La Tremenda Korte,Foro Puebla,Ciudad de México,Ciudad de México,Mexico,19.422158,-99.164129,Music,Rock,False,False,2026,10,October,1,OCESA
Lng/SHT,https://www.ticketmaster.com.mx/lngsht-mexico-30-10-2026/event/14006488886732ED,2026-10-30,20:30:00,onsale,LNG/SHT,Pepsi Center,Ciudad de México,Ciudad de México,Mexico,19.3934097,-99.1758118,Music,Hip-Hop/Rap,False,False,2026,10,October,1,OCESA
Kevin Kaarl,https://www.ticketmaster.com.mx/kevin-kaarl-monterrey-30-10-2026/event/140064F9884E29EE,2026-10-30,20:00:00,onsale,Kevin Kaarl,Auditorio Banamex,Monterrey,Nuevo León,Mexico,25.67765795,-100.28085777,Music,Rock,False,False,2026,10,October,1,OCESA
Aitana,https://www.ticketmaster.com.mx/aitana-zapopan-30-10-2026/event/1400646E9A4AA763,2026-10-30,21:00:00,onsale,Aitana,Auditorio Telmex,Zapopan,Jalisco,Mexico,20.73324,-103.38112,Music,Pop,False,False,2026,10,October,1,OCESA
SOFI TUKKER Presents: ANIMAL TALK,https://www.ticketmaster.com.mx/sofi-tukker-presents-animal-talk-zapopan-30-10-2026/event/3D00649BADDC31F8,2026-10-30,20:00:00,onsale,SOFI TUKKER,Teatro Estudio Cavaret,Zapopan,Jalisco,Mexico,20.736739,-103.378417,Music,Pop,False,False,2026,10,October,1,OCESA
"Yolanda del Río, El Gran Regreso",https://www.ticketmaster.com.mx/yolanda-del-rio-el-gran-regreso-zapopan-30-10-2026/event/3D00649D9D1F426A,2026-10-30,20:00:00,onsale,Yolanda Del Rio,Teatro Galerías,Zapopan,Jalisco,Mexico,20.646144,-103.404809,Music,Latin,False,False,2026,10,October,1,MONDIAL PRICE 1
Alex Fernandez,https://www.ticketmaster.com.mx/alex-fernandez-mexico-31-10-2026/event/140064D8842A2392,2026-10-31,20:00:00,onsale,Alex Fernandez,Teatro Metropolitan,Ciudad de México,Ciudad de México,Mexico,19.433457,-99.146811,Music,Latin,False,False,2026,10,October,1,OCESA
José María Napoleón & Mocedades,https://www.ticketmaster.com.mx/jose-maria-napoleon-mocedades-ciudad-de-mexico-31-10-2026/event/3D0064D783C40D79,2026-10-31,20:00:00,onsale,"Jose Maria Napoleon, Mocedades",Auditorio Nacional,Ciudad de México,Ciudad de México,Mexico,19.424648,-99.19484,Music,Latin,False,False,2026,10,October,1,OCESA
"PIM PAU, gira internacional 2026.",https://www.ticketmaster.com.mx/pim-pau-gira-internacional-2026-mexico-31-10-2026/event/3D0064CB8F33173E,2026-10-31,13:00:00,onsale,Pim Pau,El Cantoral ,Ciudad de México,Ciudad de México,Mexico,19.361737,-99.166137,Music,Children's Music,False,False,2026,10,October,1,MONDIAL PRICE 1
SOFI TUKKER Presents: ANIMAL TALK,https://www.ticketmaster.com.mx/sofi-tukker-presents-animal-talk-mexico-31-10-2026/event/1400649BE774AFFB,2026-10-31,20:00:00,onsale,SOFI TUKKER,Pepsi Center,Ciudad de México,Ciudad de México,Mexico,19.3934097,-99.1758118,Music,Pop,False,False,2026,10,October,1,OCESA
Versos Compartidos Fernando Delgadillo y Alejandro Filio,https://www.ticketmaster.com.mx/versos-compartidos-fernando-delgadillo-y-alejandro-guadalajara-31-10-2026/event/3D00644AAC50392E,2026-10-31,20:30:00,onsale,"Fernando Delgadillo, Alejandro Filio",Teatro Diana (GDL),Guadalajara,Jalisco,Mexico,20.665434,-103.349341,Music,World,False,False,2026,10,October,1,MONDIAL PRICE 1
Panteon Rococo,https://www.ticketmaster.com.mx/panteon-rococo-monterrey-31-10-2026/event/14006267D9AC2593,2026-10-31,21:00:00,onsale,Panteon Rococo,Auditorio Banamex,Monterrey,Nuevo León,Mexico,25.67765795,-100.28085777,Music,Latin,False,False,2026,10,October,1,OCESA
Saramalacara,https://www.ticketmaster.com.mx/saramalacara-col-centro-monterrey-31-10-2026/event/3D006507D2B36643,2026-10-31,20:00:00,onsale,Saramalacara,Foro Corona Monterrey,Monterrey,Nuevo León,Mexico,25.66646204,-100.31681661,Music,Latin,False,False,2026,10,October,1,MONDIAL PRICE 1
"Ídolos del Corazón con los Terrícolas, Los Bryos y Los Solitarios",https://www.ticketmaster.com.mx/idolos-del-corazon-con-los-terricolas-monterrey-31-10-2026/event/1400646A902040C8,2026-10-31,20:00:00,onsale,,Escenario GNP Seguros,Monterrey,Nuevo León,Mexico,25.666135,-100.316726,Music,Ballads/Romantic,False,False,2026,10,October,1,MONDIAL PRICE 1
Akira Yamaoka,https://www.ticketmaster.com.mx/akira-yamaoka-mexico-01-11-2026/event/140064BD28A071CC,2026-11-01,21:00:00,onsale,Akira Yamaoka,Teatro Metropolitan,Ciudad de México,Ciudad de México,Mexico,19.433457,-99.146811,Music,Rock,False,False,2026,11,November,1,OCESA
Lila Downs,https://www.ticketmaster.com.mx/lila-downs-ciudad-de-mexico-01-11-2026/event/3D006491A1F453D1,2026-11-01,19:00:00,onsale,Lila Downs,Auditorio Nacional,Ciudad de México,Ciudad de México,Mexico,19.424648,-99.19484,Music,World,False,False,2026,11,November,1,OCESA
CCPER-2839 Event to check Allianz Insurance,https://www.ticketmaster.com.mx/ccper2839-event-to-check-allianz-insurance-los-angeles-01-11-2026/event/140062C5CD1D2F47,2026-11-01,21:00:00,onsale,,Nenue test MTY,Los Angeles,Nuevo León,Mexico,,,Music,Rock,False,False,2026,11,November,1,
"Yolanda del Rio, El Gran Regreso",https://www.ticketmaster.com.mx/yolanda-del-rio-el-gran-regreso-monterrey-01-11-2026/event/140064C3E266E95E,2026-11-01,19:00:00,onsale,Yolanda Del Rio,Escenario GNP Seguros,Monterrey,Nuevo León,Mexico,25.666135,-100.316726,Music,Latin,False,False,2026,11,November,1,MONDIAL PRICE 1
Leire Martínez,https://www.ticketmaster.com.mx/leire-martinez-mexico-03-11-2026/event/140064BB849A66DF,2026-11-03,21:00:00,onsale,Leire Martínez,Teatro Metropolitan,Ciudad de México,Ciudad de México,Mexico,19.433457,-99.146811,Music,Pop,False,False,2026,11,November,1,OCESA
Liana Flores,https://www.ticketmaster.com.mx/liana-flores-ciudad-de-mexico-03-11-2026/event/3D0064D78CB61055,2026-11-03,21:00:00,onsale,Liana Flores,El Lunario del Auditorio Nacional,Ciudad de México,Ciudad de México,Mexico,19.424682,-99.1954,Music,Folk,False,False,2026,11,November,1,OCESA
Kapo,https://www.ticketmaster.com.mx/kapo-monterrey-04-11-2026/event/1400648DAE778C2E,2026-11-04,21:00:00,onsale,Kapo,Auditorio Banamex,Monterrey,Nuevo León,Mexico,25.67765795,-100.28085777,Music,Latin,False,False,2026,11,November,1,MONDIAL PRICE 1
Aitana,https://www.ticketmaster.com.mx/aitana-ciudad-de-mexico-05-11-2026/event/3D0064FA9D133590,2026-11-05,20:30:00,onsale,Aitana,Auditorio Nacional,Ciudad de México,Ciudad de México,Mexico,19.424648,-99.19484,Music,Pop,False,False,2026,11,November,1,OCESA
EMJAY,https://www.ticketmaster.com.mx/emjay-mexico-05-11-2026/event/140064AEBBFACCDE,2026-11-05,20:30:00,onsale,EMJAY,Pabellón del Palacio de los Deportes,Ciudad de México,Ciudad de México,Mexico,19.4015408,-99.0980606,Music,Dance/Electronic,False,False,2026,11,November,1,OCESA
Peces Raros,https://www.ticketmaster.com.mx/peces-raros-mexico-05-11-2026/event/140064AEE70C5CDE,2026-11-05,20:30:00,onsale,Peces Raros,Auditorio BB,Ciudad de México,Ciudad de México,Mexico,19.4080696,-99.1678772,Music,Dance/Electronic,False,False,2026,11,November,1,OCESA
Puma Blue,https://www.ticketmaster.com.mx/puma-blue-mexico-05-11-2026/event/140064BDFE37EE05,2026-11-05,21:00:00,onsale,Puma Blue,Teatro Metropolitan,Ciudad de México,Ciudad de México,Mexico,19.433457,-99.146811,Music,Rock,False,False,2026,11,November,1,OCESA
ROCK-TONY-TLÁN la noche del rock mexicano,https://www.ticketmaster.com.mx/rocktonytlan-la-noche-del-rock-mexicano-mexico-05-11-2026/event/3D00650CAC5E39AA,2026-11-05,20:00:00,onsale,,Teatro de la Ciudad Esperanza Iris,Ciudad de México,Ciudad de México,Mexico,19.4366936,-99.1394375,Music,Rock,False,False,2026,11,November,1,MONDIAL PRICE 1
Aitana,https://www.ticketmaster.com.mx/aitana-ciudad-de-mexico-06-11-2026/event/3D0064719FE45A3A,2026-11-06,20:30:00,onsale,Aitana,Auditorio Nacional,Ciudad de México,Ciudad de México,Mexico,19.424648,-99.19484,Music,Pop,False,False,2026,11,November,1,OCESA
Los de Aguilera 'Recordando al Divo de México',https://www.ticketmaster.com.mx/los-de-aguilera-recordando-al-divo-mexico-06-11-2026/event/3D0064B0B243A172,2026-11-06,21:30:00,onsale,Los De Aguilera,La Maraka,Ciudad de México,Ciudad de México,Mexico,19.3865108,-99.1631775,Music,Latin,False,False,2026,11,November,1,MONDIAL PRICE 1
Morat,https://www.ticketmaster.com.mx/morat-ciudad-de-mexico-06-11-2026/event/14006482BAB17B03,2026-11-06,20:00:00,onsale,Morat,Palacio de los Deportes,Ciudad de México,Ciudad de México,Mexico,19.4015408,-99.0980606,Music,Pop,False,False,2026,11,November,1,MONDIAL PRICE 1
Rubio,https://www.ticketmaster.com.mx/rubio-mexico-06-11-2026/event/14006430B00F75C6,2026-11-06,20:00:00,onsale,Rubio,Auditorio BB,Ciudad de México,Ciudad de México,Mexico,19.4080696,-99.1678772,Music,Latin,False,False,2026,11,November,1,OCESA
Serbia en CDMX,https://www.ticketmaster.com.mx/serbia-en-cdmx-mexico-06-11-2026/event/1400649D9C975DE6,2026-11-06,21:00:00,onsale,Serbia,Teatro Metropolitan,Ciudad de México,Ciudad de México,Mexico,19.433457,-99.146811,Music,Rock,False,False,2026,11,November,1,OCESA
Jeanette Gira 50 Aniversario,https://www.ticketmaster.com.mx/jeanette-gira-50-aniversario-guadalajara-06-11-2026/event/3D0064B582E8550A,2026-11-06,21:00:00,onsale,,Teatro Diana (GDL),Guadalajara,Jalisco,Mexico,20.665434,-103.349341,Music,Ballads/Romantic,False,False,2026,11,November,1,MONDIAL PRICE 1
"Karol G, Viajando por el mundo, Tropitour",https://www.ticketmaster.com.mx/karol-g-viajando-por-el-mundo-guadalupe-06-11-2026/event/3D00648EE4AD7327,2026-11-06,21:00:00,onsale,Karol G,Estadio BBVA,Guadalupe,Nuevo León,Mexico,25.669187,-100.24442,Music,Latin,False,False,2026,11,November,1,OCESA
Peces Raros,https://www.ticketmaster.com.mx/peces-raros-monterrey-06-11-2026/event/3D0064AB88A01A8A,2026-11-06,21:00:00,onsale,Peces Raros,Café Iguana,Monterrey,Nuevo León,Mexico,25.666714,-100.307407,Music,Dance/Electronic,False,False,2026,11,November,1,MONDIAL PRICE 1
Tombochio,https://www.ticketmaster.com.mx/tombochio-zapopan-06-11-2026/event/140064C88BDA244F,2026-11-06,21:00:00,onsale,Tombochio,Auditorio Telmex,Zapopan,Jalisco,Mexico,20.73324,-103.38112,Music,Latin,False,False,2026,11,November,1,MONDIAL PRICE 1
Aitana,https://www.ticketmaster.com.mx/aitana-ciudad-de-mexico-07-11-2026/event/3D006471A13C5D15,2026-11-07,20:00:00,onsale,Aitana,Auditorio Nacional,Ciudad de México,Ciudad de México,Mexico,19.424648,-99.19484,Music,Pop,False,False,2026,11,November,1,OCESA
Collage,https://www.ticketmaster.com.mx/collage-mexico-07-11-2026/event/3D00651482591E41,2026-11-07,21:00:00,offsale,Collage,Foro Red Access,Ciudad de México,Ciudad de México,Mexico,19.35677,-99.163341,Music,Other,False,False,2026,11,November,1,MONDIAL PRICE 1
Coro Acardenchado · X Aniversario,https://www.ticketmaster.com.mx/coro-acardenchado-x-aniversario-mexico-07-11-2026/event/3D0064E48C262BB1,2026-11-07,20:00:00,onsale,Coro Acardenchado,Teatro de la Ciudad Esperanza Iris,Ciudad de México,Ciudad de México,Mexico,19.4366936,-99.1394375,Music,Latin,False,False,2026,11,November,1,MONDIAL PRICE 1
José María Tour Fabrica de Espinas,https://www.ticketmaster.com.mx/jose-maria-tour-fabrica-de-espinas-ciudad-de-mexico-07-11-2026/event/3D0064DEB8233017,2026-11-07,21:30:00,onsale,José María,Foro Stelaris Fiesta Americana Reforma,Ciudad de México,Ciudad de México,Mexico,19.432196,-99.1547394,Music,Ballads/Romantic,False,False,2026,11,November,1,MONDIAL PRICE 1
Morat,https://www.ticketmaster.com.mx/morat-ciudad-de-mexico-07-11-2026/event/14006482BB9A7DA2,2026-11-07,20:00:00,onsale,Morat,Palacio de los Deportes,Ciudad de México,Ciudad de México,Mexico,19.4015408,-99.0980606,Music,Pop,False,False,2026,11,November,1,MONDIAL PRICE 1
Pedro y el Lobo,https://www.ticketmaster.com.mx/pedro-y-el-lobo-mexico-07-11-2026/event/3D0064DDE86A394B,2026-11-07,13:00:00,onsale,Pedro y el Lobo,Teatro de la Ciudad Esperanza Iris,Ciudad de México,Ciudad de México,Mexico,19.4366936,-99.1394375,Music,Classical,False,False,2026,11,November,1,MONDIAL PRICE 1
"Tragico Ballet ""25 Aniversario""",https://www.ticketmaster.com.mx/tragico-ballet-25-aniversario-mexico-07-11-2026/event/3D00648BBBBA4B26,2026-11-07,21:00:00,onsale,,La Maraka,Ciudad de México,Ciudad de México,Mexico,19.3865108,-99.1631775,Music,Rock,False,False,2026,11,November,1,MONDIAL PRICE 1
Trex: Al Sabor y al Estilo,https://www.ticketmaster.com.mx/trex-al-sabor-y-al-estilo-ciudad-de-mexico-07-11-2026/event/3D0064BE88A33C96,2026-11-07,20:00:00,onsale,Trex,El Lunario del Auditorio Nacional,Ciudad de México,Ciudad de México,Mexico,19.424682,-99.1954,Music,Rock,False,False,2026,11,November,1,MONDIAL PRICE 1
"Karol G, Viajando por el mundo, Tropitour",https://www.ticketmaster.com.mx/karol-g-viajando-por-el-mundo-guadalupe-07-11-2026/event/3D00648EE617740E,2026-11-07,21:00:00,onsale,Karol G,Estadio BBVA,Guadalupe,Nuevo León,Mexico,25.669187,-100.24442,Music,Latin,False,False,2026,11,November,1,OCESA
Elías Medina,https://www.ticketmaster.com.mx/elias-medina-monterrey-07-11-2026/event/140064A4BF45AFF7,2026-11-07,21:00:00,onsale,Elías Medina,Escenario GNP Seguros,Monterrey,Nuevo León,Mexico,25.666135,-100.316726,Music,Pop,False,False,2026,11,November,1,MONDIAL PRICE 1
Intocable,https://www.ticketmaster.com.mx/intocable-monterrey-07-11-2026/event/3D00649BE1E45078,2026-11-07,21:00:00,onsale,Intocable,Estadio Borregos,Monterrey,Nuevo León,Mexico,25.6535973,-100.2854331,Music,Latin,False,False,2026,11,November,1,MONDIAL PRICE 1
Yng Naz,https://www.ticketmaster.com.mx/yng-naz-col-centro-monterrey-07-11-2026/event/3D0064ADF38CD136,2026-11-07,21:00:00,onsale,Yng Naz,Foro Corona Monterrey,Monterrey,Nuevo León,Mexico,25.66646204,-100.31681661,Music,Latin,False,False,2026,11,November,1,MONDIAL PRICE 1
EMJAY,https://www.ticketmaster.com.mx/emjay-zapopan-07-11-2026/event/3D0064AEF42257D8,2026-11-07,21:00:00,onsale,EMJAY,C4 CONCERT HOUSE,Zapopan,Jalisco,Mexico,20.64400132,-103.42132,Music,Dance/Electronic,False,False,2026,11,November,1,MONDIAL PRICE 1
Pedro Fernandez,https://www.ticketmaster.com.mx/pedro-fernandez-zapopan-07-11-2026/event/140064BEB1C7BFD0,2026-11-07,21:00:00,onsale,Pedro Fernández,Auditorio Telmex,Zapopan,Jalisco,Mexico,20.73324,-103.38112,Music,Latin,False,False,2026,11,November,1,MONDIAL PRICE 1
José y El Toro en CDMX,https://www.ticketmaster.com.mx/jose-y-el-toro-en-cdmx-ciudad-de-mexico-08-11-2026/event/3D0064AEF396563E,2026-11-08,19:00:00,onsale,José y el Toro,El Lunario del Auditorio Nacional,Ciudad de México,Ciudad de México,Mexico,19.424682,-99.1954,Music,Ballads/Romantic,False,False,2026,11,November,1,MONDIAL PRICE 1
Los Panchos & La Rondalla del amor de Saltillo,https://www.ticketmaster.com.mx/los-panchos-la-rondalla-del-amor-mexico-08-11-2026/event/140064C2E60E185C,2026-11-08,18:00:00,onsale,Los Panchos,Teatro Metropolitan,Ciudad de México,Ciudad de México,Mexico,19.433457,-99.146811,Music,Latin,False,False,2026,11,November,1,OCESA
Morat,https://www.ticketmaster.com.mx/morat-ciudad-de-mexico-08-11-2026/event/14006482BB9B7DA4,2026-11-08,19:00:00,onsale,Morat,Palacio de los Deportes,Ciudad de México,Ciudad de México,Mexico,19.4015408,-99.0980606,Music,Pop,False,False,2026,11,November,1,MONDIAL PRICE 1
Pedro y el Lobo,https://www.ticketmaster.com.mx/pedro-y-el-lobo-mexico-08-11-2026/event/3D0064DDE95A398C,2026-11-08,13:00:00,onsale,Pedro y el Lobo,Teatro de la Ciudad Esperanza Iris,Ciudad de México,Ciudad de México,Mexico,19.4366936,-99.1394375,Music,Classical,False,False,2026,11,November,1,MONDIAL PRICE 1
"Sin Fronteras Presenta: su album ""Va por ustedes"".",https://www.ticketmaster.com.mx/sin-fronteras-presenta-su-album-va-mexico-08-11-2026/event/3D0064AFB26EA2AC,2026-11-08,18:00:00,onsale,Sin Fronteras,El Cantoral ,Ciudad de México,Ciudad de México,Mexico,19.361737,-99.166137,Music,Ballads/Romantic,False,False,2026,11,November,1,MONDIAL PRICE 1
"Karol G, Viajando por el mundo, Tropitour",https://www.ticketmaster.com.mx/karol-g-viajando-por-el-mundo-guadalupe-08-11-2026/event/3D00648EE6187410,2026-11-08,20:00:00,onsale,Karol G,Estadio BBVA,Guadalupe,Nuevo León,Mexico,25.669187,-100.24442,Music,Latin,False,False,2026,11,November,1,OCESA
Andrés Calamaro,https://www.ticketmaster.com.mx/andres-calamaro-monterrey-09-11-2026/event/140064F0C26FB677,2026-11-09,21:00:00,onsale,Andrés Calamaro,Escenario GNP Seguros,Monterrey,Nuevo León,Mexico,25.666135,-100.316726,Music,Rock,False,False,2026,11,November,1,MONDIAL PRICE 1
ZZ Top,https://www.ticketmaster.com.mx/zz-top-zapopan-09-11-2026/event/1400647582BF2657,2026-11-09,21:00:00,onsale,ZZ Top,Auditorio Telmex,Zapopan,Jalisco,Mexico,20.73324,-103.38112,Music,Rock,False,False,2026,11,November,1,OCESA
Leire Martínez,https://www.ticketmaster.com.mx/leire-martinez-monterrey-10-11-2026/event/140064C2E14609A1,2026-11-10,21:00:00,onsale,Leire Martínez,Escenario GNP Seguros,Monterrey,Nuevo León,Mexico,25.666135,-100.316726,Music,Pop,False,False,2026,11,November,1,MONDIAL PRICE 1
ZZ Top,https://www.ticketmaster.com.mx/zz-top-ciudad-de-mexico-11-11-2026/event/3D00647584612B59,2026-11-11,21:00:00,onsale,ZZ Top,Auditorio Nacional,Ciudad de México,Ciudad de México,Mexico,19.424648,-99.19484,Music,Rock,False,False,2026,11,November,1,OCESA
Andrés Calamaro,https://www.ticketmaster.com.mx/andres-calamaro-guadalajara-11-11-2026/event/3D0064F2BBD26376,2026-11-11,21:00:00,onsale,Andrés Calamaro,Teatro Diana (GDL),Guadalajara,Jalisco,Mexico,20.665434,-103.349341,Music,Rock,False,False,2026,11,November,1,OCESA
Ricardo Montaner,https://www.ticketmaster.com.mx/ricardo-montaner-zapopan-11-11-2026/event/1400649985242989,2026-11-11,21:00:00,onsale,Ricardo Montaner,Auditorio Telmex,Zapopan,Jalisco,Mexico,20.73324,-103.38112,Music,Latin,False,False,2026,11,November,1,MONDIAL PRICE 1
Elefante: 30 Aniversario,https://www.ticketmaster.com.mx/elefante-30-aniversario-ciudad-de-mexico-12-11-2026/event/3D0064368B7A2555,2026-11-12,20:30:00,onsale,Elefante,Auditorio Nacional,Ciudad de México,Ciudad de México,Mexico,19.424648,-99.19484,Music,Latin,False,False,2026,11,November,1,MONDIAL PRICE 1
Lifehouse: Best of Acoustic,https://www.ticketmaster.com.mx/lifehouse-best-of-acoustic-mexico-12-11-2026/event/3D0064B08D245B12,2026-11-12,21:30:00,onsale,Lifehouse,La Maraka,Ciudad de México,Ciudad de México,Mexico,19.3865108,-99.1631775,Music,Rock,False,False,2026,11,November,1,MONDIAL PRICE 1
María León,https://www.ticketmaster.com.mx/maria-leon-mexico-12-11-2026/event/140064F28A8D3ABF,2026-11-12,20:30:00,onsale,María León,Teatro Metropolitan,Ciudad de México,Ciudad de México,Mexico,19.433457,-99.146811,Music,Ballads/Romantic,False,False,2026,11,November,1,OCESA
Pancho Varona en México,https://www.ticketmaster.com.mx/pancho-varona-en-mexico-ciudad-de-mexico-12-11-2026/event/3D0064D0BDED47F5,2026-11-12,20:00:00,onsale,Pancho Varona,El Lunario del Auditorio Nacional,Ciudad de México,Ciudad de México,Mexico,19.424682,-99.1954,Music,Pop,False,False,2026,11,November,1,MONDIAL PRICE 1
Siddhartha,https://www.ticketmaster.com.mx/siddhartha-monterrey-12-11-2026/event/1400646685EA2902,2026-11-12,21:00:00,onsale,Siddhartha,Auditorio Banamex,Monterrey,Nuevo León,Mexico,25.67765795,-100.28085777,Music,Rock,False,False,2026,11,November,1,MONDIAL PRICE 1
Andrés Calamaro,https://www.ticketmaster.com.mx/andres-calamaro-mexico-13-11-2026/event/140064EFAA6A6B85,2026-11-13,20:30:00,onsale,Andrés Calamaro,Pepsi Center,Ciudad de México,Ciudad de México,Mexico,19.3934097,-99.1758118,Music,Rock,False,False,2026,11,November,1,OCESA
Carlos Cuevas: El Rey del Bolero,https://www.ticketmaster.com.mx/carlos-cuevas-el-rey-del-bolero-ciudad-de-mexico-13-11-2026/event/3D0064EC942445CF,2026-11-13,21:00:00,onsale,Carlos Cuevas,El Lunario del Auditorio Nacional,Ciudad de México,Ciudad de México,Mexico,19.424682,-99.1954,Music,Latin,False,False,2026,11,November,1,MONDIAL PRICE 1
DLD,https://www.ticketmaster.com.mx/dld-mexico-13-11-2026/event/3D0064B5A239958B,2026-11-13,21:30:00,onsale,DLD,La Maraka,Ciudad de México,Ciudad de México,Mexico,19.3865108,-99.1631775,Music,Rock,False,False,2026,11,November,1,MONDIAL PRICE 1
El Kanka,https://www.ticketmaster.com.mx/el-kanka-mexico-13-11-2026/event/14006451868B3481,2026-11-13,20:30:00,onsale,El Kanka,Teatro Metropolitan,Ciudad de México,Ciudad de México,Mexico,19.433457,-99.146811,Music,Pop,False,False,2026,11,November,1,OCESA
"Karol G, Viajando por el mundo, Tropitour",https://www.ticketmaster.com.mx/karol-g-viajando-por-el-mundo-ciudad-de-mexico-13-11-2026/event/1400646A812D2A08,2026-11-13,21:00:00,onsale,Karol G,Estadio GNP Seguros,Ciudad de México,Ciudad de México,Mexico,19.405199,-99.095618,Music,Latin,False,False,2026,11,November,1,OCESA
Magno Concierto Sinfónico Congreso Mundial del Mariachi,https://www.ticketmaster.com.mx/magno-concierto-sinfonico-congreso-mundial-del-mexico-13-11-2026/event/3D0064FFD1687E92,2026-11-13,19:00:00,onsale,Congreso Mundial del Mariachi,Teatro de la Ciudad Esperanza Iris,Ciudad de México,Ciudad de México,Mexico,19.4366936,-99.1394375,Music,Latin,False,False,2026,11,November,1,MONDIAL PRICE 1
Majo Aguilar,https://www.ticketmaster.com.mx/majo-aguilar-ciudad-de-mexico-13-11-2026/event/3D006452B03A2BDD,2026-11-13,20:30:00,onsale,Majo Aguilar,Auditorio Nacional,Ciudad de México,Ciudad de México,Mexico,19.424648,-99.19484,Music,Hip-Hop/Rap,False,False,2026,11,November,1,OCESA
Morat,https://www.ticketmaster.com.mx/morat-ciudad-de-mexico-13-11-2026/event/14006482BBA67DBD,2026-11-13,20:00:00,onsale,Morat,Palacio de los Deportes,Ciudad de México,Ciudad de México,Mexico,19.4015408,-99.0980606,Music,Pop,False,False,2026,11,November,1,MONDIAL PRICE 1
TrendLine,https://www.ticketmaster.com.mx/trendline-mexico-13-11-2026/event/3D00649B84A10EDC,2026-11-13,21:00:00,onsale,TrendLine,Foro Red Access,Ciudad de México,Ciudad de México,Mexico,19.35677,-99.163341,Music,Ballads/Romantic,False,False,2026,11,November,1,MONDIAL PRICE 1
Eslabon Armado,https://www.ticketmaster.com.mx/eslabon-armado-guadalajara-13-11-2026/event/3D0064B49FC36493,2026-11-13,21:00:00,onsale,Eslabon Armado,Teatro Diana (GDL),Guadalajara,Jalisco,Mexico,20.665434,-103.349341,Music,Latin,False,False,2026,11,November,1,MONDIAL PRICE 1
Diezell,https://www.ticketmaster.com.mx/diezell-col-centro-monterrey-13-11-2026/event/3D0064CEF8F2C517,2026-11-13,21:00:00,onsale,Diezell,Foro Corona Monterrey,Monterrey,Nuevo León,Mexico,25.66646204,-100.31681661,Music,Rock,False,False,2026,11,November,1,MONDIAL PRICE 1
ZZ Top,https://www.ticketmaster.com.mx/zz-top-monterrey-13-11-2026/event/14006474E009D790,2026-11-13,21:00:00,onsale,ZZ Top,Auditorio Banamex,Monterrey,Nuevo León,Mexico,25.67765795,-100.28085777,Music,Rock,False,False,2026,11,November,1,OCESA
Daniel Boaventura,https://www.ticketmaster.com.mx/daniel-boaventura-zapopan-13-11-2026/event/1400649EA54BA3FF,2026-11-13,21:00:00,onsale,Daniele di Bonaventura,Auditorio Telmex,Zapopan,Jalisco,Mexico,20.73324,-103.38112,Music,Jazz,False,False,2026,11,November,1,MONDIAL PRICE 1
Fernando Delgadillo,https://www.ticketmaster.com.mx/fernando-delgadillo-ciudad-de-mexico-14-11-2026/event/3D0064FDABAB4ECE,2026-11-14,20:00:00,onsale,Fernando Delgadillo,Sala Pepsi Black,Ciudad de México,Ciudad de México,Mexico,19.3948388,-99.1747505,Music,World,False,False,2026,11,November,1,MONDIAL PRICE 1
"Karol G, Viajando por el mundo, Tropitour",https://www.ticketmaster.com.mx/karol-g-viajando-por-el-mundo-ciudad-de-mexico-14-11-2026/event/1400646A82522BC9,2026-11-14,21:00:00,onsale,Karol G,Estadio GNP Seguros,Ciudad de México,Ciudad de México,Mexico,19.405199,-99.095618,Music,Latin,False,False,2026,11,November,1,OCESA
La marimba teje un puente entre México y Japón,https://www.ticketmaster.com.mx/la-marimba-teje-un-puente-entre-mexico-14-11-2026/event/3D0064FDF95185AB,2026-11-14,19:00:00,onsale,,TEATRO SERGIO MAGAÑA,Ciudad de México,Ciudad de México,Mexico,19.4457073,-99.1606674,Music,World,False,False,2026,11,November,1,MONDIAL PRICE 3
Little Jesus,https://www.ticketmaster.com.mx/little-jesus-mexico-14-11-2026/event/140064C9C546F0CA,2026-11-14,20:00:00,onsale,Little Jesus,Teatro Metropolitan,Ciudad de México,Ciudad de México,Mexico,19.433457,-99.146811,Music,Pop,False,False,2026,11,November,1,OCESA
"Miguel Inzunza, noctournos en concierto ""La noche que soñamos juntos""",https://www.ticketmaster.com.mx/miguel-inzunza-noctournos-en-concierto-la-mexico-14-11-2026/event/3D0064BB8DB22E11,2026-11-14,20:00:00,onsale,Miguel Inzunza,El Cantoral ,Ciudad de México,Ciudad de México,Mexico,19.361737,-99.166137,Music,Ballads/Romantic,False,False,2026,11,November,1,MONDIAL PRICE 1
Morat,https://www.ticketmaster.com.mx/morat-ciudad-de-mexico-14-11-2026/event/14006482BBA67DBF,2026-11-14,20:00:00,onsale,Morat,Palacio de los Deportes,Ciudad de México,Ciudad de México,Mexico,19.4015408,-99.0980606,Music,Pop,False,False,2026,11,November,1,MONDIAL PRICE 1
Dimash Qudaibergen,https://www.ticketmaster.com.mx/dimash-qudaibergen-monterrey-14-11-2026/event/140064C3D88BD9DB,2026-11-14,20:00:00,onsale,Dimash Qudaibergen,Auditorio Banamex,Monterrey,Nuevo León,Mexico,25.67765795,-100.28085777,Music,Pop,False,False,2026,11,November,1,OCESA
Griss Romero en Concierto,https://www.ticketmaster.com.mx/griss-romero-en-concierto-col-centro-monterrey-14-11-2026/event/3D006506BC2D5422,2026-11-14,21:00:00,onsale,Griss Romero,Foro Corona Monterrey,Monterrey,Nuevo León,Mexico,25.66646204,-100.31681661,Music,Pop,False,False,2026,11,November,1,MONDIAL PRICE 1
Matute - Disco Stereo Tour,https://www.ticketmaster.com.mx/matute-disco-stereo-tour-monterrey-14-11-2026/event/1400644698215498,2026-11-14,21:00:00,onsale,Matute,Escenario GNP Seguros,Monterrey,Nuevo León,Mexico,25.666135,-100.316726,Music,Other,False,False,2026,11,November,1,MONDIAL PRICE 1
Daniel Boaventura Sinfónico,https://www.ticketmaster.com.mx/daniel-boaventura-sinfonico-ciudad-de-mexico-15-11-2026/event/3D0064A1B9727E05,2026-11-15,19:00:00,onsale,Daniel Boaventura,Auditorio Nacional,Ciudad de México,Ciudad de México,Mexico,19.424648,-99.19484,Music,Ballads/Romantic,False,False,2026,11,November,1,MONDIAL PRICE 1
"Karol G, Viajando por el mundo, Tropitour",https://www.ticketmaster.com.mx/karol-g-viajando-por-el-mundo-ciudad-de-mexico-15-11-2026/event/1400646A82532BCB,2026-11-15,21:00:00,onsale,Karol G,Estadio GNP Seguros,Ciudad de México,Ciudad de México,Mexico,19.405199,-99.095618,Music,Latin,False,False,2026,11,November,1,OCESA
Morat,https://www.ticketmaster.com.mx/morat-ciudad-de-mexico-15-11-2026/event/14006482BB9B7DA6,2026-11-15,20:00:00,onsale,Morat,Palacio de los Deportes,Ciudad de México,Ciudad de México,Mexico,19.4015408,-99.0980606,Music,Pop,False,False,2026,11,November,1,MONDIAL PRICE 1
"Yolanda del Rio, El Gran Regreso",https://www.ticketmaster.com.mx/yolanda-del-rio-el-gran-regreso-mexico-15-11-2026/event/140064D59D3141CF,2026-11-15,19:00:00,onsale,Yolanda Del Rio,Teatro Metropolitan,Ciudad de México,Ciudad de México,Mexico,19.433457,-99.146811,Music,Latin,False,False,2026,11,November,1,MONDIAL PRICE 1
La Caravana del Amor,https://www.ticketmaster.com.mx/la-caravana-del-amor-monterrey-15-11-2026/event/1400644BBDF6AC79,2026-11-15,19:00:00,onsale,La Caravana del Amor,Escenario GNP Seguros,Monterrey,Nuevo León,Mexico,25.666135,-100.316726,Music,Ballads/Romantic,False,False,2026,11,November,1,MONDIAL PRICE 1
Estela Nuñez y Jorge Muñiz,https://www.ticketmaster.com.mx/estela-nunez-y-jorge-muniz-mexico-16-11-2026/event/140064BB8A507913,2026-11-16,18:00:00,onsale,Estela Nuñez y Jorge Muñiz,Teatro Metropolitan,Ciudad de México,Ciudad de México,Mexico,19.433457,-99.146811,Music,Ballads/Romantic,False,False,2026,11,November,1,OCESA
Jerry Rivera.,https://www.ticketmaster.com.mx/jerry-rivera-ciudad-de-mexico-17-11-2026/event/3D006491A0255192,2026-11-17,20:30:00,onsale,Jerry Rivera,Auditorio Nacional,Ciudad de México,Ciudad de México,Mexico,19.424648,-99.19484,Music,Latin,False,False,2026,11,November,1,MONDIAL PRICE 1
Mon Laferte,https://www.ticketmaster.com.mx/mon-laferte-monterrey-17-11-2026/event/140064ADE1DDDC9B,2026-11-17,21:00:00,onsale,Mon Laferte,Auditorio Banamex,Monterrey,Nuevo León,Mexico,25.67765795,-100.28085777,Music,Pop,False,False,2026,11,November,1,MONDIAL PRICE 1
Dimash Qudaibergen,https://www.ticketmaster.com.mx/dimash-qudaibergen-zapopan-17-11-2026/event/140064C4957352A6,2026-11-17,20:00:00,onsale,Dimash Qudaibergen,Auditorio Telmex,Zapopan,Jalisco,Mexico,20.73324,-103.38112,Music,Pop,False,False,2026,11,November,1,OCESA
RaiNao,https://www.ticketmaster.com.mx/rainao-ciudad-de-mexico-18-11-2026/event/3D0064FAB1675A4D,2026-11-18,21:00:00,onsale,RaiNao,El Lunario del Auditorio Nacional,Ciudad de México,Ciudad de México,Mexico,19.424682,-99.1954,Music,R&B,False,False,2026,11,November,1,MONDIAL PRICE 1
Arde Bogota,https://www.ticketmaster.com.mx/arde-bogota-mexico-19-11-2026/event/140064BE8ABA5C83,2026-11-19,20:30:00,onsale,Arde Bogota,Teatro Metropolitan,Ciudad de México,Ciudad de México,Mexico,19.433457,-99.146811,Music,Rock,False,False,2026,11,November,1,OCESA
Cafres y Estrambóticos,https://www.ticketmaster.com.mx/cafres-y-estramboticos-ciudad-de-mexico-19-11-2026/event/3D0064ADC21E979E,2026-11-19,20:30:00,onsale,"Los Cafres, Los Estramboticos",Auditorio Nacional,Ciudad de México,Ciudad de México,Mexico,19.424648,-99.19484,Music,Reggae,False,False,2026,11,November,1,OCESA
Dimash Qudaibergen,https://www.ticketmaster.com.mx/dimash-qudaibergen-ciudad-de-mexico-19-11-2026/event/140064C499605A9D,2026-11-19,20:00:00,onsale,Dimash Qudaibergen,Palacio de los Deportes,Ciudad de México,Ciudad de México,Mexico,19.4015408,-99.0980606,Music,Pop,False,False,2026,11,November,1,OCESA
"Kalimba ""Christmas Soul""",https://www.ticketmaster.com.mx/kalimba-christmas-soul-mexico-19-11-2026/event/3D0064E79FC01D9A,2026-11-19,21:30:00,onsale,Kalimba,La Maraka,Ciudad de México,Ciudad de México,Mexico,19.3865108,-99.1631775,Music,Latin,False,False,2026,11,November,1,MONDIAL PRICE 1
"María San Felipe ""Por si Volvieras""",https://www.ticketmaster.com.mx/maria-san-felipe-por-si-volvieras-ciudad-de-mexico-19-11-2026/event/3D0064C4B6037318,2026-11-19,21:00:00,onsale,María San Felipe,El Lunario del Auditorio Nacional,Ciudad de México,Ciudad de México,Mexico,19.424682,-99.1954,Music,Pop,False,False,2026,11,November,1,MONDIAL PRICE 1
Orquesta Nacional de Jazz,https://www.ticketmaster.com.mx/orquesta-nacional-de-jazz-mexico-19-11-2026/event/3D0064CC01D77F30,2026-11-19,20:00:00,onsale,Orquesta Nacional de Jazz,Teatro de la Ciudad Esperanza Iris,Ciudad de México,Ciudad de México,Mexico,19.4366936,-99.1394375,Arts & Theatre,Music,False,False,2026,11,November,1,MONDIAL PRICE 1
Caloncho,https://www.ticketmaster.com.mx/caloncho-monterrey-19-11-2026/event/14006453E269576B,2026-11-19,21:00:00,onsale,Caloncho,Escenario GNP Seguros,Monterrey,Nuevo León,Mexico,25.666135,-100.316726,Music,Rock,False,False,2026,11,November,1,MONDIAL PRICE 1
David Bisbal Tour Eternos 2026,https://www.ticketmaster.com.mx/david-bisbal-tour-eternos-2026-zapopan-19-11-2026/event/140064AEA316888A,2026-11-19,21:00:00,onsale,David Bisbal,Auditorio Telmex,Zapopan,Jalisco,Mexico,20.73324,-103.38112,Music,Pop,False,False,2026,11,November,1,OCESA
Abono Banamex Plus Corona Capital 2026,https://www.ticketmaster.com.mx/abono-banamex-plus-corona-capital-2026-mexico-20-11-2026/event/14006499E967D4F2,2026-11-20,,onsale,"Corona Capital, Absolutely, Anna Luna, Chezile, CHVRCHES, CMAT, Daniel Caesar, Durand Jones & The Indications, Fcukers, Friko, Gorillaz, Grace Ives, Hot Milk, James Blake, JMSN, Mumford & Sons, Olive Jones, RIP Magic, SOFIA ISELLA, The Kooks, Thee Sinseers, Violet Grohl, Yung Lean, Baby Queen, Balu Brigada, Børns, Dope Lemon, Jordana, Maisie Peters, Militarie Gun, Mother Mother, New Constellations, Peaches, Pierce The Veil, Princess Chelsea, Quarters, Rikas, Sawyer Hill, Strawberry Guy, The Hellp, The Offspring, Twenty One Pilots, Underworld, We Are Scientists, Σtella, Angine de Poitrine, Bad Suns, BUNT., Ela Minus, Freak Slug, Good Kid, Johnny Marr, Lil Yachty, Lola Young, Loyle Carner, Manic Street Preachers, Moyka, Ninajirachi, PURITY RING, Ratboys, Rev Run, Roar, Santigold, The Black Crowes, The Strokes, The xx, Tipling Rock, Tricky, Darianna Everett, MS*Gloom, Céline Dessberg",Autodromo Hnos. Rodriguez,Ciudad de México,Ciudad de México,Mexico,19.402829,-99.089247,Music,Sin clasificar,True,False,2026,11,November,1,OCESA
Abono Banamex Stage Vip Time Warp,https://www.ticketmaster.com.mx/abono-banamex-stage-vip-time-warp-mexico-20-11-2026/event/14006498D856EE30,2026-11-20,,onsale,Time Warp,Expo Santa Fe,Ciudad de México,Ciudad de México,Mexico,19.36337191,-99.26287561,Music,Sin clasificar,False,False,2026,11,November,1,OCESA
Abono Comfort Pass Banamex Corona Capital 2026,https://www.ticketmaster.com.mx/abono-comfort-pass-banamex-corona-capital-mexico-20-11-2026/event/14006499D8B1B7DC,2026-11-20,,onsale,"Corona Capital, Absolutely, Anna Luna, Chezile, CHVRCHES, CMAT, Daniel Caesar, Durand Jones & The Indications, Fcukers, Friko, Gorillaz, Grace Ives, Hot Milk, James Blake, JMSN, Mumford & Sons, Olive Jones, RIP Magic, SOFIA ISELLA, The Kooks, Thee Sinseers, Violet Grohl, Yung Lean, Baby Queen, Balu Brigada, Børns, Dope Lemon, Jordana, Maisie Peters, Militarie Gun, Mother Mother, New Constellations, Peaches, Pierce The Veil, Princess Chelsea, Quarters, Rikas, Sawyer Hill, Strawberry Guy, The Hellp, The Offspring, Twenty One Pilots, Underworld, We Are Scientists, Σtella, Angine de Poitrine, Bad Suns, BUNT., Ela Minus, Freak Slug, Good Kid, Johnny Marr, Lil Yachty, Lola Young, Loyle Carner, Manic Street Preachers, Moyka, Ninajirachi, PURITY RING, Ratboys, Rev Run, Roar, Santigold, The Black Crowes, The Strokes, The xx, Tipling Rock, Tricky, Darianna Everett, MS*Gloom, Céline Dessberg",Autodromo Hnos. Rodriguez,Ciudad de México,Ciudad de México,Mexico,19.402829,-99.089247,Music,Sin clasificar,True,False,2026,11,November,1,OCESA
Abono General 3 días Corona Capital 2026,https://www.ticketmaster.com.mx/abono-general-3-dias-corona-capital-mexico-20-11-2026/event/14006499D700B533,2026-11-20,,onsale,"Corona Capital, Absolutely, Anna Luna, Chezile, CHVRCHES, CMAT, Daniel Caesar, Durand Jones & The Indications, Fcukers, Friko, Gorillaz, Grace Ives, Hot Milk, James Blake, JMSN, Mumford & Sons, Olive Jones, RIP Magic, SOFIA ISELLA, The Kooks, Thee Sinseers, Violet Grohl, Yung Lean, Baby Queen, Balu Brigada, Børns, Dope Lemon, Jordana, Maisie Peters, Militarie Gun, Mother Mother, New Constellations, Peaches, Pierce The Veil, Princess Chelsea, Quarters, Rikas, Sawyer Hill, Strawberry Guy, The Hellp, The Offspring, Twenty One Pilots, Underworld, We Are Scientists, Σtella, Angine de Poitrine, Bad Suns, BUNT., Ela Minus, Freak Slug, Good Kid, Johnny Marr, Lil Yachty, Lola Young, Loyle Carner, Manic Street Preachers, Moyka, Ninajirachi, PURITY RING, Ratboys, Rev Run, Roar, Santigold, The Black Crowes, The Strokes, The xx, Tipling Rock, Tricky, Darianna Everett, MS*Gloom, Céline Dessberg",Autodromo Hnos. Rodriguez,Ciudad de México,Ciudad de México,Mexico,19.402829,-99.089247,Music,Sin clasificar,True,False,2026,11,November,1,OCESA
Abono General Time Warp,https://www.ticketmaster.com.mx/abono-general-time-warp-mexico-20-11-2026/event/14006497EE433B9B,2026-11-20,,onsale,Time Warp,Expo Santa Fe,Ciudad de México,Ciudad de México,Mexico,19.36337191,-99.26287561,Music,Sin clasificar,False,False,2026,11,November,1,OCESA
Dimash Qudaibergen,https://www.ticketmaster.com.mx/dimash-qudaibergen-ciudad-de-mexico-20-11-2026/event/140064C49B1F5DB4,2026-11-20,20:00:00,onsale,Dimash Qudaibergen,Palacio de los Deportes,Ciudad de México,Ciudad de México,Mexico,19.4015408,-99.0980606,Music,Pop,False,False,2026,11,November,1,OCESA
Francisca Valenzuela MALDITA Tour,https://www.ticketmaster.com.mx/francisca-valenzuela-maldita-tour-mexico-20-11-2026/event/3D0064B59E9E8DA5,2026-11-20,21:00:00,onsale,Francisca Valenzuela,Foro Puebla,Ciudad de México,Ciudad de México,Mexico,19.422158,-99.164129,Music,Latin,False,False,2026,11,November,1,MONDIAL PRICE 1
Individual Banamex Plus Corona Capital 2026,https://www.ticketmaster.com.mx/individual-banamex-plus-corona-capital-2026-mexico-20-11-2026/event/14006499F22BE35A,2026-11-20,14:00:00,onsale,"Corona Capital, Absolutely, Anna Luna, Chezile, CHVRCHES, CMAT, Daniel Caesar, Durand Jones & The Indications, Fcukers, Friko, Gorillaz, Grace Ives, Hot Milk, James Blake, JMSN, Mumford & Sons, Olive Jones, RIP Magic, SOFIA ISELLA, The Kooks, Thee Sinseers, Violet Grohl, Yung Lean, Darianna Everett",Autodromo Hnos. Rodriguez,Ciudad de México,Ciudad de México,Mexico,19.402829,-99.089247,Music,Sin clasificar,True,False,2026,11,November,1,OCESA
Individual Comfort Pass Banamex Corona Capital 2026,https://www.ticketmaster.com.mx/individual-comfort-pass-banamex-corona-capital-mexico-20-11-2026/event/14006499FAF2F21C,2026-11-20,14:00:00,onsale,"Corona Capital, Absolutely, Anna Luna, Chezile, CHVRCHES, CMAT, Daniel Caesar, Durand Jones & The Indications, Fcukers, Friko, Gorillaz, Grace Ives, Hot Milk, James Blake, JMSN, Mumford & Sons, Olive Jones, RIP Magic, SOFIA ISELLA, The Kooks, Thee Sinseers, Violet Grohl, Yung Lean, Darianna Everett",Autodromo Hnos. Rodriguez,Ciudad de México,Ciudad de México,Mexico,19.402829,-99.089247,Music,Sin clasificar,True,False,2026,11,November,1,OCESA
Individual General Corona Capital 2026,https://www.ticketmaster.com.mx/individual-general-corona-capital-2026-mexico-20-11-2026/event/14006499FA57F0FC,2026-11-20,14:00:00,onsale,"Corona Capital, Absolutely, Anna Luna, Chezile, CHVRCHES, CMAT, Daniel Caesar, Durand Jones & The Indications, Fcukers, Friko, Gorillaz, Grace Ives, Hot Milk, James Blake, JMSN, Mumford & Sons, Olive Jones, RIP Magic, SOFIA ISELLA, The Kooks, Thee Sinseers, Violet Grohl, Yung Lean, Darianna Everett",Autodromo Hnos. Rodriguez,Ciudad de México,Ciudad de México,Mexico,19.402829,-99.089247,Music,Sin clasificar,True,False,2026,11,November,1,OCESA
"Kalimba ""Christmas Soul""",https://www.ticketmaster.com.mx/kalimba-christmas-soul-mexico-20-11-2026/event/3D0064F0E1EF7CDC,2026-11-20,21:30:00,onsale,Kalimba,La Maraka,Ciudad de México,Ciudad de México,Mexico,19.3865108,-99.1631775,Music,Latin,False,False,2026,11,November,1,MONDIAL PRICE 1
Los Angeles Azules,https://www.ticketmaster.com.mx/los-angeles-azules-ciudad-de-mexico-20-11-2026/event/3D0064F28ED428E3,2026-11-20,20:30:00,onsale,Los Angeles Azules,Auditorio Nacional,Ciudad de México,Ciudad de México,Mexico,19.424648,-99.19484,Music,Latin,False,False,2026,11,November,1,OCESA
Nuestros Boleros de Cantina. Carlos Carreira y Salvador Aponte,https://www.ticketmaster.com.mx/nuestros-boleros-de-cantina-carlos-carreira-mexico-20-11-2026/event/3D0064D69F0A1B7E,2026-11-20,20:30:00,onsale,Nuestros Boleros de Cantina. Carlos Carreira y Salvador Aponte.,El Cantoral ,Ciudad de México,Ciudad de México,Mexico,19.361737,-99.166137,Music,Ballads/Romantic,False,False,2026,11,November,1,MONDIAL PRICE 1
LP,https://www.ticketmaster.com.mx/lp-monterrey-20-11-2026/event/140064A8B2CCE5E2,2026-11-20,21:00:00,onsale,LP,Escenario GNP Seguros,Monterrey,Nuevo León,Mexico,25.666135,-100.316726,Music,Rock,False,False,2026,11,November,1,MONDIAL PRICE 1
La Barranca,https://www.ticketmaster.com.mx/la-barranca-col-centro-monterrey-20-11-2026/event/3D0064F99B80358E,2026-11-20,21:00:00,onsale,La Barranca,Foro Corona Monterrey,Monterrey,Nuevo León,Mexico,25.66646204,-100.31681661,Music,Rock,False,False,2026,11,November,1,MONDIAL PRICE 1
Los Auténticos Caligaris,https://www.ticketmaster.com.mx/los-autenticos-caligaris-monterrey-20-11-2026/event/1400646D876F4E01,2026-11-20,21:00:00,onsale,"Los Autenticos Caligaris, Los Auténticos Decadentes, Los Caligaris",Auditorio Banamex,Monterrey,Nuevo León,Mexico,25.67765795,-100.28085777,Music,Rock,False,False,2026,11,November,1,MONDIAL PRICE 1
Morat,https://www.ticketmaster.com.mx/morat-tlajomulco-de-zuniga-20-11-2026/event/3D006481E9AB6161,2026-11-20,21:00:00,onsale,Morat,Arena VFG,Tlajomulco de Zuñiga,Jalisco,Mexico,20.467193,-103.263489,Music,Pop,False,False,2026,11,November,1,OCESA
Enjambre,https://www.ticketmaster.com.mx/enjambre-zapopan-20-11-2026/event/1400648999C16124,2026-11-20,21:00:00,onsale,Enjambre,Auditorio Telmex,Zapopan,Jalisco,Mexico,20.73324,-103.38112,Music,Latin,False,False,2026,11,November,1,MONDIAL PRICE 1
Abono Ciclo De Jazz,https://www.ticketmaster.com.mx/abono-ciclo-de-jazz-mexico-21-11-2026/event/3D0064A8C13C7BF8,2026-11-21,19:30:00,onsale,Ciclo NY Jazz All Stars,Teatro de la Ciudad Esperanza Iris,Ciudad de México,Ciudad de México,Mexico,19.4366936,-99.1394375,Music,Jazz,False,False,2026,11,November,1,MONDIAL PRICE 3
Benny,https://www.ticketmaster.com.mx/benny-mexico-21-11-2026/event/140064F28F5641F8,2026-11-21,20:00:00,onsale,Benny,Teatro Metropolitan,Ciudad de México,Ciudad de México,Mexico,19.433457,-99.146811,Music,Rock,False,False,2026,11,November,1,OCESA
Christian Sands Quartet,https://www.ticketmaster.com.mx/christian-sands-quartet-mexico-21-11-2026/event/3D00642992AA291E,2026-11-21,19:30:00,onsale,"Christian Sands, Ciclo NY Jazz All Stars",Teatro de la Ciudad Esperanza Iris,Ciudad de México,Ciudad de México,Mexico,19.4366936,-99.1394375,Music,Jazz,False,False,2026,11,November,1,MONDIAL PRICE 1
Cuarteto de Nos,https://www.ticketmaster.com.mx/cuarteto-de-nos-ciudad-de-mexico-21-11-2026/event/140064FCADEF9CF1,2026-11-21,20:00:00,onsale,Cuarteto de Nos,Palacio de los Deportes,Ciudad de México,Ciudad de México,Mexico,19.4015408,-99.0980606,Music,Rock,False,False,2026,11,November,1,OCESA
Individual Banamex Plus Corona Capital 2026,https://www.ticketmaster.com.mx/individual-banamex-plus-corona-capital-2026-mexico-21-11-2026/event/14006499F53FE84A,2026-11-21,14:00:00,onsale,"Corona Capital, Baby Queen, Balu Brigada, Børns, Dope Lemon, Jordana, Maisie Peters, Militarie Gun, Mother Mother, New Constellations, Peaches, Pierce The Veil, Princess Chelsea, Quarters, Rikas, Sawyer Hill, Strawberry Guy, The Hellp, The Offspring, Twenty One Pilots, Underworld, We Are Scientists, Σtella, MS*Gloom",Autodromo Hnos. Rodriguez,Ciudad de México,Ciudad de México,Mexico,19.402829,-99.089247,Music,Sin clasificar,True,False,2026,11,November,1,OCESA
Individual Comfort Pass Banamex Corona Capital 2026,https://www.ticketmaster.com.mx/individual-comfort-pass-banamex-corona-capital-mexico-21-11-2026/event/14006499FC7EF53A,2026-11-21,14:00:00,onsale,"Corona Capital, Baby Queen, Balu Brigada, Børns, Dope Lemon, Jordana, Maisie Peters, Militarie Gun, Mother Mother, New Constellations, Peaches, Pierce The Veil, Princess Chelsea, Quarters, Rikas, Sawyer Hill, Strawberry Guy, The Hellp, The Offspring, Twenty One Pilots, Underworld, We Are Scientists, Σtella, MS*Gloom",Autodromo Hnos. Rodriguez,Ciudad de México,Ciudad de México,Mexico,19.402829,-99.089247,Music,Sin clasificar,True,False,2026,11,November,1,OCESA
Individual General Corona Capital 2026,https://www.ticketmaster.com.mx/individual-general-corona-capital-2026-mexico-21-11-2026/event/14006499FB2DF28E,2026-11-21,14:00:00,onsale,"Corona Capital, Baby Queen, Balu Brigada, Børns, Dope Lemon, Jordana, Maisie Peters, Militarie Gun, Mother Mother, New Constellations, Peaches, Pierce The Veil, Princess Chelsea, Quarters, Rikas, Sawyer Hill, Strawberry Guy, The Hellp, The Offspring, Twenty One Pilots, Underworld, We Are Scientists, Σtella, MS*Gloom",Autodromo Hnos. Rodriguez,Ciudad de México,Ciudad de México,Mexico,19.402829,-99.089247,Music,Sin clasificar,True,False,2026,11,November,1,OCESA
"Kalimba ""Christmas Soul",https://www.ticketmaster.com.mx/kalimba-christmas-soul-mexico-21-11-2026/event/3D0064E7E8084DD1,2026-11-21,21:30:00,onsale,Kalimba,La Maraka,Ciudad de México,Ciudad de México,Mexico,19.3865108,-99.1631775,Music,Latin,False,False,2026,11,November,1,MONDIAL PRICE 1
La marimba teje un puente entre México y Japón,https://www.ticketmaster.com.mx/la-marimba-teje-un-puente-entre-mexico-21-11-2026/event/3D0064FDFA588641,2026-11-21,19:00:00,onsale,,TEATRO SERGIO MAGAÑA,Ciudad de México,Ciudad de México,Mexico,19.4457073,-99.1606674,Music,World,False,False,2026,11,November,1,MONDIAL PRICE 3
Los Angeles Azules,https://www.ticketmaster.com.mx/los-angeles-azules-ciudad-de-mexico-21-11-2026/event/3D0064F28F9D2986,2026-11-21,20:00:00,onsale,Los Angeles Azules,Auditorio Nacional,Ciudad de México,Ciudad de México,Mexico,19.424648,-99.19484,Music,Latin,False,False,2026,11,November,1,OCESA
Malcriada,https://www.ticketmaster.com.mx/malcriada-mexico-21-11-2026/event/14006488A27778BB,2026-11-21,20:30:00,onsale,Malcriada,Pabellón del Palacio de los Deportes,Ciudad de México,Ciudad de México,Mexico,19.4015408,-99.0980606,Music,Rock,False,False,2026,11,November,1,OCESA
"Playa Limbo en El Cantoral, Donde Quiero Estar Tour Acustico",https://www.ticketmaster.com.mx/playa-limbo-en-el-cantoral-donde-mexico-21-11-2026/event/3D0064B9AAD84EF2,2026-11-21,21:00:00,onsale,Playa Limbo,El Cantoral ,Ciudad de México,Ciudad de México,Mexico,19.361737,-99.166137,Music,Pop,False,False,2026,11,November,1,MONDIAL PRICE 1
David Bisbal Tour Eternos 2026,https://www.ticketmaster.com.mx/david-bisbal-tour-eternos-2026-monterrey-21-11-2026/event/140064AE8B0C490D,2026-11-21,21:00:00,onsale,David Bisbal,Auditorio Banamex,Monterrey,Nuevo León,Mexico,25.67765795,-100.28085777,Music,Pop,False,False,2026,11,November,1,OCESA
Luisa Vox,https://www.ticketmaster.com.mx/luisa-vox-col-centro-monterrey-21-11-2026/event/3D0064A5A4A35226,2026-11-21,21:00:00,onsale,Luisa Vox,Foro Corona Monterrey,Monterrey,Nuevo León,Mexico,25.66646204,-100.31681661,Music,Rock,False,False,2026,11,November,1,MONDIAL PRICE 3
Molotov,https://www.ticketmaster.com.mx/molotov-monterrey-21-11-2026/event/14006488DF2AF3CC,2026-11-21,21:00:00,onsale,Molotov,Escenario GNP Seguros,Monterrey,Nuevo León,Mexico,25.666135,-100.316726,Music,Latin,False,False,2026,11,November,1,MONDIAL PRICE 1
Morat,https://www.ticketmaster.com.mx/morat-tlajomulco-de-zuniga-21-11-2026/event/3D006481ECD262DE,2026-11-21,21:00:00,onsale,Morat,Arena VFG,Tlajomulco de Zuñiga,Jalisco,Mexico,20.467193,-103.263489,Music,Pop,False,False,2026,11,November,1,OCESA
Los Parras,https://www.ticketmaster.com.mx/los-parras-zapopan-21-11-2026/event/140064FCB71FB484,2026-11-21,21:00:00,onsale,Los Parras,Auditorio Telmex,Zapopan,Jalisco,Mexico,20.73324,-103.38112,Music,Latin,False,False,2026,11,November,1,MONDIAL PRICE 1
Grupo G. Permanencia Tour.,https://www.ticketmaster.com.mx/grupo-g-permanencia-tour-mexico-22-11-2026/event/3D00650DE7AC94F0,2026-11-22,20:00:00,onsale,Grupo G,El Cantoral ,Ciudad de México,Ciudad de México,Mexico,19.361737,-99.166137,Music,Latin,False,False,2026,11,November,1,MONDIAL PRICE 1
Individual Banamex Plus Corona Capital 2026,https://www.ticketmaster.com.mx/individual-banamex-plus-corona-capital-2026-mexico-22-11-2026/event/14006499F53FE84C,2026-11-22,14:00:00,onsale,"Corona Capital, Angine de Poitrine, Bad Suns, BUNT., Ela Minus, Freak Slug, Good Kid, Johnny Marr, Lil Yachty, Lola Young, Loyle Carner, Manic Street Preachers, Moyka, Ninajirachi, PURITY RING, Ratboys, Rev Run, Roar, Santigold, The Black Crowes, The Strokes, The xx, Tipling Rock, Tricky, Céline Dessberg",Autodromo Hnos. Rodriguez,Ciudad de México,Ciudad de México,Mexico,19.402829,-99.089247,Music,Sin clasificar,True,False,2026,11,November,1,OCESA
Individual Comfort Pass Banamex Corona Capital 2026,https://www.ticketmaster.com.mx/individual-comfort-pass-banamex-corona-capital-mexico-22-11-2026/event/14006499FC7FF53C,2026-11-22,14:00:00,onsale,"Corona Capital, Angine de Poitrine, Bad Suns, BUNT., Ela Minus, Freak Slug, Good Kid, Johnny Marr, Lil Yachty, Lola Young, Loyle Carner, Manic Street Preachers, Moyka, Ninajirachi, PURITY RING, Ratboys, Rev Run, Roar, Santigold, The Black Crowes, The Strokes, The xx, Tipling Rock, Tricky, Céline Dessberg",Autodromo Hnos. Rodriguez,Ciudad de México,Ciudad de México,Mexico,19.402829,-99.089247,Music,Sin clasificar,True,False,2026,11,November,1,OCESA
Individual General Corona Capital 2026,https://www.ticketmaster.com.mx/individual-general-corona-capital-2026-mexico-22-11-2026/event/14006499FB2EF290,2026-11-22,14:00:00,onsale,"Corona Capital, Angine de Poitrine, Bad Suns, BUNT., Ela Minus, Freak Slug, Good Kid, Johnny Marr, Lil Yachty, Lola Young, Loyle Carner, Manic Street Preachers, Moyka, Ninajirachi, PURITY RING, Ratboys, Rev Run, Roar, Santigold, The Black Crowes, The Strokes, The xx, Tipling Rock, Tricky, Céline Dessberg",Autodromo Hnos. Rodriguez,Ciudad de México,Ciudad de México,Mexico,19.402829,-99.089247,Music,Sin clasificar,True,False,2026,11,November,1,OCESA
LP,https://www.ticketmaster.com.mx/lp-ciudad-de-mexico-22-11-2026/event/3D0064AFB130A07E,2026-11-22,19:00:00,onsale,LP,Auditorio Nacional,Ciudad de México,Ciudad de México,Mexico,19.424648,-99.19484,Music,Rock,False,False,2026,11,November,1,OCESA
Piaf Sinfónico,https://www.ticketmaster.com.mx/piaf-sinfonico-mexico-22-11-2026/event/3D0064C584B428C2,2026-11-22,18:00:00,onsale,Piaf Symphonique,Teatro de la Ciudad Esperanza Iris,Ciudad de México,Ciudad de México,Mexico,19.4366936,-99.1394375,Music,Chanson Francaise,False,False,2026,11,November,1,MONDIAL PRICE 1
Soda Stereo,https://www.ticketmaster.com.mx/soda-stereo-ciudad-de-mexico-23-11-2026/event/140064BCB657E671,2026-11-23,20:00:00,onsale,Soda Stereo,Palacio de los Deportes,Ciudad de México,Ciudad de México,Mexico,19.4015408,-99.0980606,Music,Rock,False,False,2026,11,November,1,OCESA
Love of Lesbian,https://www.ticketmaster.com.mx/love-of-lesbian-mexico-24-11-2026/event/14006505C153BCC6,2026-11-24,20:00:00,onsale,Love of Lesbian,Teatro Metropolitan,Ciudad de México,Ciudad de México,Mexico,19.433457,-99.146811,Music,Pop,False,False,2026,11,November,1,OCESA
Trueno,https://www.ticketmaster.com.mx/trueno-zapopan-24-11-2026/event/140064AE823C36B6,2026-11-24,21:00:00,onsale,Trueno,Auditorio Telmex,Zapopan,Jalisco,Mexico,20.73324,-103.38112,Music,Hip-Hop/Rap,False,False,2026,11,November,1,OCESA
Babasonicos,https://www.ticketmaster.com.mx/babasonicos-ciudad-de-mexico-25-11-2026/event/14006497BA56AD8F,2026-11-25,20:00:00,onsale,Babasonicos,Palacio de los Deportes,Ciudad de México,Ciudad de México,Mexico,19.4015408,-99.0980606,Music,Rock,False,False,2026,11,November,1,OCESA
Giant Rooks,https://www.ticketmaster.com.mx/giant-rooks-mexico-25-11-2026/event/140064A395A941C3,2026-11-25,21:00:00,onsale,Giant Rooks,Teatro Metropolitan,Ciudad de México,Ciudad de México,Mexico,19.433457,-99.146811,Music,Pop,False,False,2026,11,November,1,OCESA
Love of Lesbian,https://www.ticketmaster.com.mx/love-of-lesbian-ciudad-de-mexico-25-11-2026/event/3D006473F1D8966D,2026-11-25,20:30:00,onsale,Love of Lesbian,Auditorio Nacional,Ciudad de México,Ciudad de México,Mexico,19.424648,-99.19484,Music,Pop,False,False,2026,11,November,1,OCESA
LP,https://www.ticketmaster.com.mx/lp-zapopan-25-11-2026/event/140064B0956D6CA9,2026-11-25,21:00:00,onsale,LP,Auditorio Telmex,Zapopan,Jalisco,Mexico,20.73324,-103.38112,Music,Rock,False,False,2026,11,November,1,MONDIAL PRICE 1
"""The Hayley Williams Show"" (General de pie)",https://www.ticketmaster.com.mx/the-hayley-williams-show-general-de-ciudad-de-mexico-26-11-2026/event/3D0064A6A8196315,2026-11-26,19:00:00,onsale,"Hayley Williams, Annie DiRusso",Auditorio Nacional,Ciudad de México,Ciudad de México,Mexico,19.424648,-99.19484,Music,Pop,False,False,2026,11,November,1,OCESA
"""The Hayley Williams Show"" (Numerado) ",https://www.ticketmaster.com.mx/the-hayley-williams-show-numerado-ciudad-de-mexico-26-11-2026/event/3D0064A6A4695E8E,2026-11-26,19:00:00,onsale,"Hayley Williams, Annie DiRusso",Auditorio Nacional,Ciudad de México,Ciudad de México,Mexico,19.424648,-99.19484,Music,Pop,False,False,2026,11,November,1,OCESA
Beto Cuevas,https://www.ticketmaster.com.mx/beto-cuevas-mexico-26-11-2026/event/3D0064C6940446A2,2026-11-26,21:30:00,onsale,Beto Cuevas,La Maraka,Ciudad de México,Ciudad de México,Mexico,19.3865108,-99.1631775,Music,Latin,False,False,2026,11,November,1,MONDIAL PRICE 1
Festival Fado México | Sara Correia,https://www.ticketmaster.com.mx/festival-fado-mexico-sara-correia-mexico-26-11-2026/event/3D00647A9C413DDC,2026-11-26,20:00:00,onsale,Fado,Teatro de la Ciudad Esperanza Iris,Ciudad de México,Ciudad de México,Mexico,19.4366936,-99.1394375,Film,Music,True,False,2026,11,November,1,MONDIAL PRICE 1
Helado Tropical (Helado Negro & Reyna Tropical),https://www.ticketmaster.com.mx/helado-tropical-helado-negro-reyna-tropical-ciudad-de-mexico-26-11-2026/event/3D0064D2F0967332,2026-11-26,20:30:00,onsale,Helado Negro,El Lunario del Auditorio Nacional,Ciudad de México,Ciudad de México,Mexico,19.424682,-99.1954,Music,Latin,False,False,2026,11,November,1,MONDIAL PRICE 1
Helado Tropical (Helado Negro & Reyna Tropical) VIP + MEET&GREET,https://www.ticketmaster.com.mx/helado-tropical-helado-negro-reyna-tropical-ciudad-de-mexico-26-11-2026/event/3D0064D2F1D973CD,2026-11-26,20:30:00,onsale,Helado Negro,El Lunario del Auditorio Nacional,Ciudad de México,Ciudad de México,Mexico,19.424682,-99.1954,Music,Latin,False,False,2026,11,November,1,MONDIAL PRICE 1
Nacho Vegas,https://www.ticketmaster.com.mx/nacho-vegas-mexico-26-11-2026/event/1400648881B6296D,2026-11-26,20:30:00,onsale,Nacho Vegas,Teatro Metropolitan,Ciudad de México,Ciudad de México,Mexico,19.433457,-99.146811,Music,World,False,False,2026,11,November,1,OCESA
Six Sex,https://www.ticketmaster.com.mx/six-sex-col-centro-monterrey-26-11-2026/event/3D0064E6DEAD340B,2026-11-26,21:00:00,onsale,Six Sex,Foro Corona Monterrey,Monterrey,Nuevo León,Mexico,25.66646204,-100.31681661,Music,Latin,False,False,2026,11,November,1,MONDIAL PRICE 1
Trueno,https://www.ticketmaster.com.mx/trueno-monterrey-26-11-2026/event/14006491A9838E24,2026-11-26,21:00:00,onsale,Trueno,Auditorio Banamex,Monterrey,Nuevo León,Mexico,25.67765795,-100.28085777,Music,Hip-Hop/Rap,False,False,2026,11,November,1,MONDIAL PRICE 1
Babasonicos,https://www.ticketmaster.com.mx/babasonicos-zapopan-26-11-2026/event/3D00637695A13056,2026-11-26,21:00:00,onsale,Babasonicos,Teatro Estudio Cavaret,Zapopan,Jalisco,Mexico,20.736739,-103.378417,Music,Rock,False,False,2026,11,November,1,MONDIAL PRICE 1
Superarte JQ & LT M&G UPGRADE (Boleto de evento no incluido),https://www.ticketmaster.com.mx/superarte-jq-lt-mg-upgrade-boleto-zapopan-26-11-2026/event/140064FDF3BBDCDE,2026-11-26,21:00:00,onsale,"Lenny Tavárez, Justin Quiles",Auditorio Telmex,Zapopan,Jalisco,Mexico,20.73324,-103.38112,Miscellaneous,Sin clasificar,False,False,2026,11,November,1,MONDIAL PRICE 1
Superarte Justin Q & Lenny T,https://www.ticketmaster.com.mx/superarte-justin-q-lenny-t-zapopan-26-11-2026/event/140064B2E211CEB5,2026-11-26,21:00:00,onsale,"Justin Quiles, Lenny Tavárez",Auditorio Telmex,Zapopan,Jalisco,Mexico,20.73324,-103.38112,Music,Latin,False,False,2026,11,November,1,OCESA
Caloncho,https://www.ticketmaster.com.mx/caloncho-ciudad-de-mexico-27-11-2026/event/3D00647EA85A2D3A,2026-11-27,20:30:00,onsale,Caloncho,Auditorio Nacional,Ciudad de México,Ciudad de México,Mexico,19.424648,-99.19484,Music,Rock,False,False,2026,11,November,1,MONDIAL PRICE 1
Caloncho (General de pie),https://www.ticketmaster.com.mx/caloncho-general-de-pie-ciudad-de-mexico-27-11-2026/event/3D00647EA17229F6,2026-11-27,20:30:00,onsale,Caloncho,Auditorio Nacional,Ciudad de México,Ciudad de México,Mexico,19.424648,-99.19484,Music,Rock,False,False,2026,11,November,1,MONDIAL PRICE 1
KATSEYE:  THE WILDWORLD TOUR ,https://www.ticketmaster.com.mx/katseye-the-wildworld-tour-ciudad-de-mexico-27-11-2026/event/140064AB8D982D1C,2026-11-27,20:00:00,onsale,KATSEYE,Palacio de los Deportes,Ciudad de México,Ciudad de México,Mexico,19.4015408,-99.0980606,Music,Pop,False,False,2026,11,November,1,OCESA
Los Autenticos Caligaris,https://www.ticketmaster.com.mx/los-autenticos-caligaris-ciudad-de-mexico-27-11-2026/event/1400649EB160C549,2026-11-27,21:00:00,onsale,"Los Autenticos Caligaris, Los Caligaris, Los Auténticos Decadentes",Estadio GNP Seguros,Ciudad de México,Ciudad de México,Mexico,19.405199,-99.095618,Music,Rock,False,False,2026,11,November,1,OCESA
Nasa Histoires,https://www.ticketmaster.com.mx/nasa-histoires-mexico-27-11-2026/event/1400638DAB508C87,2026-11-27,20:30:00,onsale,Nasa Histoires,Teatro Metropolitan,Ciudad de México,Ciudad de México,Mexico,19.433457,-99.146811,Music,Other,False,False,2026,11,November,1,OCESA
Nikki Clan y Kudai,https://www.ticketmaster.com.mx/nikki-clan-y-kudai-mexico-27-11-2026/event/3D0064C8F95A4D26,2026-11-27,21:30:00,onsale,"Kudai, Nikki Clan",La Maraka,Ciudad de México,Ciudad de México,Mexico,19.3865108,-99.1631775,Music,Rock,False,False,2026,11,November,1,MONDIAL PRICE 1
Røz,https://www.ticketmaster.com.mx/rz-mexico-27-11-2026/event/140064A3A8E56521,2026-11-27,20:00:00,onsale,Røz,Pepsi Center,Ciudad de México,Ciudad de México,Mexico,19.3934097,-99.1758118,Music,Dance/Electronic,False,False,2026,11,November,1,OCESA
Porter,https://www.ticketmaster.com.mx/porter-guadalajara-27-11-2026/event/3D006450B85949E2,2026-11-27,21:00:00,onsale,Porter,Teatro Diana (GDL),Guadalajara,Jalisco,Mexico,20.665434,-103.349341,Music,Rock,False,False,2026,11,November,1,MONDIAL PRICE 1
Kakkmaddafakka,https://www.ticketmaster.com.mx/kakkmaddafakka-col-centro-monterrey-27-11-2026/event/3D006454EEC96E1C,2026-11-27,21:00:00,onsale,Kakkmaddafakka,Foro Corona Monterrey,Monterrey,Nuevo León,Mexico,25.66646204,-100.31681661,Music,Rock,False,False,2026,11,November,1,MONDIAL PRICE 1
Maria Jose,https://www.ticketmaster.com.mx/maria-jose-monterrey-27-11-2026/event/140064F5F5AAEB37,2026-11-27,21:00:00,onsale,Maria Jose,Auditorio Banamex,Monterrey,Nuevo León,Mexico,25.67765795,-100.28085777,Music,Latin,False,False,2026,11,November,1,MONDIAL PRICE 1
Abono Banamex Plus 2 Días Coca Cola Flow Fest 2026,https://www.ticketmaster.com.mx/abono-banamex-plus-2-dias-coca-mexico-28-11-2026/event/140064AC94BE42AD,2026-11-28,,onsale,"Flow Fest, Anuel AA, Tito Double P, Chencho Corleone, Manuel Turizo, Ñengo Flow, Zion, El Bogueto, Tokischa, Kevin Roldan, Ken-Y, Clarent, Noriel, Uzielito Mix, C.R.O, Eme Malafe, legallyrxx, Six Sex, Alanis Yuki, DJ Ish, Grupo Frontera, Ozuna, Kali Uchis, Yandel, Trueno, Tito El Bambino, Farruko, Dei V, Alleh, J Alvarez, FloyyMenor, Yan Block, Kybba, YSY A, Kidd Voodoo, Natt Calma, A.Chal, Doony Graff, Mila, Sinaka, Tobal MJ, Loyaltty, Seven Kayne, Ivy Wavy, DJ Blass, Lauty Gram, Denna La Pori, Flvckka, Chzter, Ikoniko, Pepo Mix, Lucas Gael, Daizak, Martinwhite, Pablito Mix, Low Clika, Novato El Flow, Cael Roldan, Robot95, Tuli Acosta, Rivvaa, Plastikboy, Jozzee, Dam Dam, DJ Freshly, Jose Alatorre, Bvbba Dvbs",Autodromo Hnos. Rodriguez,Ciudad de México,Ciudad de México,Mexico,19.402829,-99.089247,Music,Sin clasificar,True,False,2026,11,November,1,OCESA
Abono Comfort Pass Banamex Pase de 2 Días Coca Cola Flow Fest 2026,https://www.ticketmaster.com.mx/abono-comfort-pass-banamex-pase-de-mexico-28-11-2026/event/140064ACA1705BED,2026-11-28,,onsale,"Flow Fest, Anuel AA, Tito Double P, Chencho Corleone, Manuel Turizo, Ñengo Flow, Zion, El Bogueto, Tokischa, Kevin Roldan, Ken-Y, Clarent, Noriel, Uzielito Mix, C.R.O, Eme Malafe, legallyrxx, Six Sex, Alanis Yuki, DJ Ish, Grupo Frontera, Ozuna, Kali Uchis, Yandel, Trueno, Tito El Bambino, Farruko, Dei V, Alleh, J Alvarez, FloyyMenor, Yan Block, Kybba, YSY A, Kidd Voodoo, Natt Calma, A.Chal, Doony Graff, Mila, Sinaka, Tobal MJ, Loyaltty, Seven Kayne, Ivy Wavy, DJ Blass, Lauty Gram, Denna La Pori, Flvckka, Chzter, Ikoniko, Pepo Mix, Lucas Gael, Daizak, Martinwhite, Pablito Mix, Low Clika, Novato El Flow, Cael Roldan, Robot95, Tuli Acosta, Rivvaa, Plastikboy, Jozzee, Dam Dam, DJ Freshly, Jose Alatorre, Bvbba Dvbs",Autodromo Hnos. Rodriguez,Ciudad de México,Ciudad de México,Mexico,19.402829,-99.089247,Music,Sin clasificar,True,False,2026,11,November,1,OCESA
Abono General Pase de 2 Días Coca Cola Flow Fest 2026,https://www.ticketmaster.com.mx/abono-general-pase-de-2-dias-mexico-28-11-2026/event/140064AC944D40CB,2026-11-28,,onsale,"Flow Fest, Anuel AA, Tito Double P, Chencho Corleone, Manuel Turizo, Ñengo Flow, Zion, El Bogueto, Tokischa, Kevin Roldan, Ken-Y, Clarent, Noriel, Uzielito Mix, C.R.O, Eme Malafe, legallyrxx, Six Sex, Alanis Yuki, DJ Ish, Grupo Frontera, Ozuna, Kali Uchis, Yandel, Trueno, Tito El Bambino, Farruko, Dei V, Alleh, J Alvarez, FloyyMenor, Yan Block, Kybba, YSY A, Kidd Voodoo, Natt Calma, A.Chal, Doony Graff, Mila, Sinaka, Tobal MJ, Loyaltty, Seven Kayne, Ivy Wavy, DJ Blass, Lauty Gram, Denna La Pori, Flvckka, Chzter, Ikoniko, Pepo Mix, Lucas Gael, Daizak, Martinwhite, Pablito Mix, Low Clika, Novato El Flow, Cael Roldan, Robot95, Tuli Acosta, Rivvaa, Plastikboy, Jozzee, Dam Dam, DJ Freshly, Jose Alatorre, Bvbba Dvbs",Autodromo Hnos. Rodriguez,Ciudad de México,Ciudad de México,Mexico,19.402829,-99.089247,Music,Sin clasificar,True,False,2026,11,November,1,OCESA
Disco Bahía - El rey del Glam,https://www.ticketmaster.com.mx/disco-bahia-el-rey-del-glam-mexico-28-11-2026/event/140064AFF2BFC184,2026-11-28,20:00:00,onsale,Disco Bahía,Auditorio BB,Ciudad de México,Ciudad de México,Mexico,19.4080696,-99.1678772,Music,Pop,False,False,2026,11,November,1,OCESA
Individual Banamex Plus Coca Flow Fest 2026,https://www.ticketmaster.com.mx/individual-banamex-plus-coca-flow-fest-mexico-28-11-2026/event/140064ACB1C07DC9,2026-11-28,14:00:00,onsale,"Flow Fest, Anuel AA, Tito Double P, Chencho Corleone, Manuel Turizo, Ñengo Flow, Zion, El Bogueto, Tokischa, Kevin Roldan, Ken-Y, Clarent, Noriel, Uzielito Mix, C.R.O, Eme Malafe, legallyrxx, Six Sex, Alanis Yuki, DJ Ish, Grupo Frontera, Sinaka, Tobal MJ, Loyaltty, Seven Kayne, Ivy Wavy, DJ Blass, Lauty Gram, Denna La Pori, Flvckka, Chzter, Ikoniko, Pepo Mix, Lucas Gael, Daizak",Autodromo Hnos. Rodriguez,Ciudad de México,Ciudad de México,Mexico,19.402829,-99.089247,Music,Sin clasificar,True,False,2026,11,November,1,OCESA
Individual Comfort Pass Banamex Coca Flow Fest 2026,https://www.ticketmaster.com.mx/individual-comfort-pass-banamex-coca-flow-mexico-28-11-2026/event/140064AC98ED49F2,2026-11-28,14:00:00,onsale,"Flow Fest, Anuel AA, Tito Double P, Chencho Corleone, Manuel Turizo, Ñengo Flow, Zion, El Bogueto, Tokischa, Kevin Roldan, Ken-Y, Clarent, Noriel, Uzielito Mix, C.R.O, Eme Malafe, legallyrxx, Six Sex, Alanis Yuki, DJ Ish, Grupo Frontera, Sinaka, Tobal MJ, Loyaltty, Seven Kayne, Ivy Wavy, DJ Blass, Lauty Gram, Denna La Pori, Flvckka, Chzter, Ikoniko, Pepo Mix, Lucas Gael, Daizak",Autodromo Hnos. Rodriguez,Ciudad de México,Ciudad de México,Mexico,19.402829,-99.089247,Music,Sin clasificar,True,False,2026,11,November,1,OCESA
Individual General Coca Flow Fest 2026,https://www.ticketmaster.com.mx/individual-general-coca-flow-fest-2026-mexico-28-11-2026/event/140064ACAE967642,2026-11-28,14:00:00,onsale,"Flow Fest, Anuel AA, Tito Double P, Chencho Corleone, Manuel Turizo, Ñengo Flow, Zion, El Bogueto, Tokischa, Kevin Roldan, Ken-Y, Clarent, Noriel, Uzielito Mix, C.R.O, Eme Malafe, legallyrxx, Six Sex, Alanis Yuki, DJ Ish, Grupo Frontera, Sinaka, Tobal MJ, Loyaltty, Seven Kayne, Ivy Wavy, DJ Blass, Lauty Gram, Denna La Pori, Flvckka, Chzter, Ikoniko, Pepo Mix, Lucas Gael, Daizak",Autodromo Hnos. Rodriguez,Ciudad de México,Ciudad de México,Mexico,19.402829,-99.089247,Music,Sin clasificar,True,False,2026,11,November,1,OCESA
KATSEYE:  THE WILDWORLD TOUR,https://www.ticketmaster.com.mx/katseye-the-wildworld-tour-ciudad-de-mexico-28-11-2026/event/140064AB8F152FA7,2026-11-28,20:00:00,onsale,KATSEYE,Palacio de los Deportes,Ciudad de México,Ciudad de México,Mexico,19.4015408,-99.0980606,Music,Pop,False,False,2026,11,November,1,OCESA
La marimba teje un puente entre México y Japón,https://www.ticketmaster.com.mx/la-marimba-teje-un-puente-entre-mexico-28-11-2026/event/3D0064FDFA588643,2026-11-28,19:00:00,onsale,,TEATRO SERGIO MAGAÑA,Ciudad de México,Ciudad de México,Mexico,19.4457073,-99.1606674,Music,World,False,False,2026,11,November,1,MONDIAL PRICE 3
Menudo,https://www.ticketmaster.com.mx/menudo-mexico-28-11-2026/event/140064CAB6418670,2026-11-28,20:00:00,onsale,Menudo,Teatro Metropolitan,Ciudad de México,Ciudad de México,Mexico,19.433457,-99.146811,Music,Latin,False,False,2026,11,November,1,OCESA
Nicho Hinojosa & Platanito,https://www.ticketmaster.com.mx/nicho-hinojosa-platanito-mexico-28-11-2026/event/3D00642BB82E6C10,2026-11-28,21:30:00,onsale,Nicho Hinojosa,La Maraka,Ciudad de México,Ciudad de México,Mexico,19.3865108,-99.1631775,Music,Latin,False,False,2026,11,November,1,MONDIAL PRICE 1
Ruido Ibérico,https://www.ticketmaster.com.mx/ruido-iberico-mexico-28-11-2026/event/140064BDC15FC571,2026-11-28,19:00:00,onsale,,Pabellón del Palacio de los Deportes,Ciudad de México,Ciudad de México,Mexico,19.4015408,-99.0980606,Music,Rock,False,False,2026,11,November,1,OCESA
Claridad VIP M&G UPGRADE (Boleto de evento no incluido),https://www.ticketmaster.com.mx/claridad-vip-mg-upgrade-boleto-de-mexico-28-11-2026/event/140064F8A65B684A,2026-11-28,20:00:00,onsale,Menudo,Teatro Metropolitan,Ciudad de México,Ciudad de México,Mexico,19.433457,-99.146811,Miscellaneous,Sin clasificar,False,False,2026,11,November,1,MONDIAL PRICE 1
 Superarte Justin Q & Lenny T,https://www.ticketmaster.com.mx/superarte-justin-q-lenny-t-monterrey-28-11-2026/event/140064B2F4D4F004,2026-11-28,21:00:00,onsale,"Lenny Tavárez, Justin Quiles",Auditorio Banamex,Monterrey,Nuevo León,Mexico,25.67765795,-100.28085777,Music,Latin,False,False,2026,11,November,1,MONDIAL PRICE 1
La Gusana Ciega - Claroscuro ,https://www.ticketmaster.com.mx/la-gusana-ciega-claroscuro-monterrey-28-11-2026/event/140064A5985E5EC9,2026-11-28,21:00:00,onsale,La Gusana Ciega,Escenario GNP Seguros,Monterrey,Nuevo León,Mexico,25.666135,-100.316726,Music,Rock,False,False,2026,11,November,1,MONDIAL PRICE 1
Superarte JQ & LT M&G UPGRADE (Boleto de evento no incluido),https://www.ticketmaster.com.mx/superarte-jq-lt-mg-upgrade-boleto-monterrey-28-11-2026/event/140064FE8627506C,2026-11-28,21:00:00,onsale,"Lenny Tavárez, Justin Quiles",Auditorio Banamex,Monterrey,Nuevo León,Mexico,25.67765795,-100.28085777,Miscellaneous,Sin clasificar,False,False,2026,11,November,1,MONDIAL PRICE 1
Amanda Miguel,https://www.ticketmaster.com.mx/amanda-miguel-zapopan-28-11-2026/event/1400649E015CF441,2026-11-28,21:00:00,onsale,Amanda Miguel,Auditorio Telmex,Zapopan,Jalisco,Mexico,20.73324,-103.38112,Music,Latin,False,False,2026,11,November,1,MONDIAL PRICE 1
Nacho Vegas,https://www.ticketmaster.com.mx/nacho-vegas-zapopan-28-11-2026/event/3D00648AD26B6101,2026-11-28,20:30:00,onsale,Nacho Vegas,Conjunto de Artes Escenicas,Zapopan,Jalisco,Mexico,20.73703643,-103.3805303,Music,World,False,False,2026,11,November,1,MONDIAL PRICE 1
Electrify y Los Daniels,https://www.ticketmaster.com.mx/electrify-y-los-daniels-ciudad-de-mexico-29-11-2026/event/3D00649DA67C5086,2026-11-29,19:00:00,onsale,"Electrify, Los Daniels",El Lunario del Auditorio Nacional,Ciudad de México,Ciudad de México,Mexico,19.424682,-99.1954,Music,Rock,False,False,2026,11,November,1,OCESA
Individual Banamex Plus Coca Flow Fest 2026,https://www.ticketmaster.com.mx/individual-banamex-plus-coca-flow-fest-mexico-29-11-2026/event/140064ACB4B7828B,2026-11-29,14:00:00,onsale,"Flow Fest, Ozuna, Kali Uchis, Yandel, Trueno, Tito El Bambino, Farruko, Dei V, Alleh, J Alvarez, FloyyMenor, Yan Block, Kybba, YSY A, Kidd Voodoo, Natt Calma, A.Chal, Doony Graff, Mila, Martinwhite, Pablito Mix, Low Clika, Novato El Flow, Cael Roldan, Robot95, Tuli Acosta, Rivvaa, Plastikboy, Jozzee, Dam Dam, DJ Freshly, Jose Alatorre, Bvbba Dvbs",Autodromo Hnos. Rodriguez,Ciudad de México,Ciudad de México,Mexico,19.402829,-99.089247,Music,Sin clasificar,True,False,2026,11,November,1,OCESA
Individual Comfort Pass Banamex Coca Flow Fest 2026,https://www.ticketmaster.com.mx/individual-comfort-pass-banamex-coca-flow-mexico-29-11-2026/event/140064AC9AAC4CE7,2026-11-29,14:00:00,onsale,"Flow Fest, Ozuna, Kali Uchis, Yandel, Trueno, Tito El Bambino, Farruko, Dei V, Alleh, J Alvarez, FloyyMenor, Yan Block, Kybba, YSY A, Kidd Voodoo, Natt Calma, A.Chal, Doony Graff, Mila, Martinwhite, Pablito Mix, Low Clika, Novato El Flow, Cael Roldan, Robot95, Tuli Acosta, Rivvaa, Plastikboy, Jozzee, Dam Dam, DJ Freshly, Jose Alatorre, Bvbba Dvbs",Autodromo Hnos. Rodriguez,Ciudad de México,Ciudad de México,Mexico,19.402829,-99.089247,Music,Sin clasificar,True,False,2026,11,November,1,OCESA
Individual General Coca Flow Fest 2026,https://www.ticketmaster.com.mx/individual-general-coca-flow-fest-2026-mexico-29-11-2026/event/140064ACB5838443,2026-11-29,14:00:00,onsale,"Flow Fest, Ozuna, Kali Uchis, Yandel, Trueno, Tito El Bambino, Farruko, Dei V, Alleh, J Alvarez, FloyyMenor, Yan Block, Kybba, YSY A, Kidd Voodoo, Natt Calma, A.Chal, Doony Graff, Mila, Martinwhite, Pablito Mix, Low Clika, Novato El Flow, Cael Roldan, Robot95, Tuli Acosta, Rivvaa, Plastikboy, Jozzee, Dam Dam, DJ Freshly, Jose Alatorre, Bvbba Dvbs",Autodromo Hnos. Rodriguez,Ciudad de México,Ciudad de México,Mexico,19.402829,-99.089247,Music,Sin clasificar,True,False,2026,11,November,1,OCESA
Rodrigo de la Cadena La Sinfonía de la Memoria II,https://www.ticketmaster.com.mx/rodrigo-de-la-cadena-la-sinfonia-ciudad-de-mexico-29-11-2026/event/3D0064A786203676,2026-11-29,18:00:00,onsale,Rodrigo De La Cadena,Auditorio Nacional,Ciudad de México,Ciudad de México,Mexico,19.424648,-99.19484,Music,Ballads/Romantic,False,False,2026,11,November,1,MONDIAL PRICE 1
Silvio Rodríguez en la voz y guitarra de Manuel García,https://www.ticketmaster.com.mx/silvio-rodriguez-en-la-voz-y-mexico-29-11-2026/event/3D00644B838C1954,2026-11-29,18:00:00,onsale,Manuel Garcia,Teatro de la Ciudad Esperanza Iris,Ciudad de México,Ciudad de México,Mexico,19.4366936,-99.1394375,Music,Latin,False,False,2026,11,November,1,MONDIAL PRICE 1
Los Angeles Negros,https://www.ticketmaster.com.mx/los-angeles-negros-guadalajara-29-11-2026/event/3D00637BAF26672D,2026-11-29,18:00:00,onsale,Los Angeles Negros,Teatro Diana (GDL),Guadalajara,Jalisco,Mexico,20.665434,-103.349341,Music,Latin,False,False,2026,11,November,1,MONDIAL PRICE 1
Yuri,https://www.ticketmaster.com.mx/yuri-ciudad-de-mexico-01-12-2026/event/3D00650DBC7A62D4,2026-12-01,20:30:00,onsale,Yuri,Auditorio Nacional,Ciudad de México,Ciudad de México,Mexico,19.424648,-99.19484,Music,Pop,False,False,2026,12,December,1,OCESA
Kali Uchis,https://www.ticketmaster.com.mx/kali-uchis-zapopan-02-12-2026/event/140064B51620F35D,2026-12-02,21:00:00,onsale,Kali Uchis,Auditorio Telmex,Zapopan,Jalisco,Mexico,20.73324,-103.38112,Music,Pop,False,False,2026,12,December,1,OCESA
Bruno Mars - The Romantic Tour,https://www.ticketmaster.com.mx/bruno-mars-the-romantic-tour-ciudad-de-mexico-03-12-2026/event/14006453B3E6C5F7,2026-12-03,21:00:00,onsale,"Bruno Mars, DJ Pee .Wee",Estadio GNP Seguros,Ciudad de México,Ciudad de México,Mexico,19.405199,-99.095618,Music,Pop,False,False,2026,12,December,1,LIVE NATION MUSIC
Emmanuel Sinfónico,https://www.ticketmaster.com.mx/emmanuel-sinfonico-ciudad-de-mexico-03-12-2026/event/3D00650FD6DE9600,2026-12-03,20:30:00,offsale,Emmanuel,Auditorio Nacional,Ciudad de México,Ciudad de México,Mexico,19.424648,-99.19484,Music,Latin,False,False,2026,12,December,1,OCESA
"Kalimba ""Christmas Soul""",https://www.ticketmaster.com.mx/kalimba-christmas-soul-mexico-03-12-2026/event/3D0064E7EBC9508C,2026-12-03,21:30:00,onsale,Kalimba,La Maraka,Ciudad de México,Ciudad de México,Mexico,19.3865108,-99.1631775,Music,Latin,False,False,2026,12,December,1,MONDIAL PRICE 1
Emjay,https://www.ticketmaster.com.mx/emjay-col-centro-monterrey-03-12-2026/event/3D0064AE80933819,2026-12-03,21:00:00,onsale,EMJAY,Foro Corona Monterrey,Monterrey,Nuevo León,Mexico,25.66646204,-100.31681661,Music,Dance/Electronic,False,False,2026,12,December,1,MONDIAL PRICE 1
Bruno Mars - The Romantic Tour,https://www.ticketmaster.com.mx/bruno-mars-the-romantic-tour-ciudad-de-mexico-04-12-2026/event/14006453BC22D8B6,2026-12-04,21:00:00,onsale,"Bruno Mars, DJ Pee .Wee",Estadio GNP Seguros,Ciudad de México,Ciudad de México,Mexico,19.405199,-99.095618,Music,Pop,False,False,2026,12,December,1,LIVE NATION MUSIC
Caifanes,https://www.ticketmaster.com.mx/caifanes-ciudad-de-mexico-04-12-2026/event/140064F6BD947B3F,2026-12-04,20:00:00,onsale,Caifanes,Palacio de los Deportes,Ciudad de México,Ciudad de México,Mexico,19.4015408,-99.0980606,Music,Latin,False,False,2026,12,December,1,OCESA
David Bisbal,https://www.ticketmaster.com.mx/david-bisbal-ciudad-de-mexico-04-12-2026/event/3D0064AE92BB6148,2026-12-04,20:30:00,onsale,David Bisbal,Auditorio Nacional,Ciudad de México,Ciudad de México,Mexico,19.424648,-99.19484,Music,Pop,False,False,2026,12,December,1,OCESA
"Kalimba ""Christmas Soul""",https://www.ticketmaster.com.mx/kalimba-christmas-soul-mexico-04-12-2026/event/3D0064E7E6D64CE6,2026-12-04,21:30:00,onsale,Kalimba,La Maraka,Ciudad de México,Ciudad de México,Mexico,19.3865108,-99.1631775,Music,Latin,False,False,2026,12,December,1,MONDIAL PRICE 1
TOUR  LIT KILLAH,https://www.ticketmaster.com.mx/tour-lit-killah-mexico-04-12-2026/event/3D0064F995572FA9,2026-12-04,20:30:00,onsale,LIT Killah,Foro Puebla,Ciudad de México,Ciudad de México,Mexico,19.422158,-99.164129,Music,Hip-Hop/Rap,False,False,2026,12,December,1,OCESA
Ana Torroja,https://www.ticketmaster.com.mx/ana-torroja-guadalajara-04-12-2026/event/3D006465FF787E4B,2026-12-04,21:00:00,onsale,Ana Torroja,Teatro Diana (GDL),Guadalajara,Jalisco,Mexico,20.665434,-103.349341,Music,Ballads/Romantic,False,False,2026,12,December,1,MONDIAL PRICE 1
I Love Dance 2026,https://www.ticketmaster.com.mx/i-love-dance-2026-monterrey-04-12-2026/event/140064B2A75464C3,2026-12-04,21:00:00,onsale,I Love Dance,Auditorio Banamex,Monterrey,Nuevo León,Mexico,25.67765795,-100.28085777,Music,Sin clasificar,True,False,2026,12,December,1,OCESA
Caifanes,https://www.ticketmaster.com.mx/caifanes-ciudad-de-mexico-05-12-2026/event/140064F0DBFCEA8D,2026-12-05,20:00:00,onsale,Caifanes,Palacio de los Deportes,Ciudad de México,Ciudad de México,Mexico,19.4015408,-99.0980606,Music,Latin,False,False,2026,12,December,1,OCESA
I love Dance CDMX,https://www.ticketmaster.com.mx/i-love-dance-cdmx-ciudad-de-mexico-05-12-2026/event/3D0065128FE12400,2026-12-05,16:00:00,offsale,I Love Dance,Estadio Alfredo Harp Helú,Ciudad de México,Ciudad de México,Mexico,19.403697,-99.08536,Music,Sin clasificar,True,False,2026,12,December,1,OCESA
"Kalimba ""Christmas Soul""",https://www.ticketmaster.com.mx/kalimba-christmas-soul-mexico-05-12-2026/event/3D006434E1BC5079,2026-12-05,21:30:00,onsale,Kalimba,La Maraka,Ciudad de México,Ciudad de México,Mexico,19.3865108,-99.1631775,Music,Latin,False,False,2026,12,December,1,MONDIAL PRICE 1
Simifest By BBVA 2026 General,https://www.ticketmaster.com.mx/simifest-by-bbva-2026-general-mexico-05-12-2026/event/1400650DAC8A846B,2026-12-05,13:00:00,onsale,Dr. Simi,Autodromo Hnos. Rodriguez,Ciudad de México,Ciudad de México,Mexico,19.402829,-99.089247,Music,Other,True,False,2026,12,December,1,OCESA
Simifest By BBVA 2026 Vip,https://www.ticketmaster.com.mx/simifest-by-bbva-2026-vip-mexico-05-12-2026/event/1400650DA0F85F87,2026-12-05,13:00:00,onsale,Dr. Simi,Autodromo Hnos. Rodriguez,Ciudad de México,Ciudad de México,Mexico,19.402829,-99.089247,Music,Other,True,False,2026,12,December,1,OCESA
Simifest By BBVA 2026 Zona Preferente BBVA,https://www.ticketmaster.com.mx/simifest-by-bbva-2026-zona-preferente-mexico-05-12-2026/event/1400650DE7DC24BD,2026-12-05,13:00:00,onsale,Dr. Simi,Autodromo Hnos. Rodriguez,Ciudad de México,Ciudad de México,Mexico,19.402829,-99.089247,Music,Other,True,False,2026,12,December,1,OCESA
Inspector,https://www.ticketmaster.com.mx/inspector-guadalajara-05-12-2026/event/3D0064D88EA40CB4,2026-12-05,21:00:00,onsale,Inspector,Teatro Diana (GDL),Guadalajara,Jalisco,Mexico,20.665434,-103.349341,Music,Rock,False,False,2026,12,December,1,MONDIAL PRICE 1
Motel,https://www.ticketmaster.com.mx/motel-zapopan-05-12-2026/event/3D006497BA9D83CE,2026-12-05,20:30:00,onsale,Motel,Teatro Estudio Cavaret,Zapopan,Jalisco,Mexico,20.736739,-103.378417,Music,Pop,False,False,2026,12,December,1,OCESA
Yuridia Las cartas sobre la mesa Tour,https://www.ticketmaster.com.mx/yuridia-las-cartas-sobre-la-mesa-zapopan-05-12-2026/event/3D00649B052C607B,2026-12-05,21:00:00,onsale,Yuridia,Coliseo GNP Seguros,Zapopan,Jalisco,Mexico,20.693768,-103.416177,Music,Latin,False,False,2026,12,December,1,OCESA
"Big Band Experience-Tributo a Frank Sinatra, Ray Connif y Gleen Miller",https://www.ticketmaster.com.mx/big-band-experiencetributo-a-frank-sinatra-mexico-06-12-2026/event/3D0064309F7A2CCE,2026-12-06,18:30:00,onsale,The Big Band Experience ¨Tributo a Ray Conniff y Gleen Miller¨,La Maraka,Ciudad de México,Ciudad de México,Mexico,19.3865108,-99.1631775,Music,Other,False,False,2026,12,December,1,MONDIAL PRICE 1
Bruno Mars - The Romantic Tour,https://www.ticketmaster.com.mx/bruno-mars-the-romantic-tour-ciudad-de-mexico-07-12-2026/event/14006453BC23D8B9,2026-12-07,21:00:00,onsale,"Bruno Mars, DJ Pee .Wee",Estadio GNP Seguros,Ciudad de México,Ciudad de México,Mexico,19.405199,-99.095618,Music,Pop,False,False,2026,12,December,1,LIVE NATION MUSIC
ATARASHII GAKKO!,https://www.ticketmaster.com.mx/atarashii-gakko-ciudad-de-mexico-08-12-2026/event/3D0064A989482C1E,2026-12-08,21:00:00,onsale,ATARASHII GAKKO!,Velodromo,Ciudad de México,Ciudad de México,Mexico,19.40984039,-99.1036433,Music,Pop,False,False,2026,12,December,1,OCESA
Adolescentes Orquesta y Tony Vega,https://www.ticketmaster.com.mx/adolescentes-orquesta-y-tony-vega-mexico-08-12-2026/event/3D0064D6D7E63DC1,2026-12-08,21:30:00,onsale,"Tony Vega, Adolescent's Orquesta",La Maraka,Ciudad de México,Ciudad de México,Mexico,19.3865108,-99.1631775,Music,Latin,False,False,2026,12,December,1,MONDIAL PRICE 1
Bruno Mars - The Romantic Tour,https://www.ticketmaster.com.mx/bruno-mars-the-romantic-tour-ciudad-de-mexico-08-12-2026/event/14006453BC23D8BB,2026-12-08,21:00:00,onsale,"Bruno Mars, DJ Pee .Wee",Estadio GNP Seguros,Ciudad de México,Ciudad de México,Mexico,19.405199,-99.095618,Music,Pop,False,False,2026,12,December,1,LIVE NATION MUSIC
Adolescentes Orquesta y Tony Vega,https://www.ticketmaster.com.mx/adolescentes-orquesta-y-tony-vega-mexico-09-12-2026/event/3D0064D6E75F449F,2026-12-09,21:30:00,onsale,"Tony Vega, Adolescent's Orquesta",La Maraka,Ciudad de México,Ciudad de México,Mexico,19.3865108,-99.1631775,Music,Latin,False,False,2026,12,December,1,MONDIAL PRICE 1
Gorillaz,https://www.ticketmaster.com.mx/gorillaz-zapopan-09-12-2026/event/3D00650BBFD54347,2026-12-09,21:00:00,offsale,Gorillaz,Coliseo GNP Seguros,Zapopan,Jalisco,Mexico,20.693768,-103.416177,Music,Rock,False,False,2026,12,December,1,OCESA
Maria Jose,https://www.ticketmaster.com.mx/maria-jose-ciudad-de-mexico-10-12-2026/event/3D0064FA94CB2CFC,2026-12-10,20:30:00,onsale,Maria Jose,Auditorio Nacional,Ciudad de México,Ciudad de México,Mexico,19.424648,-99.19484,Music,Latin,False,False,2026,12,December,1,OCESA
Francisco Cespedes,https://www.ticketmaster.com.mx/francisco-cespedes-mexico-11-12-2026/event/3D0064638B282790,2026-12-11,21:30:00,onsale,Francisco Cespedes,La Maraka,Ciudad de México,Ciudad de México,Mexico,19.3865108,-99.1631775,Music,Latin,False,False,2026,12,December,1,MONDIAL PRICE 1
Maria Jose,https://www.ticketmaster.com.mx/maria-jose-ciudad-de-mexico-11-12-2026/event/3D0064FBA9F52B14,2026-12-11,20:30:00,onsale,Maria Jose,Auditorio Nacional,Ciudad de México,Ciudad de México,Mexico,19.424648,-99.19484,Music,Latin,False,False,2026,12,December,1,OCESA
Caifanes,https://www.ticketmaster.com.mx/caifanes-monterrey-11-12-2026/event/140064FCE64A3E3D,2026-12-11,21:00:00,onsale,Caifanes,Auditorio Banamex,Monterrey,Nuevo León,Mexico,25.67765795,-100.28085777,Music,Latin,False,False,2026,12,December,1,OCESA
Siddhartha,https://www.ticketmaster.com.mx/siddhartha-zapopan-11-12-2026/event/1400643198A16337,2026-12-11,21:00:00,onsale,Siddhartha,Auditorio Telmex,Zapopan,Jalisco,Mexico,20.73324,-103.38112,Music,Rock,False,False,2026,12,December,1,MONDIAL PRICE 1
Motel,https://www.ticketmaster.com.mx/motel-mexico-12-12-2026/event/1400649794A94CFA,2026-12-12,20:30:00,onsale,Motel,Teatro Metropolitan,Ciudad de México,Ciudad de México,Mexico,19.433457,-99.146811,Music,Pop,False,False,2026,12,December,1,OCESA
Bohemio,https://www.ticketmaster.com.mx/bohemio-col-centro-monterrey-12-12-2026/event/3D0064F59BE02B28,2026-12-12,21:00:00,onsale,Bohemio,Foro Corona Monterrey,Monterrey,Nuevo León,Mexico,25.66646204,-100.31681661,Music,Latin,False,False,2026,12,December,1,MONDIAL PRICE 1
Caifanes,https://www.ticketmaster.com.mx/caifanes-monterrey-12-12-2026/event/140064B2A8FE67BA,2026-12-12,21:00:00,onsale,Caifanes,Auditorio Banamex,Monterrey,Nuevo León,Mexico,25.67765795,-100.28085777,Music,Latin,False,False,2026,12,December,1,MONDIAL PRICE 1
"Edgar Oceransky ""Origenes 2""",https://www.ticketmaster.com.mx/edgar-oceransky-origenes-2-mexico-15-12-2026/event/3D0064FFBEA8623A,2026-12-15,20:00:00,onsale,Edgar Oceransky,El Cantoral ,Ciudad de México,Ciudad de México,Mexico,19.361737,-99.166137,Music,World,False,False,2026,12,December,1,MONDIAL PRICE 1
MANÁ,https://www.ticketmaster.com.mx/mana-ciudad-de-mexico-16-12-2026/event/140064CADB43C782,2026-12-16,21:00:00,onsale,MANÁ,Estadio GNP Seguros,Ciudad de México,Ciudad de México,Mexico,19.405199,-99.095618,Music,Latin,False,False,2026,12,December,1,OCESA
Paulina Goto en CDMX,https://www.ticketmaster.com.mx/paulina-goto-en-cdmx-ciudad-de-mexico-16-12-2026/event/3D0065070623936F,2026-12-16,21:00:00,onsale,Paulina Goto,El Lunario del Auditorio Nacional,Ciudad de México,Ciudad de México,Mexico,19.424682,-99.1954,Music,Pop,False,False,2026,12,December,1,MONDIAL PRICE 1
MANÁ,https://www.ticketmaster.com.mx/mana-ciudad-de-mexico-17-12-2026/event/140064C3B8549F95,2026-12-17,21:00:00,onsale,MANÁ,Estadio GNP Seguros,Ciudad de México,Ciudad de México,Mexico,19.405199,-99.095618,Music,Latin,False,False,2026,12,December,1,OCESA
Maelo Ruíz Y Willie González,https://www.ticketmaster.com.mx/maelo-ruiz-y-willie-gonzalez-mexico-17-12-2026/event/3D0064D6C95A391A,2026-12-17,21:30:00,onsale,"Maelo Ruiz, Willie González",La Maraka,Ciudad de México,Ciudad de México,Mexico,19.3865108,-99.1631775,Music,Latin,False,False,2026,12,December,1,MONDIAL PRICE 1
Enjambre,https://www.ticketmaster.com.mx/enjambre-monterrey-17-12-2026/event/140064D0B8AF975C,2026-12-17,21:00:00,onsale,Enjambre,Auditorio Banamex,Monterrey,Nuevo León,Mexico,25.67765795,-100.28085777,Music,Latin,False,False,2026,12,December,1,OCESA
"Fernando Delgadillo, El Caminante",https://www.ticketmaster.com.mx/fernando-delgadillo-el-caminante-ciudad-de-mexico-18-12-2026/event/3D006467A58829ED,2026-12-18,21:00:00,onsale,Fernando Delgadillo,El Lunario del Auditorio Nacional,Ciudad de México,Ciudad de México,Mexico,19.424682,-99.1954,Music,World,False,False,2026,12,December,1,MONDIAL PRICE 1
Maelo Ruíz Y Willie González,https://www.ticketmaster.com.mx/maelo-ruiz-y-willie-gonzalez-mexico-18-12-2026/event/3D0064D6C5653789,2026-12-18,21:30:00,onsale,Maelo Ruiz,La Maraka,Ciudad de México,Ciudad de México,Mexico,19.3865108,-99.1631775,Music,Latin,False,False,2026,12,December,1,MONDIAL PRICE 1
"San Francisco disco band, la mejor musica disco en vivo.",https://www.ticketmaster.com.mx/san-francisco-disco-band-la-mejor-mexico-18-12-2026/event/3D0064F88FF92A51,2026-12-18,21:00:00,onsale,San Francisco Disco Band,Foro Red Access,Ciudad de México,Ciudad de México,Mexico,19.35677,-99.163341,Music,Dance/Electronic,False,False,2026,12,December,1,MONDIAL PRICE 1
Fernando Delgadillo y Alejandro Filio,https://www.ticketmaster.com.mx/fernando-delgadillo-y-alejandro-filio-mexico-19-12-2026/event/3D0063618C1B3C80,2026-12-19,21:30:00,onsale,,La Maraka,Ciudad de México,Ciudad de México,Mexico,19.3865108,-99.1631775,Music,World,False,False,2026,12,December,1,MONDIAL PRICE 1
Enjambre,https://www.ticketmaster.com.mx/enjambre-zapopan-19-12-2026/event/140064D39E14534D,2026-12-19,21:00:00,onsale,Enjambre,Auditorio Telmex,Zapopan,Jalisco,Mexico,20.73324,-103.38112,Music,Latin,False,False,2026,12,December,1,MONDIAL PRICE 1
Javiera Mena 20 años Esquemas Juveniles,https://www.ticketmaster.com.mx/javiera-mena-20-anos-esquemas-juveniles-ciudad-de-mexico-20-12-2026/event/3D0064F0ABE643C8,2026-12-20,19:00:00,onsale,Javiera Mena,El Lunario del Auditorio Nacional,Ciudad de México,Ciudad de México,Mexico,19.424682,-99.1954,Music,Latin,False,False,2026,12,December,1,OCESA
"Navidad con The Beatles, con el grupo Morsa",https://www.ticketmaster.com.mx/navidad-con-the-beatles-con-el-mexico-20-12-2026/event/1400643BA4D33A4B,2026-12-20,18:30:00,onsale,Navidad con The Beatles,Teatro Tepeyac,Ciudad de México,Ciudad de México,Mexico,19.4757404,-99.1206207,Music,Rock,False,False,2026,12,December,1,MONDIAL PRICE 3
"Navidad con The Beatles, con el grupo Morsa",https://www.ticketmaster.com.mx/navidad-con-the-beatles-con-el-mexico-20-12-2026/event/1400643BA31B10C9,2026-12-20,16:30:00,onsale,Navidad con The Beatles,Teatro Tepeyac,Ciudad de México,Ciudad de México,Mexico,19.4757404,-99.1206207,Music,Rock,False,False,2026,12,December,1,MONDIAL PRICE 3
Panteón Rococo,https://www.ticketmaster.com.mx/panteon-rococo-ciudad-de-mexico-26-12-2026/event/140064E39C485ADC,2026-12-26,21:00:00,onsale,Panteon Rococo,Estadio GNP Seguros,Ciudad de México,Ciudad de México,Mexico,19.405199,-99.095618,Music,Latin,False,False,2026,12,December,1,OCESA
Emmanuel & Mijares,https://www.ticketmaster.com.mx/emmanuel-mijares-acapulco-de-juarez-29-12-2026/event/3D00650B82D112C0,2026-12-29,21:00:00,onsale,Emmanuel & Mijares,Arena GNP,Acapulco de Juárez,Guerrero,Mexico,16.800002,-99.8245,Music,Latin,False,False,2026,12,December,1,MONDIAL PRICE 1
The Music of Billy Joel and Elton John starring Michael Cavanaugh,https://www.ticketmaster.com.mx/the-music-of-billy-joel-and-ciudad-de-mexico-11-01-2027/event/3D0064AEBF62B746,2027-01-11,19:30:00,onsale,Michael Cavanaugh,Auditorio Nacional,Ciudad de México,Ciudad de México,Mexico,19.424648,-99.19484,Music,Sin clasificar,False,False,2027,1,January,1,MONDIAL PRICE 1
"""The Hayley Williams Show""",https://www.ticketmaster.com.mx/the-hayley-williams-show-ciudad-de-mexico-13-01-2027/event/3D0064BD97725384,2027-01-13,19:00:00,onsale,"Hayley Williams, Mannequin Pussy",Auditorio Nacional,Ciudad de México,Ciudad de México,Mexico,19.424648,-99.19484,Music,Pop,False,False,2027,1,January,1,OCESA
Apocalyptica,https://www.ticketmaster.com.mx/apocalyptica-monterrey-14-01-2027/event/140064B08C9D56BC,2027-01-14,21:00:00,onsale,Apocalyptica,Escenario GNP Seguros,Monterrey,Nuevo León,Mexico,25.666135,-100.316726,Music,Rock,False,False,2027,1,January,1,MONDIAL PRICE 1
"La Adictiva, Haciendo Historia Tour 2027",https://www.ticketmaster.com.mx/la-adictiva-haciendo-historia-tour-2027-ciudad-de-mexico-15-01-2027/event/3D0064F5D75B6D7D,2027-01-15,20:30:00,onsale,La Adictiva Banda San Jose De Mesillas,Auditorio Nacional,Ciudad de México,Ciudad de México,Mexico,19.424648,-99.19484,Music,Latin,False,False,2027,1,January,1,MONDIAL PRICE 1
"""The Hayley Williams Show""",https://www.ticketmaster.com.mx/the-hayley-williams-show-monterrey-15-01-2027/event/140064BDCF6D3A23,2027-01-15,19:00:00,onsale,"Hayley Williams, Mannequin Pussy",Auditorio Banamex,Monterrey,Nuevo León,Mexico,25.67765795,-100.28085777,Music,Pop,False,False,2027,1,January,1,OCESA
Apocalyptica,https://www.ticketmaster.com.mx/apocalyptica-ciudad-de-mexico-16-01-2027/event/3D0064AFB5B2A8A1,2027-01-16,20:00:00,onsale,Apocalyptica,Auditorio Nacional,Ciudad de México,Ciudad de México,Mexico,19.424648,-99.19484,Music,Rock,False,False,2027,1,January,1,OCESA
El Haragán y Cía,https://www.ticketmaster.com.mx/el-haragan-y-cia-mexico-16-01-2027/event/3D0064F8015DA6D4,2027-01-16,21:30:00,onsale,El Haragan,La Maraka,Ciudad de México,Ciudad de México,Mexico,19.3865108,-99.1631775,Music,Rock,False,False,2027,1,January,1,MONDIAL PRICE 1
Dragon Ball Live Symphonic,https://www.ticketmaster.com.mx/dragon-ball-live-symphonic-zapopan-16-01-2027/event/1400642EAD4C6245,2027-01-16,19:00:00,onsale,Dragon Ball Live Symphonic,Auditorio Telmex,Zapopan,Jalisco,Mexico,20.73324,-103.38112,Music,Classical,False,False,2027,1,January,1,MONDIAL PRICE 1
"""The Hayley Williams Show""",https://www.ticketmaster.com.mx/the-hayley-williams-show-zapopan-17-01-2027/event/140064BDABF697D4,2027-01-17,19:00:00,onsale,"Hayley Williams, Mannequin Pussy",Auditorio Telmex,Zapopan,Jalisco,Mexico,20.73324,-103.38112,Music,Pop,False,False,2027,1,January,1,OCESA
"El Divo ""Eternamente""",https://www.ticketmaster.com.mx/el-divo-eternamente-ciudad-de-mexico-20-01-2027/event/3D0064C6BD058850,2027-01-20,20:30:00,onsale,Juan Gabriel,Auditorio Nacional,Ciudad de México,Ciudad de México,Mexico,19.424648,-99.19484,Music,Latin,False,False,2027,1,January,1,MONDIAL PRICE 1
Belinda Carlisle & Joan Osborne,https://www.ticketmaster.com.mx/belinda-carlisle-joan-osborne-mexico-21-01-2027/event/3D0064CB8A90149E,2027-01-21,21:30:00,onsale,"Belinda Carlisle, Joan Osborne",La Maraka,Ciudad de México,Ciudad de México,Mexico,19.3865108,-99.1631775,Music,Rock,False,False,2027,1,January,1,MONDIAL PRICE 1
Fangoria,https://www.ticketmaster.com.mx/fangoria-ciudad-de-mexico-21-01-2027/event/3D0064A78CC4404A,2027-01-21,20:30:00,onsale,Fangoria,Auditorio Nacional,Ciudad de México,Ciudad de México,Mexico,19.424648,-99.19484,Music,Rock,False,False,2027,1,January,1,OCESA
Avatar,https://www.ticketmaster.com.mx/avatar-zapopan-22-01-2027/event/3D0064FFBBFE5F4F,2027-01-22,21:00:00,onsale,Avatar,Teatro Estudio Cavaret,Zapopan,Jalisco,Mexico,20.736739,-103.378417,Music,Metal,False,False,2027,1,January,1,OCESA
Black Label Society,https://www.ticketmaster.com.mx/black-label-society-ciudad-de-mexico-23-01-2027/event/3D00635FF41D343A,2027-01-23,21:00:00,onsale,Black Label Society,Velodromo,Ciudad de México,Ciudad de México,Mexico,19.40984039,-99.1036433,Music,Rock,False,False,2027,1,January,1,OCESA
Avatar,https://www.ticketmaster.com.mx/avatar-monterrey-23-01-2027/event/140064FEC37A66BD,2027-01-23,21:00:00,onsale,Avatar,Escenario GNP Seguros,Monterrey,Nuevo León,Mexico,25.666135,-100.316726,Music,Metal,False,False,2027,1,January,1,MONDIAL PRICE 1
Rey Ruiz 'La gira del Rey',https://www.ticketmaster.com.mx/rey-ruiz-la-gira-del-rey-mexico-28-01-2027/event/3D0064F9963A3086,2027-01-28,21:30:00,onsale,Rey Ruiz,La Maraka,Ciudad de México,Ciudad de México,Mexico,19.3865108,-99.1631775,Music,Latin,False,False,2027,1,January,1,MONDIAL PRICE 1
Los Amigos Invisibles,https://www.ticketmaster.com.mx/los-amigos-invisibles-mexico-29-01-2027/event/3D0064F28E0D2643,2027-01-29,21:30:00,onsale,Los Amigos Invisibles,La Maraka,Ciudad de México,Ciudad de México,Mexico,19.3865108,-99.1631775,Music,Rock,False,False,2027,1,January,1,MONDIAL PRICE 1
Sombr,https://www.ticketmaster.com.mx/sombr-mexico-29-01-2027/event/1400645A87A630E8,2027-01-29,21:00:00,onsale,"Sombr, King Princess",Pepsi Center,Ciudad de México,Ciudad de México,Mexico,19.3934097,-99.1758118,Music,Rock,False,False,2027,1,January,1,OCESA
Sombr,https://www.ticketmaster.com.mx/sombr-mexico-30-01-2027/event/1400645A85802DA2,2027-01-30,21:00:00,onsale,"Sombr, King Princess",Pepsi Center,Ciudad de México,Ciudad de México,Mexico,19.3934097,-99.1758118,Music,Rock,False,False,2027,1,January,1,OCESA
EVENTO PRUEBA,https://www.ticketmaster.com.mx/evento-prueba-iztacalco-31-01-2027/event/3D0064F0C57860B6,2027-01-31,16:30:00,offsale,,Estadio Ticketmaster México,Iztacalco,Ciudad de México,Mexico,19.40551803,-99.09987533,Music,Rock,False,False,2027,1,January,1,MONDIAL PRICE 1
Paula Mattheus,https://www.ticketmaster.com.mx/paula-mattheus-ciudad-de-mexico-04-02-2027/event/3D0064D0078381A2,2027-02-04,21:00:00,onsale,Paula Mattheus,El Lunario del Auditorio Nacional,Ciudad de México,Ciudad de México,Mexico,19.424682,-99.1954,Music,Other,False,False,2027,2,February,1,MONDIAL PRICE 1
Santiago Cruz Sigo en Pie Tour,https://www.ticketmaster.com.mx/santiago-cruz-sigo-en-pie-tour-mexico-04-02-2027/event/140064A984646033,2027-02-04,20:30:00,onsale,Santiago Cruz,Teatro Metropolitan,Ciudad de México,Ciudad de México,Mexico,19.433457,-99.146811,Music,Latin,False,False,2027,2,February,1,OCESA
Andres Suarez Gira Lua,https://www.ticketmaster.com.mx/andres-suarez-gira-lua-mexico-05-02-2027/event/1400649C8E853E3A,2027-02-05,20:30:00,onsale,Andres Suarez,Teatro Metropolitan,Ciudad de México,Ciudad de México,Mexico,19.433457,-99.146811,Music,Pop,False,False,2027,2,February,1,OCESA
Carlos Sadness,https://www.ticketmaster.com.mx/carlos-sadness-ciudad-de-mexico-05-02-2027/event/3D00647587532DA4,2027-02-05,20:30:00,onsale,Carlos Sadness,Auditorio Nacional,Ciudad de México,Ciudad de México,Mexico,19.424648,-99.19484,Music,Pop,False,False,2027,2,February,1,OCESA
Sin Bandera,https://www.ticketmaster.com.mx/sin-bandera-ciudad-de-mexico-07-02-2027/event/3D00646A9DE42C47,2027-02-07,19:30:00,onsale,Sin Bandera,Auditorio Nacional,Ciudad de México,Ciudad de México,Mexico,19.424648,-99.19484,Music,Latin,False,False,2027,2,February,1,MONDIAL PRICE 1
Hilary Duff: the lucky me tour,https://www.ticketmaster.com.mx/hilary-duff-the-lucky-me-tour-ciudad-de-mexico-12-02-2027/event/14006447E024B232,2027-02-12,19:30:00,onsale,Hilary Duff,Palacio de los Deportes,Ciudad de México,Ciudad de México,Mexico,19.4015408,-99.0980606,Music,Pop,False,False,2027,2,February,1,OCESA
Hilary Duff: the lucky me tour,https://www.ticketmaster.com.mx/hilary-duff-the-lucky-me-tour-ciudad-de-mexico-13-02-2027/event/14006447E0DDB380,2027-02-13,19:30:00,onsale,Hilary Duff,Palacio de los Deportes,Ciudad de México,Ciudad de México,Mexico,19.4015408,-99.0980606,Music,Pop,False,False,2027,2,February,1,OCESA
Hilary Duff: the lucky me tour,https://www.ticketmaster.com.mx/hilary-duff-the-lucky-me-tour-zapopan-15-02-2027/event/1400648AB8D5A71A,2027-02-15,20:30:00,onsale,Hilary Duff,Auditorio Telmex,Zapopan,Jalisco,Mexico,20.73324,-103.38112,Music,Pop,False,False,2027,2,February,1,OCESA
Abono Banamex Plus Electric Daisy Carnival 2027,https://www.ticketmaster.com.mx/abono-banamex-plus-electric-daisy-carnival-mexico-19-02-2027/event/14006474AEAA6F6F,2027-02-19,,onsale,Electric Daisy Carnival,Autodromo Hnos. Rodriguez,Ciudad de México,Ciudad de México,Mexico,19.402829,-99.089247,Music,Dance/Electronic,False,False,2027,2,February,1,OCESA
Abono Comfort Pass Electric Daisy Carnival 2027,https://www.ticketmaster.com.mx/abono-comfort-pass-electric-daisy-carnival-mexico-19-02-2027/event/14006474951A422F,2027-02-19,,onsale,Electric Daisy Carnival,Autodromo Hnos. Rodriguez,Ciudad de México,Ciudad de México,Mexico,19.402829,-99.089247,Music,Pop,False,False,2027,2,February,1,OCESA
Abono General Electric Daisy Carnival 2027,https://www.ticketmaster.com.mx/abono-general-electric-daisy-carnival-2027-mexico-19-02-2027/event/14006474B698816D,2027-02-19,,onsale,Electric Daisy Carnival,Autodromo Hnos. Rodriguez,Ciudad de México,Ciudad de México,Mexico,19.402829,-99.089247,Music,Pop,False,False,2027,2,February,1,OCESA
Jorge Drexler,https://www.ticketmaster.com.mx/jorge-drexler-ciudad-de-mexico-20-02-2027/event/3D006473EFC794B1,2027-02-20,20:00:00,onsale,Jorge Drexler,Auditorio Nacional,Ciudad de México,Ciudad de México,Mexico,19.424648,-99.19484,Music,Rock,False,False,2027,2,February,1,OCESA
Urbano Fest,https://www.ticketmaster.com.mx/urbano-fest-mexico-20-02-2027/event/1400649789F73A7C,2027-02-20,19:00:00,onsale,"Festival Urbano, C-Kan",Pepsi Center,Ciudad de México,Ciudad de México,Mexico,19.3934097,-99.1758118,Music,Sin clasificar,True,False,2027,2,February,1,OCESA
"Luis Angel ""El Flaco""",https://www.ticketmaster.com.mx/luis-angel-el-flaco-monterrey-20-02-2027/event/140064EB826A2542,2027-02-20,21:00:00,onsale,"Luis Angel ""El Flaco""",Escenario GNP Seguros,Monterrey,Nuevo León,Mexico,25.666135,-100.316726,Music,Latin,False,False,2027,2,February,1,MONDIAL PRICE 1
Leyendas de la Cumbia,https://www.ticketmaster.com.mx/leyendas-de-la-cumbia-ciudad-de-mexico-21-02-2027/event/3D006496DF529537,2027-02-21,19:00:00,onsale,"Leyendas de la Cumbia, La Sonora Dinamita, Los Socios del Ritmo",Auditorio Nacional,Ciudad de México,Ciudad de México,Mexico,19.424648,-99.19484,Music,Latin,False,False,2027,2,February,1,MONDIAL PRICE 1
Urbano Fest,https://www.ticketmaster.com.mx/urbano-fest-mexico-21-02-2027/event/140064A58B724468,2027-02-21,19:00:00,onsale,"Festival Urbano, C-Kan",Pepsi Center,Ciudad de México,Ciudad de México,Mexico,19.3934097,-99.1758118,Music,Sin clasificar,True,False,2027,2,February,1,OCESA
Jorge Drexler,https://www.ticketmaster.com.mx/jorge-drexler-monterrey-25-02-2027/event/140064819E0E4F90,2027-02-25,21:00:00,onsale,Jorge Drexler,Escenario GNP Seguros,Monterrey,Nuevo León,Mexico,25.666135,-100.316726,Music,Rock,False,False,2027,2,February,1,MONDIAL PRICE 1
Emmanuel Sinfonico,https://www.ticketmaster.com.mx/emmanuel-sinfonico-zapopan-25-02-2027/event/1400650FE7D83C64,2027-02-25,21:00:00,offsale,Emmanuel,Auditorio Telmex,Zapopan,Jalisco,Mexico,20.73324,-103.38112,Music,Latin,False,False,2027,2,February,1,OCESA
Julio Preciado,https://www.ticketmaster.com.mx/julio-preciado-zapopan-26-02-2027/event/1400650BAB5654D5,2027-02-26,21:00:00,onsale,Julio Preciado,Auditorio Telmex,Zapopan,Jalisco,Mexico,20.73324,-103.38112,Music,Latin,False,False,2027,2,February,1,MONDIAL PRICE 1
Emmanuel Sinfonico,https://www.ticketmaster.com.mx/emmanuel-sinfonico-monterrey-27-02-2027/event/1400651107C5147F,2027-02-27,21:00:00,offsale,Emmanuel,Auditorio Banamex,Monterrey,Nuevo León,Mexico,25.67765795,-100.28085777,Music,Latin,False,False,2027,2,February,1,OCESA
Jorge Drexler,https://www.ticketmaster.com.mx/jorge-drexler-zapopan-27-02-2027/event/140064818D6634B0,2027-02-27,21:00:00,onsale,Jorge Drexler,Auditorio Telmex,Zapopan,Jalisco,Mexico,20.73324,-103.38112,Music,Rock,False,False,2027,2,February,1,MONDIAL PRICE 1
JUNGLE - World Tour 2027,https://www.ticketmaster.com.mx/jungle-world-tour-2027-zapopan-17-03-2027/event/140064B5ACA8C3C4,2027-03-17,21:00:00,onsale,"Jungle, Sports",Auditorio Telmex,Zapopan,Jalisco,Mexico,20.73324,-103.38112,Music,R&B,False,False,2027,3,March,1,OCESA
Julio Preciado,https://www.ticketmaster.com.mx/julio-preciado-ciudad-de-mexico-18-03-2027/event/3D0064A7B43A7A51,2027-03-18,20:30:00,onsale,Julio Preciado,Auditorio Nacional,Ciudad de México,Ciudad de México,Mexico,19.424648,-99.19484,Music,Latin,False,False,2027,3,March,1,MONDIAL PRICE 1
JUNGLE - World Tour 2027,https://www.ticketmaster.com.mx/jungle-world-tour-2027-ciudad-de-mexico-19-03-2027/event/140064B5B69FE201,2027-03-19,20:00:00,onsale,"Jungle, Sports",Palacio de los Deportes,Ciudad de México,Ciudad de México,Mexico,19.4015408,-99.0980606,Music,R&B,False,False,2027,3,March,1,OCESA
JUNGLE - World Tour 2027,https://www.ticketmaster.com.mx/jungle-world-tour-2027-monterrey-22-03-2027/event/140064B5E3C078E8,2027-03-22,21:00:00,onsale,"Jungle, Sports",Auditorio Banamex,Monterrey,Nuevo León,Mexico,25.67765795,-100.28085777,Music,R&B,False,False,2027,3,March,1,MONDIAL PRICE 1
Lavoe Sinfónico by Joseph Amado,https://www.ticketmaster.com.mx/lavoe-sinfonico-by-joseph-amado-ciudad-de-mexico-24-03-2027/event/3D0064BE8DDD4336,2027-03-24,21:00:00,onsale,Les Légendes de la Salsa - Hommage à Héctor Lavoe,Auditorio Nacional,Ciudad de México,Ciudad de México,Mexico,19.424648,-99.19484,Music,Latin,False,False,2027,3,March,1,MONDIAL PRICE 1
Lavoe Sinfónico by Joseph Amado,https://www.ticketmaster.com.mx/lavoe-sinfonico-by-joseph-amado-monterrey-26-03-2027/event/140064E481FE356D,2027-03-26,21:00:00,onsale,Les Légendes de la Salsa - Hommage à Héctor Lavoe,Escenario GNP Seguros,Monterrey,Nuevo León,Mexico,25.666135,-100.316726,Music,Latin,False,False,2027,3,March,1,MONDIAL PRICE 1
Flor Amargo desde el Metro,https://www.ticketmaster.com.mx/flor-amargo-desde-el-metro-mexico-29-03-2027/event/140062F3E9FA23C9,2027-03-29,18:00:00,cancelled,Flor Amargo,Teatro Metropolitan,Ciudad de México,Ciudad de México,Mexico,19.433457,-99.146811,Music,Ballads/Romantic,False,False,2027,3,March,1,OCESA
Louis Tomlinson How Did We Get Here? Latin America Tour,https://www.ticketmaster.com.mx/louis-tomlinson-how-did-we-get-ciudad-de-mexico-10-04-2027/event/140064A6B451C456,2027-04-10,20:00:00,onsale,Louis Tomlinson,Estadio GNP Seguros,Ciudad de México,Ciudad de México,Mexico,19.405199,-99.095618,Music,Rock,False,False,2027,4,April,1,OCESA
Willie Colón Forever,https://www.ticketmaster.com.mx/willie-colon-forever-ciudad-de-mexico-14-04-2027/event/3D0064C9A36D22E7,2027-04-14,20:30:00,onsale,HOMMAGE A WILLIE COLON,Auditorio Nacional,Ciudad de México,Ciudad de México,Mexico,19.424648,-99.19484,Music,Pop,False,False,2027,4,April,1,MONDIAL PRICE 1
"Grupo Niche ""Niche Disco Tour""",https://www.ticketmaster.com.mx/grupo-niche-niche-disco-tour-ciudad-de-mexico-18-04-2027/event/3D0064C8BF072F43,2027-04-18,19:00:00,onsale,Grupo Niche,Auditorio Nacional,Ciudad de México,Ciudad de México,Mexico,19.424648,-99.19484,Music,Latin,False,False,2027,4,April,1,MONDIAL PRICE 1
Edwin Luna y la Trakalosa de Monterrey: 17 aniversario,https://www.ticketmaster.com.mx/edwin-luna-y-la-trakalosa-de-ciudad-de-mexico-16-06-2027/event/3D0064FEFB98A6F3,2027-06-16,20:30:00,onsale,Edwin Luna y La Trakalosa de Monterrey,Auditorio Nacional,Ciudad de México,Ciudad de México,Mexico,19.424648,-99.19484,Music,Latin,False,False,2027,6,June,1,MONDIAL PRICE 1
Baja Beach Fest,https://on.fgtix.com/trk/xRUM,2027-08-06,14:00:00,onsale,Baja Beach Fest,Rosarito Beach,Rosarito,Baja California Norte,Mexico,32.361422,-117.069627,Music,Sin clasificar,True,False,2027,8,August,1,
Baja Beach Fest,https://on.fgtix.com/trk/xRUM,2027-08-07,14:00:00,onsale,Baja Beach Fest,Rosarito Beach,Rosarito,Baja California Norte,Mexico,32.361422,-117.069627,Music,Sin clasificar,True,False,2027,8,August,1,
Baja Beach Fest,https://on.fgtix.com/trk/xRUM,2027-08-08,14:00:00,onsale,Baja Beach Fest,Rosarito Beach,Rosarito,Baja California Norte,Mexico,32.361422,-117.069627,Music,Sin clasificar,True,False,2027,8,August,1,
Raúl Ornelas,https://www.ticketmaster.com.mx/raul-ornelas-ciudad-de-mexico-07-10-2027/event/3D00650DA6AC4A4F,2027-10-07,20:30:00,onsale,Raúl Ornelas,Auditorio Nacional,Ciudad de México,Ciudad de México,Mexico,19.424648,-99.19484,Music,Latin,False,False,2027,10,October,1,MONDIAL PRICE 1
