event_id,event_name,event_url,event_date,event_time,timezone,event_status,artist_or_attraction,venue,city,state,state_code,country,country_code,latitude,longitude,segment,genre,subgenre,event_type,event_subtype,family,promoter,price_min,price_max,currency,source,year,month,month_name,event_count,city_clean,state_clean,genre_clean,is_festival,has_price
G5dVZ_dwzTNUQ,Adrián Bedolla El Jilguero Una Noche Bohemia,https://www.ticketmaster.com.mx/adrian-bedolla-el-jilguero-una-noche-ciudad-de-mexico-16-05-2026/event/3D00643CB8FE3D9A,2026-05-16,22:00:00,America/Mexico_City,onsale,,La Marakita,Ciudad de México,Ciudad de México,CDMX,Mexico,MX,19.38472900,-99.15001200,Music,Other,Other,Undefined,Undefined,False,MONDIAL PRICE 3,,,,Ticketmaster Discovery API,2026,5,May,1,Ciudad de México,Ciudad de México,Other,False,False
G5dVZ_6rbS7-X,Alive,https://www.ticketmaster.com.mx/alive-ciudad-de-mexico-16-05-2026/event/3D00647798CC487E,2026-05-16,21:30:00,America/Mexico_City,onsale,"Alive, una fiesta en el tiempo",Foro Stelaris Fiesta Americana Reforma,Ciudad de México,Ciudad de México,CDMX,Mexico,MX,19.43219600,-99.15473940,Music,Pop,Pop,Undefined,Undefined,False,MONDIAL PRICE 1,,,,Ticketmaster Discovery API,2026,5,May,1,Ciudad de México,Ciudad de México,Pop,False,False
G5dVZbYkzy0vJ,Bosé,https://www.ticketmaster.com.mx/bose-ciudad-de-mexico-16-05-2026/event/3D006301B8E64066,2026-05-16,20:00:00,America/Mexico_City,onsale,Miguel Bosé,Auditorio Nacional,Ciudad de México,Ciudad de México,CDMX,Mexico,MX,19.424648,-99.19484,Music,Latin,Latin,Undefined,Undefined,False,OCESA,,,,Ticketmaster Discovery API,2026,5,May,1,Ciudad de México,Ciudad de México,Latin,False,False
G5dVZbye16okd,Café Quijano,https://www.ticketmaster.com.mx/cafe-quijano-ciudad-de-mexico-16-05-2026/event/3D0063908A1D1183,2026-05-16,20:30:00,America/Mexico_City,onsale,Café Quijano,El Lunario del Auditorio Nacional,Ciudad de México,Ciudad de México,CDMX,Mexico,MX,19.424682,-99.1954,Music,Other,Other,Undefined,Undefined,False,OCESA,,,,Ticketmaster Discovery API,2026,5,May,1,Ciudad de México,Ciudad de México,Other,False,False
16v8Z_7r4G7MKxP,Caifanes,https://www.ticketmaster.com.mx/caifanes-ciudad-de-mexico-16-05-2026/event/1400644795DD38A5,2026-05-16,20:00:00,America/Mexico_City,onsale,Caifanes,Palacio de los Deportes,Ciudad de México,Ciudad de México,CDMX,Mexico,MX,19.40154080,-99.09806060,Music,Latin,Latin,Undefined,Undefined,False,OCESA,,,,Ticketmaster Discovery API,2026,5,May,1,Ciudad de México,Ciudad de México,Latin,False,False
G5dVZbz3B-ktt,Cosmic Kid,https://www.ticketmaster.com.mx/cosmic-kid-col-centro-monterrey-16-05-2026/event/3D006384BA846A69,2026-05-16,20:00:00,America/Mexico_City,onsale,Cosmic Kid,Foro Corona Monterrey,Col. Centro Monterrey,Nuevo León,NL,Mexico,MX,25.66646204,-100.31681661,Music,Rock,Pop,Undefined,Undefined,False,MONDIAL PRICE 1,,,,Ticketmaster Discovery API,2026,5,May,1,Monterrey,Nuevo León,Rock,False,False
G5dVZbgws69u5,Alex Ubago,https://www.ticketmaster.com.mx/alex-ubago-guadalajara-16-05-2026/event/3D00635CB11D734B,2026-05-16,21:00:00,America/Mexico_City,onsale,Alex Ubago,Teatro Diana (GDL),Guadalajara,Jalisco,JAL,Mexico,MX,20.665434,-103.349341,Music,Ballads/Romantic,Ballads/Romantic,Undefined,Undefined,False,MONDIAL PRICE 1,,,,Ticketmaster Discovery API,2026,5,May,1,Guadalajara,Jalisco,Ballads/Romantic,False,False
1AfZko3GkeYkBrQ,Abono Banamex Plus Tecate Emblema 2026,https://www.ticketmaster.com.mx/abono-banamex-plus-tecate-emblema-2026-mexico-16-05-2026/event/14006452B01BA79A,2026-05-16,,America/Mexico_City,onsale,"Tecate Emblema, Alan Navarro, Alanis Yuki, Along, Bruses, Cazzu, Christian Chavez, EMJAY, Faz, Gloria Trevi, Hercules and Love Affair, Ivana, Jonas Brothers, Joaquina, Jotdog, Juan Duque, Juliana, Kenia Os, Lola Índigo, LP, Louis Tomlinson, MIKA, NSQK, Orville Peck, Rafa Pabón, RuPaul, Santos Bravos, Sech, Zara Larsson, Paris Hilton, Ha*Ash, GottMik, Lost Frequencies",Autodromo Hnos. Rodriguez,México,Ciudad de México,CDMX,Mexico,MX,19.402829,-99.089247,Music,Undefined,Undefined,Event Style,Festival,False,OCESA,,,,Ticketmaster Discovery API,2026,5,May,1,Ciudad de México,Ciudad de México,Sin clasificar,True,False
1AfZko3Gkdobmsh,Abono Comfort Pass Tecate Emblema 2026,https://www.ticketmaster.com.mx/abono-comfort-pass-tecate-emblema-2026-mexico-16-05-2026/event/14006452D162EC5B,2026-05-16,,America/Mexico_City,onsale,"Tecate Emblema, Alan Navarro, Bruses, Cazzu, Christian Chavez, EMJAY, Gloria Trevi, Hercules and Love Affair, Jonas Brothers, Joaquina, Jotdog, Juliana, Kenia Os, Lola Índigo, Louis Tomlinson, LP, MIKA, NSQK, Orville Peck, RuPaul, Sech, Zara Larsson, Paris Hilton, Alanis Yuki, Along, Faz, Ivana, Juan Duque, Rafa Pabón, Santos Bravos, Ha*Ash, GottMik, Lost Frequencies",Autodromo Hnos. Rodriguez,México,Ciudad de México,CDMX,Mexico,MX,19.402829,-99.089247,Music,Undefined,Undefined,Event Style,Festival,False,OCESA,,,,Ticketmaster Discovery API,2026,5,May,1,Ciudad de México,Ciudad de México,Sin clasificar,True,False
1AfZko3Gke-Qb_E,Abono General Tecate Emblema 2026,https://www.ticketmaster.com.mx/abono-general-tecate-emblema-2026-mexico-16-05-2026/event/14006452A1698667,2026-05-16,,America/Mexico_City,onsale,"Tecate Emblema, Alan Navarro, Alanis Yuki, Along, Bruses, Cazzu, Christian Chavez, EMJAY, Faz, Gloria Trevi, Hercules and Love Affair, Ivana, Jonas Brothers, Joaquina, Jotdog, Juan Duque, Juliana, Kenia Os, Lola Índigo, Louis Tomlinson, LP, MIKA, NSQK, Orville Peck, Rafa Pabón, RuPaul, Santos Bravos, Sech, Zara Larsson, Paris Hilton, Ha*Ash, GottMik, Lost Frequencies",Autodromo Hnos. Rodriguez,México,Ciudad de México,CDMX,Mexico,MX,19.402829,-99.089247,Music,Undefined,Undefined,Event Style,Festival,False,OCESA,,,,Ticketmaster Discovery API,2026,5,May,1,Ciudad de México,Ciudad de México,Sin clasificar,True,False
G5dVZ_6ChnNyU,"Fernando Delgadillo presentando la gira, El Caminante",https://www.ticketmaster.com.mx/fernando-delgadillo-presentando-la-gira-el-mexico-16-05-2026/event/3D0064739BAA3E76,2026-05-16,21:30:00,America/Mexico_City,onsale,Fernando Delgadillo,Foro Red Access,México,Ciudad de México,CDMX,Mexico,MX,19.35677,-99.163341,Music,World,Trova,Undefined,Undefined,False,MONDIAL PRICE 1,,,,Ticketmaster Discovery API,2026,5,May,1,Ciudad de México,Ciudad de México,World,False,False
1AfZko3GkeTQGhN,Individual Banamex Plus Tecate Emblema 2026,https://www.ticketmaster.com.mx/individual-banamex-plus-tecate-emblema-2026-mexico-16-05-2026/event/14006452BF68C6E3,2026-05-16,15:00:00,America/Mexico_City,onsale,"Tecate Emblema, Jonas Brothers, Louis Tomlinson, Cazzu, Lost Frequencies, LP, MIKA, Orville Peck, RuPaul, Bruses, Hercules and Love Affair, Along, Christian Chavez, Faz, Ivana, Joaquina, Jotdog, Juan Duque",Autodromo Hnos. Rodriguez,México,Ciudad de México,CDMX,Mexico,MX,19.402829,-99.089247,Music,Undefined,Undefined,Event Style,Festival,False,OCESA,,,,Ticketmaster Discovery API,2026,5,May,1,Ciudad de México,Ciudad de México,Sin clasificar,True,False
15v8Z_ACfFM7d,Individual Comfort Pass Tecate Emblema 2026,https://www.ticketmaster.com.mx/individual-comfort-pass-tecate-emblema-2026-mexico-16-05-2026/event/1400645394237103,2026-05-16,15:00:00,America/Mexico_City,onsale,"Tecate Emblema, Jonas Brothers, Louis Tomlinson, Cazzu, Lost Frequencies, LP, MIKA, Orville Peck, RuPaul, Bruses, Hercules and Love Affair, Along, Christian Chavez, Faz, Ivana, Joaquina, Jotdog, Juan Duque",Autodromo Hnos. Rodriguez,México,Ciudad de México,CDMX,Mexico,MX,19.402829,-99.089247,Music,Undefined,Undefined,Event Style,Festival,False,OCESA,,,,Ticketmaster Discovery API,2026,5,May,1,Ciudad de México,Ciudad de México,Sin clasificar,True,False
1AfZko3Gkd2UX0_,Individual General Tecate Emblema 2026,https://www.ticketmaster.com.mx/individual-general-tecate-emblema-2026-mexico-16-05-2026/event/14006452CFDBE919,2026-05-16,15:00:00,America/Mexico_City,onsale,"Tecate Emblema, Jonas Brothers, Louis Tomlinson, Cazzu, Lost Frequencies, LP, MIKA, Orville Peck, RuPaul, Bruses, Hercules and Love Affair, Along, Christian Chavez, Faz, Ivana, Joaquina, Jotdog, Juan Duque",Autodromo Hnos. Rodriguez,México,Ciudad de México,CDMX,Mexico,MX,19.402829,-99.089247,Music,Undefined,Undefined,Event Style,Festival,False,OCESA,,,,Ticketmaster Discovery API,2026,5,May,1,Ciudad de México,Ciudad de México,Sin clasificar,True,False
G5dVZby1mTfc2,Intocable en concierto,https://www.ticketmaster.com.mx/intocable-en-concierto-mexico-16-05-2026/event/3D006392AEFD4B4F,2026-05-16,20:00:00,America/Mexico_City,onsale,Intocable,Monumental Plaza De Toros México,México,Ciudad de México,CDMX,Mexico,MX,19.382954,-99.180087,Music,Latin,Latin,Undefined,Undefined,False,OCESA,,,,Ticketmaster Discovery API,2026,5,May,1,Ciudad de México,Ciudad de México,Latin,False,False
16fZkuzJoZA26ud1,Jumbo,https://www.ticketmaster.com.mx/jumbo-mexico-16-05-2026/event/14006378991E6C29,2026-05-16,20:00:00,America/Mexico_City,onsale,Jumbo,Teatro Metropolitan,México,Ciudad de México,CDMX,Mexico,MX,19.433457,-99.146811,Music,Rock,Pop,Undefined,Undefined,False,OCESA,,,,Ticketmaster Discovery API,2026,5,May,1,Ciudad de México,Ciudad de México,Rock,False,False
G5dVZbUSdbaNE,Paty Cantú - Residencia,https://www.ticketmaster.com.mx/paty-cantu-residencia-mexico-16-05-2026/event/3D00636CC36098E7,2026-05-16,21:30:00,America/Mexico_City,onsale,Paty Cantu,La Maraka,México,Ciudad de México,CDMX,Mexico,MX,19.38651080,-99.16317750,Music,Ballads/Romantic,Ballads/Romantic,Undefined,Undefined,False,MONDIAL PRICE 1,,,,Ticketmaster Discovery API,2026,5,May,1,Ciudad de México,Ciudad de México,Ballads/Romantic,False,False
1AfZko0GkeU8biP,Porter Robinson,https://www.ticketmaster.com.mx/porter-robinson-mexico-16-05-2026/event/14006464B6418B25,2026-05-16,20:30:00,America/Mexico_City,onsale,Porter Robinson,Pabellón del Palacio de los Deportes,México,Ciudad de México,CDMX,Mexico,MX,19.40154080,-99.09806060,Music,Pop,Electro Pop,Undefined,Undefined,False,OCESA,,,,Ticketmaster Discovery API,2026,5,May,1,Ciudad de México,Ciudad de México,Pop,False,False
1AfZko0GkdPdWbR,"Romantic Tonic Fest: Nigga, Joey Montana, Demphra",https://www.ticketmaster.com.mx/romantic-tonic-fest-nigga-joey-montana-mexico-16-05-2026/event/14006464E50FD62F,2026-05-16,20:30:00,America/Mexico_City,cancelled,Tonic Fest,Pepsi Center,México,Ciudad de México,CDMX,Mexico,MX,19.39340970,-99.17581180,Music,Latin,Latin,Undefined,Undefined,False,MONDIAL PRICE 1,,,,Ticketmaster Discovery API,2026,5,May,1,Ciudad de México,Ciudad de México,Latin,True,False
1AfZk8gGkexdffz,Remmy Valenzuela,https://www.ticketmaster.com.mx/remmy-valenzuela-zapopan-16-05-2026/event/14006435A20D4538,2026-05-16,21:00:00,America/Mexico_City,onsale,Remmy Valenzuela,Auditorio Telmex,Zapopan,Jalisco,JAL,Mexico,MX,20.73324,-103.38112,Music,Hip-Hop/Rap,Reggaeton,Undefined,Undefined,False,MONDIAL PRICE 1,,,,Ticketmaster Discovery API,2026,5,May,1,Zapopan,Jalisco,Hip-Hop/Rap,False,False
G5dVZbzJCkSKl,Dave Bolaño,https://www.ticketmaster.com.mx/dave-bolano-ciudad-de-mexico-17-05-2026/event/3D0063898E1B34EB,2026-05-17,20:00:00,America/Mexico_City,onsale,Dave Bolaño,El Lunario del Auditorio Nacional,Ciudad de México,Ciudad de México,CDMX,Mexico,MX,19.424682,-99.1954,Music,Latin,Latin,Undefined,Undefined,False,MONDIAL PRICE 1,,,,Ticketmaster Discovery API,2026,5,May,1,Ciudad de México,Ciudad de México,Latin,False,False
G5dVZ_AeZiORM,"Luis García.""Un canto por la vida""",https://www.ticketmaster.com.mx/luis-garciaun-canto-por-la-vida-mexico-17-05-2026/event/3D00645080B20BF7,2026-05-17,18:30:00,America/Mexico_City,onsale,Luis Garcia,El Cantoral ,Mexico,Ciudad de México,CDMX,Mexico,MX,19.361737,-99.166137,Music,Latin,Latin,Undefined,Undefined,False,MONDIAL PRICE 1,,,,Ticketmaster Discovery API,2026,5,May,1,Ciudad de México,Ciudad de México,Latin,False,False
1AfZko3GkdZ-H0Z,Individual Banamex Plus Tecate Emblema 2026,https://www.ticketmaster.com.mx/individual-banamex-plus-tecate-emblema-2026-mexico-17-05-2026/event/14006452C087C900,2026-05-17,15:00:00,America/Mexico_City,onsale,"Tecate Emblema, Gloria Trevi, Kenia Os, Zara Larsson, Lola Índigo, NSQK, Sech, Pedro Sampaio, Santos Bravos, EMJAY, Alan Navarro, Alanis Yuki, Juliana, Rafa Pabón, Paris Hilton, Ha*Ash, GottMik",Autodromo Hnos. Rodriguez,México,Ciudad de México,CDMX,Mexico,MX,19.402829,-99.089247,Music,Undefined,Undefined,Event Style,Festival,False,OCESA,,,,Ticketmaster Discovery API,2026,5,May,1,Ciudad de México,Ciudad de México,Sin clasificar,True,False
16v8Z_AC4G7w9rl,Individual Comfort Pass Tecate Emblema 2026,https://www.ticketmaster.com.mx/individual-comfort-pass-tecate-emblema-2026-mexico-17-05-2026/event/1400645395C977AB,2026-05-17,15:00:00,America/Mexico_City,onsale,"Tecate Emblema, Gloria Trevi, Kenia Os, Zara Larsson, Lola Índigo, NSQK, Sech, Pedro Sampaio, Santos Bravos, EMJAY, Alan Navarro, Alanis Yuki, Juliana, Rafa Pabón, Paris Hilton, Ha*Ash, GottMik",Autodromo Hnos. Rodriguez,México,Ciudad de México,CDMX,Mexico,MX,19.402829,-99.089247,Music,Undefined,Undefined,Event Style,Festival,False,OCESA,,,,Ticketmaster Discovery API,2026,5,May,1,Ciudad de México,Ciudad de México,Sin clasificar,True,False
1AfZko3Gkd8Ymij,Individual General Tecate Emblema 2026,https://www.ticketmaster.com.mx/individual-general-tecate-emblema-2026-mexico-17-05-2026/event/14006452D0C2EB1C,2026-05-17,15:00:00,America/Mexico_City,onsale,"Tecate Emblema, Gloria Trevi, Kenia Os, Zara Larsson, Lola Índigo, NSQK, Sech, Pedro Sampaio, Santos Bravos, EMJAY, Alan Navarro, Alanis Yuki, Juliana, Rafa Pabón, Paris Hilton, Ha*Ash, GottMik",Autodromo Hnos. Rodriguez,México,Ciudad de México,CDMX,Mexico,MX,19.402829,-99.089247,Music,Undefined,Undefined,Event Style,Festival,False,OCESA,,,,Ticketmaster Discovery API,2026,5,May,1,Ciudad de México,Ciudad de México,Sin clasificar,True,False
G5dVZ_AxFo-op,KALEO,https://www.ticketmaster.com.mx/kaleo-mexico-17-05-2026/event/3D00645888461456,2026-05-17,18:30:00,America/Mexico_City,onsale,KALEO,La Maraka,México,Ciudad de México,CDMX,Mexico,MX,19.38651080,-99.16317750,Music,Rock,Pop,Undefined,Undefined,False,MONDIAL PRICE 1,,,,Ticketmaster Discovery API,2026,5,May,1,Ciudad de México,Ciudad de México,Rock,False,False
G5dVZbULQh5K4,J Balvin,https://www.ticketmaster.com.mx/j-balvin-tlajomulco-de-zuniga-17-05-2026/event/3D006367DA6CB4D5,2026-05-17,20:00:00,America/Mexico_City,onsale,J Balvin,Arena VFG,Tlajomulco de Zuñiga,Jalisco,JAL,Mexico,MX,20.467193,-103.263489,Music,Hip-Hop/Rap,Reggaeton,Undefined,Undefined,False,OCESA,,,,Ticketmaster Discovery API,2026,5,May,1,Tlajomulco de Zuñiga,Jalisco,Hip-Hop/Rap,False,False
15v8ZbU388p7O,"Leyendas Gruperas: Yonic´s Zamacona, Muecas y Freddys",https://www.ticketmaster.com.mx/leyendas-gruperas-yonic-s-zamacona-muecas-zapopan-17-05-2026/event/1400636490416120,2026-05-17,19:00:00,America/Mexico_City,onsale,,Auditorio Telmex,Zapopan,Jalisco,JAL,Mexico,MX,20.73324,-103.38112,Music,Ballads/Romantic,Ballads/Romantic,Undefined,Undefined,False,MONDIAL PRICE 1,,,,Ticketmaster Discovery API,2026,5,May,1,Zapopan,Jalisco,Ballads/Romantic,False,False
1AfZkuFGkdrmqRa,Korn,https://www.ticketmaster.com.mx/korn-ciudad-de-mexico-19-05-2026/event/14006348DEB9DBC9,2026-05-19,20:00:00,America/Mexico_City,onsale,Korn,Palacio de los Deportes,Ciudad de México,Ciudad de México,CDMX,Mexico,MX,19.40154080,-99.09806060,Music,Metal,Nu-Metal,Undefined,Undefined,False,MONDIAL PRICE 1,,,,Ticketmaster Discovery API,2026,5,May,1,Ciudad de México,Ciudad de México,Metal,False,False
1av8ZbV3ZbVZd2dk,Hatsune Miku - EXPO 2026 North America,https://www.ticketmaster.com.mx/hatsune-miku-expo-2026-north-america-mexico-19-05-2026/event/1400634480634E25,2026-05-19,21:00:00,America/Mexico_City,onsale,Hatsune Miku,Pepsi Center,México,Ciudad de México,CDMX,Mexico,MX,19.39340970,-99.17581180,Music,Pop,Pop,Undefined,Undefined,False,OCESA,,,,Ticketmaster Discovery API,2026,5,May,1,Ciudad de México,Ciudad de México,Pop,False,False
G5dVZ_6nvF-Pc,Grupo Yndio,https://www.ticketmaster.com.mx/grupo-yndio-ciudad-de-mexico-20-05-2026/event/3D00647A8122196D,2026-05-20,20:30:00,America/Mexico_City,onsale,Grupo Yndio,El Lunario del Auditorio Nacional,Ciudad de México,Ciudad de México,CDMX,Mexico,MX,19.424682,-99.1954,Music,Latin,Latin,Undefined,Undefined,False,MONDIAL PRICE 1,,,,Ticketmaster Discovery API,2026,5,May,1,Ciudad de México,Ciudad de México,Latin,False,False
G5dVZ_dU6yeeE,Yuri,https://www.ticketmaster.com.mx/yuri-ciudad-de-mexico-20-05-2026/event/3D00643D87E420A7,2026-05-20,20:30:00,America/Mexico_City,onsale,Yuri,Auditorio Nacional,Ciudad de México,Ciudad de México,CDMX,Mexico,MX,19.424648,-99.19484,Music,Pop,Pop,Undefined,Undefined,False,OCESA,,,,Ticketmaster Discovery API,2026,5,May,1,Ciudad de México,Ciudad de México,Pop,False,False
1av8Z_7QeP3Zd8d8,Diego Torres,https://www.ticketmaster.com.mx/diego-torres-monterrey-20-05-2026/event/1400644682952F2F,2026-05-20,21:00:00,America/Mexico_City,onsale,Diego Torres,Escenario GNP Seguros,Monterrey,Nuevo León,NL,Mexico,MX,25.666135,-100.316726,Music,Rock,Pop,Undefined,Undefined,False,MONDIAL PRICE 1,,,,Ticketmaster Discovery API,2026,5,May,1,Monterrey,Nuevo León,Rock,False,False
1AfZkCdGkeg-jel,Wolf Alice,https://www.ticketmaster.com.mx/wolf-alice-mexico-20-05-2026/event/14006383B585C0AB,2026-05-20,21:00:00,America/Mexico_City,onsale,Wolf Alice,Pepsi Center,México,Ciudad de México,CDMX,Mexico,MX,19.39340970,-99.17581180,Music,Rock,Alternative Rock,Undefined,Undefined,False,OCESA,,,,Ticketmaster Discovery API,2026,5,May,1,Ciudad de México,Ciudad de México,Rock,False,False
G5dVZbMCalxrc,"Dani Fernández ""La Insurrección Tour""",https://www.ticketmaster.com.mx/dani-fernandez-la-insurreccion-tour-ciudad-de-mexico-21-05-2026/event/3D00637389AE27AD,2026-05-21,21:00:00,America/Mexico_City,cancelled,Dani Fernandez,El Lunario del Auditorio Nacional,Ciudad de México,Ciudad de México,CDMX,Mexico,MX,19.424682,-99.1954,Music,Pop,Pop,Undefined,Undefined,False,MONDIAL PRICE 1,,,,Ticketmaster Discovery API,2026,5,May,1,Ciudad de México,Ciudad de México,Pop,False,False
G5dVZ_6rabewI,Leyendas,https://www.ticketmaster.com.mx/leyendas-ciudad-de-mexico-21-05-2026/event/3D00647789602CA8,2026-05-21,20:30:00,America/Mexico_City,onsale,Leyendas el show,Foro Stelaris Fiesta Americana Reforma,Ciudad de México,Ciudad de México,CDMX,Mexico,MX,19.43219600,-99.15473940,Music,Ballads/Romantic,Ballads/Romantic,Undefined,Undefined,False,MONDIAL PRICE 1,,,,Ticketmaster Discovery API,2026,5,May,1,Ciudad de México,Ciudad de México,Ballads/Romantic,False,False
G5dVZ_7npq-y4,"Mori, Plastikboy, Soultade",https://www.ticketmaster.com.mx/mori-plastikboy-soultade-col-centro-monterrey-21-05-2026/event/3D00644A96761E55,2026-05-21,21:00:00,America/Mexico_City,onsale,,Foro Corona Monterrey,Col. Centro Monterrey,Nuevo León,NL,Mexico,MX,25.66646204,-100.31681661,Music,R&B,R&B,Undefined,Undefined,False,MONDIAL PRICE 3,,,,Ticketmaster Discovery API,2026,5,May,1,Monterrey,Nuevo León,R&B,False,False
G5dVZ_66IAaam,Carlos Macías presenta: México es a Todo Dar,https://www.ticketmaster.com.mx/carlos-macias-presenta-mexico-es-a-mexico-21-05-2026/event/3D006471E814926E,2026-05-21,20:30:00,America/Mexico_City,onsale,Carlos Macías,El Cantoral ,Mexico,Ciudad de México,CDMX,Mexico,MX,19.361737,-99.166137,Music,Latin,Latin,Undefined,Undefined,False,MONDIAL PRICE 1,,,,Ticketmaster Discovery API,2026,5,May,1,Ciudad de México,Ciudad de México,Latin,False,False
G5dVZ_FGIw1OK,"Cross Road ""Bon Jovi Live Experience""",https://www.ticketmaster.com.mx/cross-road-bon-jovi-live-experience-mexico-21-05-2026/event/3D00648328C8A813,2026-05-21,21:30:00,America/Mexico_City,onsale,Cross Road: The Bon Jovi live experience,Foro Red Access,México,Ciudad de México,CDMX,Mexico,MX,19.35677,-99.163341,Music,Undefined,Undefined,Group,Tribute Band,False,MONDIAL PRICE 1,,,,Ticketmaster Discovery API,2026,5,May,1,Ciudad de México,Ciudad de México,Sin clasificar,False,False
1AfZkokGkdJGLo-,Diego Torres,https://www.ticketmaster.com.mx/diego-torres-mexico-21-05-2026/event/14006446E631F461,2026-05-21,20:30:00,America/Mexico_City,onsale,Diego Torres,Teatro Metropolitan,México,Ciudad de México,CDMX,Mexico,MX,19.433457,-99.146811,Music,Rock,Pop,Undefined,Undefined,False,OCESA,,,,Ticketmaster Discovery API,2026,5,May,1,Ciudad de México,Ciudad de México,Rock,False,False
1kAZv0jyGACyUSf,Fobia,https://www.ticketmaster.com.mx/fobia-zapopan-21-05-2026/event/140064739EE76CD4,2026-05-21,21:00:00,America/Mexico_City,onsale,Fobia,Auditorio Telmex,Zapopan,Jalisco,JAL,Mexico,MX,20.73324,-103.38112,Music,World,World,Undefined,Undefined,False,OCESA,,,,Ticketmaster Discovery API,2026,5,May,1,Zapopan,Jalisco,World,False,False
G5dVZ_kJuz-8W,Amantes en Concierto,https://www.ticketmaster.com.mx/amantes-en-concierto-ciudad-de-mexico-22-05-2026/event/3D0064698DE2143D,2026-05-22,21:00:00,America/Mexico_City,onsale,Amantes en Concierto,El Lunario del Auditorio Nacional,Ciudad de México,Ciudad de México,CDMX,Mexico,MX,19.424682,-99.1954,Music,Ballads/Romantic,Ballads/Romantic,Undefined,Undefined,False,MONDIAL PRICE 1,,,,Ticketmaster Discovery API,2026,5,May,1,Ciudad de México,Ciudad de México,Ballads/Romantic,False,False
G5dVZbVXu1Pv3,La La Love You. ,https://www.ticketmaster.com.mx/la-la-love-you-ciudad-de-mexico-22-05-2026/event/3D00634F8D2A5052,2026-05-22,21:00:00,America/Mexico_City,onsale,La La Love You,Auditorio Nacional,Ciudad de México,Ciudad de México,CDMX,Mexico,MX,19.424648,-99.19484,Music,Rock,Alternative Rock,Undefined,Undefined,False,MONDIAL PRICE 1,,,,Ticketmaster Discovery API,2026,5,May,1,Ciudad de México,Ciudad de México,Rock,False,False
G5dVZ_eUFMOMb,Caztro,https://www.ticketmaster.com.mx/caztro-col-centro-monterrey-22-05-2026/event/3D00642D88DE0DD8,2026-05-22,21:00:00,America/Mexico_City,onsale,Caztro,Foro Corona Monterrey,Col. Centro Monterrey,Nuevo León,NL,Mexico,MX,25.66646204,-100.31681661,Music,Pop,Pop,Undefined,Undefined,False,MONDIAL PRICE 3,,,,Ticketmaster Discovery API,2026,5,May,1,Monterrey,Nuevo León,Pop,False,False
G5dVZbMx9VwH1,Paco de María,https://www.ticketmaster.com.mx/paco-de-maria-mexico-22-05-2026/event/3D00637897D32F0A,2026-05-22,21:00:00,America/Mexico_City,onsale,Paco de María,El Cantoral ,Mexico,Ciudad de México,CDMX,Mexico,MX,19.361737,-99.166137,Music,Jazz,Jazz,Undefined,Undefined,False,MONDIAL PRICE 1,,,,Ticketmaster Discovery API,2026,5,May,1,Ciudad de México,Ciudad de México,Jazz,False,False
16v8Z_ACeG7ldLt,"Marcos Witt ""Legado Tour 2026""",https://www.ticketmaster.com.mx/marcos-witt-legado-tour-2026-monterrey-22-05-2026/event/1400645382AC37E9,2026-05-22,20:00:00,America/Mexico_City,onsale,Marcos Witt,Escenario GNP Seguros,Monterrey,Nuevo León,NL,Mexico,MX,25.666135,-100.316726,Music,Religious,Gospel,Undefined,Undefined,False,MONDIAL PRICE 1,,,,Ticketmaster Discovery API,2026,5,May,1,Monterrey,Nuevo León,Religious,False,False
1Av8ZbzGkmkUz94,Victor Mendivil,https://www.ticketmaster.com.mx/victor-mendivil-monterrey-22-05-2026/event/1400638B86DB85D5,2026-05-22,21:00:00,America/Mexico_City,onsale,Victor Mendivil,Auditorio Banamex,Monterrey,Nuevo León,NL,Mexico,MX,25.67765795,-100.28085777,Music,Latin,Latin,Undefined,Undefined,False,MONDIAL PRICE 1,,,,Ticketmaster Discovery API,2026,5,May,1,Monterrey,Nuevo León,Latin,False,False
G5dVZ_eLYjfHv,La Sonora Santanera,https://www.ticketmaster.com.mx/la-sonora-santanera-mexico-22-05-2026/event/3D006427F0714F01,2026-05-22,21:30:00,America/Mexico_City,onsale,La Sonora Santanera,La Maraka,México,Ciudad de México,CDMX,Mexico,MX,19.38651080,-99.16317750,Music,Folk,Indie Folk,Undefined,Undefined,False,MONDIAL PRICE 1,,,,Ticketmaster Discovery API,2026,5,May,1,Ciudad de México,Ciudad de México,Folk,False,False
1Av8Z_dGkm-STAI,Christian Nodal,https://www.ticketmaster.com.mx/christian-nodal-zapopan-22-05-2026/event/1400643BA1CFF168,2026-05-22,21:00:00,America/Mexico_City,onsale,Christian Nodal,Auditorio Telmex,Zapopan,Jalisco,JAL,Mexico,MX,20.73324,-103.38112,Music,Latin,Latin,Undefined,Undefined,False,MONDIAL PRICE 1,,,,Ticketmaster Discovery API,2026,5,May,1,Zapopan,Jalisco,Latin,False,False
G5dVZ_73jDwkv,420 Reggae & Ska,https://www.ticketmaster.com.mx/420-reggae-ska-ciudad-de-mexico-23-05-2026/event/3D0064449CEF2181,2026-05-23,16:20:00,America/Mexico_City,cancelled,420 Reggae & Ska,Velodromo,Ciudad de México,Ciudad de México,CDMX,Mexico,MX,19.40984039,-99.10364330,Music,Reggae,Reggae,Undefined,Undefined,False,OCESA,,,,Ticketmaster Discovery API,2026,5,May,1,Ciudad de México,Ciudad de México,Reggae,False,False
G5dVZbzma2vXv,Liverpool Legends: The Complete Beatles Experience,https://www.ticketmaster.com.mx/liverpool-legends-the-complete-beatles-experience-ciudad-de-mexico-23-05-2026/event/3D00638B893C1F81,2026-05-23,19:30:00,America/Mexico_City,onsale,Liverpool Legends,Auditorio Nacional,Ciudad de México,Ciudad de México,CDMX,Mexico,MX,19.424648,-99.19484,Music,Rock,Pop,Undefined,Undefined,False,MONDIAL PRICE 1,,,,Ticketmaster Discovery API,2026,5,May,1,Ciudad de México,Ciudad de México,Rock,False,False
1Av8ZbzGklK5dD7,Marco Antonio Solis Gratitud Tour,https://www.ticketmaster.com.mx/marco-antonio-solis-gratitud-tour-ciudad-de-mexico-23-05-2026/event/1400638AD32C3EC4,2026-05-23,21:00:00,America/Mexico_City,onsale,Marco Antonio Solis,Estadio GNP Seguros,Ciudad de México,Ciudad de México,CDMX,Mexico,MX,19.405199,-99.095618,Music,Latin,Latin,Undefined,Undefined,False,OCESA,,,,Ticketmaster Discovery API,2026,5,May,1,Ciudad de México,Ciudad de México,Latin,False,False
1AfZkuJGkeNfiQ4,Sebastian Yatra,https://www.ticketmaster.com.mx/sebastian-yatra-ciudad-de-mexico-23-05-2026/event/14006366A352C695,2026-05-23,20:00:00,America/Mexico_City,onsale,Sebastian Yatra,Palacio de los Deportes,Ciudad de México,Ciudad de México,CDMX,Mexico,MX,19.40154080,-99.09806060,Music,Other,Other,Undefined,Undefined,False,OCESA,,,,Ticketmaster Discovery API,2026,5,May,1,Ciudad de México,Ciudad de México,Other,False,False
G5dVZbMnQXPZg,Viva Suecia -Gira:Hecho en Tiempo de Paz,https://www.ticketmaster.com.mx/viva-suecia-girahecho-en-tiempo-de-ciudad-de-mexico-23-05-2026/event/3D00637A9AFA5035,2026-05-23,21:00:00,America/Mexico_City,onsale,Viva Suecia,El Lunario del Auditorio Nacional,Ciudad de México,Ciudad de México,CDMX,Mexico,MX,19.424682,-99.1954,Music,Pop,Pop,Undefined,Undefined,False,MONDIAL PRICE 1,,,,Ticketmaster Discovery API,2026,5,May,1,Ciudad de México,Ciudad de México,Pop,False,False
G5dVZ_d2v5EH7,Rubytates,https://www.ticketmaster.com.mx/rubytates-col-centro-monterrey-23-05-2026/event/3D006433C12E7F04,2026-05-23,21:00:00,America/Mexico_City,onsale,Rubytates,Foro Corona Monterrey,Col. Centro Monterrey,Nuevo León,NL,Mexico,MX,25.66646204,-100.31681661,Music,Rock,Alternative Rock,Undefined,Undefined,False,MONDIAL PRICE 1,,,,Ticketmaster Discovery API,2026,5,May,1,Monterrey,Nuevo León,Rock,False,False
G5dVZby1NaSsP,Intocable en concierto,https://www.ticketmaster.com.mx/intocable-en-concierto-guadalajara-23-05-2026/event/3D006392A3273C65,2026-05-23,20:00:00,America/Mexico_City,onsale,Intocable,Plaza De Toros Nuevo Progreso,Guadalajara,Jalisco,JAL,Mexico,MX,20.702044,-103.325346,Music,Latin,Latin,Undefined,Undefined,False,OCESA,,,,Ticketmaster Discovery API,2026,5,May,1,Guadalajara,Jalisco,Latin,False,False
G5dVZ_ex1AsvF,Etienne Charles Quartet,https://www.ticketmaster.com.mx/etienne-charles-quartet-mexico-23-05-2026/event/3D0064288A171048,2026-05-23,19:30:00,America/Mexico_City,onsale,Etienne Charles,Teatro de la Ciudad Esperanza Iris,Mexico,Ciudad de México,CDMX,Mexico,MX,19.43669360,-99.13943750,Music,Jazz,Jazz,Undefined,Undefined,False,MONDIAL PRICE 1,,,,Ticketmaster Discovery API,2026,5,May,1,Ciudad de México,Ciudad de México,Jazz,False,False
1AfZkowGkdLlcby,Fobia,https://www.ticketmaster.com.mx/fobia-monterrey-23-05-2026/event/14006472DFAED639,2026-05-23,21:00:00,America/Mexico_City,onsale,Fobia,Escenario GNP Seguros,Monterrey,Nuevo León,NL,Mexico,MX,25.666135,-100.316726,Music,World,World,Undefined,Undefined,False,MONDIAL PRICE 1,,,,Ticketmaster Discovery API,2026,5,May,1,Monterrey,Nuevo León,World,False,False
G5dVZbgQ7gSzU,Hector Ortiz : Long Live The King,https://www.ticketmaster.com.mx/hector-ortiz-long-live-the-king-mexico-23-05-2026/event/3D00635684D73E36,2026-05-23,21:00:00,America/Mexico_City,onsale,Héctor Ortiz,Foro Red Access,México,Ciudad de México,CDMX,Mexico,MX,19.35677,-99.163341,Music,Latin,Latin,Undefined,Undefined,False,MONDIAL PRICE 1,,,,Ticketmaster Discovery API,2026,5,May,1,Ciudad de México,Ciudad de México,Latin,False,False
G5dVZ_eLsF0Xi,La Sonora Santanera,https://www.ticketmaster.com.mx/la-sonora-santanera-mexico-23-05-2026/event/3D006427F1224FAC,2026-05-23,21:30:00,America/Mexico_City,onsale,La Sonora Santanera,La Maraka,México,Ciudad de México,CDMX,Mexico,MX,19.38651080,-99.16317750,Music,Folk,Indie Folk,Undefined,Undefined,False,MONDIAL PRICE 1,,,,Ticketmaster Discovery API,2026,5,May,1,Ciudad de México,Ciudad de México,Folk,False,False
1AfZkokGkdjFCFx,The Academy Is... - Almost Here. 20th Anniversary Tour,https://www.ticketmaster.com.mx/the-academy-is-almost-here-20th-mexico-23-05-2026/event/14006446DC20E222,2026-05-23,20:30:00,America/Mexico_City,onsale,The Academy Is,Pabellón del Palacio de los Deportes,México,Ciudad de México,CDMX,Mexico,MX,19.40154080,-99.09806060,Music,Rock,Pop,Undefined,Undefined,False,OCESA,,,,Ticketmaster Discovery API,2026,5,May,1,Ciudad de México,Ciudad de México,Rock,False,False
G5dVZbzm1gweh,Liverpool Legends: The Complete Beatles Experience,https://www.ticketmaster.com.mx/liverpool-legends-the-complete-beatles-experience-ciudad-de-mexico-24-05-2026/event/3D00638B8AD7209B,2026-05-24,19:30:00,America/Mexico_City,onsale,Liverpool Legends,Auditorio Nacional,Ciudad de México,Ciudad de México,CDMX,Mexico,MX,19.424648,-99.19484,Music,Rock,Pop,Undefined,Undefined,False,MONDIAL PRICE 1,,,,Ticketmaster Discovery API,2026,5,May,1,Ciudad de México,Ciudad de México,Rock,False,False
G5dVZbUwa-N2n,"Alex Fernández "" Voz de mi Sangre, Tour""",https://www.ticketmaster.com.mx/alex-fernandez-voz-de-mi-sangre-mexico-24-05-2026/event/3D00636C898633EA,2026-05-24,18:00:00,America/Mexico_City,onsale,Alex Fernandez,El Cantoral ,Mexico,Ciudad de México,CDMX,Mexico,MX,19.361737,-99.166137,Music,Latin,Latin,Undefined,Undefined,False,MONDIAL PRICE 1,,,,Ticketmaster Discovery API,2026,5,May,1,Ciudad de México,Ciudad de México,Latin,False,False
1AfZkokGkdVaeAo,Martin Valverde,https://www.ticketmaster.com.mx/martin-valverde-monterrey-24-05-2026/event/14006446F4242151,2026-05-24,17:00:00,America/Mexico_City,onsale,Martin Valverde,Escenario GNP Seguros,Monterrey,Nuevo León,NL,Mexico,MX,25.666135,-100.316726,Music,World,World,Undefined,Undefined,False,MONDIAL PRICE 1,,,,Ticketmaster Discovery API,2026,5,May,1,Monterrey,Nuevo León,World,False,False
G5dVZ_FJ6yoHE,Gipsy Kings by André Reyes,https://www.ticketmaster.com.mx/gipsy-kings-by-andre-reyes-mexico-24-05-2026/event/3D00648987E51F27,2026-05-24,18:30:00,America/Mexico_City,onsale,Gipsy Kings by André Reyes,La Maraka,México,Ciudad de México,CDMX,Mexico,MX,19.38651080,-99.16317750,Music,World,Flamenco,Undefined,Undefined,False,MONDIAL PRICE 1,,,,Ticketmaster Discovery API,2026,5,May,1,Ciudad de México,Ciudad de México,World,False,False
G5dVZ_63DaUR3,"Coro de Madrigalistas Bellas Artes, 8+. Ingreso 16:30 h",https://www.ticketmaster.com.mx/coro-de-madrigalistas-bellas-artes-8-mexico-cdmx-24-05-2026/event/3D006474BB276BD2,2026-05-24,17:00:00,America/Mexico_City,onsale,Sala Principal Bellas Artes,Palacio de Bellas Artes,México CDMX,Ciudad de México,CDMX,Mexico,MX,19.43663020,-99.14353180,Music,Latin,Latin,Undefined,Undefined,False,MONDIAL PRICE 2,,,,Ticketmaster Discovery API,2026,5,May,1,Ciudad de México,Ciudad de México,Latin,False,False
G5dVZ_7lNGhuU,La Orquesta de la Luz,https://www.ticketmaster.com.mx/la-orquesta-de-la-luz-ciudad-de-mexico-27-05-2026/event/3D00644AE331B376,2026-05-27,21:00:00,America/Mexico_City,onsale,Orquesta De La Luz,El Lunario del Auditorio Nacional,Ciudad de México,Ciudad de México,CDMX,Mexico,MX,19.424682,-99.1954,Music,World,World,Undefined,Undefined,False,MONDIAL PRICE 1,,,,Ticketmaster Discovery API,2026,5,May,1,Ciudad de México,Ciudad de México,World,False,False
G5dVZbgJvjNrW,"Reyli Barba ""A Caballo""",https://www.ticketmaster.com.mx/reyli-barba-a-caballo-ciudad-de-mexico-27-05-2026/event/3D006359817237BD,2026-05-27,20:30:00,America/Mexico_City,onsale,Reyli,Auditorio Nacional,Ciudad de México,Ciudad de México,CDMX,Mexico,MX,19.424648,-99.19484,Music,Latin,Latin,Undefined,Undefined,False,MONDIAL PRICE 1,,,,Ticketmaster Discovery API,2026,5,May,1,Ciudad de México,Ciudad de México,Latin,False,False
1AfZkuUGkeYyVlI,System Of A Down,https://www.ticketmaster.com.mx/system-of-a-down-ciudad-de-mexico-27-05-2026/event/14006376B0E74AE8,2026-05-27,21:00:00,America/Mexico_City,onsale,System Of A Down,Estadio GNP Seguros,Ciudad de México,Ciudad de México,CDMX,Mexico,MX,19.405199,-99.095618,Music,Metal,Nu-Metal,Undefined,Undefined,False,OCESA,,,,Ticketmaster Discovery API,2026,5,May,1,Ciudad de México,Ciudad de México,Metal,False,False
1Av8ZbgGkU31P37,Mon Laferte,https://www.ticketmaster.com.mx/mon-laferte-monterrey-27-05-2026/event/1400635D922A5484,2026-05-27,21:00:00,America/Mexico_City,onsale,Mon Laferte,Auditorio Banamex,Monterrey,Nuevo León,NL,Mexico,MX,25.67765795,-100.28085777,Music,Pop,Pop,Undefined,Undefined,False,OCESA,,,,Ticketmaster Discovery API,2026,5,May,1,Monterrey,Nuevo León,Pop,False,False
1Av8ZbgGkUAe08u,Camilo Septimo,https://www.ticketmaster.com.mx/camilo-septimo-ciudad-de-mexico-28-05-2026/event/1400635D850A440D,2026-05-28,20:00:00,America/Mexico_City,onsale,Camilo Septimo,Palacio de los Deportes,Ciudad de México,Ciudad de México,CDMX,Mexico,MX,19.40154080,-99.09806060,Music,Rock,Alternative Rock,Undefined,Undefined,False,OCESA,,,,Ticketmaster Discovery API,2026,5,May,1,Ciudad de México,Ciudad de México,Rock,False,False
G5dVZ_7h3XfB0,Emmanuel & Mijares,https://www.ticketmaster.com.mx/emmanuel-mijares-ciudad-de-mexico-28-05-2026/event/3D006446D2F94EA4,2026-05-28,20:30:00,America/Mexico_City,onsale,Emmanuel & Mijares,Auditorio Nacional,Ciudad de México,Ciudad de México,CDMX,Mexico,MX,19.424648,-99.19484,Music,Latin,Latin,Undefined,Undefined,False,OCESA,,,,Ticketmaster Discovery API,2026,5,May,1,Ciudad de México,Ciudad de México,Latin,False,False
1AfZkuUGkesXAAY,System Of A Down,https://www.ticketmaster.com.mx/system-of-a-down-ciudad-de-mexico-28-05-2026/event/14006376B1F85170,2026-05-28,21:00:00,America/Mexico_City,onsale,System Of A Down,Estadio GNP Seguros,Ciudad de México,Ciudad de México,CDMX,Mexico,MX,19.405199,-99.095618,Music,Metal,Nu-Metal,Undefined,Undefined,False,OCESA,,,,Ticketmaster Discovery API,2026,5,May,1,Ciudad de México,Ciudad de México,Metal,False,False
G5dVZ_Anhedky,"Usted Señálemelo, Términos y Condiciones",https://www.ticketmaster.com.mx/usted-senalemelo-terminos-y-condiciones-ciudad-de-mexico-28-05-2026/event/3D00645A9B0831B9,2026-05-28,20:30:00,America/Mexico_City,onsale,Usted Señalemelo,El Lunario del Auditorio Nacional,Ciudad de México,Ciudad de México,CDMX,Mexico,MX,19.424682,-99.1954,Music,Rock,Pop,Undefined,Undefined,False,OCESA,,,,Ticketmaster Discovery API,2026,5,May,1,Ciudad de México,Ciudad de México,Rock,False,False
G5dVZ_eSsv7lS,Arath Herce,https://www.ticketmaster.com.mx/arath-herce-col-centro-monterrey-28-05-2026/event/3D00642CF1044AF3,2026-05-28,21:00:00,America/Mexico_City,onsale,Arath Herce,Foro Corona Monterrey,Col. Centro Monterrey,Nuevo León,NL,Mexico,MX,25.66646204,-100.31681661,Music,Latin,Latin,Undefined,Undefined,False,MONDIAL PRICE 1,,,,Ticketmaster Discovery API,2026,5,May,1,Monterrey,Nuevo León,Latin,False,False
1Av8Z_AGknr-6Qg,"Amanda Miguel ""El me mintió tour""",https://www.ticketmaster.com.mx/amanda-miguel-el-me-mintio-tour-monterrey-28-05-2026/event/1400645A9E8476B5,2026-05-28,21:00:00,America/Mexico_City,onsale,Amanda Miguel,Escenario GNP Seguros,Monterrey,Nuevo León,NL,Mexico,MX,25.666135,-100.316726,Music,Latin,Latin,Undefined,Undefined,False,MONDIAL PRICE 1,,,,Ticketmaster Discovery API,2026,5,May,1,Monterrey,Nuevo León,Latin,False,False
G5dVZbyxLfs3M,Alizée,https://www.ticketmaster.com.mx/alizee-mexico-28-05-2026/event/3D0063989F5314B7,2026-05-28,21:30:00,America/Mexico_City,onsale,Alizée,La Maraka,México,Ciudad de México,CDMX,Mexico,MX,19.38651080,-99.16317750,Music,Pop,Pop,Undefined,Undefined,False,MONDIAL PRICE 1,,,,Ticketmaster Discovery API,2026,5,May,1,Ciudad de México,Ciudad de México,Pop,False,False
G5dVZbgBbWJ1L,Concierto de Alex Cuba en Ciudad de México,https://www.ticketmaster.com.mx/concierto-de-alex-cuba-en-ciudad-mexico-28-05-2026/event/3D00635E98F6629F,2026-05-28,20:00:00,America/Mexico_City,onsale,Alex Cuba,Nuevo Teatro Libanés,México,Ciudad de México,CDMX,Mexico,MX,19.36288070,-99.17993160,Music,Folk,Indie Folk,Undefined,Undefined,False,MONDIAL PRICE 1,,,,Ticketmaster Discovery API,2026,5,May,1,Ciudad de México,Ciudad de México,Folk,False,False
G5dVZ_k3Ajsej,Hd Band,https://www.ticketmaster.com.mx/hd-band-mexico-28-05-2026/event/3D0064648573109C,2026-05-28,21:00:00,America/Mexico_City,onsale,HD BAND,Foro Red Access,México,Ciudad de México,CDMX,Mexico,MX,19.35677,-99.163341,Music,Pop,Pop,Undefined,Undefined,False,MONDIAL PRICE 1,,,,Ticketmaster Discovery API,2026,5,May,1,Ciudad de México,Ciudad de México,Pop,False,False
1AfZkokGkdZYD5I,Mau y Ricky,https://www.ticketmaster.com.mx/mau-y-ricky-mexico-28-05-2026/event/14006446C0C3B2E8,2026-05-28,20:30:00,America/Mexico_City,onsale,Mau y Ricky,Teatro Metropolitan,México,Ciudad de México,CDMX,Mexico,MX,19.433457,-99.146811,Music,Latin,Latin,Undefined,Undefined,False,OCESA,,,,Ticketmaster Discovery API,2026,5,May,1,Ciudad de México,Ciudad de México,Latin,False,False
G5dVZ_eXeKse8,Orquesta De La Luz,https://www.ticketmaster.com.mx/orquesta-de-la-luz-mexico-28-05-2026/event/3D00642F824F1090,2026-05-28,21:00:00,America/Mexico_City,onsale,Orquesta De La Luz,Mambo Cafe Insurgentes,México,Ciudad de México,CDMX,Mexico,MX,19.38312910,-99.17603300,Music,World,World,Undefined,Undefined,False,MONDIAL PRICE 1,,,,Ticketmaster Discovery API,2026,5,May,1,Ciudad de México,Ciudad de México,World,False,False
G5dVZ_dNLP4jD,Caifanes,https://www.ticketmaster.com.mx/caifanes-ciudad-de-mexico-29-05-2026/event/3D006438DF95573B,2026-05-29,21:00:00,America/Mexico_City,onsale,Caifanes,Auditorio Nacional,Ciudad de México,Ciudad de México,CDMX,Mexico,MX,19.424648,-99.19484,Music,Latin,Latin,Undefined,Undefined,False,OCESA,,,,Ticketmaster Discovery API,2026,5,May,1,Ciudad de México,Ciudad de México,Latin,False,False
G5dVZ_F6J_gXB,El Principe y El Divo - Pablo Marentes y Juilo Ponze,https://www.ticketmaster.com.mx/el-principe-y-el-divo-pablo-ciudad-de-mexico-29-05-2026/event/3D006481E6675FBA,2026-05-29,21:30:00,America/Mexico_City,onsale,El Príncipe y el Divo,Foro Stelaris Fiesta Americana Reforma,Ciudad de México,Ciudad de México,CDMX,Mexico,MX,19.43219600,-99.15473940,Music,Undefined,Undefined,Group,Tribute Band,False,MONDIAL PRICE 1,,,,Ticketmaster Discovery API,2026,5,May,1,Ciudad de México,Ciudad de México,Sin clasificar,False,False
G5dVZbSxkoUAl,Mafalda Cardenal,https://www.ticketmaster.com.mx/mafalda-cardenal-ciudad-de-mexico-29-05-2026/event/3D0063388647616B,2026-05-29,20:30:00,America/Mexico_City,onsale,Mafalda Cardenal,El Lunario del Auditorio Nacional,Ciudad de México,Ciudad de México,CDMX,Mexico,MX,19.424682,-99.1954,Music,Pop,Pop,Undefined,Undefined,False,OCESA,,,,Ticketmaster Discovery API,2026,5,May,1,Ciudad de México,Ciudad de México,Pop,False,False
1Av8ZbgGkXdjVxE,Mon Laferte,https://www.ticketmaster.com.mx/mon-laferte-ciudad-de-mexico-29-05-2026/event/1400635F837348A7,2026-05-29,20:00:00,America/Mexico_City,onsale,Mon Laferte,Palacio de los Deportes,Ciudad de México,Ciudad de México,CDMX,Mexico,MX,19.40154080,-99.09806060,Music,Pop,Pop,Undefined,Undefined,False,OCESA,,,,Ticketmaster Discovery API,2026,5,May,1,Ciudad de México,Ciudad de México,Pop,False,False
G5dVZ_kUPYKpv,Tour Emperatriz Acústico,https://www.ticketmaster.com.mx/tour-emperatriz-acustico-ciudad-de-mexico-29-05-2026/event/3D00646DA5C13581,2026-05-29,21:00:00,America/Mexico_City,onsale,Emperatriz,Sala Pepsi Black,Ciudad de México,Ciudad de México,CDMX,Mexico,MX,19.39483880,-99.17475050,Music,Latin,Latin,Undefined,Undefined,False,MONDIAL PRICE 1,,,,Ticketmaster Discovery API,2026,5,May,1,Ciudad de México,Ciudad de México,Latin,False,False
G5dVZ_ARujkcI,Nunca Jamás,https://www.ticketmaster.com.mx/nunca-jamas-col-centro-monterrey-29-05-2026/event/3D00645BCD706B68,2026-05-29,21:00:00,America/Mexico_City,onsale,Nunca Jamas,Foro Corona Monterrey,Col. Centro Monterrey,Nuevo León,NL,Mexico,MX,25.66646204,-100.31681661,Music,Latin,Latin,Undefined,Undefined,False,MONDIAL PRICE 1,,,,Ticketmaster Discovery API,2026,5,May,1,Monterrey,Nuevo León,Latin,False,False
G5dVZbzSuTgUU,"Victor Garcia ""Mi regreso Tour""",https://www.ticketmaster.com.mx/victor-garcia-mi-regreso-tour-guadalajara-29-05-2026/event/3D00638CCDFF5DB6,2026-05-29,21:00:00,America/Mexico_City,onsale,Victor Garcia,Teatro Diana (GDL),Guadalajara,Jalisco,JAL,Mexico,MX,20.665434,-103.349341,Music,Latin,Latin,Undefined,Undefined,False,MONDIAL PRICE 1,,,,Ticketmaster Discovery API,2026,5,May,1,Guadalajara,Jalisco,Latin,False,False
G5dVZ_ArU8elZ,Carlos Zaur & Enrique Ramil,https://www.ticketmaster.com.mx/carlos-zaur-enrique-ramil-mexico-29-05-2026/event/3D006457B6402AC0,2026-05-29,20:00:00,America/Mexico_City,onsale,Carlos Zaur y Enrique Ramil,El Cantoral ,Mexico,Ciudad de México,CDMX,Mexico,MX,19.361737,-99.166137,Music,Ballads/Romantic,Ballads/Romantic,Undefined,Undefined,False,MONDIAL PRICE 1,,,,Ticketmaster Discovery API,2026,5,May,1,Ciudad de México,Ciudad de México,Ballads/Romantic,False,False
1kAZvNqIGAG5MUQ,Julieta Venegas,https://www.ticketmaster.com.mx/julieta-venegas-monterrey-29-05-2026/event/140063768C2F7D9A,2026-05-29,21:00:00,America/Mexico_City,onsale,Julieta Venegas,Escenario GNP Seguros,Monterrey,Nuevo León,NL,Mexico,MX,25.666135,-100.316726,Music,Latin,Latin,Undefined,Undefined,False,MONDIAL PRICE 1,,,,Ticketmaster Discovery API,2026,5,May,1,Monterrey,Nuevo León,Latin,False,False
G5dVZbMCL9SWH,Alizee + Jon & Jo,https://www.ticketmaster.com.mx/alizee-jon-jo-mexico-29-05-2026/event/3D0063739F5F3F7C,2026-05-29,21:30:00,America/Mexico_City,onsale,Alizée,La Maraka,México,Ciudad de México,CDMX,Mexico,MX,19.38651080,-99.16317750,Music,Pop,Pop,Undefined,Undefined,False,MONDIAL PRICE 1,,,,Ticketmaster Discovery API,2026,5,May,1,Ciudad de México,Ciudad de México,Pop,False,False
1Av8Z_7GkB5JUad,"Jaime Varela El Divo,  Un Eterno Amor.",https://www.ticketmaster.com.mx/jaime-varela-el-divo-un-eterno-mexico-29-05-2026/event/1400644E8B9B6243,2026-05-29,21:00:00,America/Mexico_City,onsale,Jaime Varela,Teatro Metropolitan,México,Ciudad de México,CDMX,Mexico,MX,19.433457,-99.146811,Music,Ballads/Romantic,Ballads/Romantic,Undefined,Undefined,False,OCESA,,,,Ticketmaster Discovery API,2026,5,May,1,Ciudad de México,Ciudad de México,Ballads/Romantic,False,False
1kAZv0PtGA57MJw,Marca Registrada en concierto,https://www.ticketmaster.com.mx/marca-registrada-en-concierto-mexico-29-05-2026/event/140064969B1379B2,2026-05-29,21:00:00,America/Mexico_City,onsale,Marca Registrada,Centro de Convenciones Tlatelolco,México,Ciudad de México,CDMX,Mexico,MX,19.45578800,-99.14015300,Music,Latin,Latin,Undefined,Undefined,False,MONDIAL PRICE 1,,,,Ticketmaster Discovery API,2026,5,May,1,Ciudad de México,Ciudad de México,Latin,False,False
G5dVZ_A2NPUYR,Bruses,https://www.ticketmaster.com.mx/bruses-zapopan-29-05-2026/event/3D006453E3976C2F,2026-05-29,21:00:00,America/Mexico_City,onsale,Bruses,C4 CONCERT HOUSE,Zapopan,Jalisco,JAL,Mexico,MX,20.64400132,-103.42132000,Music,Pop,Pop,Undefined,Undefined,False,MONDIAL PRICE 1,,,,Ticketmaster Discovery API,2026,5,May,1,Zapopan,Jalisco,Pop,False,False
16fZk8sPeZACkGa5,Cristian Castro,https://www.ticketmaster.com.mx/cristian-castro-zapopan-29-05-2026/event/14006431942D5B8A,2026-05-29,21:00:00,America/Mexico_City,onsale,Cristian Castro,Auditorio Telmex,Zapopan,Jalisco,JAL,Mexico,MX,20.73324,-103.38112,Music,Latin,Latin,Undefined,Undefined,False,MONDIAL PRICE 1,,,,Ticketmaster Discovery API,2026,5,May,1,Zapopan,Jalisco,Latin,False,False
G5dVZ_dQt-7EP,Leire Martínez,https://www.ticketmaster.com.mx/leire-martinez-zapopan-29-05-2026/event/3D006436A98449E5,2026-05-29,21:00:00,America/Mexico_City,onsale,Leire Martínez,Teatro Galerías,Zapopan,Jalisco,JAL,Mexico,MX,20.64614400,-103.40480900,Music,Pop,Pop,Undefined,Undefined,False,MONDIAL PRICE 1,,,,Ticketmaster Discovery API,2026,5,May,1,Zapopan,Jalisco,Pop,False,False
G5dVZ_6rbSfx6,Alive,https://www.ticketmaster.com.mx/alive-ciudad-de-mexico-30-05-2026/event/3D00647798CD4887,2026-05-30,21:30:00,America/Mexico_City,onsale,"Alive, una fiesta en el tiempo",Foro Stelaris Fiesta Americana Reforma,Ciudad de México,Ciudad de México,CDMX,Mexico,MX,19.43219600,-99.15473940,Music,Pop,Pop,Undefined,Undefined,False,MONDIAL PRICE 1,,,,Ticketmaster Discovery API,2026,5,May,1,Ciudad de México,Ciudad de México,Pop,False,False
G5dVZ_dNODgOI,Caifanes,https://www.ticketmaster.com.mx/caifanes-ciudad-de-mexico-30-05-2026/event/3D006438E0EF5828,2026-05-30,21:00:00,America/Mexico_City,onsale,Caifanes,Auditorio Nacional,Ciudad de México,Ciudad de México,CDMX,Mexico,MX,19.424648,-99.19484,Music,Latin,Latin,Undefined,Undefined,False,OCESA,,,,Ticketmaster Discovery API,2026,5,May,1,Ciudad de México,Ciudad de México,Latin,False,False
G5dVZ_kUnIdUP,LMT,https://www.ticketmaster.com.mx/lmt-ciudad-de-mexico-30-05-2026/event/3D00646DAAA03DA5,2026-05-30,21:00:00,America/Mexico_City,onsale,LMT,Sala Pepsi Black,Ciudad de México,Ciudad de México,CDMX,Mexico,MX,19.39483880,-99.17475050,Music,Latin,Latin,Undefined,Undefined,False,MONDIAL PRICE 1,,,,Ticketmaster Discovery API,2026,5,May,1,Ciudad de México,Ciudad de México,Latin,False,False
G5dVZby2rgkrK,Leire Martínez,https://www.ticketmaster.com.mx/leire-martinez-ciudad-de-mexico-30-05-2026/event/3D006393DED46793,2026-05-30,19:00:00,America/Mexico_City,onsale,Leire Martínez,El Lunario del Auditorio Nacional,Ciudad de México,Ciudad de México,CDMX,Mexico,MX,19.424682,-99.1954,Music,Pop,Pop,Undefined,Undefined,False,MONDIAL PRICE 1,,,,Ticketmaster Discovery API,2026,5,May,1,Ciudad de México,Ciudad de México,Pop,False,False
1AfZkuzGkesbQGd,Mon Laferte,https://www.ticketmaster.com.mx/mon-laferte-ciudad-de-mexico-30-05-2026/event/14006378B161A303,2026-05-30,20:00:00,America/Mexico_City,onsale,Mon Laferte,Palacio de los Deportes,Ciudad de México,Ciudad de México,CDMX,Mexico,MX,19.40154080,-99.09806060,Music,Pop,Pop,Undefined,Undefined,False,OCESA,,,,Ticketmaster Discovery API,2026,5,May,1,Ciudad de México,Ciudad de México,Pop,False,False
G5dVZ_A1Zm-Zn,Bruses,https://www.ticketmaster.com.mx/bruses-col-centro-monterrey-30-05-2026/event/3D00645280BA102A,2026-05-30,21:00:00,America/Mexico_City,onsale,Bruses,Foro Corona Monterrey,Col. Centro Monterrey,Nuevo León,NL,Mexico,MX,25.66646204,-100.31681661,Music,Pop,Pop,Undefined,Undefined,False,MONDIAL PRICE 1,,,,Ticketmaster Discovery API,2026,5,May,1,Monterrey,Nuevo León,Pop,False,False
G5dVZbg16VVLw,Jumbo,https://www.ticketmaster.com.mx/jumbo-guadalajara-30-05-2026/event/3D00635287D347F2,2026-05-30,21:00:00,America/Mexico_City,onsale,Jumbo,Teatro Diana (GDL),Guadalajara,Jalisco,JAL,Mexico,MX,20.665434,-103.349341,Music,Rock,Pop,Undefined,Undefined,False,MONDIAL PRICE 1,,,,Ticketmaster Discovery API,2026,5,May,1,Guadalajara,Jalisco,Rock,False,False
G5dVZ_dp1Dsxl,Culture Wars,https://www.ticketmaster.com.mx/culture-wars-mexico-30-05-2026/event/3D0064358AEF18AB,2026-05-30,21:00:00,America/Mexico_City,onsale,Culture Wars,Foro Puebla,Mexico,Ciudad de México,CDMX,Mexico,MX,19.422158,-99.164129,Music,Rock,Pop,Undefined,Undefined,False,OCESA,,,,Ticketmaster Discovery API,2026,5,May,1,Ciudad de México,Ciudad de México,Rock,False,False
G5dVZ_7wkvsJ5,Kenia Os,https://www.ticketmaster.com.mx/kenia-os-monterrey-30-05-2026/event/3D00644C8607198B,2026-05-30,21:00:00,America/Mexico_City,onsale,Kenia Os,Estadio Borregos,Monterrey,Nuevo León,NL,Mexico,MX,25.65359730,-100.28543310,Music,Latin,Latin,Undefined,Undefined,False,MONDIAL PRICE 1,,,,Ticketmaster Discovery API,2026,5,May,1,Monterrey,Nuevo León,Latin,False,False
G5dVZ_aNR2rz2,Bad Bunny x Musical Garden,https://www.ticketmaster.com.mx/bad-bunny-x-musical-garden-mexico-30-05-2026/event/3D006498EF3DEE0F,2026-05-30,17:00:00,America/Mexico_City,onsale,,Teatro Xola Julio Prieto,México,Ciudad de México,CDMX,Mexico,MX,19.396053,-99.161283,Music,Other,Other,Undefined,Undefined,False,MONDIAL PRICE 1,,,,Ticketmaster Discovery API,2026,5,May,1,Ciudad de México,Ciudad de México,Other,False,False
G5dVZ_aNY_LvF,Bad Bunny x Musical Garden,https://www.ticketmaster.com.mx/bad-bunny-x-musical-garden-mexico-30-05-2026/event/3D006498F065F048,2026-05-30,20:30:00,America/Mexico_City,onsale,,Teatro Xola Julio Prieto,México,Ciudad de México,CDMX,Mexico,MX,19.396053,-99.161283,Music,Other,Other,Undefined,Undefined,False,MONDIAL PRICE 1,,,,Ticketmaster Discovery API,2026,5,May,1,Ciudad de México,Ciudad de México,Other,False,False
1kAZv04FGA5-UlI,"Oliver Tree - Love You Madly, Hate You Badly World's First World Tour",https://www.ticketmaster.com.mx/oliver-tree-love-you-madly-hate-mexico-30-05-2026/event/140064548B876AE8,2026-05-30,20:30:00,America/Mexico_City,onsale,Oliver Tree,Pabellón del Palacio de los Deportes,México,Ciudad de México,CDMX,Mexico,MX,19.40154080,-99.09806060,Music,Pop,Electro Pop,Undefined,Undefined,False,OCESA,,,,Ticketmaster Discovery API,2026,5,May,1,Ciudad de México,Ciudad de México,Pop,False,False
1AfZkuaGkdyZpQs,The Kooltown La Fiesta de las Galaxias,https://www.ticketmaster.com.mx/the-kooltown-la-fiesta-de-las-mexico-30-05-2026/event/14006349F90166B1,2026-05-30,20:30:00,America/Mexico_City,onsale,Kooltown La Fiesta de las Galaxias,Teatro Metropolitan,México,Ciudad de México,CDMX,Mexico,MX,19.433457,-99.146811,Music,Undefined,Undefined,Group,Tribute Band,False,OCESA,,,,Ticketmaster Discovery API,2026,5,May,1,Ciudad de México,Ciudad de México,Sin clasificar,False,False
1Av8Z_eGkBaPK16,Cornelio Vega y T3r Elemento,https://www.ticketmaster.com.mx/cornelio-vega-y-t3r-elemento-zapopan-30-05-2026/event/1400642E89953287,2026-05-30,21:00:00,America/Mexico_City,onsale,"Cornelio Vega, T3R Elemento",Auditorio Telmex,Zapopan,Jalisco,JAL,Mexico,MX,20.73324,-103.38112,Music,Latin,Latin,Undefined,Undefined,False,MONDIAL PRICE 1,,,,Ticketmaster Discovery API,2026,5,May,1,Zapopan,Jalisco,Latin,False,False
G5dVZ_A8dU6We,Hadrian,https://www.ticketmaster.com.mx/hadrian-ciudad-de-mexico-31-05-2026/event/3D00645403D87F42,2026-05-31,20:00:00,America/Mexico_City,onsale,Hadrian,El Lunario del Auditorio Nacional,Ciudad de México,Ciudad de México,CDMX,Mexico,MX,19.424682,-99.1954,Music,Hip-Hop/Rap,Trap,Undefined,Undefined,False,OCESA,,,,Ticketmaster Discovery API,2026,5,May,1,Ciudad de México,Ciudad de México,Hip-Hop/Rap,False,False
1AfZkoVGkdqBq2k,Mon Laferte,https://www.ticketmaster.com.mx/mon-laferte-ciudad-de-mexico-31-05-2026/event/14006474DDE9D3C6,2026-05-31,19:00:00,America/Mexico_City,onsale,Mon Laferte,Palacio de los Deportes,Ciudad de México,Ciudad de México,CDMX,Mexico,MX,19.40154080,-99.09806060,Music,Pop,Pop,Undefined,Undefined,False,OCESA,,,,Ticketmaster Discovery API,2026,5,May,1,Ciudad de México,Ciudad de México,Pop,False,False
G5dVZ_dkiRKvh,Culture Wars,https://www.ticketmaster.com.mx/culture-wars-col-centro-monterrey-31-05-2026/event/3D006431ACBD305B,2026-05-31,19:00:00,America/Mexico_City,onsale,Culture Wars,Foro Corona Monterrey,Col. Centro Monterrey,Nuevo León,NL,Mexico,MX,25.66646204,-100.31681661,Music,Rock,Pop,Undefined,Undefined,False,MONDIAL PRICE 1,,,,Ticketmaster Discovery API,2026,5,May,1,Monterrey,Nuevo León,Rock,False,False
G5dVZbgM8abx1,Los Meñiques de la casa y Saritah Bebe,https://www.ticketmaster.com.mx/los-meniques-de-la-casa-y-guadalajara-31-05-2026/event/3D00635DD025888A,2026-05-31,17:30:00,America/Mexico_City,onsale,Los Meñiques De La Casa,Teatro Diana (GDL),Guadalajara,Jalisco,JAL,Mexico,MX,20.665434,-103.349341,Music,Children's Music,Children's Music,Undefined,Undefined,False,MONDIAL PRICE 1,,,,Ticketmaster Discovery API,2026,5,May,1,Guadalajara,Jalisco,Children's Music,False,False
G5dVZ_kpet-5g,"Alex Soto, como quieras...",https://www.ticketmaster.com.mx/alex-soto-como-quieras-mexico-31-05-2026/event/3D00646582A612F5,2026-05-31,19:00:00,America/Mexico_City,onsale,Alex Soto,El Cantoral ,Mexico,Ciudad de México,CDMX,Mexico,MX,19.361737,-99.166137,Music,Latin,Latin,Undefined,Undefined,False,MONDIAL PRICE 1,,,,Ticketmaster Discovery API,2026,5,May,1,Ciudad de México,Ciudad de México,Latin,False,False
1Av8Z_eGkwD-4pL,Angélica María y Enrique Guzmán: La Despedida,https://www.ticketmaster.com.mx/angelica-maria-y-enrique-guzman-la-monterrey-31-05-2026/event/1400642CBB85559F,2026-05-31,18:00:00,America/Mexico_City,onsale,Angélica María y Enrique Guzmán,Escenario GNP Seguros,Monterrey,Nuevo León,NL,Mexico,MX,25.666135,-100.316726,Music,Ballads/Romantic,Ballads/Romantic,Undefined,Undefined,False,MONDIAL PRICE 1,,,,Ticketmaster Discovery API,2026,5,May,1,Monterrey,Nuevo León,Ballads/Romantic,False,False
1Av8Z_6Gkm0Olm6,Baby Bátiz La Dama del Rock & Blues,https://www.ticketmaster.com.mx/baby-batiz-la-dama-del-rock-mexico-31-05-2026/event/1400647BA482BB87,2026-05-31,16:30:00,America/Mexico_City,onsale,Baby Batiz,Teatro Tepeyac,México,Ciudad de México,CDMX,Mexico,MX,19.47574040,-99.12062070,Music,Blues,Blues,Undefined,Undefined,False,MONDIAL PRICE 3,,,,Ticketmaster Discovery API,2026,5,May,1,Ciudad de México,Ciudad de México,Blues,False,False
1Av8Z_6GkmIFjEg,Baby Bátiz La Dama del Rock & Blues,https://www.ticketmaster.com.mx/baby-batiz-la-dama-del-rock-mexico-31-05-2026/event/1400647BA821C9F5,2026-05-31,18:30:00,America/Mexico_City,onsale,Baby Batiz,Teatro Tepeyac,México,Ciudad de México,CDMX,Mexico,MX,19.47574040,-99.12062070,Music,Blues,Blues,Undefined,Undefined,False,MONDIAL PRICE 3,,,,Ticketmaster Discovery API,2026,5,May,1,Ciudad de México,Ciudad de México,Blues,False,False
1Av8Z_eGkBJNgh6,Leire Martínez,https://www.ticketmaster.com.mx/leire-martinez-mexico-01-06-2026/event/1400642EA68F56C7,2026-06-01,20:00:00,America/Mexico_City,onsale,Leire Martínez,Teatro Metropolitan,México,Ciudad de México,CDMX,Mexico,MX,19.433457,-99.146811,Music,Pop,Pop,Undefined,Undefined,False,OCESA,,,,Ticketmaster Discovery API,2026,6,June,1,Ciudad de México,Ciudad de México,Pop,False,False
1Av8Z_7GkmYLt2s,Pulp,https://www.ticketmaster.com.mx/pulp-ciudad-de-mexico-02-06-2026/event/1400644BB07E93F1,2026-06-02,20:00:00,America/Mexico_City,onsale,Pulp,Palacio de los Deportes,Ciudad de México,Ciudad de México,CDMX,Mexico,MX,19.40154080,-99.09806060,Music,Rock,Pop,Undefined,Undefined,False,OCESA,,,,Ticketmaster Discovery API,2026,6,June,1,Ciudad de México,Ciudad de México,Rock,False,False
16fZk8tOSZA5dA68,Milo J,https://www.ticketmaster.com.mx/milo-j-monterrey-02-06-2026/event/14006429833A246F,2026-06-02,21:00:00,America/Mexico_City,onsale,Milo J,Auditorio Banamex,Monterrey,Nuevo León,NL,Mexico,MX,25.67765795,-100.28085777,Music,Hip-Hop/Rap,Trap,Undefined,Undefined,False,OCESA,,,,Ticketmaster Discovery API,2026,6,June,1,Monterrey,Nuevo León,Hip-Hop/Rap,False,False
G5dVZ_AnJ_kK1,"Little Jesus, 10 Aniversario - Río Salvaje",https://www.ticketmaster.com.mx/little-jesus-10-aniversario-rio-salvaje-ciudad-de-mexico-03-06-2026/event/3D00645AA66464CA,2026-06-03,20:30:00,America/Mexico_City,onsale,Little Jesus,El Lunario del Auditorio Nacional,Ciudad de México,Ciudad de México,CDMX,Mexico,MX,19.424682,-99.1954,Music,Pop,Pop,Undefined,Undefined,False,OCESA,,,,Ticketmaster Discovery API,2026,6,June,1,Ciudad de México,Ciudad de México,Pop,False,False
G5dVZ_1NPy_WJ,Los Pericos,https://www.ticketmaster.com.mx/los-pericos-mexico-03-06-2026/event/3D0064A8E5E59F66,2026-06-03,20:30:00,America/Mexico_City,onsale,Los Pericos,Foro Puebla,Mexico,Ciudad de México,CDMX,Mexico,MX,19.422158,-99.164129,Music,Latin,Latin,Undefined,Undefined,False,OCESA,,,,Ticketmaster Discovery API,2026,6,June,1,Ciudad de México,Ciudad de México,Latin,False,False
1Av8Z_7GkmyxB3f,Metronomy,https://www.ticketmaster.com.mx/metronomy-monterrey-03-06-2026/event/1400644BB98BA494,2026-06-03,21:00:00,America/Mexico_City,onsale,Metronomy,Escenario GNP Seguros,Monterrey,Nuevo León,NL,Mexico,MX,25.666135,-100.316726,Music,Pop,Electro Pop,Undefined,Undefined,False,MONDIAL PRICE 1,,,,Ticketmaster Discovery API,2026,6,June,1,Monterrey,Nuevo León,Pop,False,False
G5dVZ_FS0JFxs,Concierto de Música China: Entre lo Tradicional y lo Contemporáneo,https://www.ticketmaster.com.mx/concierto-de-musica-china-entre-lo-mexico-03-06-2026/event/3D00648CE49888B1,2026-06-03,20:00:00,America/Mexico_City,onsale,Concierto de musica China,Teatro Benito Juárez,México,Ciudad de México,CDMX,Mexico,MX,19.43204,-99.160816,Music,Classical,Classical/Vocal,Undefined,Undefined,False,MONDIAL PRICE 3,,,,Ticketmaster Discovery API,2026,6,June,1,Ciudad de México,Ciudad de México,Classical,False,False
1Av8ZbUGkD9xrxE,Pomme,https://www.ticketmaster.com.mx/pomme-mexico-03-06-2026/event/1400636ED789E8A7,2026-06-03,21:00:00,America/Mexico_City,onsale,Pomme,Teatro Metropolitan,México,Ciudad de México,CDMX,Mexico,MX,19.433457,-99.146811,Music,Pop,Pop,Undefined,Undefined,False,OCESA,,,,Ticketmaster Discovery API,2026,6,June,1,Ciudad de México,Ciudad de México,Pop,False,False
G5dVZ_d3iReTo,2026 Monsta X World Tour [The X: Nexus] in Mexico City,https://www.ticketmaster.com.mx/2026-monsta-x-world-tour-the-ciudad-de-mexico-04-06-2026/event/3D006434ACBC2FD1,2026-06-04,20:00:00,America/Mexico_City,onsale,MONSTA X,Auditorio Nacional,Ciudad de México,Ciudad de México,CDMX,Mexico,MX,19.424648,-99.19484,Music,Pop,K-Pop,Undefined,Undefined,False,MONDIAL PRICE 1,,,,Ticketmaster Discovery API,2026,6,June,1,Ciudad de México,Ciudad de México,Pop,False,False
G5dVZ_axzRna_,Leyendas,https://www.ticketmaster.com.mx/leyendas-ciudad-de-mexico-04-06-2026/event/3D006498B8BEA259,2026-06-04,20:30:00,America/Mexico_City,onsale,Leyendas el show,Foro Stelaris Fiesta Americana Reforma,Ciudad de México,Ciudad de México,CDMX,Mexico,MX,19.43219600,-99.15473940,Music,Ballads/Romantic,Ballads/Romantic,Undefined,Undefined,False,MONDIAL PRICE 1,,,,Ticketmaster Discovery API,2026,6,June,1,Ciudad de México,Ciudad de México,Ballads/Romantic,False,False
G5dVZ_AJ1k-fe,"Little Jesus, 10 Aniversario - Río Salvaje",https://www.ticketmaster.com.mx/little-jesus-10-aniversario-rio-salvaje-ciudad-de-mexico-04-06-2026/event/3D0064598A1A1502,2026-06-04,20:30:00,America/Mexico_City,onsale,Little Jesus,El Lunario del Auditorio Nacional,Ciudad de México,Ciudad de México,CDMX,Mexico,MX,19.424682,-99.1954,Music,Pop,Pop,Undefined,Undefined,False,OCESA,,,,Ticketmaster Discovery API,2026,6,June,1,Ciudad de México,Ciudad de México,Pop,False,False
G5dVZ_AmMl4pD,Usted Señalemelo,https://www.ticketmaster.com.mx/usted-senalemelo-col-centro-monterrey-04-06-2026/event/3D00645BB7AD55BB,2026-06-04,21:00:00,America/Mexico_City,onsale,Usted Señalemelo,Foro Corona Monterrey,Col. Centro Monterrey,Nuevo León,NL,Mexico,MX,25.66646204,-100.31681661,Music,Rock,Pop,Undefined,Undefined,False,MONDIAL PRICE 1,,,,Ticketmaster Discovery API,2026,6,June,1,Monterrey,Nuevo León,Rock,False,False
G5dVZ_66wVySr,"Daniela Spalla & Esteman - Amorío ""La última cita""",https://www.ticketmaster.com.mx/daniela-spalla-esteman-amorio-la-ultima-mexico-04-06-2026/event/3D006471F2D39CDE,2026-06-04,21:30:00,America/Mexico_City,onsale,Daniela Spalla  &  Esteman,La Maraka,México,Ciudad de México,CDMX,Mexico,MX,19.38651080,-99.16317750,Music,Latin,Latin,Undefined,Undefined,False,MONDIAL PRICE 1,,,,Ticketmaster Discovery API,2026,6,June,1,Ciudad de México,Ciudad de México,Latin,False,False
16v8Z_AkeG7HwTu,Metronomy,https://www.ticketmaster.com.mx/metronomy-mexico-04-06-2026/event/1400645182F32FCD,2026-06-04,21:00:00,America/Mexico_City,onsale,Metronomy,Teatro Metropolitan,México,Ciudad de México,CDMX,Mexico,MX,19.433457,-99.146811,Music,Pop,Electro Pop,Undefined,Undefined,False,OCESA,,,,Ticketmaster Discovery API,2026,6,June,1,Ciudad de México,Ciudad de México,Pop,False,False
1AfZk8IGkdeMExa,Milo J,https://www.ticketmaster.com.mx/milo-j-zapopan-04-06-2026/event/14006428C2DE7889,2026-06-04,21:00:00,America/Mexico_City,onsale,Milo J,Auditorio Telmex,Zapopan,Jalisco,JAL,Mexico,MX,20.73324,-103.38112,Music,Hip-Hop/Rap,Trap,Undefined,Undefined,False,OCESA,,,,Ticketmaster Discovery API,2026,6,June,1,Zapopan,Jalisco,Hip-Hop/Rap,False,False
G5dVZ_FkBr0un,Jerry Velázquez: Boleros para él,https://www.ticketmaster.com.mx/jerry-velazquez-boleros-para-el-ciudad-de-mexico-05-06-2026/event/3D006481BA7A436A,2026-06-05,21:30:00,America/Mexico_City,onsale,Jerry Velázquez,Foro Stelaris Fiesta Americana Reforma,Ciudad de México,Ciudad de México,CDMX,Mexico,MX,19.43219600,-99.15473940,Music,Ballads/Romantic,Ballads/Romantic,Undefined,Undefined,False,MONDIAL PRICE 1,,,,Ticketmaster Discovery API,2026,6,June,1,Ciudad de México,Ciudad de México,Ballads/Romantic,False,False
G5dVZ_AJkp-5C,"Little Jesus, 10 Aniversario - Río Salvaje",https://www.ticketmaster.com.mx/little-jesus-10-aniversario-rio-salvaje-ciudad-de-mexico-05-06-2026/event/3D006459865A12CE,2026-06-05,20:30:00,America/Mexico_City,onsale,Little Jesus,El Lunario del Auditorio Nacional,Ciudad de México,Ciudad de México,CDMX,Mexico,MX,19.424682,-99.1954,Music,Pop,Pop,Undefined,Undefined,False,OCESA,,,,Ticketmaster Discovery API,2026,6,June,1,Ciudad de México,Ciudad de México,Pop,False,False
G5dVZbzN_kfFF,Pandora y Flans,https://www.ticketmaster.com.mx/pandora-y-flans-ciudad-de-mexico-05-06-2026/event/3D006388D9194208,2026-06-05,20:30:00,America/Mexico_City,onsale,Pandora,Auditorio Nacional,Ciudad de México,Ciudad de México,CDMX,Mexico,MX,19.424648,-99.19484,Music,Metal,Nu-Metal,Undefined,Undefined,False,MONDIAL PRICE 1,,,,Ticketmaster Discovery API,2026,6,June,1,Ciudad de México,Ciudad de México,Metal,False,False
G5dVZ_e9Q73qt,Alex Ferreira,https://www.ticketmaster.com.mx/alex-ferreira-col-centro-monterrey-05-06-2026/event/3D006425DA112769,2026-06-05,21:00:00,America/Mexico_City,onsale,Alex Ferreira,Foro Corona Monterrey,Col. Centro Monterrey,Nuevo León,NL,Mexico,MX,25.66646204,-100.31681661,Music,Rock,Pop,Undefined,Undefined,False,MONDIAL PRICE 1,,,,Ticketmaster Discovery API,2026,6,June,1,Monterrey,Nuevo León,Rock,False,False
G5dVZ_kwb-wIA,ND Kobi,https://www.ticketmaster.com.mx/nd-kobi-mexico-05-06-2026/event/3D00646C98872A05,2026-06-05,21:00:00,America/Mexico_City,onsale,ND Kobi,Foro Puebla,Mexico,Ciudad de México,CDMX,Mexico,MX,19.422158,-99.164129,Music,Hip-Hop/Rap,Trap,Undefined,Undefined,False,OCESA,,,,Ticketmaster Discovery API,2026,6,June,1,Ciudad de México,Ciudad de México,Hip-Hop/Rap,False,False
1AfZkoAGkdD7KyF,"Concierto Ensamble 51, Pop Icons: Gaga Mars",https://www.ticketmaster.com.mx/concierto-ensamble-51-pop-icons-gaga-monterrey-05-06-2026/event/14006445FB113E48,2026-06-05,20:30:00,America/Mexico_City,onsale,,Auditorio Luis Elizondo,Monterrey,Nuevo León,NL,Mexico,MX,25.650634,-100.285415,Music,Other,Other,Undefined,Undefined,False,MONDIAL PRICE 1,,,,Ticketmaster Discovery API,2026,6,June,1,Monterrey,Nuevo León,Other,False,False
16v8Z_Ak7G7Sd6l,Metronomy,https://www.ticketmaster.com.mx/metronomy-mexico-05-06-2026/event/1400645184CC31EB,2026-06-05,21:00:00,America/Mexico_City,onsale,Metronomy,Teatro Metropolitan,México,Ciudad de México,CDMX,Mexico,MX,19.433457,-99.146811,Music,Pop,Electro Pop,Undefined,Undefined,False,OCESA,,,,Ticketmaster Discovery API,2026,6,June,1,Ciudad de México,Ciudad de México,Pop,False,False
1AfZkCaGkdC-jRw,Rebels MX Presenta I HATE MODELS,https://www.ticketmaster.com.mx/rebels-mx-presenta-i-hate-models-mexico-05-06-2026/event/14006389CE85CBF2,2026-06-05,18:30:00,America/Mexico_City,onsale,I Hate Models,Pepsi Center,México,Ciudad de México,CDMX,Mexico,MX,19.39340970,-99.17581180,Music,Pop,Electro Pop,Undefined,Undefined,False,MONDIAL PRICE 1,,,,Ticketmaster Discovery API,2026,6,June,1,Ciudad de México,Ciudad de México,Pop,False,False
1Av8Z_eGkB7-3w6,Marisela,https://www.ticketmaster.com.mx/marisela-zapopan-05-06-2026/event/1400642E84852C87,2026-06-05,21:00:00,America/Mexico_City,onsale,Marisela,Auditorio Telmex,Zapopan,Jalisco,JAL,Mexico,MX,20.73324,-103.38112,Music,Latin,Latin,Undefined,Undefined,False,MONDIAL PRICE 1,,,,Ticketmaster Discovery API,2026,6,June,1,Zapopan,Jalisco,Latin,False,False
G5dVZ_aNsORaC,Alive,https://www.ticketmaster.com.mx/alive-ciudad-de-mexico-06-06-2026/event/3D006498F182F24E,2026-06-06,21:30:00,America/Mexico_City,onsale,"Alive, una fiesta en el tiempo",Foro Stelaris Fiesta Americana Reforma,Ciudad de México,Ciudad de México,CDMX,Mexico,MX,19.43219600,-99.15473940,Music,Pop,Pop,Undefined,Undefined,False,MONDIAL PRICE 1,,,,Ticketmaster Discovery API,2026,6,June,1,Ciudad de México,Ciudad de México,Pop,False,False
G5dVZ_Axz7NpW,Matisse,https://www.ticketmaster.com.mx/matisse-ciudad-de-mexico-06-06-2026/event/3D006458B81235BD,2026-06-06,20:00:00,America/Mexico_City,onsale,Matisse,Auditorio Nacional,Ciudad de México,Ciudad de México,CDMX,Mexico,MX,19.424648,-99.19484,Music,Latin,Latin,Undefined,Undefined,False,OCESA,,,,Ticketmaster Discovery API,2026,6,June,1,Ciudad de México,Ciudad de México,Latin,False,False
1AfZk8tGkeWYEG7,Milo J,https://www.ticketmaster.com.mx/milo-j-ciudad-de-mexico-06-06-2026/event/14006429BDC27304,2026-06-06,20:00:00,America/Mexico_City,onsale,Milo J,Palacio de los Deportes,Ciudad de México,Ciudad de México,CDMX,Mexico,MX,19.40154080,-99.09806060,Music,Hip-Hop/Rap,Trap,Undefined,Undefined,False,OCESA,,,,Ticketmaster Discovery API,2026,6,June,1,Ciudad de México,Ciudad de México,Hip-Hop/Rap,False,False
G5dVZbMQQmdrw,Te Vi en un Planetario,https://www.ticketmaster.com.mx/te-vi-en-un-planetario-ciudad-de-mexico-06-06-2026/event/3D0063769AB837B2,2026-06-06,20:00:00,America/Mexico_City,onsale,Te Vi en un Planetario,El Lunario del Auditorio Nacional,Ciudad de México,Ciudad de México,CDMX,Mexico,MX,19.424682,-99.1954,Music,Pop,Pop,Undefined,Undefined,False,MONDIAL PRICE 1,,,,Ticketmaster Discovery API,2026,6,June,1,Ciudad de México,Ciudad de México,Pop,False,False
G5dVZbMQbgS3v,Te Vi en un Planetario Meet&Greet,https://www.ticketmaster.com.mx/te-vi-en-un-planetario-meetgreet-ciudad-de-mexico-06-06-2026/event/3D00637698D73481,2026-06-06,20:00:00,America/Mexico_City,onsale,Te Vi en un Planetario,El Lunario del Auditorio Nacional,Ciudad de México,Ciudad de México,CDMX,Mexico,MX,19.424682,-99.1954,Music,Pop,Pop,Undefined,Undefined,False,MONDIAL PRICE 1,,,,Ticketmaster Discovery API,2026,6,June,1,Ciudad de México,Ciudad de México,Pop,False,False
G5dVZ_7U5OsUJ,TK from Ling tosite sigure - TOUR 2026 NORTH AMERICA,https://www.ticketmaster.com.mx/tk-from-ling-tosite-sigure-tour-mexico-06-06-2026/event/3D00644D8B831DA6,2026-06-06,20:00:00,America/Mexico_City,onsale,TK from Ling tosite sigure,Foro Puebla,Mexico,Ciudad de México,CDMX,Mexico,MX,19.422158,-99.164129,Music,Rock,Pop,Undefined,Undefined,False,OCESA,,,,Ticketmaster Discovery API,2026,6,June,1,Ciudad de México,Ciudad de México,Rock,False,False
1AfZk8SGkeBfAUt,2026 Monsta X World Tour [The X: Nexus] in Monterrey,https://www.ticketmaster.com.mx/2026-monsta-x-world-tour-the-monterrey-06-06-2026/event/14006433BA505DA9,2026-06-06,20:00:00,America/Mexico_City,onsale,MONSTA X,Escenario GNP Seguros,Monterrey,Nuevo León,NL,Mexico,MX,25.666135,-100.316726,Music,Pop,K-Pop,Undefined,Undefined,False,MONDIAL PRICE 1,,,,Ticketmaster Discovery API,2026,6,June,1,Monterrey,Nuevo León,Pop,False,False
1AfZkoAGkdWAfFA,"Concierto Ensamble 51, Pop Icons: Gaga Mars",https://www.ticketmaster.com.mx/concierto-ensamble-51-pop-icons-gaga-monterrey-06-06-2026/event/14006445FD154205,2026-06-06,19:00:00,America/Mexico_City,onsale,,Auditorio Luis Elizondo,Monterrey,Nuevo León,NL,Mexico,MX,25.650634,-100.285415,Music,Other,Other,Undefined,Undefined,False,MONDIAL PRICE 1,,,,Ticketmaster Discovery API,2026,6,June,1,Monterrey,Nuevo León,Other,False,False
1AfZkoAGkdWAfFd,"Concierto Ensamble 51, Pop Icons: Gaga Mars",https://www.ticketmaster.com.mx/concierto-ensamble-51-pop-icons-gaga-monterrey-06-06-2026/event/14006445FD154203,2026-06-06,16:00:00,America/Mexico_City,onsale,,Auditorio Luis Elizondo,Monterrey,Nuevo León,NL,Mexico,MX,25.650634,-100.285415,Music,Other,Other,Undefined,Undefined,False,MONDIAL PRICE 1,,,,Ticketmaster Discovery API,2026,6,June,1,Monterrey,Nuevo León,Other,False,False
G5dVZbzkkUvkG,Los Ángeles Azules En Concierto,https://www.ticketmaster.com.mx/los-angeles-azules-en-concierto-mexico-06-06-2026/event/3D00638186D8118C,2026-06-06,20:00:00,America/Mexico_City,cancelled,Los Angeles Azules,Monumental Plaza De Toros México,México,Ciudad de México,CDMX,Mexico,MX,19.382954,-99.180087,Music,Latin,Latin,Undefined,Undefined,False,OCESA,,,,Ticketmaster Discovery API,2026,6,June,1,Ciudad de México,Ciudad de México,Latin,False,False
1AfZku9GkdQ3DrV,Rhapsody Sinfónico,https://www.ticketmaster.com.mx/rhapsody-sinfonico-mexico-06-06-2026/event/14006357DA4BB7B4,2026-06-06,20:00:00,America/Mexico_City,onsale,Rhapsody,Pepsi Center,México,Ciudad de México,CDMX,Mexico,MX,19.39340970,-99.17581180,Music,Metal,Nu-Metal,Undefined,Undefined,False,MONDIAL PRICE 1,,,,Ticketmaster Discovery API,2026,6,June,1,Ciudad de México,Ciudad de México,Metal,False,False
1Av8Z_AGkR3HvhQ,The Growlers,https://www.ticketmaster.com.mx/the-growlers-mexico-06-06-2026/event/1400645BD2F016DA,2026-06-06,20:00:00,America/Mexico_City,onsale,The Growlers,Teatro Metropolitan,México,Ciudad de México,CDMX,Mexico,MX,19.433457,-99.146811,Music,Rock,Alternative Rock,Undefined,Undefined,False,OCESA,,,,Ticketmaster Discovery API,2026,6,June,1,Ciudad de México,Ciudad de México,Rock,False,False
16v8ZbP39G7Vo2H,Óscar Maydon- Rico o Muerto Tour,https://www.ticketmaster.com.mx/oscar-maydon-rico-o-muerto-tour-mexico-06-06-2026/event/1400625497D113FC,2026-06-06,21:00:00,America/Mexico_City,cancelled,Oscar Maydon,Pepsi Center,México,Ciudad de México,CDMX,Mexico,MX,19.39340970,-99.17581180,Music,Latin,Latin,Undefined,Undefined,False,OCESA,,,,Ticketmaster Discovery API,2026,6,June,1,Ciudad de México,Ciudad de México,Latin,False,False
G5dVZ_kp10sxt,"Little Jesus, 10 Aniversario -Río Salvaje",https://www.ticketmaster.com.mx/little-jesus-10-aniversario-rio-salvaje-ciudad-de-mexico-07-06-2026/event/3D0064658A9318A9,2026-06-07,19:00:00,America/Mexico_City,onsale,Little Jesus,El Lunario del Auditorio Nacional,Ciudad de México,Ciudad de México,CDMX,Mexico,MX,19.424682,-99.1954,Music,Pop,Pop,Undefined,Undefined,False,OCESA,,,,Ticketmaster Discovery API,2026,6,June,1,Ciudad de México,Ciudad de México,Pop,False,False
1FAZv0uO__Z7CaFA,Rawayana,https://www.ticketmaster.com.mx/rawayana-ciudad-de-mexico-07-06-2026/event/140064360659D874,2026-06-07,19:00:00,America/Mexico_City,onsale,Rawayana,Palacio de los Deportes,Ciudad de México,Ciudad de México,CDMX,Mexico,MX,19.40154080,-99.09806060,Music,Pop,Pop,Undefined,Undefined,False,OCESA,,,,Ticketmaster Discovery API,2026,6,June,1,Ciudad de México,Ciudad de México,Pop,False,False
G5dVZ_6Lrj_pI,Leo Rizzi,https://www.ticketmaster.com.mx/leo-rizzi-col-centro-monterrey-07-06-2026/event/3D006477DE7195A8,2026-06-07,20:00:00,America/Mexico_City,onsale,Leo Rizzi,Foro Corona Monterrey,Col. Centro Monterrey,Nuevo León,NL,Mexico,MX,25.66646204,-100.31681661,Music,Pop,Pop,Undefined,Undefined,False,MONDIAL PRICE 1,,,,Ticketmaster Discovery API,2026,6,June,1,Monterrey,Nuevo León,Pop,False,False
G5dVZ_7Uu0eZG,TK from Ling tosite sigure - TOUR 2026 NORTH AMERICA,https://www.ticketmaster.com.mx/tk-from-ling-tosite-sigure-tour-mexico-07-06-2026/event/3D00644D8D90200C,2026-06-07,20:00:00,America/Mexico_City,onsale,TK from Ling tosite sigure,Foro Puebla,Mexico,Ciudad de México,CDMX,Mexico,MX,19.422158,-99.164129,Music,Rock,Pop,Undefined,Undefined,False,OCESA,,,,Ticketmaster Discovery API,2026,6,June,1,Ciudad de México,Ciudad de México,Rock,False,False
1AfZkoAGkdWkfF8,"Concierto Ensamble 51, Pop Icons: Gaga Mars",https://www.ticketmaster.com.mx/concierto-ensamble-51-pop-icons-gaga-monterrey-07-06-2026/event/14006445FD194210,2026-06-07,19:00:00,America/Mexico_City,onsale,,Auditorio Luis Elizondo,Monterrey,Nuevo León,NL,Mexico,MX,25.650634,-100.285415,Music,Other,Other,Undefined,Undefined,False,MONDIAL PRICE 1,,,,Ticketmaster Discovery API,2026,6,June,1,Monterrey,Nuevo León,Other,False,False
1AfZkoAGkdWkfFu,"Concierto Ensamble 51, Pop Icons: Gaga Mars",https://www.ticketmaster.com.mx/concierto-ensamble-51-pop-icons-gaga-monterrey-07-06-2026/event/14006445FD19420D,2026-06-07,16:00:00,America/Mexico_City,onsale,,Auditorio Luis Elizondo,Monterrey,Nuevo León,NL,Mexico,MX,25.650634,-100.285415,Music,Other,Other,Undefined,Undefined,False,MONDIAL PRICE 1,,,,Ticketmaster Discovery API,2026,6,June,1,Monterrey,Nuevo León,Other,False,False
G5dVZ_Akad-of,Beatriz Adriana,https://www.ticketmaster.com.mx/beatriz-adriana-mexico-07-06-2026/event/3D006451890E1454,2026-06-07,18:30:00,America/Mexico_City,onsale,Beatriz Adriana,La Maraka,México,Ciudad de México,CDMX,Mexico,MX,19.38651080,-99.16317750,Music,Latin,Latin,Undefined,Undefined,False,MONDIAL PRICE 1,,,,Ticketmaster Discovery API,2026,6,June,1,Ciudad de México,Ciudad de México,Latin,False,False
1Av8Z_dGkwPssxV,HONNE,https://www.ticketmaster.com.mx/honne-mexico-08-06-2026/event/1400643CA5C718B4,2026-06-08,20:50:00,America/Mexico_City,onsale,HONNE,Teatro Metropolitan,México,Ciudad de México,CDMX,Mexico,MX,19.433457,-99.146811,Music,R&B,R&B,Undefined,Undefined,False,OCESA,,,,Ticketmaster Discovery API,2026,6,June,1,Ciudad de México,Ciudad de México,R&B,False,False
1FAZv0uyG_Z7C5eA,Rawayana,https://www.ticketmaster.com.mx/rawayana-monterrey-09-06-2026/event/140064379319DA14,2026-06-09,21:00:00,America/Mexico_City,onsale,Rawayana,Auditorio Banamex,Monterrey,Nuevo León,NL,Mexico,MX,25.67765795,-100.28085777,Music,Pop,Pop,Undefined,Undefined,False,OCESA,,,,Ticketmaster Discovery API,2026,6,June,1,Monterrey,Nuevo León,Pop,False,False
G5dVZ_6nOPfg7,México Suena A Mundial,https://www.ticketmaster.com.mx/mexico-suena-a-mundial-mexico-10-06-2026/event/3D00647AA0954D44,2026-06-10,19:00:00,America/Mexico_City,onsale,México suena a Mundial,Teatro de la Ciudad Esperanza Iris,Mexico,Ciudad de México,CDMX,Mexico,MX,19.43669360,-99.13943750,Music,Latin,Latin,Undefined,Undefined,False,MONDIAL PRICE 1,,,,Ticketmaster Discovery API,2026,6,June,1,Ciudad de México,Ciudad de México,Latin,False,False
1AfZk37Gkd0blmP,Bôa,https://www.ticketmaster.com.mx/boa-mexico-10-06-2026/event/14006484E462BBA5,2026-06-10,21:00:00,America/Mexico_City,onsale,Bôa,Teatro Metropolitan,México,Ciudad de México,CDMX,Mexico,MX,19.433457,-99.146811,Music,Rock,Pop,Undefined,Undefined,False,OCESA,,,,Ticketmaster Discovery API,2026,6,June,1,Ciudad de México,Ciudad de México,Rock,False,False
16fZk8MOEZACAv77,Rawayana,https://www.ticketmaster.com.mx/rawayana-zapopan-10-06-2026/event/14006437827D4033,2026-06-10,21:00:00,America/Mexico_City,onsale,Rawayana,Auditorio Telmex,Zapopan,Jalisco,JAL,Mexico,MX,20.73324,-103.38112,Music,Pop,Pop,Undefined,Undefined,False,OCESA,,,,Ticketmaster Discovery API,2026,6,June,1,Zapopan,Jalisco,Pop,False,False
G5dVZ_1N61b7s,15 Aniversario Camouflage Big Band,https://www.ticketmaster.com.mx/15-aniversario-camouflage-big-band-mexico-11-06-2026/event/3D0064A8C7298131,2026-06-11,20:00:00,America/Mexico_City,onsale,,Teatro de la Ciudad Esperanza Iris,Mexico,Ciudad de México,CDMX,Mexico,MX,19.43669360,-99.13943750,Music,Jazz,Jazz,Undefined,Undefined,False,MONDIAL PRICE 1,,,,Ticketmaster Discovery API,2026,6,June,1,Ciudad de México,Ciudad de México,Jazz,False,False
17AZv0G61UhlP_l,FIFA Fan Festival Monterrey - La Leyenda (Preferente),https://www.ticketmaster.com.mx/fifa-fan-festival-monterrey-la-leyenda-monterrey-11-06-2026/event/140064AD9BAE566B,2026-06-11,,America/Mexico_City,offsale,"FIFA Fan Festival Monterrey, La Leyenda",Parque Fundidora,Monterrey,Nuevo León,NL,Mexico,MX,25.67687030,-100.28999330,Music,Undefined,Undefined,Event Style,Festival,False,MONDIAL PRICE 3,,,,Ticketmaster Discovery API,2026,6,June,1,Monterrey,Nuevo León,Sin clasificar,True,False
1AfZkosGkdwQx8F,Backstage Keinemusik solo Mayores de 18 años,https://www.ticketmaster.com.mx/backstage-keinemusik-solo-mayores-de-18-mexico-11-06-2026/event/14006471F26A2408,2026-06-11,21:00:00,America/Mexico_City,onsale,Keinemusik,Autodromo Hnos. Rodriguez,México,Ciudad de México,CDMX,Mexico,MX,19.402829,-99.089247,Music,Pop,Electro Pop,Undefined,Undefined,False,OCESA,,,,Ticketmaster Discovery API,2026,6,June,1,Ciudad de México,Ciudad de México,Pop,False,False
G5dVZ_114DVkU,Baxter,https://www.ticketmaster.com.mx/baxter-mexico-11-06-2026/event/3D0064A295EF41B6,2026-06-11,15:00:00,America/Mexico_City,onsale,BAXTER,La Maraka,México,Ciudad de México,CDMX,Mexico,MX,19.38651080,-99.16317750,Music,Ballads/Romantic,Ballads/Romantic,Undefined,Undefined,False,MONDIAL PRICE 1,,,,Ticketmaster Discovery API,2026,6,June,1,Ciudad de México,Ciudad de México,Ballads/Romantic,False,False
1AfZkoYGkdSdnKr,Keinemusik General,https://www.ticketmaster.com.mx/keinemusik-general-mexico-11-06-2026/event/14006470F30EA4DE,2026-06-11,21:00:00,America/Mexico_City,onsale,Keinemusik,Autodromo Hnos. Rodriguez,México,Ciudad de México,CDMX,Mexico,MX,19.402829,-99.089247,Music,Pop,Electro Pop,Undefined,Undefined,False,OCESA,,,,Ticketmaster Discovery API,2026,6,June,1,Ciudad de México,Ciudad de México,Pop,False,False
1Av8Z_FGkmETt8h,L'IMPÉRATRICE Campo Marte Santander No Incluye Acceso Al Evento De Día,https://www.ticketmaster.com.mx/limperatrice-campo-marte-santander-no-incluye-mexico-11-06-2026/event/1400648BA7FE941B,2026-06-11,20:00:00,America/Mexico_City,onsale,L'Impératrice,Campo Marte,México,Ciudad de México,CDMX,Mexico,MX,19.425503,-99.19717,Music,Pop,Electro Pop,Undefined,Undefined,False,MONDIAL PRICE 1,,,,Ticketmaster Discovery API,2026,6,June,1,Ciudad de México,Ciudad de México,Pop,False,False
G5dVZ_FCoEosJ,Latido Armónico | Cuarteto Orishas y Leiden,https://www.ticketmaster.com.mx/latido-armonico-cuarteto-orishas-y-leiden-mexico-11-06-2026/event/3D006483919D1C66,2026-06-11,20:00:00,America/Mexico_City,onsale,CUARTETO ORISHAS,TEATRO SERGIO MAGAÑA,México,Ciudad de México,CDMX,Mexico,MX,19.44570730,-99.16066740,Music,Classical,Classical/Vocal,Undefined,Undefined,False,MONDIAL PRICE 3,,,,Ticketmaster Discovery API,2026,6,June,1,Ciudad de México,Ciudad de México,Classical,False,False
1AfZkoYGkdttt-z,Vip Keinemusik Solo Mayores de 18 años,https://www.ticketmaster.com.mx/vip-keinemusik-solo-mayores-de-18-mexico-11-06-2026/event/14006470E9A69878,2026-06-11,21:00:00,America/Mexico_City,onsale,Keinemusik,Autodromo Hnos. Rodriguez,México,Ciudad de México,CDMX,Mexico,MX,19.402829,-99.089247,Music,Pop,Electro Pop,Undefined,Undefined,False,OCESA,,,,Ticketmaster Discovery API,2026,6,June,1,Ciudad de México,Ciudad de México,Pop,False,False
G5dVZ_AnfIxY4,Finde 20 Años Buscando Ángeles,https://www.ticketmaster.com.mx/finde-20-anos-buscando-angeles-ciudad-de-mexico-12-06-2026/event/3D00645A94A22C15,2026-06-12,21:00:00,America/Mexico_City,onsale,,El Lunario del Auditorio Nacional,Ciudad de México,Ciudad de México,CDMX,Mexico,MX,19.424682,-99.1954,Music,Rock,Alternative Rock,Undefined,Undefined,False,MONDIAL PRICE 1,,,,Ticketmaster Discovery API,2026,6,June,1,Ciudad de México,Ciudad de México,Rock,False,False
G5dVZ_aNm1XYs,La Cantadera,https://www.ticketmaster.com.mx/la-cantadera-ciudad-de-mexico-12-06-2026/event/3D006498EE2BEC31,2026-06-12,21:30:00,America/Mexico_City,onsale,La Cantadera,Foro Stelaris Fiesta Americana Reforma,Ciudad de México,Ciudad de México,CDMX,Mexico,MX,19.43219600,-99.15473940,Music,Rock,Pop,Undefined,Undefined,False,MONDIAL PRICE 1,,,,Ticketmaster Discovery API,2026,6,June,1,Ciudad de México,Ciudad de México,Rock,False,False
G5dVZ_FJhPScC,"Majo Cornejo presenta: ""Gallo Drito""",https://www.ticketmaster.com.mx/majo-cornejo-presenta-gallo-drito-mexico-12-06-2026/event/3D0064899B973B4E,2026-06-12,20:00:00,America/Mexico_City,onsale,Majo Cornejo,Teatro de la Ciudad Esperanza Iris,Mexico,Ciudad de México,CDMX,Mexico,MX,19.43669360,-99.13943750,Music,Latin,Latin,Undefined,Undefined,False,MONDIAL PRICE 1,,,,Ticketmaster Discovery API,2026,6,June,1,Ciudad de México,Ciudad de México,Latin,False,False
17AZv0G61UN7UfB,FIFA Fan Festival Monterrey - De Parranda (Preferente),https://www.ticketmaster.com.mx/fifa-fan-festival-monterrey-de-parranda-monterrey-12-06-2026/event/140064ADA313653A,2026-06-12,,America/Mexico_City,offsale,"FIFA Fan Festival Monterrey, De Parranda",Parque Fundidora,Monterrey,Nuevo León,NL,Mexico,MX,25.67687030,-100.28999330,Music,Undefined,Undefined,Event Style,Festival,False,MONDIAL PRICE 2,,,,Ticketmaster Discovery API,2026,6,June,1,Monterrey,Nuevo León,Sin clasificar,True,False
1Av8Z_AGkwEtgdB,Iseo & Dodosound,https://www.ticketmaster.com.mx/iseo-dodosound-mexico-12-06-2026/event/1400645CA7A750FA,2026-06-12,21:00:00,America/Mexico_City,onsale,Iseo & Dodosound,Teatro Metropolitan,México,Ciudad de México,CDMX,Mexico,MX,19.433457,-99.146811,Music,Reggae,Reggae,Undefined,Undefined,False,OCESA,,,,Ticketmaster Discovery API,2026,6,June,1,Ciudad de México,Ciudad de México,Reggae,False,False
G5dVZ_1X_-JR2,Entre Ardidas El Show,https://www.ticketmaster.com.mx/entre-ardidas-el-show-ciudad-de-mexico-13-06-2026/event/3D0064AF99866BCF,2026-06-13,21:30:00,America/Mexico_City,onsale,,Foro Stelaris Fiesta Americana Reforma,Ciudad de México,Ciudad de México,CDMX,Mexico,MX,19.43219600,-99.15473940,Music,Other,Other,Undefined,Undefined,False,MONDIAL PRICE 1,,,,Ticketmaster Discovery API,2026,6,June,1,Ciudad de México,Ciudad de México,Other,False,False
G5dVZ_eXK0xdP,La Texana,https://www.ticketmaster.com.mx/la-texana-col-centro-monterrey-13-06-2026/event/3D00642F939220E5,2026-06-13,21:00:00,America/Mexico_City,onsale,La Texana,Foro Corona Monterrey,Col. Centro Monterrey,Nuevo León,NL,Mexico,MX,25.66646204,-100.31681661,Music,Rock,Alternative Rock,Undefined,Undefined,False,MONDIAL PRICE 1,,,,Ticketmaster Discovery API,2026,6,June,1,Monterrey,Nuevo León,Rock,False,False
17AZv0G61N3cbCx,FIFA Fan Festival Monterrey - Chayanne (General +),https://www.ticketmaster.com.mx/fifa-fan-festival-monterrey-chayanne-general-monterrey-13-06-2026/event/140064A8D2B583A2,2026-06-13,,America/Mexico_City,offsale,"FIFA Fan Festival Monterrey, Chayanne",Parque Fundidora,Monterrey,Nuevo León,NL,Mexico,MX,25.67687030,-100.28999330,Music,Undefined,Undefined,Event Style,Festival,False,MONDIAL PRICE 1,,,,Ticketmaster Discovery API,2026,6,June,1,Monterrey,Nuevo León,Sin clasificar,True,False
17AZv0G61xtyjjX,FIFA Fan Festival Monterrey - Chayanne (VIP),https://www.ticketmaster.com.mx/fifa-fan-festival-monterrey-chayanne-vip-monterrey-13-06-2026/event/140064A8A9E5C73E,2026-06-13,,America/Mexico_City,offsale,"FIFA Fan Festival Monterrey, Chayanne",Parque Fundidora,Monterrey,Nuevo León,NL,Mexico,MX,25.67687030,-100.28999330,Music,Undefined,Undefined,Event Style,Festival,False,MONDIAL PRICE 1,,,,Ticketmaster Discovery API,2026,6,June,1,Monterrey,Nuevo León,Sin clasificar,True,False
1AfZk3aGkdAdhmk,Homenaje al Divo con Susana Zabaleta,https://www.ticketmaster.com.mx/homenaje-al-divo-con-susana-zabaleta-monterrey-13-06-2026/event/14006489C50DBB86,2026-06-13,20:00:00,America/Mexico_City,onsale,Susana Zabaleta,Escenario GNP Seguros,Monterrey,Nuevo León,NL,Mexico,MX,25.666135,-100.316726,Music,Latin,Latin,Undefined,Undefined,False,MONDIAL PRICE 1,,,,Ticketmaster Discovery API,2026,6,June,1,Monterrey,Nuevo León,Latin,False,False
1AfZkuJGkdgEvSM,Sebastian Yatra,https://www.ticketmaster.com.mx/sebastian-yatra-monterrey-13-06-2026/event/14006366F59C1CF7,2026-06-13,21:00:00,America/Mexico_City,onsale,Sebastian Yatra,Auditorio Banamex,Monterrey,Nuevo León,NL,Mexico,MX,25.67765795,-100.28085777,Music,Other,Other,Undefined,Undefined,False,OCESA,,,,Ticketmaster Discovery API,2026,6,June,1,Monterrey,Nuevo León,Other,False,False
1kAZv04yGA1Hwgc,Los Angeles Negros En Concierto,https://www.ticketmaster.com.mx/los-angeles-negros-en-concierto-mexico-13-06-2026/event/140064579AF32D6D,2026-06-13,20:00:00,America/Mexico_City,onsale,Los Angeles Negros,Teatro Metropolitan,México,Ciudad de México,CDMX,Mexico,MX,19.433457,-99.146811,Music,Latin,Latin,Undefined,Undefined,False,OCESA,,,,Ticketmaster Discovery API,2026,6,June,1,Ciudad de México,Ciudad de México,Latin,False,False
G5dVZ_639oKV2,"Solistas Ensamble de Bellas Artes, Gala Lírica, 8+. Ingreso 18:30 h.",https://www.ticketmaster.com.mx/solistas-ensamble-de-bellas-artes-gala-mexico-cdmx-13-06-2026/event/3D00647497453D0F,2026-06-13,19:00:00,America/Mexico_City,onsale,Sala Principal Bellas Artes,Palacio de Bellas Artes,México CDMX,Ciudad de México,CDMX,Mexico,MX,19.43663020,-99.14353180,Music,Latin,Latin,Undefined,Undefined,False,MONDIAL PRICE 2,,,,Ticketmaster Discovery API,2026,6,June,1,Ciudad de México,Ciudad de México,Latin,False,False
1Av8Z_AGkmO0_1s,Banda Machos,https://www.ticketmaster.com.mx/banda-machos-zapopan-13-06-2026/event/1400645BA09192B1,2026-06-13,21:00:00,America/Mexico_City,onsale,Banda Machos,Auditorio Telmex,Zapopan,Jalisco,JAL,Mexico,MX,20.73324,-103.38112,Music,Latin,Latin,Undefined,Undefined,False,MONDIAL PRICE 1,,,,Ticketmaster Discovery API,2026,6,June,1,Zapopan,Jalisco,Latin,False,False
G5dVZ_eMZjK5h,El Show de Lara Campos,https://www.ticketmaster.com.mx/el-show-de-lara-campos-ciudad-de-mexico-14-06-2026/event/3D00642DC07132DB,2026-06-14,17:30:00,America/Mexico_City,onsale,Lara Campos,Auditorio Nacional,Ciudad de México,Ciudad de México,CDMX,Mexico,MX,19.424648,-99.19484,Music,Children's Music,Children's Music,Undefined,Undefined,False,MONDIAL PRICE 1,,,,Ticketmaster Discovery API,2026,6,June,1,Ciudad de México,Ciudad de México,Children's Music,False,False
G5dVZ_kpuesik,"Little Jesus, 10 Aniversario -Río Salvaje",https://www.ticketmaster.com.mx/little-jesus-10-aniversario-rio-salvaje-ciudad-de-mexico-14-06-2026/event/3D0064658D0B1B06,2026-06-14,19:00:00,America/Mexico_City,onsale,Little Jesus,El Lunario del Auditorio Nacional,Ciudad de México,Ciudad de México,CDMX,Mexico,MX,19.424682,-99.1954,Music,Pop,Pop,Undefined,Undefined,False,OCESA,,,,Ticketmaster Discovery API,2026,6,June,1,Ciudad de México,Ciudad de México,Pop,False,False
17AZv0G61Uz1yvx,FIFA Fan Festival Monterrey - Caballo Dorado (Preferente),https://www.ticketmaster.com.mx/fifa-fan-festival-monterrey-caballo-dorado-monterrey-14-06-2026/event/140064ADB82B9062,2026-06-14,,America/Mexico_City,offsale,"FIFA Fan Festival Monterrey, Caballo Dorado",Parque Fundidora,Monterrey,Nuevo León,NL,Mexico,MX,25.67687030,-100.28999330,Music,Undefined,Undefined,Event Style,Festival,False,MONDIAL PRICE 2,,,,Ticketmaster Discovery API,2026,6,June,1,Monterrey,Nuevo León,Sin clasificar,True,False
G5dVZ_76XvMae,ZAYN: The Konnakol Tour,https://www.ticketmaster.com.mx/zayn-the-konnakol-tour-monterrey-14-06-2026/event/3D006441FE077242,2026-06-14,20:00:00,America/Mexico_City,onsale,ZAYN,Estadio Borregos,Monterrey,Nuevo León,NL,Mexico,MX,25.65359730,-100.28543310,Music,Pop,Pop,Undefined,Undefined,False,OCESA,,,,Ticketmaster Discovery API,2026,6,June,1,Monterrey,Nuevo León,Pop,False,False
1AfZkkaGkelwsfc,Netón Vega,https://www.ticketmaster.com.mx/neton-vega-mexico-14-06-2026/event/14006189ABCB152D,2026-06-14,21:00:00,America/Mexico_City,cancelled,Netón Vega,Pepsi Center,México,Ciudad de México,CDMX,Mexico,MX,19.39340970,-99.17581180,Music,Hip-Hop/Rap,Trap,Undefined,Undefined,False,OCESA,,,,Ticketmaster Discovery API,2026,6,June,1,Ciudad de México,Ciudad de México,Hip-Hop/Rap,False,False
1AfZkoIGkesX4im,Carlos Vives y Silvestre Dangond,https://www.ticketmaster.com.mx/carlos-vives-y-silvestre-dangond-ciudad-de-mexico-16-06-2026/event/14006468B1F95B2E,2026-06-16,21:00:00,America/Mexico_City,onsale,"Carlos Vives, Silvestre Dangond",Estadio GNP Seguros,Ciudad de México,Ciudad de México,CDMX,Mexico,MX,19.405199,-99.095618,Music,Latin,Latin,Undefined,Undefined,False,OCESA,,,,Ticketmaster Discovery API,2026,6,June,1,Ciudad de México,Ciudad de México,Latin,False,False
G5dVZbzJFReR3,Julieta Venegas,https://www.ticketmaster.com.mx/julieta-venegas-ciudad-de-mexico-17-06-2026/event/3D00638988BC2BD2,2026-06-17,20:30:00,America/Mexico_City,onsale,Julieta Venegas,Auditorio Nacional,Ciudad de México,Ciudad de México,CDMX,Mexico,MX,19.424648,-99.19484,Music,Latin,Latin,Undefined,Undefined,False,OCESA,,,,Ticketmaster Discovery API,2026,6,June,1,Ciudad de México,Ciudad de México,Latin,False,False
1Av8Z_kGkModNL5,Parcels -LOVED Tour 2026,https://www.ticketmaster.com.mx/parcels-loved-tour-2026-monterrey-17-06-2026/event/1400646DD10E37CB,2026-06-17,21:00:00,America/Mexico_City,onsale,Parcels,Auditorio Banamex,Monterrey,Nuevo León,NL,Mexico,MX,25.67765795,-100.28085777,Music,Rock,Pop,Undefined,Undefined,False,OCESA,,,,Ticketmaster Discovery API,2026,6,June,1,Monterrey,Nuevo León,Rock,False,False
1kAZv00FGA2Ffgk,POLO & PAN - CAMPO MARTE SANTANDER (NO INCLUYE ACCESO AL EVENTO DE DÍA,https://www.ticketmaster.com.mx/polo-pan-campo-marte-santander-no-mexico-17-06-2026/event/140064908F214D46,2026-06-17,20:00:00,America/Mexico_City,onsale,Polo & Pan,Campo Marte,México,Ciudad de México,CDMX,Mexico,MX,19.425503,-99.19717,Music,Pop,Electro Pop,Undefined,Undefined,False,MONDIAL PRICE 1,,,,Ticketmaster Discovery API,2026,6,June,1,Ciudad de México,Ciudad de México,Pop,False,False
G5dVZ_712EOMQ,ZAYN: The Konnakol Tour,https://www.ticketmaster.com.mx/zayn-the-konnakol-tour-tlajomulco-de-zuniga-17-06-2026/event/3D0064428F9E0DDA,2026-06-17,21:00:00,America/Mexico_City,onsale,ZAYN,Arena VFG,Tlajomulco de Zuñiga,Jalisco,JAL,Mexico,MX,20.467193,-103.263489,Music,Pop,Pop,Undefined,Undefined,False,OCESA,,,,Ticketmaster Discovery API,2026,6,June,1,Tlajomulco de Zuñiga,Jalisco,Pop,False,False
G5dVZ_axBh1KR,Leyendas,https://www.ticketmaster.com.mx/leyendas-ciudad-de-mexico-18-06-2026/event/3D006498BA6CA4EF,2026-06-18,20:30:00,America/Mexico_City,onsale,Leyendas el show,Foro Stelaris Fiesta Americana Reforma,Ciudad de México,Ciudad de México,CDMX,Mexico,MX,19.43219600,-99.15473940,Music,Ballads/Romantic,Ballads/Romantic,Undefined,Undefined,False,MONDIAL PRICE 1,,,,Ticketmaster Discovery API,2026,6,June,1,Ciudad de México,Ciudad de México,Ballads/Romantic,False,False
16v8ZbVC_G7wkwg,RUSH,https://www.ticketmaster.com.mx/rush-ciudad-de-mexico-18-06-2026/event/1400634399C86CB5,2026-06-18,20:00:00,America/Mexico_City,onsale,RUSH,Palacio de los Deportes,Ciudad de México,Ciudad de México,CDMX,Mexico,MX,19.40154080,-99.09806060,Music,Rock,Pop,Undefined,Undefined,False,OCESA,,,,Ticketmaster Discovery API,2026,6,June,1,Ciudad de México,Ciudad de México,Rock,False,False
17AZv0G61UBXtbV,FIFA Fan Festival Monterrey - Genitallica (Preferente),https://www.ticketmaster.com.mx/fifa-fan-festival-monterrey-genitallica-preferente-monterrey-18-06-2026/event/140064ADBAFA9634,2026-06-18,,America/Mexico_City,offsale,"FIFA Fan Festival Monterrey, Genitallica",Parque Fundidora,Monterrey,Nuevo León,NL,Mexico,MX,25.67687030,-100.28999330,Music,Undefined,Undefined,Event Style,Festival,False,MONDIAL PRICE 2,,,,Ticketmaster Discovery API,2026,6,June,1,Monterrey,Nuevo León,Sin clasificar,True,False
G5dVZ_FCKnvUq,Latido Armónico | Cuarteto Orishas y Leiden,https://www.ticketmaster.com.mx/latido-armonico-cuarteto-orishas-y-leiden-mexico-18-06-2026/event/3D00648393A81D9D,2026-06-18,20:00:00,America/Mexico_City,onsale,CUARTETO ORISHAS,TEATRO SERGIO MAGAÑA,México,Ciudad de México,CDMX,Mexico,MX,19.44570730,-99.16066740,Music,Classical,Classical/Vocal,Undefined,Undefined,False,MONDIAL PRICE 3,,,,Ticketmaster Discovery API,2026,6,June,1,Ciudad de México,Ciudad de México,Classical,False,False
G5dVZ_kmMEdxW,"Aranza ""9 Vidas""",https://www.ticketmaster.com.mx/aranza-9-vidas-ciudad-de-mexico-19-06-2026/event/3D00646BB79C38BD,2026-06-19,21:00:00,America/Mexico_City,onsale,Aranza,El Lunario del Auditorio Nacional,Ciudad de México,Ciudad de México,CDMX,Mexico,MX,19.424682,-99.1954,Music,Ballads/Romantic,Ballads/Romantic,Undefined,Undefined,False,MONDIAL PRICE 1,,,,Ticketmaster Discovery API,2026,6,June,1,Ciudad de México,Ciudad de México,Ballads/Romantic,False,False
G5dVZ_aQ2BdhZ,Jesse & Joy,https://www.ticketmaster.com.mx/jesse-joy-ciudad-de-mexico-19-06-2026/event/3D0064968FE836C0,2026-06-19,20:30:00,America/Mexico_City,onsale,Jesse & Joy,Auditorio Nacional,Ciudad de México,Ciudad de México,CDMX,Mexico,MX,19.424648,-99.19484,Music,Ballads/Romantic,Ballads/Romantic,Undefined,Undefined,False,MONDIAL PRICE 1,,,,Ticketmaster Discovery API,2026,6,June,1,Ciudad de México,Ciudad de México,Ballads/Romantic,False,False
G5dVZ_F6iVU5N,Nicho Hinojosa en Concierto,https://www.ticketmaster.com.mx/nicho-hinojosa-en-concierto-ciudad-de-mexico-19-06-2026/event/3D006481ECD362E3,2026-06-19,21:30:00,America/Mexico_City,onsale,Nicho Hinojosa,Foro Stelaris Fiesta Americana Reforma,Ciudad de México,Ciudad de México,CDMX,Mexico,MX,19.43219600,-99.15473940,Music,Latin,Latin,Undefined,Undefined,False,MONDIAL PRICE 1,,,,Ticketmaster Discovery API,2026,6,June,1,Ciudad de México,Ciudad de México,Latin,False,False
17AZv0G61UO0pZq,FIFA Fan Festival Monterrey - La Costumbre (Preferente),https://www.ticketmaster.com.mx/fifa-fan-festival-monterrey-la-costumbre-monterrey-19-06-2026/event/140064ADA091601D,2026-06-19,,America/Mexico_City,offsale,"FIFA Fan Festival Monterrey, Costumbre",Parque Fundidora,Monterrey,Nuevo León,NL,Mexico,MX,25.67687030,-100.28999330,Music,Undefined,Undefined,Event Style,Festival,False,MONDIAL PRICE 2,,,,Ticketmaster Discovery API,2026,6,June,1,Monterrey,Nuevo León,Sin clasificar,True,False
G5dVZ_6C7IsXZ,"Daniela Spalla & Esteman - Amorío ""La última cita""",https://www.ticketmaster.com.mx/daniela-spalla-esteman-amorio-la-ultima-mexico-19-06-2026/event/3D00647384A31F80,2026-06-19,21:30:00,America/Mexico_City,onsale,Daniela Spalla  &  Esteman,La Maraka,México,Ciudad de México,CDMX,Mexico,MX,19.38651080,-99.16317750,Music,Latin,Latin,Undefined,Undefined,False,MONDIAL PRICE 1,,,,Ticketmaster Discovery API,2026,6,June,1,Ciudad de México,Ciudad de México,Latin,False,False
1Av8Z_FGkmIZ_8R,HUGEL - CAMPO MARTE SANTANDER (NO INCLUYE ACCESO AL EVENTO DE DÍA),https://www.ticketmaster.com.mx/hugel-campo-marte-santander-no-incluye-mexico-19-06-2026/event/1400648BA801942F,2026-06-19,20:00:00,America/Mexico_City,onsale,Hugel,Campo Marte,México,Ciudad de México,CDMX,Mexico,MX,19.425503,-99.19717,Music,Pop,Electro Pop,Undefined,Undefined,False,MONDIAL PRICE 1,,,,Ticketmaster Discovery API,2026,6,June,1,Ciudad de México,Ciudad de México,Pop,False,False
G5dVZbUBAWwgY,TrendLine,https://www.ticketmaster.com.mx/trendline-mexico-19-06-2026/event/3D00636E85F72D70,2026-06-19,21:00:00,America/Mexico_City,onsale,TrendLine,Foro Red Access,México,Ciudad de México,CDMX,Mexico,MX,19.35677,-99.163341,Music,Ballads/Romantic,Ballads/Romantic,Undefined,Undefined,False,MONDIAL PRICE 1,,,,Ticketmaster Discovery API,2026,6,June,1,Ciudad de México,Ciudad de México,Ballads/Romantic,False,False
G5dVZ_aNsTLG4,Alive,https://www.ticketmaster.com.mx/alive-ciudad-de-mexico-20-06-2026/event/3D006498F1FDF315,2026-06-20,21:30:00,America/Mexico_City,onsale,"Alive, una fiesta en el tiempo",Foro Stelaris Fiesta Americana Reforma,Ciudad de México,Ciudad de México,CDMX,Mexico,MX,19.43219600,-99.15473940,Music,Pop,Pop,Undefined,Undefined,False,MONDIAL PRICE 1,,,,Ticketmaster Discovery API,2026,6,June,1,Ciudad de México,Ciudad de México,Pop,False,False
G5dVZ_F1bHeEt,Déjà Vu Retro Show,https://www.ticketmaster.com.mx/deja-vu-retro-show-ciudad-de-mexico-20-06-2026/event/3D00648298F029E9,2026-06-20,21:30:00,America/Mexico_City,onsale,Deja Vu Retro Experience,El Lunario del Auditorio Nacional,Ciudad de México,Ciudad de México,CDMX,Mexico,MX,19.424682,-99.1954,Music,Pop,Pop,Undefined,Undefined,False,MONDIAL PRICE 1,,,,Ticketmaster Discovery API,2026,6,June,1,Ciudad de México,Ciudad de México,Pop,False,False
G5dVZ_6k3jNgB,Gloria Trevi Celebration,https://www.ticketmaster.com.mx/gloria-trevi-celebration-ciudad-de-mexico-20-06-2026/event/3D00647192723D7A,2026-06-20,20:00:00,America/Mexico_City,onsale,Gloria Trevi,Auditorio Nacional,Ciudad de México,Ciudad de México,CDMX,Mexico,MX,19.424648,-99.19484,Music,Latin,Latin,Undefined,Undefined,False,MONDIAL PRICE 1,,,,Ticketmaster Discovery API,2026,6,June,1,Ciudad de México,Ciudad de México,Latin,False,False
17AZv0G613WP1Ye,RUSH,https://www.ticketmaster.com.mx/rush-ciudad-de-mexico-20-06-2026/event/140064A4BD94AC02,2026-06-20,20:00:00,America/Mexico_City,onsale,RUSH,Palacio de los Deportes,Ciudad de México,Ciudad de México,CDMX,Mexico,MX,19.40154080,-99.09806060,Music,Rock,Pop,Undefined,Undefined,False,OCESA,,,,Ticketmaster Discovery API,2026,6,June,1,Ciudad de México,Ciudad de México,Rock,False,False
1Av8Z_dGkXk0KTf,ZAYN: The Konnakol Tour,https://www.ticketmaster.com.mx/zayn-the-konnakol-tour-ciudad-de-mexico-20-06-2026/event/1400643F86913FD4,2026-06-20,21:00:00,America/Mexico_City,onsale,ZAYN,Estadio GNP Seguros,Ciudad de México,Ciudad de México,CDMX,Mexico,MX,19.405199,-99.095618,Music,Pop,Pop,Undefined,Undefined,False,OCESA,,,,Ticketmaster Discovery API,2026,6,June,1,Ciudad de México,Ciudad de México,Pop,False,False
G5dVZbMmTMMqX,Julieta Venegas,https://www.ticketmaster.com.mx/julieta-venegas-guadalajara-20-06-2026/event/3D00637BBFDF777E,2026-06-20,21:00:00,America/Mexico_City,onsale,Julieta Venegas,Teatro Diana (GDL),Guadalajara,Jalisco,JAL,Mexico,MX,20.665434,-103.349341,Music,Latin,Latin,Undefined,Undefined,False,MONDIAL PRICE 1,,,,Ticketmaster Discovery API,2026,6,June,1,Guadalajara,Jalisco,Latin,False,False
G5dVZ_aLRMG3O,Chafufu Club,https://www.ticketmaster.com.mx/chafufu-club-mexico-20-06-2026/event/3D006497EFDCC4A0,2026-06-20,20:00:00,America/Mexico_City,onsale,Coro Gay Ciudad de México,Teatro de la Ciudad Esperanza Iris,Mexico,Ciudad de México,CDMX,Mexico,MX,19.43669360,-99.13943750,Music,Latin,Latin,Undefined,Undefined,False,MONDIAL PRICE 1,,,,Ticketmaster Discovery API,2026,6,June,1,Ciudad de México,Ciudad de México,Latin,False,False
17AZv0G61UyUaCE,FIFA Fan Festival Monterrey - El Gran Silencio (Preferente),https://www.ticketmaster.com.mx/fifa-fan-festival-monterrey-el-gran-monterrey-20-06-2026/event/140064ADB9D893A7,2026-06-20,,America/Mexico_City,offsale,"FIFA Fan Festival Monterrey, El Gran Silencio",Parque Fundidora,Monterrey,Nuevo León,NL,Mexico,MX,25.67687030,-100.28999330,Music,Undefined,Undefined,Event Style,Festival,False,MONDIAL PRICE 2,,,,Ticketmaster Discovery API,2026,6,June,1,Monterrey,Nuevo León,Sin clasificar,True,False
G5dVZ_dwL93I0,Carlos Macias,https://www.ticketmaster.com.mx/carlos-macias-mexico-20-06-2026/event/3D00643C9F5D2A24,2026-06-20,21:00:00,America/Mexico_City,onsale,Carlos Macías,Foro Red Access,México,Ciudad de México,CDMX,Mexico,MX,19.35677,-99.163341,Music,Latin,Latin,Undefined,Undefined,False,MONDIAL PRICE 1,,,,Ticketmaster Discovery API,2026,6,June,1,Ciudad de México,Ciudad de México,Latin,False,False
G5dVZ_72xR4qT,La Castaneda y Santa Sabina,https://www.ticketmaster.com.mx/la-castaneda-y-santa-sabina-mexico-20-06-2026/event/3D006443E2BD577F,2026-06-20,21:30:00,America/Mexico_City,onsale,La Castaneda,La Maraka,México,Ciudad de México,CDMX,Mexico,MX,19.38651080,-99.16317750,Music,Rock,Alternative Rock,Undefined,Undefined,False,MONDIAL PRICE 1,,,,Ticketmaster Discovery API,2026,6,June,1,Ciudad de México,Ciudad de México,Rock,False,False
1AfZk3aGkdcjvus,PARCELS - CAMPO MARTE SANTANDER (NO INCLUYE ACCESO AL EVENTO DE DÍA),https://www.ticketmaster.com.mx/parcels-campo-marte-santander-no-incluye-mexico-20-06-2026/event/14006489ED701371,2026-06-20,20:00:00,America/Mexico_City,onsale,Parcels,Campo Marte,México,Ciudad de México,CDMX,Mexico,MX,19.425503,-99.19717,Music,Rock,Pop,Undefined,Undefined,False,MONDIAL PRICE 1,,,,Ticketmaster Discovery API,2026,6,June,1,Ciudad de México,Ciudad de México,Rock,False,False
1kAZvN__GACv_c6,Sebastian Yatra- Entre tanta gente Tour,https://www.ticketmaster.com.mx/sebastian-yatra-entre-tanta-gente-tour-zapopan-20-06-2026/event/140063659E059B47,2026-06-20,21:00:00,America/Mexico_City,onsale,Sebastian Yatra,Auditorio Telmex,Zapopan,Jalisco,JAL,Mexico,MX,20.73324,-103.38112,Music,Other,Other,Undefined,Undefined,False,OCESA,,,,Ticketmaster Discovery API,2026,6,June,1,Zapopan,Jalisco,Other,False,False
G5dVZ_eNSQptj,"La Caravana del Amor (Santanera,Estela,Coque,Manoella,Carlos y Rocio)",https://www.ticketmaster.com.mx/la-caravana-del-amor-santaneraestelacoquemanoellacarlos-y-ciudad-de-mexico-21-06-2026/event/3D006428F3696A5C,2026-06-21,18:00:00,America/Mexico_City,onsale,La Caravana del Amor,Auditorio Nacional,Ciudad de México,Ciudad de México,CDMX,Mexico,MX,19.424648,-99.19484,Music,Ballads/Romantic,Ballads/Romantic,Undefined,Undefined,False,MONDIAL PRICE 1,,,,Ticketmaster Discovery API,2026,6,June,1,Ciudad de México,Ciudad de México,Ballads/Romantic,False,False
G5dVZ_knyL7-f,Millonario,https://www.ticketmaster.com.mx/millonario-ciudad-de-mexico-21-06-2026/event/3D00646AB97C4854,2026-06-21,19:00:00,America/Mexico_City,onsale,Millonario,El Lunario del Auditorio Nacional,Ciudad de México,Ciudad de México,CDMX,Mexico,MX,19.424682,-99.1954,Music,Hip-Hop/Rap,Trap,Undefined,Undefined,False,OCESA,,,,Ticketmaster Discovery API,2026,6,June,1,Ciudad de México,Ciudad de México,Hip-Hop/Rap,False,False
G5dVZbMRv16xw,Julieta Venegas,https://www.ticketmaster.com.mx/julieta-venegas-guadalajara-21-06-2026/event/3D00637BC12878B2,2026-06-21,20:00:00,America/Mexico_City,onsale,Julieta Venegas,Teatro Diana (GDL),Guadalajara,Jalisco,JAL,Mexico,MX,20.665434,-103.349341,Music,Latin,Latin,Undefined,Undefined,False,MONDIAL PRICE 1,,,,Ticketmaster Discovery API,2026,6,June,1,Guadalajara,Jalisco,Latin,False,False
17AZv0G61N1pAbF,FIFA Fan Festival Monterrey - Imagine Dragons (General +),https://www.ticketmaster.com.mx/fifa-fan-festival-monterrey-imagine-dragons-monterrey-21-06-2026/event/140064A8CA585608,2026-06-21,,America/Mexico_City,offsale,"FIFA Fan Festival Monterrey, Imagine Dragons",Parque Fundidora,Monterrey,Nuevo León,NL,Mexico,MX,25.67687030,-100.28999330,Music,Undefined,Undefined,Event Style,Festival,False,MONDIAL PRICE 1,,,,Ticketmaster Discovery API,2026,6,June,1,Monterrey,Nuevo León,Sin clasificar,True,False
17AZv0G61xMP2K6,FIFA Fan Festival Monterrey - Imagine Dragons (VIP),https://www.ticketmaster.com.mx/fifa-fan-festival-monterrey-imagine-dragons-monterrey-21-06-2026/event/140064A8B794F4C7,2026-06-21,,America/Mexico_City,offsale,"FIFA Fan Festival Monterrey, Imagine Dragons",Parque Fundidora,Monterrey,Nuevo León,NL,Mexico,MX,25.67687030,-100.28999330,Music,Undefined,Undefined,Event Style,Festival,False,MONDIAL PRICE 1,,,,Ticketmaster Discovery API,2026,6,June,1,Monterrey,Nuevo León,Sin clasificar,True,False
17AZv0G61UBSy4X,FIFA Fan Festival Monterrey - Toy Selectah (Preferente),https://www.ticketmaster.com.mx/fifa-fan-festival-monterrey-toy-selectah-monterrey-23-06-2026/event/140064ADBACF957E,2026-06-23,,America/Mexico_City,offsale,"FIFA Fan Festival Monterrey, Toy Selectah",Parque Fundidora,Monterrey,Nuevo León,NL,Mexico,MX,25.67687030,-100.28999330,Music,Undefined,Undefined,Event Style,Festival,False,MONDIAL PRICE 1,,,,Ticketmaster Discovery API,2026,6,June,1,Monterrey,Nuevo León,Sin clasificar,True,False
1kAZv00FGA2a7gf,PURPLE DISCO MACHINE - CAMPO MARTE SANTANDER ,https://www.ticketmaster.com.mx/purple-disco-machine-campo-marte-santander-mexico-23-06-2026/event/140064908F244D54,2026-06-23,20:00:00,America/Mexico_City,onsale,Purple Disco Machine,Campo Marte,México,Ciudad de México,CDMX,Mexico,MX,19.425503,-99.19717,Music,Pop,Electro Pop,Undefined,Undefined,False,MONDIAL PRICE 1,,,,Ticketmaster Discovery API,2026,6,June,1,Ciudad de México,Ciudad de México,Pop,False,False
17AZv0G61NfFzt5,FIFA Fan Festival Monterrey - Grupo Firme (General +),https://www.ticketmaster.com.mx/fifa-fan-festival-monterrey-grupo-firme-monterrey-24-06-2026/event/140064A8D4238A4B,2026-06-24,,America/Mexico_City,offsale,"FIFA Fan Festival Monterrey, Grupo Firme",Parque Fundidora,Monterrey,Nuevo León,NL,Mexico,MX,25.67687030,-100.28999330,Music,Undefined,Undefined,Event Style,Festival,False,MONDIAL PRICE 1,,,,Ticketmaster Discovery API,2026,6,June,1,Monterrey,Nuevo León,Sin clasificar,True,False
17AZv0G61N40ydi,FIFA Fan Festival Monterrey - Grupo Firme (VIP),https://www.ticketmaster.com.mx/fifa-fan-festival-monterrey-grupo-firme-monterrey-24-06-2026/event/140064A8D59390EC,2026-06-24,,America/Mexico_City,offsale,"FIFA Fan Festival Monterrey, Grupo Firme",Parque Fundidora,Monterrey,Nuevo León,NL,Mexico,MX,25.67687030,-100.28999330,Music,Undefined,Undefined,Event Style,Festival,False,MONDIAL PRICE 1,,,,Ticketmaster Discovery API,2026,6,June,1,Monterrey,Nuevo León,Sin clasificar,True,False
G5dVZ_aLJxlPl,"Muziek Grand Band, Fuego en la Pista",https://www.ticketmaster.com.mx/muziek-grand-band-fuego-en-la-ciudad-de-mexico-25-06-2026/event/3D006497E68AB96B,2026-06-25,20:30:00,America/Mexico_City,onsale,Muziek Grand Band,El Lunario del Auditorio Nacional,Ciudad de México,Ciudad de México,CDMX,Mexico,MX,19.424682,-99.1954,Music,Ballads/Romantic,Ballads/Romantic,Undefined,Undefined,False,MONDIAL PRICE 1,,,,Ticketmaster Discovery API,2026,6,June,1,Ciudad de México,Ciudad de México,Ballads/Romantic,False,False
G5dVZ_a3dM-J-,"Bohemia 91. Luciano Luna, América Sierra, Erika Vidrio",https://www.ticketmaster.com.mx/bohemia-91-luciano-luna-america-sierra-mexico-25-06-2026/event/3D00649483DE19A1,2026-06-25,21:00:00,America/Mexico_City,onsale,Bohemia 91,El Cantoral ,Mexico,Ciudad de México,CDMX,Mexico,MX,19.361737,-99.166137,Music,Latin,Latin,Undefined,Undefined,False,MONDIAL PRICE 1,,,,Ticketmaster Discovery API,2026,6,June,1,Ciudad de México,Ciudad de México,Latin,False,False
G5dVZ_FCKnvUL,Latido Armónico | Cuarteto Orishas y Leiden,https://www.ticketmaster.com.mx/latido-armonico-cuarteto-orishas-y-leiden-mexico-25-06-2026/event/3D00648393A81D9F,2026-06-25,20:00:00,America/Mexico_City,onsale,CUARTETO ORISHAS,TEATRO SERGIO MAGAÑA,México,Ciudad de México,CDMX,Mexico,MX,19.44570730,-99.16066740,Music,Classical,Classical/Vocal,Undefined,Undefined,False,MONDIAL PRICE 3,,,,Ticketmaster Discovery API,2026,6,June,1,Ciudad de México,Ciudad de México,Classical,False,False
G5dVZ_a2AFftW,"Cabaret Lunario Presenta: Jaime Varela , El Divo un eterno amor",https://www.ticketmaster.com.mx/cabaret-lunario-presenta-jaime-varela-el-ciudad-de-mexico-26-06-2026/event/3D006493C5214A7D,2026-06-26,22:30:00,America/Mexico_City,onsale,Jaime Varela,El Lunario del Auditorio Nacional,Ciudad de México,Ciudad de México,CDMX,Mexico,MX,19.424682,-99.1954,Music,Ballads/Romantic,Ballads/Romantic,Undefined,Undefined,False,MONDIAL PRICE 1,,,,Ticketmaster Discovery API,2026,6,June,1,Ciudad de México,Ciudad de México,Ballads/Romantic,False,False
G5dVZ_FTJcy0T,José María Tour: Fabrica de Espinas,https://www.ticketmaster.com.mx/jose-maria-tour-fabrica-de-espinas-ciudad-de-mexico-26-06-2026/event/3D00648FE6B7993F,2026-06-26,21:30:00,America/Mexico_City,onsale,José María,Foro Stelaris Fiesta Americana Reforma,Ciudad de México,Ciudad de México,CDMX,Mexico,MX,19.43219600,-99.15473940,Music,Ballads/Romantic,Ballads/Romantic,Undefined,Undefined,False,MONDIAL PRICE 1,,,,Ticketmaster Discovery API,2026,6,June,1,Ciudad de México,Ciudad de México,Ballads/Romantic,False,False
G5dVZ_exHRKRK,Shenel Johns Quartet,https://www.ticketmaster.com.mx/shenel-johns-quartet-mexico-26-06-2026/event/3D006428BCBD3BD3,2026-06-26,20:00:00,America/Mexico_City,onsale,Shenel Johns,Teatro de la Ciudad Esperanza Iris,Mexico,Ciudad de México,CDMX,Mexico,MX,19.43669360,-99.13943750,Music,Jazz,Jazz,Undefined,Undefined,False,MONDIAL PRICE 1,,,,Ticketmaster Discovery API,2026,6,June,1,Ciudad de México,Ciudad de México,Jazz,False,False
1Av8ZbJGkSAc-gT,Class Fest,https://www.ticketmaster.com.mx/class-fest-mexico-26-06-2026/event/1400626CC5B61D7F,2026-06-26,18:00:00,America/Mexico_City,cancelled,Class Fest,Pepsi Center,México,Ciudad de México,CDMX,Mexico,MX,19.39340970,-99.17581180,Music,Undefined,Undefined,Event Style,Festival,False,MONDIAL PRICE 1,,,,Ticketmaster Discovery API,2026,6,June,1,Ciudad de México,Ciudad de México,Sin clasificar,True,False
1kAZv00FGA2a0g-,MATHAME - CAMPO MARTE SANTANDER (NO INCLUYE ACCESO AL EVENTO DE DÍA),https://www.ticketmaster.com.mx/mathame-campo-marte-santander-no-incluye-mexico-26-06-2026/event/140064908F264D61,2026-06-26,20:00:00,America/Mexico_City,onsale,Mathame,Campo Marte,México,Ciudad de México,CDMX,Mexico,MX,19.425503,-99.19717,Music,Pop,Electro Pop,Undefined,Undefined,False,MONDIAL PRICE 1,,,,Ticketmaster Discovery API,2026,6,June,1,Ciudad de México,Ciudad de México,Pop,False,False
G5dVZ_aCVpNwm,Cabaret Lunario Presenta: Jorge Muñiz con la gente que me gusta,https://www.ticketmaster.com.mx/cabaret-lunario-presenta-jorge-muniz-con-ciudad-de-mexico-27-06-2026/event/3D006493B45A3CAE,2026-06-27,22:30:00,America/Mexico_City,onsale,Jorge Muñiz,El Lunario del Auditorio Nacional,Ciudad de México,Ciudad de México,CDMX,Mexico,MX,19.424682,-99.1954,Music,Latin,Latin,Undefined,Undefined,False,MONDIAL PRICE 1,,,,Ticketmaster Discovery API,2026,6,June,1,Ciudad de México,Ciudad de México,Latin,False,False
G5dVZ_aNmcXVP,La Cantadera,https://www.ticketmaster.com.mx/la-cantadera-ciudad-de-mexico-27-06-2026/event/3D006498EEB7ED25,2026-06-27,21:30:00,America/Mexico_City,onsale,La Cantadera,Foro Stelaris Fiesta Americana Reforma,Ciudad de México,Ciudad de México,CDMX,Mexico,MX,19.43219600,-99.15473940,Music,Rock,Pop,Undefined,Undefined,False,MONDIAL PRICE 1,,,,Ticketmaster Discovery API,2026,6,June,1,Ciudad de México,Ciudad de México,Rock,False,False
1AfZk8NGkdpjpef,Los Tigres del Norte,https://www.ticketmaster.com.mx/los-tigres-del-norte-ciudad-de-mexico-27-06-2026/event/14006423D6716094,2026-06-27,21:00:00,America/Mexico_City,onsale,Los Tigres del Norte,Estadio GNP Seguros,Ciudad de México,Ciudad de México,CDMX,Mexico,MX,19.405199,-99.095618,Music,Latin,Latin,Undefined,Undefined,False,OCESA,,,,Ticketmaster Discovery API,2026,6,June,1,Ciudad de México,Ciudad de México,Latin,False,False
17AZv0G61U0VJIb,FIFA Fan Festival MonterreyKDTS de LinaresHomeroGuerreroJr(Preferente),https://www.ticketmaster.com.mx/fifa-fan-festival-monterreykdts-de-linareshomeroguerrerojrpreferente-monterrey-27-06-2026/event/140064ADA4D26A18,2026-06-27,,America/Mexico_City,offsale,"FIFA Fan Festival Monterrey, KDTS de Linares",Parque Fundidora,Monterrey,Nuevo León,NL,Mexico,MX,25.67687030,-100.28999330,Music,Undefined,Undefined,Event Style,Festival,False,MONDIAL PRICE 2,,,,Ticketmaster Discovery API,2026,6,June,1,Monterrey,Nuevo León,Sin clasificar,True,False
1AfZke8GkenO-GQ,Dragaret Gala,https://www.ticketmaster.com.mx/dragaret-gala-mexico-27-06-2026/event/14006090AA82131A,2026-06-27,21:00:00,America/Mexico_City,rescheduled,Dragaret Gala,Teatro Metropolitan,México,Ciudad de México,CDMX,Mexico,MX,19.433457,-99.146811,Music,Other,Other,Undefined,Undefined,False,MONDIAL PRICE 1,,,,Ticketmaster Discovery API,2026,6,June,1,Ciudad de México,Ciudad de México,Other,False,False
1AfZk3pGkdnalFp,The Pride Celebration BonBon (NO INCLUYE ACCESO AL EVENTO DE DÍA),https://www.ticketmaster.com.mx/the-pride-celebration-bonbon-no-incluye-mexico-27-06-2026/event/14006496EA26B216,2026-06-27,20:00:00,America/Mexico_City,onsale,,Campo Marte,México,Ciudad de México,CDMX,Mexico,MX,19.425503,-99.19717,Music,Undefined,Undefined,Event Style,Festival,False,MONDIAL PRICE 1,,,,Ticketmaster Discovery API,2026,6,June,1,Ciudad de México,Ciudad de México,Sin clasificar,True,False
16fZkCAJoZAu118e,Conjunto Primavera,https://www.ticketmaster.com.mx/conjunto-primavera-zapopan-27-06-2026/event/14006385991C99F1,2026-06-27,21:00:00,America/Mexico_City,onsale,Conjunto Primavera,Auditorio Telmex,Zapopan,Jalisco,JAL,Mexico,MX,20.73324,-103.38112,Music,Latin,Latin,Undefined,Undefined,False,MONDIAL PRICE 1,,,,Ticketmaster Discovery API,2026,6,June,1,Zapopan,Jalisco,Latin,False,False
17AZv0G61xmZq_8,FIFA Fan Festival Monterrey - Enrique Iglesias (General +),https://www.ticketmaster.com.mx/fifa-fan-festival-monterrey-enrique-iglesias-monterrey-28-06-2026/event/140064A8AE01D650,2026-06-28,,America/Mexico_City,offsale,"FIFA Fan Festival Monterrey, Enrique Iglesias",Parque Fundidora,Monterrey,Nuevo León,NL,Mexico,MX,25.67687030,-100.28999330,Music,Undefined,Undefined,Event Style,Festival,False,MONDIAL PRICE 1,,,,Ticketmaster Discovery API,2026,6,June,1,Monterrey,Nuevo León,Sin clasificar,True,False
17AZv0G61xYncXo,FIFA Fan Festival Monterrey - Enrique Iglesias (VIP),https://www.ticketmaster.com.mx/fifa-fan-festival-monterrey-enrique-iglesias-monterrey-28-06-2026/event/140064A8B0AADF91,2026-06-28,,America/Mexico_City,offsale,"FIFA Fan Festival Monterrey, Enrique Iglesias",Parque Fundidora,Monterrey,Nuevo León,NL,Mexico,MX,25.67687030,-100.28999330,Music,Undefined,Undefined,Event Style,Festival,False,MONDIAL PRICE 1,,,,Ticketmaster Discovery API,2026,6,June,1,Monterrey,Nuevo León,Sin clasificar,True,False
11AZv01bC_a4v2,Asian Kung-Fu Generation 30 Aniversario,https://www.ticketmaster.com.mx/asian-kungfu-generation-30-aniversario-mexico-28-06-2026/event/140064298399255E,2026-06-28,19:00:00,America/Mexico_City,onsale,Asian Kung Fu Generation,Pepsi Center,México,Ciudad de México,CDMX,Mexico,MX,19.39340970,-99.17581180,Music,Rock,Alternative Rock,Undefined,Undefined,False,MONDIAL PRICE 1,,,,Ticketmaster Discovery API,2026,6,June,1,Ciudad de México,Ciudad de México,Rock,False,False
G5dVZ_a3aZ-Mw,Nacimahí: Un viaje musical con Lore Aquino Cuarteto,https://www.ticketmaster.com.mx/nacimahi-un-viaje-musical-con-lore-mexico-28-06-2026/event/3D00649489021DF2,2026-06-28,18:00:00,America/Mexico_City,onsale,Lore Aquino,Teatro Benito Juárez,México,Ciudad de México,CDMX,Mexico,MX,19.43204,-99.160816,Music,Latin,Latin,Undefined,Undefined,False,MONDIAL PRICE 3,,,,Ticketmaster Discovery API,2026,6,June,1,Ciudad de México,Ciudad de México,Latin,False,False
17AZv0G61UxcJoj,FIFA Fan Festival Monterrey - Clssx (Preferente),https://www.ticketmaster.com.mx/fifa-fan-festival-monterrey-clssx-preferente-monterrey-29-06-2026/event/140064ADA2B6645C,2026-06-29,,America/Mexico_City,offsale,FIFA Fan Festival Monterrey,Parque Fundidora,Monterrey,Nuevo León,NL,Mexico,MX,25.67687030,-100.28999330,Music,Undefined,Undefined,Event Style,Festival,False,MONDIAL PRICE 2,,,,Ticketmaster Discovery API,2026,6,June,1,Monterrey,Nuevo León,Sin clasificar,True,False
17AZv0G61UU8IRo,FIFA Fan Festival Monterrey - 3BallMTY (Preferente),https://www.ticketmaster.com.mx/fifa-fan-festival-monterrey-3ballmty-preferente-monterrey-30-06-2026/event/140064ADB6428BD1,2026-06-30,,America/Mexico_City,offsale,"FIFA Fan Festival Monterrey, 3BallMTY",Parque Fundidora,Monterrey,Nuevo León,NL,Mexico,MX,25.67687030,-100.28999330,Music,Undefined,Undefined,Event Style,Festival,False,MONDIAL PRICE 2,,,,Ticketmaster Discovery API,2026,6,June,1,Monterrey,Nuevo León,Sin clasificar,True,False
G5dVZ_axBh1Ks,Leyendas,https://www.ticketmaster.com.mx/leyendas-ciudad-de-mexico-02-07-2026/event/3D006498BA6CA4F1,2026-07-02,20:30:00,America/Mexico_City,onsale,Leyendas el show,Foro Stelaris Fiesta Americana Reforma,Ciudad de México,Ciudad de México,CDMX,Mexico,MX,19.43219600,-99.15473940,Music,Ballads/Romantic,Ballads/Romantic,Undefined,Undefined,False,MONDIAL PRICE 1,,,,Ticketmaster Discovery API,2026,7,July,1,Ciudad de México,Ciudad de México,Ballads/Romantic,False,False
17AZv0G61UHIatk,FIFA Fan Festival Monterrey - Jumbo (Preferente),https://www.ticketmaster.com.mx/fifa-fan-festival-monterrey-jumbo-preferente-monterrey-03-07-2026/event/140064ADBCA09A46,2026-07-03,,America/Mexico_City,offsale,"FIFA Fan Festival Monterrey, Jumbo",Parque Fundidora,Monterrey,Nuevo León,NL,Mexico,MX,25.67687030,-100.28999330,Music,Undefined,Undefined,Event Style,Festival,False,MONDIAL PRICE 3,,,,Ticketmaster Discovery API,2026,7,July,1,Monterrey,Nuevo León,Sin clasificar,True,False
G5dVZbgUC1NW_,"José Luis Rodríguez ""El Puma"" y Enrique Guzmán",https://www.ticketmaster.com.mx/jose-luis-rodriguez-el-puma-y-mexico-03-07-2026/event/3D00635D8E2A3F59,2026-07-03,21:30:00,America/Mexico_City,cancelled,"Enrique Guzmán, Jose Luis Rodríguez",La Maraka,México,Ciudad de México,CDMX,Mexico,MX,19.38651080,-99.16317750,Music,Rock,Pop,Undefined,Undefined,False,MONDIAL PRICE 1,,,,Ticketmaster Discovery API,2026,7,July,1,Ciudad de México,Ciudad de México,Rock,False,False
G5dVZ_dKOggZR,"Kalimba ""Hits Tour""",https://www.ticketmaster.com.mx/kalimba-hits-tour-mexico-03-07-2026/event/3D006434E0D7502F,2026-07-03,21:30:00,America/Mexico_City,onsale,Kalimba,La Maraka,México,Ciudad de México,CDMX,Mexico,MX,19.38651080,-99.16317750,Music,Latin,Latin,Undefined,Undefined,False,MONDIAL PRICE 1,,,,Ticketmaster Discovery API,2026,7,July,1,Ciudad de México,Ciudad de México,Latin,False,False
G5dVZbz3xpfmC,"San Francisco disco band, la mejor musica disco en vivo.",https://www.ticketmaster.com.mx/san-francisco-disco-band-la-mejor-mexico-03-07-2026/event/3D006384A2594B8E,2026-07-03,21:00:00,America/Mexico_City,onsale,San Francisco Disco Band,Foro Red Access,México,Ciudad de México,CDMX,Mexico,MX,19.35677,-99.163341,Music,Pop,Electro Pop,Undefined,Undefined,False,MONDIAL PRICE 1,,,,Ticketmaster Discovery API,2026,7,July,1,Ciudad de México,Ciudad de México,Pop,False,False
G5dVZbzptENDe,Disidente,https://www.ticketmaster.com.mx/disidente-ciudad-de-mexico-04-07-2026/event/3D006385A99E3EC2,2026-07-04,20:00:00,America/Mexico_City,onsale,Disidente,El Lunario del Auditorio Nacional,Ciudad de México,Ciudad de México,CDMX,Mexico,MX,19.424682,-99.1954,Music,Pop,Electro Pop,Undefined,Undefined,False,OCESA,,,,Ticketmaster Discovery API,2026,7,July,1,Ciudad de México,Ciudad de México,Pop,False,False
1Av8Z_dGkRJ6f-G,RÜFÜS DU SOL NORTH AMERICA 2026,https://www.ticketmaster.com.mx/rufus-du-sol-north-america-2026-ciudad-de-mexico-04-07-2026/event/1400643BE61D484C,2026-07-04,21:00:00,America/Mexico_City,onsale,"RÜFÜS DU SOL, Maribou State, Peces Raros",Estadio GNP Seguros,Ciudad de México,Ciudad de México,CDMX,Mexico,MX,19.405199,-99.095618,Music,Pop,Electro Pop,Undefined,Undefined,False,OCESA,,,,Ticketmaster Discovery API,2026,7,July,1,Ciudad de México,Ciudad de México,Pop,False,False
G5dVZ_AwilNj3,Regios Country Fest,https://www.ticketmaster.com.mx/regios-country-fest-col-centro-monterrey-04-07-2026/event/3D00645CACAE3712,2026-07-04,21:00:00,America/Mexico_City,onsale,,Foro Corona Monterrey,Col. Centro Monterrey,Nuevo León,NL,Mexico,MX,25.66646204,-100.31681661,Music,Hip-Hop/Rap,Reggaeton,Undefined,Undefined,False,MONDIAL PRICE 3,,,,Ticketmaster Discovery API,2026,7,July,1,Monterrey,Nuevo León,Hip-Hop/Rap,True,False
1AfZkosGkdVVxmh,"AOT, Vol. II The Last Attack, In Concert",https://www.ticketmaster.com.mx/aot-vol-ii-the-last-attack-monterrey-04-07-2026/event/14006471F4D22B9B,2026-07-04,20:30:00,America/Mexico_City,onsale,AOT The Last Concert,Escenario GNP Seguros,Monterrey,Nuevo León,NL,Mexico,MX,25.666135,-100.316726,Music,Rock,Alternative Rock,Undefined,Undefined,False,MONDIAL PRICE 1,,,,Ticketmaster Discovery API,2026,7,July,1,Monterrey,Nuevo León,Rock,False,False
17AZv0G61UPYJY7,FIFA Fan Festival Monterrey - El Malilla (Preferente),https://www.ticketmaster.com.mx/fifa-fan-festival-monterrey-el-malilla-monterrey-04-07-2026/event/140064ADA5C26C04,2026-07-04,,America/Mexico_City,offsale,"FIFA Fan Festival Monterrey, El Malilla",Parque Fundidora,Monterrey,Nuevo León,NL,Mexico,MX,25.67687030,-100.28999330,Music,Undefined,Undefined,Event Style,Festival,False,MONDIAL PRICE 3,,,,Ticketmaster Discovery API,2026,7,July,1,Monterrey,Nuevo León,Sin clasificar,True,False
1kAZv00FGA217gt,DIPLO - Campo Marte Santander (No Incluye Acceso Al Evento De Día),https://www.ticketmaster.com.mx/diplo-campo-marte-santander-no-incluye-mexico-04-07-2026/event/140064908F284D69,2026-07-04,20:00:00,America/Mexico_City,onsale,Diplo,Campo Marte,México,Ciudad de México,CDMX,Mexico,MX,19.425503,-99.19717,Music,Pop,Electro Pop,Undefined,Undefined,False,MONDIAL PRICE 1,,,,Ticketmaster Discovery API,2026,7,July,1,Ciudad de México,Ciudad de México,Pop,False,False
G5dVZbgU2X7ux,"José Luis Rodríguez ""El Puma"" y Enrique Guzmán",https://www.ticketmaster.com.mx/jose-luis-rodriguez-el-puma-y-mexico-04-07-2026/event/3D00635D8FF84362,2026-07-04,21:30:00,America/Mexico_City,onsale,"Enrique Guzmán, Jose Luis Rodríguez",La Maraka,México,Ciudad de México,CDMX,Mexico,MX,19.38651080,-99.16317750,Music,Rock,Pop,Undefined,Undefined,False,MONDIAL PRICE 1,,,,Ticketmaster Discovery API,2026,7,July,1,Ciudad de México,Ciudad de México,Rock,False,False
G5dVZ_FGE_QrL,Michelle Delu,https://www.ticketmaster.com.mx/michelle-delu-mexico-04-07-2026/event/3D0064832765A79F,2026-07-04,19:00:00,America/Mexico_City,onsale,Michelle Delu,Foro Red Access,México,Ciudad de México,CDMX,Mexico,MX,19.35677,-99.163341,Music,Latin,Latin,Undefined,Undefined,False,MONDIAL PRICE 1,,,,Ticketmaster Discovery API,2026,7,July,1,Ciudad de México,Ciudad de México,Latin,False,False
G5dVZ_ak7O3cU,Morgan Romero y su Banda,https://www.ticketmaster.com.mx/morgan-romero-y-su-banda-mexico-04-07-2026/event/3D00649184812B76,2026-07-04,22:30:00,America/Mexico_City,onsale,Morgan Romero,Foro Red Access,México,Ciudad de México,CDMX,Mexico,MX,19.35677,-99.163341,Music,Latin,Latin,Undefined,Undefined,False,MONDIAL PRICE 1,,,,Ticketmaster Discovery API,2026,7,July,1,Ciudad de México,Ciudad de México,Latin,False,False
1AfZko0GkdNwWK3,Virlan Garcia,https://www.ticketmaster.com.mx/virlan-garcia-zapopan-04-07-2026/event/14006464E3CBD4D2,2026-07-04,21:00:00,America/Mexico_City,onsale,Virlan Garcia,Auditorio Telmex,Zapopan,Jalisco,JAL,Mexico,MX,20.73324,-103.38112,Music,Latin,Latin,Undefined,Undefined,False,MONDIAL PRICE 1,,,,Ticketmaster Discovery API,2026,7,July,1,Zapopan,Jalisco,Latin,False,False
17AZv0G61MeDB9D,FIFA Fan Festival Monterrey - Los Payasonicos (Preferente),https://www.ticketmaster.com.mx/fifa-fan-festival-monterrey-los-payasonicos-monterrey-05-07-2026/event/140064ADC2EFA5FB,2026-07-05,,America/Mexico_City,offsale,"FIFA Fan Festival Monterrey, Los Payasonicos",Parque Fundidora,Monterrey,Nuevo León,NL,Mexico,MX,25.67687030,-100.28999330,Music,Undefined,Undefined,Event Style,Festival,False,MONDIAL PRICE 2,,,,Ticketmaster Discovery API,2026,7,July,1,Monterrey,Nuevo León,Sin clasificar,True,False
G5dVZ_kX2l-le,ASYC/Teatro de movimiento 80 movimientos Coor.ND. 13+. Ingreso 19:30 h,https://www.ticketmaster.com.mx/asycteatro-de-movimiento-80-movimientos-coornd-mexico-cdmx-07-07-2026/event/3D00646F8FAE1AC2,2026-07-07,20:00:00,America/Mexico_City,onsale,Sala Principal Bellas Artes,Palacio de Bellas Artes,México CDMX,Ciudad de México,CDMX,Mexico,MX,19.43663020,-99.14353180,Music,Latin,Latin,Undefined,Undefined,False,MONDIAL PRICE 3,,,,Ticketmaster Discovery API,2026,7,July,1,Ciudad de México,Ciudad de México,Latin,False,False
1kAZv00FGA21VgM,MODESELEKTOR Campo Marte Santander No Incluye Acceso Al Evento De Dia,https://www.ticketmaster.com.mx/modeselektor-campo-marte-santander-no-incluye-mexico-08-07-2026/event/140064908F2B4D77,2026-07-08,20:00:00,America/Mexico_City,onsale,Modeselektor,Campo Marte,México,Ciudad de México,CDMX,Mexico,MX,19.425503,-99.19717,Music,Pop,Electro Pop,Undefined,Undefined,False,MONDIAL PRICE 1,,,,Ticketmaster Discovery API,2026,7,July,1,Ciudad de México,Ciudad de México,Pop,False,False
17AZv0G61nos9Z9,Marcos Valle,https://www.ticketmaster.com.mx/marcos-valle-mexico-08-07-2026/event/140064AA91C57017,2026-07-08,20:00:00,America/Mexico_City,onsale,Marcos Valle,Foro Polanco Moliere,México,Ciudad de México,CDMX,Mexico,MX,19.43956950,-99.20076750,Music,Jazz,Jazz,Undefined,Undefined,False,MONDIAL PRICE 1,,,,Ticketmaster Discovery API,2026,7,July,1,Ciudad de México,Ciudad de México,Jazz,False,False
1kAZv00FGA21VgW,CLAPTONE - Campo Marte Santander (No Incluye Acceso Al Evento De Día),https://www.ticketmaster.com.mx/claptone-campo-marte-santander-no-incluye-mexico-09-07-2026/event/140064908F2B4D7D,2026-07-09,20:00:00,America/Mexico_City,onsale,Claptone,Campo Marte,México,Ciudad de México,CDMX,Mexico,MX,19.425503,-99.19717,Music,Pop,Electro Pop,Undefined,Undefined,False,MONDIAL PRICE 1,,,,Ticketmaster Discovery API,2026,7,July,1,Ciudad de México,Ciudad de México,Pop,False,False
G5dVZ_1kizJTv,"Tito Nieves ""La Historia Continua""",https://www.ticketmaster.com.mx/tito-nieves-la-historia-continua-mexico-09-07-2026/event/3D0064A1ACE26FC1,2026-07-09,21:30:00,America/Mexico_City,onsale,Tito Nieves,La Maraka,México,Ciudad de México,CDMX,Mexico,MX,19.38651080,-99.16317750,Music,Latin,Latin,Undefined,Undefined,False,MONDIAL PRICE 1,,,,Ticketmaster Discovery API,2026,7,July,1,Ciudad de México,Ciudad de México,Latin,False,False
G5dVZ_kXBf75o,"ATERNO 80 Movimientos. Coor. Nacional de Danza, 6+. Ingreso 19:30 h.",https://www.ticketmaster.com.mx/aterno-80-movimientos-coor-nacional-de-mexico-cdmx-09-07-2026/event/3D00646FBA5042D1,2026-07-09,20:00:00,America/Mexico_City,onsale,Sala Principal Bellas Artes,Palacio de Bellas Artes,México CDMX,Ciudad de México,CDMX,Mexico,MX,19.43663020,-99.14353180,Music,Latin,Latin,Undefined,Undefined,False,MONDIAL PRICE 3,,,,Ticketmaster Discovery API,2026,7,July,1,Ciudad de México,Ciudad de México,Latin,False,False
17AZv0G61UWFtiY,FIFA Fan Festival Monterrey - MC Davo (Preferente),https://www.ticketmaster.com.mx/fifa-fan-festival-monterrey-mc-davo-monterrey-10-07-2026/event/140064ADBD229B30,2026-07-10,,America/Mexico_City,offsale,"FIFA Fan Festival Monterrey, MC Davo",Parque Fundidora,Monterrey,Nuevo León,NL,Mexico,MX,25.67687030,-100.28999330,Music,Undefined,Undefined,Event Style,Festival,False,MONDIAL PRICE 3,,,,Ticketmaster Discovery API,2026,7,July,1,Monterrey,Nuevo León,Sin clasificar,True,False
G5dVZ_1CoKdb_,"Tito Nieves ""La Historia Continúa""",https://www.ticketmaster.com.mx/tito-nieves-la-historia-continua-mexico-10-07-2026/event/3D0064A3914C3619,2026-07-10,21:30:00,America/Mexico_City,onsale,Tito Nieves,La Maraka,México,Ciudad de México,CDMX,Mexico,MX,19.38651080,-99.16317750,Music,Latin,Latin,Undefined,Undefined,False,MONDIAL PRICE 1,,,,Ticketmaster Discovery API,2026,7,July,1,Ciudad de México,Ciudad de México,Latin,False,False
1Av8Z_kGkMKANHz,Caifanes,https://www.ticketmaster.com.mx/caifanes-ciudad-de-mexico-11-07-2026/event/1400646DD3163F38,2026-07-11,21:00:00,America/Mexico_City,onsale,Caifanes,Estadio GNP Seguros,Ciudad de México,Ciudad de México,CDMX,Mexico,MX,19.405199,-99.095618,Music,Latin,Latin,Undefined,Undefined,False,OCESA,,,,Ticketmaster Discovery API,2026,7,July,1,Ciudad de México,Ciudad de México,Latin,False,False
17AZv0G61UXBaDx,FIFA Fan Festival Monterrey - La Sonora Dinamita (Preferente),https://www.ticketmaster.com.mx/fifa-fan-festival-monterrey-la-sonora-monterrey-11-07-2026/event/140064ADBEE89EE2,2026-07-11,,America/Mexico_City,offsale,"FIFA Fan Festival Monterrey, La Sonora Dinamita",Parque Fundidora,Monterrey,Nuevo León,NL,Mexico,MX,25.67687030,-100.28999330,Music,Undefined,Undefined,Event Style,Festival,False,MONDIAL PRICE 2,,,,Ticketmaster Discovery API,2026,7,July,1,Monterrey,Nuevo León,Sin clasificar,True,False
G5dVZ_FGP9Bbq,Barimu,https://www.ticketmaster.com.mx/barimu-mexico-11-07-2026/event/3D006483255FA61D,2026-07-11,21:30:00,America/Mexico_City,onsale,Barimu,Foro Red Access,México,Ciudad de México,CDMX,Mexico,MX,19.35677,-99.163341,Music,Rock,Alternative Rock,Undefined,Undefined,False,MONDIAL PRICE 1,,,,Ticketmaster Discovery API,2026,7,July,1,Ciudad de México,Ciudad de México,Rock,False,False
1kAZv0rbGA2WARA,Elias Medina en Concierto Tour 2026,https://www.ticketmaster.com.mx/elias-medina-en-concierto-tour-2026-mexico-11-07-2026/event/140064798FF45BC5,2026-07-11,21:00:00,America/Mexico_City,onsale,Elías Medina,Teatro Metropolitan,México,Ciudad de México,CDMX,Mexico,MX,19.433457,-99.146811,Music,Pop,Pop,Undefined,Undefined,False,OCESA,,,,Ticketmaster Discovery API,2026,7,July,1,Ciudad de México,Ciudad de México,Pop,False,False
1kAZv00FGA250Ud,THE BLAZE- Campo Marte Santander (No Incluye Acceso Al Evento De Día),https://www.ticketmaster.com.mx/the-blaze-campo-marte-santander-no-mexico-11-07-2026/event/140064908F2E4D83,2026-07-11,20:00:00,America/Mexico_City,onsale,The Blaze,Campo Marte,México,Ciudad de México,CDMX,Mexico,MX,19.425503,-99.19717,Music,Pop,Electro Pop,Undefined,Undefined,False,MONDIAL PRICE 1,,,,Ticketmaster Discovery API,2026,7,July,1,Ciudad de México,Ciudad de México,Pop,False,False
G5dVZ_kT7jfce,Folklórico U. Veracruzana 80 Movimientos. Coor.ND. Ingreso 18:30 h.,https://www.ticketmaster.com.mx/folklorico-u-veracruzana-80-movimientos-coornd-mexico-cdmx-11-07-2026/event/3D00646FC4714B42,2026-07-11,19:00:00,America/Mexico_City,onsale,Sala Principal Bellas Artes,Palacio de Bellas Artes,México CDMX,Ciudad de México,CDMX,Mexico,MX,19.43663020,-99.14353180,Music,Latin,Latin,Undefined,Undefined,False,MONDIAL PRICE 3,,,,Ticketmaster Discovery API,2026,7,July,1,Ciudad de México,Ciudad de México,Latin,False,False
G5dVZ_kTkNfsO,Danza visual 80 Movimientos. Coor.ND. 6+. Ingreso 19:30 h.,https://www.ticketmaster.com.mx/danza-visual-80-movimientos-coornd-6-mexico-cdmx-14-07-2026/event/3D00646FC68D4C60,2026-07-14,20:00:00,America/Mexico_City,onsale,Sala Principal Bellas Artes,Palacio de Bellas Artes,México CDMX,Ciudad de México,CDMX,Mexico,MX,19.43663020,-99.14353180,Music,Latin,Latin,Undefined,Undefined,False,MONDIAL PRICE 3,,,,Ticketmaster Discovery API,2026,7,July,1,Ciudad de México,Ciudad de México,Latin,False,False
G5dVZ_a3Gce7B,"Dalù, Playlist para esos dias nublados",https://www.ticketmaster.com.mx/dalu-playlist-para-esos-dias-nublados-mexico-16-07-2026/event/3D0064948CB4213A,2026-07-16,21:00:00,America/Mexico_City,onsale,Dalú,Foro Red Access,México,Ciudad de México,CDMX,Mexico,MX,19.35677,-99.163341,Music,Pop,Pop,Undefined,Undefined,False,MONDIAL PRICE 1,,,,Ticketmaster Discovery API,2026,7,July,1,Ciudad de México,Ciudad de México,Pop,False,False
G5dVZ_AnpYxzw,Tex Tex,https://www.ticketmaster.com.mx/tex-tex-mexico-16-07-2026/event/3D00645A96C22E32,2026-07-16,21:30:00,America/Mexico_City,onsale,,La Maraka,México,Ciudad de México,CDMX,Mexico,MX,19.38651080,-99.16317750,Music,Other,Other,Undefined,Undefined,False,MONDIAL PRICE 1,,,,Ticketmaster Discovery API,2026,7,July,1,Ciudad de México,Ciudad de México,Other,False,False
G5dVZ_kTFbfyW, Gala Flamenca 80 Movimientos. Coor.ND. 10+. Ingreso 19:30 h.,https://www.ticketmaster.com.mx/gala-flamenca-80-movimientos-coornd-10-mexico-cdmx-16-07-2026/event/3D00646FC8614E7D,2026-07-16,20:00:00,America/Mexico_City,onsale,Sala Principal Bellas Artes,Palacio de Bellas Artes,México CDMX,Ciudad de México,CDMX,Mexico,MX,19.43663020,-99.14353180,Music,Latin,Latin,Undefined,Undefined,False,MONDIAL PRICE 3,,,,Ticketmaster Discovery API,2026,7,July,1,Ciudad de México,Ciudad de México,Latin,False,False
1AfZk3oGkd6Nqur,Grupo Firme,https://www.ticketmaster.com.mx/grupo-firme-ciudad-de-mexico-17-07-2026/event/14006491C78DD35E,2026-07-17,21:00:00,America/Mexico_City,onsale,Grupo Firme,Estadio GNP Seguros,Ciudad de México,Ciudad de México,CDMX,Mexico,MX,19.405199,-99.095618,Music,Latin,Latin,Undefined,Undefined,False,OCESA,,,,Ticketmaster Discovery API,2026,7,July,1,Ciudad de México,Ciudad de México,Latin,False,False
G5dVZ_kC8j3Y_,Esto si es Despecho con Big Band Jazz de México,https://www.ticketmaster.com.mx/esto-si-es-despecho-con-big-mexico-17-07-2026/event/3D00646390712C19,2026-07-17,21:30:00,America/Mexico_City,onsale,Esto Sí es Despecho: Myriam - Natalia Sosa- Aranza - Sheyla,La Maraka,México,Ciudad de México,CDMX,Mexico,MX,19.38651080,-99.16317750,Music,Latin,Latin,Undefined,Undefined,False,MONDIAL PRICE 1,,,,Ticketmaster Discovery API,2026,7,July,1,Ciudad de México,Ciudad de México,Latin,False,False
G5dVZ_FkafvPG,Fato Voz y Raiz,https://www.ticketmaster.com.mx/fato-voz-y-raiz-mexico-17-07-2026/event/3D0064818950194C,2026-07-17,21:00:00,America/Mexico_City,onsale,Fato,Foro Red Access,México,Ciudad de México,CDMX,Mexico,MX,19.35677,-99.163341,Music,Latin,Latin,Undefined,Undefined,False,MONDIAL PRICE 1,,,,Ticketmaster Discovery API,2026,7,July,1,Ciudad de México,Ciudad de México,Latin,False,False
G5dVZbUBAWegO,TrendLine,https://www.ticketmaster.com.mx/trendline-mexico-17-07-2026/event/3D00636E85F42D60,2026-07-17,21:00:00,America/Mexico_City,offsale,TrendLine,Foro Red Access,México,Ciudad de México,CDMX,Mexico,MX,19.35677,-99.163341,Music,Ballads/Romantic,Ballads/Romantic,Undefined,Undefined,False,MONDIAL PRICE 1,,,,Ticketmaster Discovery API,2026,7,July,1,Ciudad de México,Ciudad de México,Ballads/Romantic,False,False
G5dVZ_dQAY-Tc,FLOW,https://www.ticketmaster.com.mx/flow-zapopan-17-07-2026/event/3D00643685C21FED,2026-07-17,21:00:00,America/Mexico_City,onsale,FLOW,Teatro Estudio Cavaret,Zapopan,Jalisco,JAL,Mexico,MX,20.736739,-103.378417,Music,Rock,Pop,Undefined,Undefined,False,MONDIAL PRICE 1,,,,Ticketmaster Discovery API,2026,7,July,1,Zapopan,Jalisco,Rock,False,False
1Av8Z_7GklJGIy-,La Arrolladora Banda Limón,https://www.ticketmaster.com.mx/la-arrolladora-banda-limon-zapopan-17-07-2026/event/1400644AE6328E61,2026-07-17,21:00:00,America/Mexico_City,onsale,La Arrolladora Banda Limón,Auditorio Telmex,Zapopan,Jalisco,JAL,Mexico,MX,20.73324,-103.38112,Music,Folk,Indie Folk,Undefined,Undefined,False,MONDIAL PRICE 1,,,,Ticketmaster Discovery API,2026,7,July,1,Zapopan,Jalisco,Folk,False,False
G5dVZ_erl-wor,Los Malagueña - Aire,https://www.ticketmaster.com.mx/los-malaguena-aire-ciudad-de-mexico-18-07-2026/event/3D006427AB87245E,2026-07-18,20:30:00,America/Mexico_City,onsale,Los Malagueña,El Lunario del Auditorio Nacional,Ciudad de México,Ciudad de México,CDMX,Mexico,MX,19.424682,-99.1954,Music,Latin,Latin,Undefined,Undefined,False,MONDIAL PRICE 1,,,,Ticketmaster Discovery API,2026,7,July,1,Ciudad de México,Ciudad de México,Latin,False,False
G5dVZ_erWVKZN,Los Malagueña - Aire Meet&Greet,https://www.ticketmaster.com.mx/los-malaguena-aire-meetgreet-ciudad-de-mexico-18-07-2026/event/3D006427BDD13023,2026-07-18,20:30:00,America/Mexico_City,onsale,Los Malagueña,El Lunario del Auditorio Nacional,Ciudad de México,Ciudad de México,CDMX,Mexico,MX,19.424682,-99.1954,Music,Latin,Latin,Undefined,Undefined,False,MONDIAL PRICE 1,,,,Ticketmaster Discovery API,2026,7,July,1,Ciudad de México,Ciudad de México,Latin,False,False
G5dVZ_AxeTs6C,Tributo Mago de Oz,https://www.ticketmaster.com.mx/tributo-mago-de-oz-col-centro-monterrey-18-07-2026/event/3D00645882FF11CE,2026-07-18,21:00:00,America/Mexico_City,onsale,,Foro Corona Monterrey,Col. Centro Monterrey,Nuevo León,NL,Mexico,MX,25.66646204,-100.31681661,Music,Rock,Pop,Undefined,Undefined,False,MONDIAL PRICE 2,,,,Ticketmaster Discovery API,2026,7,July,1,Monterrey,Nuevo León,Rock,False,False
17AZv0G61US3I_z,FIFA Fan Festival Monterrey - Kevis & Maykyy (Preferente),https://www.ticketmaster.com.mx/fifa-fan-festival-monterrey-kevis-maykyy-monterrey-18-07-2026/event/140064ADB34A8678,2026-07-18,,America/Mexico_City,offsale,"FIFA Fan Festival Monterrey, Kevis & Maykyy",Parque Fundidora,Monterrey,Nuevo León,NL,Mexico,MX,25.67687030,-100.28999330,Music,Undefined,Undefined,Event Style,Festival,False,MONDIAL PRICE 3,,,,Ticketmaster Discovery API,2026,7,July,1,Monterrey,Nuevo León,Sin clasificar,True,False
G5dVZ_eLt47cf,Los Amigos Invisibles,https://www.ticketmaster.com.mx/los-amigos-invisibles-mexico-18-07-2026/event/3D006427E9544B54,2026-07-18,21:30:00,America/Mexico_City,onsale,Los Amigos Invisibles,La Maraka,México,Ciudad de México,CDMX,Mexico,MX,19.38651080,-99.16317750,Music,Rock,Alternative Rock,Undefined,Undefined,False,MONDIAL PRICE 1,,,,Ticketmaster Discovery API,2026,7,July,1,Ciudad de México,Ciudad de México,Rock,False,False
G5dVZ_kT1q0T0,Cuatro X Cuatro 80 Movimientos. CoorND. 15+. Ingreso 18:30 h.,https://www.ticketmaster.com.mx/cuatro-x-cuatro-80-movimientos-coornd-mexico-cdmx-18-07-2026/event/3D00646FCA764FE4,2026-07-18,19:00:00,America/Mexico_City,onsale,Sala Principal Bellas Artes,Palacio de Bellas Artes,México CDMX,Ciudad de México,CDMX,Mexico,MX,19.43663020,-99.14353180,Music,Latin,Latin,Undefined,Undefined,False,MONDIAL PRICE 3,,,,Ticketmaster Discovery API,2026,7,July,1,Ciudad de México,Ciudad de México,Latin,False,False
1kAZv00FGA25VU5,AVALANCHES - Campo Marte Santander (No Incluye Acceso Al Evento De Día,https://www.ticketmaster.com.mx/avalanches-campo-marte-santander-no-incluye-mexico-19-07-2026/event/140064908F2F4D8B,2026-07-19,20:00:00,America/Mexico_City,onsale,The Avalanches,Campo Marte,México,Ciudad de México,CDMX,Mexico,MX,19.425503,-99.19717,Music,Pop,Electro Pop,Undefined,Undefined,False,MONDIAL PRICE 1,,,,Ticketmaster Discovery API,2026,7,July,1,Ciudad de México,Ciudad de México,Pop,False,False
1Av8Z_AGkn6tNdI,Sombr,https://www.ticketmaster.com.mx/sombr-mexico-22-07-2026/event/1400645A87A630E8,2026-07-22,21:00:00,America/Mexico_City,onsale,"Sombr, King Princess",Pepsi Center,México,Ciudad de México,CDMX,Mexico,MX,19.39340970,-99.17581180,Music,Rock,Alternative Rock,Undefined,Undefined,False,OCESA,,,,Ticketmaster Discovery API,2026,7,July,1,Ciudad de México,Ciudad de México,Rock,False,False
G5dVZbVDgSeUe,Lucho SSJ,https://www.ticketmaster.com.mx/lucho-ssj-col-centro-monterrey-23-07-2026/event/3D00634EF5CC2D82,2026-07-23,21:00:00,America/Mexico_City,onsale,Lucho SSJ.,Foro Corona Monterrey,Col. Centro Monterrey,Nuevo León,NL,Mexico,MX,25.66646204,-100.31681661,Music,Hip-Hop/Rap,Trap,Undefined,Undefined,False,MONDIAL PRICE 1,,,,Ticketmaster Discovery API,2026,7,July,1,Monterrey,Nuevo León,Hip-Hop/Rap,False,False
G5dVZ_kTuCA6J,Yansi M Y Luis G. 80 Movimientos. Coor.ND. 15+. Ingreso 19:30 h.,https://www.ticketmaster.com.mx/yansi-m-y-luis-g-80-mexico-cdmx-23-07-2026/event/3D00646FCD3851E6,2026-07-23,20:00:00,America/Mexico_City,onsale,Sala Principal Bellas Artes,Palacio de Bellas Artes,México CDMX,Ciudad de México,CDMX,Mexico,MX,19.43663020,-99.14353180,Music,Latin,Latin,Undefined,Undefined,False,MONDIAL PRICE 3,,,,Ticketmaster Discovery API,2026,7,July,1,Ciudad de México,Ciudad de México,Latin,False,False
G5dVZbUka2NbM,Fernando Delgadillo y Alejandro Filio,https://www.ticketmaster.com.mx/fernando-delgadillo-y-alejandro-filio-mexico-24-07-2026/event/3D006361893E3637,2026-07-24,21:30:00,America/Mexico_City,onsale,Fernando Delgadillo,La Maraka,México,Ciudad de México,CDMX,Mexico,MX,19.38651080,-99.16317750,Music,World,Trova,Undefined,Undefined,False,MONDIAL PRICE 1,,,,Ticketmaster Discovery API,2026,7,July,1,Ciudad de México,Ciudad de México,World,False,False
G5dVZ_azebJ8J,"Neo 5 live show en concierto. Acceso 21:00hrs ,Inicio show 22:00hrs",https://www.ticketmaster.com.mx/neo-5-live-show-en-concierto-mexico-24-07-2026/event/3D00649E02626426,2026-07-24,21:00:00,America/Mexico_City,onsale,Neo 5 live show,Foro Red Access,México,Ciudad de México,CDMX,Mexico,MX,19.35677,-99.163341,Music,Pop,Pop,Undefined,Undefined,False,MONDIAL PRICE 1,,,,Ticketmaster Discovery API,2026,7,July,1,Ciudad de México,Ciudad de México,Pop,False,False
1Av8Z_AGkmOO_1v,Cuisillos,https://www.ticketmaster.com.mx/cuisillos-zapopan-24-07-2026/event/1400645BA0819281,2026-07-24,21:00:00,America/Mexico_City,onsale,Banda Cuisillos,Auditorio Telmex,Zapopan,Jalisco,JAL,Mexico,MX,20.73324,-103.38112,Music,Latin,Latin,Undefined,Undefined,False,MONDIAL PRICE 1,,,,Ticketmaster Discovery API,2026,7,July,1,Zapopan,Jalisco,Latin,False,False
1AfZk8UGkel3kK2,El Tri,https://www.ticketmaster.com.mx/el-tri-ciudad-de-mexico-25-07-2026/event/14006436AB4864CF,2026-07-25,20:00:00,America/Mexico_City,onsale,El Tri,Palacio de los Deportes,Ciudad de México,Ciudad de México,CDMX,Mexico,MX,19.40154080,-99.09806060,Music,Latin,Latin,Undefined,Undefined,False,OCESA,,,,Ticketmaster Discovery API,2026,7,July,1,Ciudad de México,Ciudad de México,Latin,False,False
G5dVZ_eMt470w,Here Comes the Kraken,https://www.ticketmaster.com.mx/here-comes-the-kraken-col-centro-monterrey-25-07-2026/event/3D00642DE9544932,2026-07-25,21:00:00,America/Mexico_City,onsale,Here Comes the Kraken,Foro Corona Monterrey,Col. Centro Monterrey,Nuevo León,NL,Mexico,MX,25.66646204,-100.31681661,Music,Rock,Alternative Rock,Undefined,Undefined,False,MONDIAL PRICE 3,,,,Ticketmaster Discovery API,2026,7,July,1,Monterrey,Nuevo León,Rock,False,False
1Av8Z_7GkwHlj3Y,Morejuice Fest,https://www.ticketmaster.com.mx/morejuice-fest-mexico-25-07-2026/event/1400644CBCADC4B0,2026-07-25,12:00:00,America/Mexico_City,onsale,Morejuice Fest,Pepsi Center,México,Ciudad de México,CDMX,Mexico,MX,19.39340970,-99.17581180,Music,Undefined,Undefined,Event Style,Festival,False,OCESA,,,,Ticketmaster Discovery API,2026,7,July,1,Ciudad de México,Ciudad de México,Sin clasificar,True,False
G5dVZbVBsJn6U,"Porfi Baloa + David Pabón ""Muy Salsas""",https://www.ticketmaster.com.mx/porfi-baloa-david-pabon-muy-salsas-mexico-25-07-2026/event/3D00634EB19AA1F6,2026-07-25,21:30:00,America/Mexico_City,onsale,"Porfi Baloa, David Pabon",La Maraka,México,Ciudad de México,CDMX,Mexico,MX,19.38651080,-99.16317750,Music,Latin,Latin,Undefined,Undefined,False,MONDIAL PRICE 1,,,,Ticketmaster Discovery API,2026,7,July,1,Ciudad de México,Ciudad de México,Latin,False,False
G5dVZ_kT26gu_,Folclórico U. de Guadalajara. 80 Movimientos. Coor.ND. Ingreso 18:30 h,https://www.ticketmaster.com.mx/folclorico-u-de-guadalajara-80-movimientos-mexico-cdmx-25-07-2026/event/3D00646FCF1F5359,2026-07-25,19:00:00,America/Mexico_City,onsale,Sala Principal Bellas Artes,Palacio de Bellas Artes,México CDMX,Ciudad de México,CDMX,Mexico,MX,19.43663020,-99.14353180,Music,Latin,Latin,Undefined,Undefined,False,MONDIAL PRICE 3,,,,Ticketmaster Discovery API,2026,7,July,1,Ciudad de México,Ciudad de México,Latin,False,False
1Av8Z_AGkmNRaIC,Cuisillos,https://www.ticketmaster.com.mx/cuisillos-zapopan-25-07-2026/event/1400645BA3BC9A0E,2026-07-25,21:00:00,America/Mexico_City,onsale,Banda Cuisillos,Auditorio Telmex,Zapopan,Jalisco,JAL,Mexico,MX,20.73324,-103.38112,Music,Latin,Latin,Undefined,Undefined,False,MONDIAL PRICE 1,,,,Ticketmaster Discovery API,2026,7,July,1,Zapopan,Jalisco,Latin,False,False
G5dVZ_kToi43p,CEPRODAC 80 Movimientos. Coor.ND. 6+. Ingreso 19:30 h.,https://www.ticketmaster.com.mx/ceprodac-80-movimientos-coornd-6-ingreso-mexico-cdmx-28-07-2026/event/3D00646FD1B15496,2026-07-28,20:00:00,America/Mexico_City,onsale,Sala Principal Bellas Artes,Palacio de Bellas Artes,México CDMX,Ciudad de México,CDMX,Mexico,MX,19.43663020,-99.14353180,Music,Latin,Latin,Undefined,Undefined,False,MONDIAL PRICE 3,,,,Ticketmaster Discovery API,2026,7,July,1,Ciudad de México,Ciudad de México,Latin,False,False
G5dVZ_kTKWA9f,La Serpiente. 80 Movimientos. Coor.ND. 6+. Ingreso 19:30 h,https://www.ticketmaster.com.mx/la-serpiente-80-movimientos-coornd-6-mexico-cdmx-30-07-2026/event/3D00646FD3F455D4,2026-07-30,20:00:00,America/Mexico_City,onsale,Sala Principal Bellas Artes,Palacio de Bellas Artes,México CDMX,Ciudad de México,CDMX,Mexico,MX,19.43663020,-99.14353180,Music,Latin,Latin,Undefined,Undefined,False,MONDIAL PRICE 3,,,,Ticketmaster Discovery API,2026,7,July,1,Ciudad de México,Ciudad de México,Latin,False,False
15v8Z_aJAaeJa,Ricardo Montaner,https://www.ticketmaster.com.mx/ricardo-montaner-zapopan-30-07-2026/event/1400649985242989,2026-07-30,21:00:00,America/Mexico_City,onsale,Ricardo Montaner,Auditorio Telmex,Zapopan,Jalisco,JAL,Mexico,MX,20.73324,-103.38112,Music,Latin,Latin,Undefined,Undefined,False,MONDIAL PRICE 1,,,,Ticketmaster Discovery API,2026,7,July,1,Zapopan,Jalisco,Latin,False,False
G5dVZbwKzkAYY,Gilberto Santa Rosa,https://www.ticketmaster.com.mx/gilberto-santa-rosa-ciudad-de-mexico-31-07-2026/event/3D006324F8185C30,2026-07-31,20:30:00,America/Mexico_City,cancelled,Gilberto Santa Rosa,Auditorio Nacional,Ciudad de México,Ciudad de México,CDMX,Mexico,MX,19.424648,-99.19484,Music,Latin,Latin,Undefined,Undefined,False,MONDIAL PRICE 1,,,,Ticketmaster Discovery API,2026,7,July,1,Ciudad de México,Ciudad de México,Latin,False,False
1Av8Z_eGkSsVINQ,"Harry Styles: Together, Together",https://www.ticketmaster.com.mx/harry-styles-together-together-ciudad-de-mexico-31-07-2026/event/1400642CF1D288DA,2026-07-31,21:00:00,America/Mexico_City,onsale,Harry Styles,Estadio GNP Seguros,Ciudad de México,Ciudad de México,CDMX,Mexico,MX,19.405199,-99.095618,Music,Pop,Pop,Undefined,Undefined,False,OCESA,,,,Ticketmaster Discovery API,2026,7,July,1,Ciudad de México,Ciudad de México,Pop,False,False
G5dVZ_adt85VG,Mijares Sinfónico,https://www.ticketmaster.com.mx/mijares-sinfonico-ciudad-de-mexico-31-07-2026/event/3D006490E940BD0C,2026-07-31,20:30:00,America/Mexico_City,onsale,Mijares,Auditorio Nacional,Ciudad de México,Ciudad de México,CDMX,Mexico,MX,19.424648,-99.19484,Music,Latin,Latin,Undefined,Undefined,False,OCESA,,,,Ticketmaster Discovery API,2026,7,July,1,Ciudad de México,Ciudad de México,Latin,False,False
G5dVZ_AxYwKeS,Fármacos,https://www.ticketmaster.com.mx/farmacos-col-centro-monterrey-31-07-2026/event/3D006458B0C930B3,2026-07-31,21:00:00,America/Mexico_City,onsale,Fármacos,Foro Corona Monterrey,Col. Centro Monterrey,Nuevo León,NL,Mexico,MX,25.66646204,-100.31681661,Music,Ballads/Romantic,Ballads/Romantic,Undefined,Undefined,False,MONDIAL PRICE 1,,,,Ticketmaster Discovery API,2026,7,July,1,Monterrey,Nuevo León,Ballads/Romantic,False,False
G5dVZ_1xTfMn3,"Regina Orozco presenta ""Regina Eterna""",https://www.ticketmaster.com.mx/regina-orozco-presenta-regina-eterna-mexico-31-07-2026/event/3D0064A8BF537A92,2026-07-31,20:30:00,America/Mexico_City,onsale,Regina Orozco,Teatro de la Ciudad Esperanza Iris,Mexico,Ciudad de México,CDMX,Mexico,MX,19.43669360,-99.13943750,Music,Latin,Latin,Undefined,Undefined,False,MONDIAL PRICE 1,,,,Ticketmaster Discovery API,2026,7,July,1,Ciudad de México,Ciudad de México,Latin,False,False
1Av8Z_kGkBd8P1-,CA7RIEL & Paco Amoroso,https://www.ticketmaster.com.mx/ca7riel-paco-amoroso-monterrey-31-07-2026/event/1400646E834252A1,2026-07-31,21:00:00,America/Mexico_City,onsale,CA7RIEL & Paco Amoroso,Auditorio Banamex,Monterrey,Nuevo León,NL,Mexico,MX,25.67765795,-100.28085777,Music,Latin,Latin,Undefined,Undefined,False,OCESA,,,,Ticketmaster Discovery API,2026,7,July,1,Monterrey,Nuevo León,Latin,False,False
G5dVZbwKHAgSo,Gilberto Santa Rosa,https://www.ticketmaster.com.mx/gilberto-santa-rosa-ciudad-de-mexico-01-08-2026/event/3D006324FC175CD1,2026-08-01,20:00:00,America/Mexico_City,cancelled,Gilberto Santa Rosa,Auditorio Nacional,Ciudad de México,Ciudad de México,CDMX,Mexico,MX,19.424648,-99.19484,Music,Latin,Latin,Undefined,Undefined,False,MONDIAL PRICE 1,,,,Ticketmaster Discovery API,2026,8,August,1,Ciudad de México,Ciudad de México,Latin,False,False
1Av8Z_eGkSwhIPu,"Harry Styles: Together, Together",https://www.ticketmaster.com.mx/harry-styles-together-together-ciudad-de-mexico-01-08-2026/event/1400642CF26E894D,2026-08-01,21:00:00,America/Mexico_City,onsale,Harry Styles,Estadio GNP Seguros,Ciudad de México,Ciudad de México,CDMX,Mexico,MX,19.405199,-99.095618,Music,Pop,Pop,Undefined,Undefined,False,OCESA,,,,Ticketmaster Discovery API,2026,8,August,1,Ciudad de México,Ciudad de México,Pop,False,False
G5dVZ_adcJiuC,Yuri,https://www.ticketmaster.com.mx/yuri-ciudad-de-mexico-01-08-2026/event/3D006490ED9AC34E,2026-08-01,20:00:00,America/Mexico_City,offsale,Yuri,Auditorio Nacional,Ciudad de México,Ciudad de México,CDMX,Mexico,MX,19.424648,-99.19484,Music,Pop,Pop,Undefined,Undefined,False,OCESA,,,,Ticketmaster Discovery API,2026,8,August,1,Ciudad de México,Ciudad de México,Pop,False,False
G5dVZ_F5ZDg64,Ladrones,https://www.ticketmaster.com.mx/ladrones-col-centro-monterrey-01-08-2026/event/3D006482C0EF51D5,2026-08-01,21:00:00,America/Mexico_City,onsale,Ladrones,Foro Corona Monterrey,Col. Centro Monterrey,Nuevo León,NL,Mexico,MX,25.66646204,-100.31681661,Music,Rock,Punk,Undefined,Undefined,False,MONDIAL PRICE 1,,,,Ticketmaster Discovery API,2026,8,August,1,Monterrey,Nuevo León,Rock,False,False
G5dVZ_6XZn-98,Collage,https://www.ticketmaster.com.mx/collage-mexico-01-08-2026/event/3D00647F80AA15D0,2026-08-01,21:00:00,America/Mexico_City,onsale,Collage,Foro Red Access,México,Ciudad de México,CDMX,Mexico,MX,19.35677,-99.163341,Music,Other,Other,Undefined,Undefined,False,MONDIAL PRICE 1,,,,Ticketmaster Discovery API,2026,8,August,1,Ciudad de México,Ciudad de México,Other,False,False
G5dVZ_dKZnNBk,Raúl Di Blasio - El piano de América,https://www.ticketmaster.com.mx/raul-di-blasio-el-piano-de-mexico-01-08-2026/event/3D006434C0AA3E86,2026-08-01,21:30:00,America/Mexico_City,onsale,Raul Di Blasio,La Maraka,México,Ciudad de México,CDMX,Mexico,MX,19.38651080,-99.16317750,Music,Latin,Latin,Undefined,Undefined,False,MONDIAL PRICE 1,,,,Ticketmaster Discovery API,2026,8,August,1,Ciudad de México,Ciudad de México,Latin,False,False
G5dVZ_7bAjJW_,Laura y Brenda - Amigas del corazón World Tour,https://www.ticketmaster.com.mx/laura-y-brenda-amigas-del-corazon-ciudad-de-mexico-02-08-2026/event/3D00644605726F59,2026-08-02,19:00:00,America/Mexico_City,onsale,Laura Y Brenda,Auditorio Nacional,Ciudad de México,Ciudad de México,CDMX,Mexico,MX,19.424648,-99.19484,Music,Pop,Pop,Undefined,Undefined,False,MONDIAL PRICE 1,,,,Ticketmaster Discovery API,2026,8,August,1,Ciudad de México,Ciudad de México,Pop,False,False
G5dVZ_7bkH6vl,Laura y Brenda - Amigas del corazón World Tour VIP,https://www.ticketmaster.com.mx/laura-y-brenda-amigas-del-corazon-ciudad-de-mexico-02-08-2026/event/3D00644606F0706B,2026-08-02,19:00:00,America/Mexico_City,onsale,Laura Y Brenda,Auditorio Nacional,Ciudad de México,Ciudad de México,CDMX,Mexico,MX,19.424648,-99.19484,Music,Pop,Pop,Undefined,Undefined,False,MONDIAL PRICE 1,,,,Ticketmaster Discovery API,2026,8,August,1,Ciudad de México,Ciudad de México,Pop,False,False
G5dVZ_aUKHNql,La Onda Vaselina,https://www.ticketmaster.com.mx/la-onda-vaselina-mexico-02-08-2026/event/3D00649D93F2376B,2026-08-02,13:00:00,America/Mexico_City,onsale,La Onda Vaselina,Foro Red Access,México,Ciudad de México,CDMX,Mexico,MX,19.35677,-99.163341,Music,Other,Other,Undefined,Undefined,False,MONDIAL PRICE 1,,,,Ticketmaster Discovery API,2026,8,August,1,Ciudad de México,Ciudad de México,Other,False,False
16v8Z_616G7mxV8,CA7RIEL & Paco Amoroso,https://www.ticketmaster.com.mx/ca7riel-paco-amoroso-zapopan-02-08-2026/event/1400647287BA2D10,2026-08-02,20:00:00,America/Mexico_City,onsale,CA7RIEL & Paco Amoroso,Auditorio Telmex,Zapopan,Jalisco,JAL,Mexico,MX,20.73324,-103.38112,Music,Latin,Latin,Undefined,Undefined,False,OCESA,,,,Ticketmaster Discovery API,2026,8,August,1,Zapopan,Jalisco,Latin,False,False
1Av8Z_eGkSwhIP2,"Harry Styles: Together, Together",https://www.ticketmaster.com.mx/harry-styles-together-together-ciudad-de-mexico-04-08-2026/event/1400642CF26E894F,2026-08-04,21:00:00,America/Mexico_City,onsale,Harry Styles,Estadio GNP Seguros,Ciudad de México,Ciudad de México,CDMX,Mexico,MX,19.405199,-99.095618,Music,Pop,Pop,Undefined,Undefined,False,OCESA,,,,Ticketmaster Discovery API,2026,8,August,1,Ciudad de México,Ciudad de México,Pop,False,False
1AfZkosGkdN_TKa,CA7RIEL & Paco Amoroso,https://www.ticketmaster.com.mx/ca7riel-paco-amoroso-ciudad-de-mexico-06-08-2026/event/14006471E367F4C9,2026-08-06,20:00:00,America/Mexico_City,onsale,CA7RIEL & Paco Amoroso,Palacio de los Deportes,Ciudad de México,Ciudad de México,CDMX,Mexico,MX,19.40154080,-99.09806060,Music,Latin,Latin,Undefined,Undefined,False,OCESA,,,,Ticketmaster Discovery API,2026,8,August,1,Ciudad de México,Ciudad de México,Latin,False,False
G5dVZ_FnAZota,María José,https://www.ticketmaster.com.mx/maria-jose-ciudad-de-mexico-06-08-2026/event/3D00648A85011A49,2026-08-06,20:30:00,America/Mexico_City,onsale,Maria Jose,Auditorio Nacional,Ciudad de México,Ciudad de México,CDMX,Mexico,MX,19.424648,-99.19484,Music,Latin,Latin,Undefined,Undefined,False,OCESA,,,,Ticketmaster Discovery API,2026,8,August,1,Ciudad de México,Ciudad de México,Latin,False,False
G5dVZ_AxFGooC,"Esteban Gomez González  & Vitalico ""Mi Lugar Feliz Tour""",https://www.ticketmaster.com.mx/esteban-gomez-gonzalez-vitalico-mi-lugar-col-centro-monterrey-06-08-2026/event/3D0064588831144E,2026-08-06,20:00:00,America/Mexico_City,onsale,,Foro Corona Monterrey,Col. Centro Monterrey,Nuevo León,NL,Mexico,MX,25.66646204,-100.31681661,Music,Rock,Alternative Rock,Undefined,Undefined,False,MONDIAL PRICE 1,,,,Ticketmaster Discovery API,2026,8,August,1,Monterrey,Nuevo León,Rock,False,False
1Av8Z_FGkUmqzYm,Kapo,https://www.ticketmaster.com.mx/kapo-monterrey-06-08-2026/event/1400648DAE778C2E,2026-08-06,21:00:00,America/Mexico_City,onsale,Kapo,Auditorio Banamex,Monterrey,Nuevo León,NL,Mexico,MX,25.67765795,-100.28085777,Music,Latin,Latin,Undefined,Undefined,False,MONDIAL PRICE 1,,,,Ticketmaster Discovery API,2026,8,August,1,Monterrey,Nuevo León,Latin,False,False
Z7r9jZ1A7xooS,Melanie Martinez,https://www.ticketmaster.com/event/Z7r9jZ1A7xooS,2026-08-06,21:00:00,,onsale,Melanie Martinez,Arena Monterrey,Monterrey,Nuevo Le??n,NLE,Mexico,MX,0,0,Music,Alternative,Alternative Rock,,,False,,,,,Ticketmaster Discovery API,2026,8,August,1,Monterrey,Nuevo Le??n,Alternative,False,False
1AfZkosGkd0xTjF,CA7RIEL & Paco Amoroso,https://www.ticketmaster.com.mx/ca7riel-paco-amoroso-ciudad-de-mexico-07-08-2026/event/14006471E48BF708,2026-08-07,20:00:00,America/Mexico_City,onsale,CA7RIEL & Paco Amoroso,Palacio de los Deportes,Ciudad de México,Ciudad de México,CDMX,Mexico,MX,19.40154080,-99.09806060,Music,Latin,Latin,Undefined,Undefined,False,OCESA,,,,Ticketmaster Discovery API,2026,8,August,1,Ciudad de México,Ciudad de México,Latin,False,False
1Av8Z_eGkSwhIPo,"Harry Styles: Together, Together",https://www.ticketmaster.com.mx/harry-styles-together-together-ciudad-de-mexico-07-08-2026/event/1400642CF26E8951,2026-08-07,21:00:00,America/Mexico_City,onsale,Harry Styles,Estadio GNP Seguros,Ciudad de México,Ciudad de México,CDMX,Mexico,MX,19.405199,-99.095618,Music,Pop,Pop,Undefined,Undefined,False,OCESA,,,,Ticketmaster Discovery API,2026,8,August,1,Ciudad de México,Ciudad de México,Pop,False,False
G5dVZ_1Jvkw2K,"Junior Klan, En pleno vuelo",https://www.ticketmaster.com.mx/junior-klan-en-pleno-vuelo-ciudad-de-mexico-07-08-2026/event/3D0064A9811B23D3,2026-08-07,21:00:00,America/Mexico_City,onsale,Junior Klan,El Lunario del Auditorio Nacional,Ciudad de México,Ciudad de México,CDMX,Mexico,MX,19.424682,-99.1954,Music,Latin,Latin,Undefined,Undefined,False,MONDIAL PRICE 1,,,,Ticketmaster Discovery API,2026,8,August,1,Ciudad de México,Ciudad de México,Latin,False,False
1Av8Z_FGkBj5brt,Aot The Last Concert Vol. 2,https://www.ticketmaster.com.mx/aot-the-last-concert-vol-2-mexico-07-08-2026/event/1400648E9C2D87A9,2026-08-07,20:30:00,America/Mexico_City,onsale,AOT The Last Concert,Teatro Metropolitan,México,Ciudad de México,CDMX,Mexico,MX,19.433457,-99.146811,Music,Rock,Alternative Rock,Undefined,Undefined,False,OCESA,,,,Ticketmaster Discovery API,2026,8,August,1,Ciudad de México,Ciudad de México,Rock,False,False
1Av8Z_7GkT7zMug,DPR CREAM & DPR ARTIC- [DPR CREAM & DPR ARTIC LATAM TOUR 2026],https://www.ticketmaster.com.mx/dpr-cream-dpr-artic-dpr-cream-mexico-07-08-2026/event/1400644FC4E37375,2026-08-07,21:00:00,America/Mexico_City,onsale,DPR CREAM & DPR ARTIC,Pepsi Center,México,Ciudad de México,CDMX,Mexico,MX,19.39340970,-99.17581180,Music,Pop,Electro Pop,Undefined,Undefined,False,OCESA,,,,Ticketmaster Discovery API,2026,8,August,1,Ciudad de México,Ciudad de México,Pop,False,False
G5dVZbYwM1vsp,Baja Beach Fest,https://on.fgtix.com/trk/xRUM,2026-08-07,,America/Los_Angeles,onsale,"Baja Beach Fest, Ozuna, John Summit, Ryan Castro, Manuel Turizo, Kapo, Sean Paul",Baja Beach,Rosarito,Baja California Norte,BC,Mexico,MX,32.52249900,-117.04662300,Music,Undefined,Undefined,Event Style,Festival,False,PROMOTED BY VENUE,,,,Ticketmaster Discovery API,2026,8,August,1,Rosarito,Baja California Norte,Sin clasificar,True,False
G5dVZ_6PDbOwW,Baja Beach Fest,https://on.fgtix.com/trk/xRUM,2026-08-07,12:00:00,America/Los_Angeles,onsale,"Baja Beach Fest, Anuel AA, Chencho Corleone, Omar Courtz, Edén Muñoz, Yandel",Baja Beach,Rosarito,Baja California Norte,BC,Mexico,MX,32.52249900,-117.04662300,Music,Undefined,Undefined,Event Style,Festival,False,PROMOTED BY VENUE,,,,Ticketmaster Discovery API,2026,8,August,1,Rosarito,Baja California Norte,Sin clasificar,True,False
G5dVZby15CwdQ,Charles Ans,https://www.ticketmaster.com.mx/charles-ans-ciudad-de-mexico-08-08-2026/event/3D0063928B3B20DA,2026-08-08,20:00:00,America/Mexico_City,onsale,Charles Ans,Auditorio Nacional,Ciudad de México,Ciudad de México,CDMX,Mexico,MX,19.424648,-99.19484,Music,Hip-Hop/Rap,Trap,Undefined,Undefined,False,OCESA,,,,Ticketmaster Discovery API,2026,8,August,1,Ciudad de México,Ciudad de México,Hip-Hop/Rap,False,False
1Av8Z_eGkSwhzPf,"Harry Styles: Together, Together",https://www.ticketmaster.com.mx/harry-styles-together-together-ciudad-de-mexico-08-08-2026/event/1400642CF26F8954,2026-08-08,21:00:00,America/Mexico_City,onsale,Harry Styles,Estadio GNP Seguros,Ciudad de México,Ciudad de México,CDMX,Mexico,MX,19.405199,-99.095618,Music,Pop,Pop,Undefined,Undefined,False,OCESA,,,,Ticketmaster Discovery API,2026,8,August,1,Ciudad de México,Ciudad de México,Pop,False,False
1Av8Z_FGkXPOqCi,Melanie Martinez - HADES: THE SACRIFICE,https://www.ticketmaster.com.mx/melanie-martinez-hades-the-sacrifice-ciudad-de-mexico-08-08-2026/event/1400648FA581D3AC,2026-08-08,20:00:00,America/Mexico_City,onsale,Melanie Martinez,Palacio de los Deportes,Ciudad de México,Ciudad de México,CDMX,Mexico,MX,19.40154080,-99.09806060,Music,Rock,Pop,Undefined,Undefined,False,OCESA,,,,Ticketmaster Discovery API,2026,8,August,1,Ciudad de México,Ciudad de México,Rock,False,False
G5dVZ_6X19oS0,La Calandria: Ensamble de los Grandes Vientos,https://www.ticketmaster.com.mx/la-calandria-ensamble-de-los-grandes-mexico-08-08-2026/event/3D00647F8A5D1CE4,2026-08-08,19:00:00,America/Mexico_City,onsale,La Calandria,Teatro de la Ciudad Esperanza Iris,Mexico,Ciudad de México,CDMX,Mexico,MX,19.43669360,-99.13943750,Music,Other,Other,Undefined,Undefined,False,MONDIAL PRICE 3,,,,Ticketmaster Discovery API,2026,8,August,1,Ciudad de México,Ciudad de México,Other,False,False
G5dVZ_k3qz3JS,Carnival of KISS,https://www.ticketmaster.com.mx/carnival-of-kiss-mexico-08-08-2026/event/3D0064649DE129B3,2026-08-08,21:00:00,America/Mexico_City,onsale,Carnival of KISS,Foro Red Access,México,Ciudad de México,CDMX,Mexico,MX,19.35677,-99.163341,Music,Rock,Pop,Undefined,Undefined,False,MONDIAL PRICE 1,,,,Ticketmaster Discovery API,2026,8,August,1,Ciudad de México,Ciudad de México,Rock,False,False
G5dVZ_6PDmOV4,Baja Beach Fest,https://on.fgtix.com/trk/xRUM,2026-08-08,12:00:00,America/Los_Angeles,onsale,"Baja Beach Fest, Junior H, Farruko, Jowell & Randy, Kenia Os, Nicky Jam",Baja Beach,Rosarito,Baja California Norte,BC,Mexico,MX,32.52249900,-117.04662300,Music,Undefined,Undefined,Event Style,Festival,False,PROMOTED BY VENUE,,,,Ticketmaster Discovery API,2026,8,August,1,Rosarito,Baja California Norte,Sin clasificar,True,False
1Av8Z_6GknkSNVV,BK Presenta / Averly Morillo Presencia Tour,https://www.ticketmaster.com.mx/bk-presenta-averly-morillo-presencia-tour-mexico-09-08-2026/event/1400647A86CE3D34,2026-08-09,19:30:00,America/Mexico_City,onsale,Averly Morillo,Pepsi Center,México,Ciudad de México,CDMX,Mexico,MX,19.39340970,-99.17581180,Music,Other,Other,Undefined,Undefined,False,MONDIAL PRICE 1,,,,Ticketmaster Discovery API,2026,8,August,1,Ciudad de México,Ciudad de México,Other,False,False
1Av8Z_dGkU1mJzi,"Harry Styles: Together, Together",https://www.ticketmaster.com.mx/harry-styles-together-together-ciudad-de-mexico-10-08-2026/event/1400643D8ABA6E2C,2026-08-10,21:00:00,America/Mexico_City,onsale,Harry Styles,Estadio GNP Seguros,Ciudad de México,Ciudad de México,CDMX,Mexico,MX,19.405199,-99.095618,Music,Pop,Pop,Undefined,Undefined,False,OCESA,,,,Ticketmaster Discovery API,2026,8,August,1,Ciudad de México,Ciudad de México,Pop,False,False
1kAZv0otGA2Dkr8,Arcángel,https://www.ticketmaster.com.mx/arcangel-ciudad-de-mexico-13-08-2026/event/140064469FEC6790,2026-08-13,20:00:00,America/Mexico_City,onsale,Arcángel,Palacio de los Deportes,Ciudad de México,Ciudad de México,CDMX,Mexico,MX,19.40154080,-99.09806060,Music,Hip-Hop/Rap,Reggaeton,Undefined,Undefined,False,MONDIAL PRICE 1,,,,Ticketmaster Discovery API,2026,8,August,1,Ciudad de México,Ciudad de México,Hip-Hop/Rap,False,False
1AfZkokGke-WpHs,Arcángel,https://www.ticketmaster.com.mx/arcangel-ciudad-de-mexico-14-08-2026/event/14006446A1F56F31,2026-08-14,20:00:00,America/Mexico_City,onsale,Arcángel,Palacio de los Deportes,Ciudad de México,Ciudad de México,CDMX,Mexico,MX,19.40154080,-99.09806060,Music,Hip-Hop/Rap,Reggaeton,Undefined,Undefined,False,MONDIAL PRICE 1,,,,Ticketmaster Discovery API,2026,8,August,1,Ciudad de México,Ciudad de México,Hip-Hop/Rap,False,False
G5dVZ_FRF_Pfy,Beach Weather,https://www.ticketmaster.com.mx/beach-weather-ciudad-de-mexico-14-08-2026/event/3D00648BC8665539,2026-08-14,20:30:00,America/Mexico_City,onsale,Beach Weather,El Lunario del Auditorio Nacional,Ciudad de México,Ciudad de México,CDMX,Mexico,MX,19.424682,-99.1954,Music,Pop,Electro Pop,Undefined,Undefined,False,MONDIAL PRICE 1,,,,Ticketmaster Discovery API,2026,8,August,1,Ciudad de México,Ciudad de México,Pop,False,False
G5dVZ_aB69Kr5,Los Vaguens,https://www.ticketmaster.com.mx/los-vaguens-col-centro-monterrey-14-08-2026/event/3D00649E875D378B,2026-08-14,21:00:00,America/Mexico_City,onsale,Los Vaguens,Foro Corona Monterrey,Col. Centro Monterrey,Nuevo León,NL,Mexico,MX,25.66646204,-100.31681661,Music,Rock,Alternative Rock,Undefined,Undefined,False,MONDIAL PRICE 1,,,,Ticketmaster Discovery API,2026,8,August,1,Monterrey,Nuevo León,Rock,False,False
G5dVZbUBJLpGn,Paty Cantú - Residencia,https://www.ticketmaster.com.mx/paty-cantu-residencia-mexico-14-08-2026/event/3D00636EA67D632A,2026-08-14,21:30:00,America/Mexico_City,onsale,Paty Cantu,La Maraka,México,Ciudad de México,CDMX,Mexico,MX,19.38651080,-99.16317750,Music,Ballads/Romantic,Ballads/Romantic,Undefined,Undefined,False,MONDIAL PRICE 1,,,,Ticketmaster Discovery API,2026,8,August,1,Ciudad de México,Ciudad de México,Ballads/Romantic,False,False
16v8Z_araG7WStH,Urbano Fest,https://www.ticketmaster.com.mx/urbano-fest-mexico-14-08-2026/event/1400649789F73A7C,2026-08-14,19:00:00,America/Mexico_City,onsale,"Festival Urbano, C-Kan",Pepsi Center,México,Ciudad de México,CDMX,Mexico,MX,19.39340970,-99.17581180,Music,Undefined,Undefined,Event Style,Festival,False,OCESA,,,,Ticketmaster Discovery API,2026,8,August,1,Ciudad de México,Ciudad de México,Sin clasificar,True,False
G5dVZ_7SN5EiR,Nunca Jamás,https://www.ticketmaster.com.mx/nunca-jamas-ciudad-de-mexico-15-08-2026/event/3D00644CE32E7B2F,2026-08-15,20:00:00,America/Mexico_City,onsale,,El Lunario del Auditorio Nacional,Ciudad de México,Ciudad de México,CDMX,Mexico,MX,19.424682,-99.1954,Music,Rock,Alternative Rock,Undefined,Undefined,False,OCESA,,,,Ticketmaster Discovery API,2026,8,August,1,Ciudad de México,Ciudad de México,Rock,False,False
1kAZv00IGAuOVGD,Palomazo Norteño,https://www.ticketmaster.com.mx/palomazo-norteno-ciudad-de-mexico-15-08-2026/event/140064928D83433B,2026-08-15,21:00:00,America/Mexico_City,onsale,Palomazo Norteno,Estadio GNP Seguros,Ciudad de México,Ciudad de México,CDMX,Mexico,MX,19.405199,-99.095618,Music,Latin,Latin,Undefined,Undefined,False,OCESA,,,,Ticketmaster Discovery API,2026,8,August,1,Ciudad de México,Ciudad de México,Latin,False,False
G5dVZ_FLpw0I0,Skins Party Mty,https://www.ticketmaster.com.mx/skins-party-mty-col-centro-monterrey-15-08-2026/event/3D006487D6CA4A24,2026-08-15,21:00:00,America/Mexico_City,onsale,,Foro Corona Monterrey,Col. Centro Monterrey,Nuevo León,NL,Mexico,MX,25.66646204,-100.31681661,Music,Pop,Electro Pop,Undefined,Undefined,False,MONDIAL PRICE 3,,,,Ticketmaster Discovery API,2026,8,August,1,Monterrey,Nuevo León,Pop,False,False
16fZk3FZkZAuAGAe,Dale Mixx 2026 (Banamex VIP),https://www.ticketmaster.com.mx/dale-mixx-2026-banamex-vip-monterrey-15-08-2026/event/14006488006C4B41,2026-08-15,14:00:00,America/Mexico_City,onsale,Dale MIXX,Parque Fundidora,Monterrey,Nuevo León,NL,Mexico,MX,25.67687030,-100.28999330,Music,Hip-Hop/Rap,Trap,Undefined,Undefined,False,MONDIAL PRICE 2,,,,Ticketmaster Discovery API,2026,8,August,1,Monterrey,Nuevo León,Hip-Hop/Rap,False,False
1AfZk3FGkdMeNp1,Dale Mixx 2026 (COMFORT PASS Presentado por Banamex),https://www.ticketmaster.com.mx/dale-mixx-2026-comfort-pass-presentado-monterrey-15-08-2026/event/14006488F70A358A,2026-08-15,14:00:00,America/Mexico_City,onsale,Dale MIXX,Parque Fundidora,Monterrey,Nuevo León,NL,Mexico,MX,25.67687030,-100.28999330,Music,Hip-Hop/Rap,Trap,Undefined,Undefined,False,MONDIAL PRICE 2,,,,Ticketmaster Discovery API,2026,8,August,1,Monterrey,Nuevo León,Hip-Hop/Rap,False,False
1AfZk3FGkdm-ev5,Dale Mixx 2026 (GENERAL),https://www.ticketmaster.com.mx/dale-mixx-2026-general-monterrey-15-08-2026/event/14006488EE84204B,2026-08-15,14:00:00,America/Mexico_City,onsale,Dale MIXX,Parque Fundidora,Monterrey,Nuevo León,NL,Mexico,MX,25.67687030,-100.28999330,Music,Hip-Hop/Rap,Trap,Undefined,Undefined,False,MONDIAL PRICE 2,,,,Ticketmaster Discovery API,2026,8,August,1,Monterrey,Nuevo León,Hip-Hop/Rap,False,False
G5dVZbUBIepK3,Paty Cantú - Residencia,https://www.ticketmaster.com.mx/paty-cantu-residencia-mexico-15-08-2026/event/3D00636EA80964D2,2026-08-15,21:30:00,America/Mexico_City,onsale,Paty Cantu,La Maraka,México,Ciudad de México,CDMX,Mexico,MX,19.38651080,-99.16317750,Music,Ballads/Romantic,Ballads/Romantic,Undefined,Undefined,False,MONDIAL PRICE 1,,,,Ticketmaster Discovery API,2026,8,August,1,Ciudad de México,Ciudad de México,Ballads/Romantic,False,False
17AZv0G61p5j0oI,Urbano Fest,https://www.ticketmaster.com.mx/urbano-fest-mexico-15-08-2026/event/140064A58B724468,2026-08-15,19:00:00,America/Mexico_City,onsale,"Festival Urbano, C-Kan",Pepsi Center,México,Ciudad de México,CDMX,Mexico,MX,19.39340970,-99.17581180,Music,Undefined,Undefined,Event Style,Festival,False,OCESA,,,,Ticketmaster Discovery API,2026,8,August,1,Ciudad de México,Ciudad de México,Sin clasificar,True,False
G5dVZbUXdt3Uz,ROSALÍA: LUX TOUR 2026,https://www.ticketmaster.com.mx/rosalia-lux-tour-2026-tlajomulco-de-zuniga-15-08-2026/event/3D00636F83A52DB8,2026-08-15,20:00:00,America/Mexico_City,onsale,ROSALÍA,Arena VFG,Tlajomulco de Zuñiga,Jalisco,JAL,Mexico,MX,20.467193,-103.263489,Music,Latin,Latin,Undefined,Undefined,False,OCESA,,,,Ticketmaster Discovery API,2026,8,August,1,Tlajomulco de Zuñiga,Jalisco,Latin,False,False
G5dVZ_1BTblqk,The Music of Billy Joel and Elton John starring Michael Cavanaugh,https://www.ticketmaster.com.mx/the-music-of-billy-joel-and-ciudad-de-mexico-16-08-2026/event/3D0064AEBF62B746,2026-08-16,18:00:00,America/Mexico_City,onsale,Michael Cavanaugh,Auditorio Nacional,Ciudad de México,Ciudad de México,CDMX,Mexico,MX,19.424648,-99.19484,Music,Undefined,Undefined,Group,Tribute Band,False,MONDIAL PRICE 1,,,,Ticketmaster Discovery API,2026,8,August,1,Ciudad de México,Ciudad de México,Sin clasificar,False,False
G5dVZ_de7Js_9,"Big Band Experience-Tributo a Frank Sinatra, Ray Connif y Gleen Miller",https://www.ticketmaster.com.mx/big-band-experiencetributo-a-frank-sinatra-mexico-16-08-2026/event/3D006430849B1657,2026-08-16,18:30:00,America/Mexico_City,onsale,The Big Band Experience ¨Tributo a Ray Conniff y Gleen Miller¨,La Maraka,México,Ciudad de México,CDMX,Mexico,MX,19.38651080,-99.16317750,Music,Other,Other,Undefined,Undefined,False,MONDIAL PRICE 1,,,,Ticketmaster Discovery API,2026,8,August,1,Ciudad de México,Ciudad de México,Other,False,False
G5dVZ_63XxUW7,"Segunda Gala de Concertistas de Bellas Artes, 8+. Ingreso 16:30 h.",https://www.ticketmaster.com.mx/segunda-gala-de-concertistas-de-bellas-mexico-cdmx-16-08-2026/event/3D006474BE8B6F44,2026-08-16,17:00:00,America/Mexico_City,onsale,Sala Principal Bellas Artes,Palacio de Bellas Artes,México CDMX,Ciudad de México,CDMX,Mexico,MX,19.43663020,-99.14353180,Music,Latin,Latin,Undefined,Undefined,False,MONDIAL PRICE 2,,,,Ticketmaster Discovery API,2026,8,August,1,Ciudad de México,Ciudad de México,Latin,False,False
G5dVZbUX79xyS,ROSALÍA: LUX TOUR 2026,https://www.ticketmaster.com.mx/rosalia-lux-tour-2026-tlajomulco-de-zuniga-16-08-2026/event/3D00636F845E2E73,2026-08-16,20:00:00,America/Mexico_City,onsale,ROSALÍA,Arena VFG,Tlajomulco de Zuñiga,Jalisco,JAL,Mexico,MX,20.467193,-103.263489,Music,Latin,Latin,Undefined,Undefined,False,OCESA,,,,Ticketmaster Discovery API,2026,8,August,1,Tlajomulco de Zuñiga,Jalisco,Latin,False,False
G5dVZ_knLZeVT,Sam Smith - To Be Free: Mexico City,https://www.ticketmaster.com.mx/sam-smith-to-be-free-mexico-ciudad-de-mexico-17-08-2026/event/3D00646A9F002D3F,2026-08-17,21:00:00,America/Mexico_City,onsale,Sam Smith,Auditorio Nacional,Ciudad de México,Ciudad de México,CDMX,Mexico,MX,19.424648,-99.19484,Music,Pop,Pop,Undefined,Undefined,False,OCESA,,,,Ticketmaster Discovery API,2026,8,August,1,Ciudad de México,Ciudad de México,Pop,False,False
G5dVZ_knxvdvw,Sam Smith - To Be Free: Mexico City (General de pie),https://www.ticketmaster.com.mx/sam-smith-to-be-free-mexico-ciudad-de-mexico-17-08-2026/event/3D00646AA2043072,2026-08-17,21:00:00,America/Mexico_City,onsale,Sam Smith,Auditorio Nacional,Ciudad de México,Ciudad de México,CDMX,Mexico,MX,19.424648,-99.19484,Music,Pop,Pop,Undefined,Undefined,False,OCESA,,,,Ticketmaster Discovery API,2026,8,August,1,Ciudad de México,Ciudad de México,Pop,False,False
G5dVZ_knOheD8,Sam Smith - To Be Free: Mexico City,https://www.ticketmaster.com.mx/sam-smith-to-be-free-mexico-ciudad-de-mexico-18-08-2026/event/3D00646AA06C2ED0,2026-08-18,21:00:00,America/Mexico_City,onsale,Sam Smith,Auditorio Nacional,Ciudad de México,Ciudad de México,CDMX,Mexico,MX,19.424648,-99.19484,Music,Pop,Pop,Undefined,Undefined,False,OCESA,,,,Ticketmaster Discovery API,2026,8,August,1,Ciudad de México,Ciudad de México,Pop,False,False
G5dVZ_knNpNF3,Sam Smith - To Be Free: Mexico City (General de pie),https://www.ticketmaster.com.mx/sam-smith-to-be-free-mexico-ciudad-de-mexico-18-08-2026/event/3D00646AA35A3212,2026-08-18,21:00:00,America/Mexico_City,onsale,Sam Smith,Auditorio Nacional,Ciudad de México,Ciudad de México,CDMX,Mexico,MX,19.424648,-99.19484,Music,Pop,Pop,Undefined,Undefined,False,OCESA,,,,Ticketmaster Discovery API,2026,8,August,1,Ciudad de México,Ciudad de México,Pop,False,False
G5dVZ_FLSx4Qq,Chingadazo De Kung Fu - El Fin Del Mundo Es Hoy,https://www.ticketmaster.com.mx/chingadazo-de-kung-fu-el-fin-ciudad-de-mexico-20-08-2026/event/3D006487F389569D,2026-08-20,20:30:00,America/Mexico_City,onsale,Chingadazo de Kung Fu,El Lunario del Auditorio Nacional,Ciudad de México,Ciudad de México,CDMX,Mexico,MX,19.424682,-99.1954,Music,Rock,Alternative Rock,Undefined,Undefined,False,OCESA,,,,Ticketmaster Discovery API,2026,8,August,1,Ciudad de México,Ciudad de México,Rock,False,False
G5dVZ_knOheDf,Sam Smith - To Be Free: Mexico City,https://www.ticketmaster.com.mx/sam-smith-to-be-free-mexico-ciudad-de-mexico-20-08-2026/event/3D00646AA06C2ED4,2026-08-20,21:00:00,America/Mexico_City,onsale,Sam Smith,Auditorio Nacional,Ciudad de México,Ciudad de México,CDMX,Mexico,MX,19.424648,-99.19484,Music,Pop,Pop,Undefined,Undefined,False,OCESA,,,,Ticketmaster Discovery API,2026,8,August,1,Ciudad de México,Ciudad de México,Pop,False,False
G5dVZ_knNpNFp,Sam Smith - To Be Free: Mexico City (General de pie),https://www.ticketmaster.com.mx/sam-smith-to-be-free-mexico-ciudad-de-mexico-20-08-2026/event/3D00646AA35A3216,2026-08-20,21:00:00,America/Mexico_City,onsale,Sam Smith,Auditorio Nacional,Ciudad de México,Ciudad de México,CDMX,Mexico,MX,19.424648,-99.19484,Music,Pop,Pop,Undefined,Undefined,False,OCESA,,,,Ticketmaster Discovery API,2026,8,August,1,Ciudad de México,Ciudad de México,Pop,False,False
16fZk3aPpZAukaAa,Silvia Pérez Cruz,https://www.ticketmaster.com.mx/silvia-perez-cruz-mexico-20-08-2026/event/14006489956C5848,2026-08-20,20:30:00,America/Mexico_City,onsale,Silvia Pérez Cruz,Teatro Metropolitan,México,Ciudad de México,CDMX,Mexico,MX,19.433457,-99.146811,Music,World,World,Undefined,Undefined,False,OCESA,,,,Ticketmaster Discovery API,2026,8,August,1,Ciudad de México,Ciudad de México,World,False,False
G5dVZ_knOh3Db,Sam Smith - To Be Free: Mexico City,https://www.ticketmaster.com.mx/sam-smith-to-be-free-mexico-ciudad-de-mexico-21-08-2026/event/3D00646AA06D2ED8,2026-08-21,21:00:00,America/Mexico_City,onsale,Sam Smith,Auditorio Nacional,Ciudad de México,Ciudad de México,CDMX,Mexico,MX,19.424648,-99.19484,Music,Pop,Pop,Undefined,Undefined,False,OCESA,,,,Ticketmaster Discovery API,2026,8,August,1,Ciudad de México,Ciudad de México,Pop,False,False
G5dVZ_knN9dFx,Sam Smith - To Be Free: Mexico City (General de pie),https://www.ticketmaster.com.mx/sam-smith-to-be-free-mexico-ciudad-de-mexico-21-08-2026/event/3D00646AA35C3222,2026-08-21,21:00:00,America/Mexico_City,onsale,Sam Smith,Auditorio Nacional,Ciudad de México,Ciudad de México,CDMX,Mexico,MX,19.424648,-99.19484,Music,Pop,Pop,Undefined,Undefined,False,OCESA,,,,Ticketmaster Discovery API,2026,8,August,1,Ciudad de México,Ciudad de México,Pop,False,False
G5dVZ_dkqde2q,No Te Va Gustar,https://www.ticketmaster.com.mx/no-te-va-gustar-zapopan-21-08-2026/event/3D0064319D0C23DD,2026-08-21,21:00:00,America/Mexico_City,onsale,No Te Va Gustar,Teatro Estudio Cavaret,Zapopan,Jalisco,JAL,Mexico,MX,20.736739,-103.378417,Music,Latin,Latin,Undefined,Undefined,False,OCESA,,,,Ticketmaster Discovery API,2026,8,August,1,Zapopan,Jalisco,Latin,False,False
1AfZk39GkezHQId,Urbano Fest,https://www.ticketmaster.com.mx/urbano-fest-zapopan-21-08-2026/event/14006497B8F1AA03,2026-08-21,19:00:00,America/Mexico_City,onsale,Festival Urbano,Auditorio Telmex,Zapopan,Jalisco,JAL,Mexico,MX,20.73324,-103.38112,Music,Undefined,Undefined,Event Style,Festival,False,OCESA,,,,Ticketmaster Discovery API,2026,8,August,1,Zapopan,Jalisco,Sin clasificar,True,False
1AfZko6Gkd-SlKl,Anyma,https://www.ticketmaster.com.mx/anyma-ciudad-de-mexico-22-08-2026/event/14006447E1CEB4EB,2026-08-22,21:00:00,America/Mexico_City,onsale,Anyma,Estadio GNP Seguros,Ciudad de México,Ciudad de México,CDMX,Mexico,MX,19.405199,-99.095618,Music,Pop,Electro Pop,Undefined,Undefined,False,OCESA,,,,Ticketmaster Discovery API,2026,8,August,1,Ciudad de México,Ciudad de México,Pop,False,False
G5dVZ_kpkxvff,Nxrcisistxs XX Años Abono Incluye 2 días,https://www.ticketmaster.com.mx/nxrcisistxs-xx-anos-abono-incluye-2-ciudad-de-mexico-22-08-2026/event/3D00646586881514,2026-08-22,,America/Mexico_City,onsale,Nxrcisistxs,El Lunario del Auditorio Nacional,Ciudad de México,Ciudad de México,CDMX,Mexico,MX,19.424682,-99.1954,Music,Undefined,Undefined,Group,Tribute Band,False,MONDIAL PRICE 1,,,,Ticketmaster Discovery API,2026,8,August,1,Ciudad de México,Ciudad de México,Sin clasificar,False,False
G5dVZ_kKILEe0,Nxrcisistxs XX Años Dementes 1,https://www.ticketmaster.com.mx/nxrcisistxs-xx-anos-dementes-1-ciudad-de-mexico-22-08-2026/event/3D006464E87E70A4,2026-08-22,20:00:00,America/Mexico_City,onsale,Nxrcisistxs,El Lunario del Auditorio Nacional,Ciudad de México,Ciudad de México,CDMX,Mexico,MX,19.424682,-99.1954,Music,Undefined,Undefined,Group,Tribute Band,False,MONDIAL PRICE 1,,,,Ticketmaster Discovery API,2026,8,August,1,Ciudad de México,Ciudad de México,Sin clasificar,False,False
1Av8ZbzGkm76Em5,ROSALÍA: LUX TOUR 2026,https://www.ticketmaster.com.mx/rosalia-lux-tour-2026-ciudad-de-mexico-22-08-2026/event/1400638B841E7B8B,2026-08-22,20:00:00,America/Mexico_City,onsale,ROSALÍA,Palacio de los Deportes,Ciudad de México,Ciudad de México,CDMX,Mexico,MX,19.40154080,-99.09806060,Music,Latin,Latin,Undefined,Undefined,False,OCESA,,,,Ticketmaster Discovery API,2026,8,August,1,Ciudad de México,Ciudad de México,Latin,False,False
1AfZk3vGkeceJVp,KABAH 30TH Aniversario La Calle de las Sirenas,https://www.ticketmaster.com.mx/kabah-30th-aniversario-la-calle-de-monterrey-22-08-2026/event/14006481AD0A6D16,2026-08-22,21:00:00,America/Mexico_City,onsale,Kabah,Escenario GNP Seguros,Monterrey,Nuevo León,NL,Mexico,MX,25.666135,-100.316726,Music,Rock,Pop,Undefined,Undefined,False,MONDIAL PRICE 1,,,,Ticketmaster Discovery API,2026,8,August,1,Monterrey,Nuevo León,Rock,False,False
G5dVZ_amdZ8gC,TrendLine,https://www.ticketmaster.com.mx/trendline-mexico-22-08-2026/event/3D00649B83010D4E,2026-08-22,21:00:00,America/Mexico_City,onsale,TrendLine,Foro Red Access,México,Ciudad de México,CDMX,Mexico,MX,19.35677,-99.163341,Music,Ballads/Romantic,Ballads/Romantic,Undefined,Undefined,False,MONDIAL PRICE 1,,,,Ticketmaster Discovery API,2026,8,August,1,Ciudad de México,Ciudad de México,Ballads/Romantic,False,False
G5dVZ_FRbXp7Z,Universo Romántico: Los Terricolas,https://www.ticketmaster.com.mx/universo-romantico-los-terricolas-mexico-22-08-2026/event/3D00648BD8F96100,2026-08-22,21:30:00,America/Mexico_City,onsale,,La Maraka,México,Ciudad de México,CDMX,Mexico,MX,19.38651080,-99.16317750,Music,Ballads/Romantic,Ballads/Romantic,Undefined,Undefined,False,MONDIAL PRICE 1,,,,Ticketmaster Discovery API,2026,8,August,1,Ciudad de México,Ciudad de México,Ballads/Romantic,False,False
17AZv0G61Lq_NUO,Kapo,https://www.ticketmaster.com.mx/kapo-zapopan-22-08-2026/event/140064A7DD663DA0,2026-08-22,21:00:00,America/Mexico_City,onsale,Kapo,Auditorio Telmex,Zapopan,Jalisco,JAL,Mexico,MX,20.73324,-103.38112,Music,Latin,Latin,Undefined,Undefined,False,MONDIAL PRICE 1,,,,Ticketmaster Discovery API,2026,8,August,1,Zapopan,Jalisco,Latin,False,False
G5dVZ_k3oSsrh,Nxrcisistxs XX Años Dementes 2,https://www.ticketmaster.com.mx/nxrcisistxs-xx-anos-dementes-2-ciudad-de-mexico-23-08-2026/event/3D00646491CF179B,2026-08-23,18:00:00,America/Mexico_City,onsale,Nxrcisistxs,El Lunario del Auditorio Nacional,Ciudad de México,Ciudad de México,CDMX,Mexico,MX,19.424682,-99.1954,Music,Undefined,Undefined,Group,Tribute Band,False,MONDIAL PRICE 1,,,,Ticketmaster Discovery API,2026,8,August,1,Ciudad de México,Ciudad de México,Sin clasificar,False,False
G5dVZ_FXdsoVz,Sarai Rivera - Inquebrantable Tour,https://www.ticketmaster.com.mx/sarai-rivera-inquebrantable-tour-guadalajara-23-08-2026/event/3D00648F83C51D38,2026-08-23,18:00:00,America/Mexico_City,onsale,Sarai Rivera,Teatro Diana (GDL),Guadalajara,Jalisco,JAL,Mexico,MX,20.665434,-103.349341,Music,Religious,Gospel,Undefined,Undefined,False,MONDIAL PRICE 1,,,,Ticketmaster Discovery API,2026,8,August,1,Guadalajara,Jalisco,Religious,False,False
1Av8Z_7GkwcctHP,Arcángel,https://www.ticketmaster.com.mx/arcangel-zapopan-23-08-2026/event/1400644CADB69F25,2026-08-23,20:00:00,America/Mexico_City,onsale,Arcángel,Auditorio Telmex,Zapopan,Jalisco,JAL,Mexico,MX,20.73324,-103.38112,Music,Hip-Hop/Rap,Reggaeton,Undefined,Undefined,False,OCESA,,,,Ticketmaster Discovery API,2026,8,August,1,Zapopan,Jalisco,Hip-Hop/Rap,False,False
1Av8ZbUGkMDII9Z,ROSALÍA: LUX TOUR 2026,https://www.ticketmaster.com.mx/rosalia-lux-tour-2026-ciudad-de-mexico-24-08-2026/event/1400636DFBA285C0,2026-08-24,20:00:00,America/Mexico_City,onsale,ROSALÍA,Palacio de los Deportes,Ciudad de México,Ciudad de México,CDMX,Mexico,MX,19.40154080,-99.09806060,Music,Latin,Latin,Undefined,Undefined,False,OCESA,,,,Ticketmaster Discovery API,2026,8,August,1,Ciudad de México,Ciudad de México,Latin,False,False
G5dVZbMpkExWS,Espinoza Paz,https://www.ticketmaster.com.mx/espinoza-paz-ciudad-de-mexico-26-08-2026/event/3D006375869E2F73,2026-08-26,20:00:00,America/Mexico_City,onsale,Espinoza Paz,Auditorio Nacional,Ciudad de México,Ciudad de México,CDMX,Mexico,MX,19.424648,-99.19484,Music,Latin,Latin,Undefined,Undefined,False,MONDIAL PRICE 1,,,,Ticketmaster Discovery API,2026,8,August,1,Ciudad de México,Ciudad de México,Latin,False,False
1Av8ZbUGkMWia6I,ROSALÍA: LUX TOUR 2026,https://www.ticketmaster.com.mx/rosalia-lux-tour-2026-ciudad-de-mexico-26-08-2026/event/1400636DFDB091E8,2026-08-26,20:00:00,America/Mexico_City,onsale,ROSALÍA,Palacio de los Deportes,Ciudad de México,Ciudad de México,CDMX,Mexico,MX,19.40154080,-99.09806060,Music,Latin,Latin,Undefined,Undefined,False,OCESA,,,,Ticketmaster Discovery API,2026,8,August,1,Ciudad de México,Ciudad de México,Latin,False,False
G5dVZbs13u-S4,Victor García Mi Regreso Tour,https://www.ticketmaster.com.mx/victor-garcia-mi-regreso-tour-ciudad-de-mexico-27-08-2026/event/3D00631292361CD5,2026-08-27,20:30:00,America/Mexico_City,onsale,Victor Garcia,Auditorio Nacional,Ciudad de México,Ciudad de México,CDMX,Mexico,MX,19.424648,-99.19484,Music,Latin,Latin,Undefined,Undefined,False,MONDIAL PRICE 1,,,,Ticketmaster Discovery API,2026,8,August,1,Ciudad de México,Ciudad de México,Latin,False,False
1Av8Z_6GkXLy42R,Nanpa Básico,https://www.ticketmaster.com.mx/nanpa-basico-zapopan-27-08-2026/event/1400647F9FE553EF,2026-08-27,21:00:00,America/Mexico_City,onsale,Nanpa Básico,Auditorio Telmex,Zapopan,Jalisco,JAL,Mexico,MX,20.73324,-103.38112,Music,Hip-Hop/Rap,Trap,Undefined,Undefined,False,OCESA,,,,Ticketmaster Discovery API,2026,8,August,1,Zapopan,Jalisco,Hip-Hop/Rap,False,False
1Av8ZbUGkMWi_6n,ROSALÍA: LUX TOUR 2026,https://www.ticketmaster.com.mx/rosalia-lux-tour-2026-ciudad-de-mexico-28-08-2026/event/1400636DFDB191EA,2026-08-28,20:00:00,America/Mexico_City,onsale,ROSALÍA,Palacio de los Deportes,Ciudad de México,Ciudad de México,CDMX,Mexico,MX,19.40154080,-99.09806060,Music,Latin,Latin,Undefined,Undefined,False,OCESA,,,,Ticketmaster Discovery API,2026,8,August,1,Ciudad de México,Ciudad de México,Latin,False,False
G5dVZbzEGJUq8,Laureano Brizuela,https://www.ticketmaster.com.mx/laureano-brizuela-mexico-28-08-2026/event/3D006389CC9B6750,2026-08-28,21:30:00,America/Mexico_City,onsale,Laureano Brizuela,La Maraka,México,Ciudad de México,CDMX,Mexico,MX,19.38651080,-99.16317750,Music,Rock,Alternative Rock,Undefined,Undefined,False,MONDIAL PRICE 1,,,,Ticketmaster Discovery API,2026,8,August,1,Ciudad de México,Ciudad de México,Rock,False,False
1Av8Z_7GkSHpbRJ,Cristian Castro,https://www.ticketmaster.com.mx/cristian-castro-zapopan-28-08-2026/event/1400644CFC598BE6,2026-08-28,21:00:00,America/Mexico_City,onsale,Cristian Castro,Auditorio Telmex,Zapopan,Jalisco,JAL,Mexico,MX,20.73324,-103.38112,Music,Latin,Latin,Undefined,Undefined,False,MONDIAL PRICE 1,,,,Ticketmaster Discovery API,2026,8,August,1,Zapopan,Jalisco,Latin,False,False
16v8Z_FxbG7yPia,Enjambre,https://www.ticketmaster.com.mx/enjambre-ciudad-de-mexico-29-08-2026/event/1400648898E65B09,2026-08-29,21:00:00,America/Mexico_City,onsale,Enjambre,Estadio GNP Seguros,Ciudad de México,Ciudad de México,CDMX,Mexico,MX,19.405199,-99.095618,Music,Latin,Latin,Undefined,Undefined,False,OCESA,,,,Ticketmaster Discovery API,2026,8,August,1,Ciudad de México,Ciudad de México,Latin,False,False
1Av8ZbUGkMWit6U,ROSALÍA: LUX TOUR 2026,https://www.ticketmaster.com.mx/rosalia-lux-tour-2026-ciudad-de-mexico-29-08-2026/event/1400636DFDB291F6,2026-08-29,20:00:00,America/Mexico_City,onsale,ROSALÍA,Palacio de los Deportes,Ciudad de México,Ciudad de México,CDMX,Mexico,MX,19.40154080,-99.09806060,Music,Latin,Latin,Undefined,Undefined,False,OCESA,,,,Ticketmaster Discovery API,2026,8,August,1,Ciudad de México,Ciudad de México,Latin,False,False
G5dVZ_6wo8wI5,Alter Una Noche Más,https://www.ticketmaster.com.mx/alter-una-noche-mas-col-centro-monterrey-29-08-2026/event/3D00647C91432A0B,2026-08-29,21:00:00,America/Mexico_City,onsale,,Foro Corona Monterrey,Col. Centro Monterrey,Nuevo León,NL,Mexico,MX,25.66646204,-100.31681661,Music,Rock,Alternative Rock,Undefined,Undefined,False,MONDIAL PRICE 1,,,,Ticketmaster Discovery API,2026,8,August,1,Monterrey,Nuevo León,Rock,False,False
1Av8Z_kGkBIGCe9,Mijares Sinfónico,https://www.ticketmaster.com.mx/mijares-sinfonico-monterrey-29-08-2026/event/1400646EA830E097,2026-08-29,21:00:00,America/Mexico_City,onsale,Mijares,Escenario GNP Seguros,Monterrey,Nuevo León,NL,Mexico,MX,25.666135,-100.316726,Music,Latin,Latin,Undefined,Undefined,False,MONDIAL PRICE 1,,,,Ticketmaster Discovery API,2026,8,August,1,Monterrey,Nuevo León,Latin,False,False
1Av8Z_6GknVK54z,Nanpa Básico,https://www.ticketmaster.com.mx/nanpa-basico-monterrey-29-08-2026/event/1400647AB44CB578,2026-08-29,21:00:00,America/Mexico_City,onsale,Nanpa Básico,Auditorio Banamex,Monterrey,Nuevo León,NL,Mexico,MX,25.67765795,-100.28085777,Music,Hip-Hop/Rap,Trap,Undefined,Undefined,False,OCESA,,,,Ticketmaster Discovery API,2026,8,August,1,Monterrey,Nuevo León,Hip-Hop/Rap,False,False
1kAZv0qbGACdK6T,Ladrones,https://www.ticketmaster.com.mx/ladrones-mexico-29-08-2026/event/140064758E0D31FF,2026-08-29,20:30:00,America/Mexico_City,onsale,Ladrones,Pabellón del Palacio de los Deportes,México,Ciudad de México,CDMX,Mexico,MX,19.40154080,-99.09806060,Music,Rock,Punk,Undefined,Undefined,False,OCESA,,,,Ticketmaster Discovery API,2026,8,August,1,Ciudad de México,Ciudad de México,Rock,False,False
1afZk8YOzjtZeG5,No Te Va Gustar,https://www.ticketmaster.com.mx/no-te-va-gustar-mexico-29-08-2026/event/14006430838729BA,2026-08-29,20:30:00,America/Mexico_City,onsale,No Te Va Gustar,Pepsi Center,México,Ciudad de México,CDMX,Mexico,MX,19.39340970,-99.17581180,Music,Latin,Latin,Undefined,Undefined,False,OCESA,,,,Ticketmaster Discovery API,2026,8,August,1,Ciudad de México,Ciudad de México,Latin,False,False
1Av8Z_dGkw9ozeZ,Paloma Morphy,https://www.ticketmaster.com.mx/paloma-morphy-mexico-29-08-2026/event/1400643C97478080,2026-08-29,20:30:00,America/Mexico_City,onsale,Paloma Morphy,Auditorio BB,México,Ciudad de México,CDMX,Mexico,MX,19.40806960,-99.16787720,Music,Pop,Pop,Undefined,Undefined,False,OCESA,,,,Ticketmaster Discovery API,2026,8,August,1,Ciudad de México,Ciudad de México,Pop,False,False
1Av8Z_7GkSxH02O,Sr. Bikini,https://www.ticketmaster.com.mx/sr-bikini-mexico-29-08-2026/event/1400644CE2F243E0,2026-08-29,20:00:00,America/Mexico_City,onsale,Sr. Bikini,Teatro Metropolitan,México,Ciudad de México,CDMX,Mexico,MX,19.433457,-99.146811,Music,Rock,Pop,Undefined,Undefined,False,OCESA,,,,Ticketmaster Discovery API,2026,8,August,1,Ciudad de México,Ciudad de México,Rock,False,False
1Av8Z_7GkSWEIXN,Cristian Castro,https://www.ticketmaster.com.mx/cristian-castro-zapopan-29-08-2026/event/1400644CFD9E8FA3,2026-08-29,21:00:00,America/Mexico_City,onsale,Cristian Castro,Auditorio Telmex,Zapopan,Jalisco,JAL,Mexico,MX,20.73324,-103.38112,Music,Latin,Latin,Undefined,Undefined,False,MONDIAL PRICE 1,,,,Ticketmaster Discovery API,2026,8,August,1,Zapopan,Jalisco,Latin,False,False
1AfZk3oGkdBdI3E,Enjambre,https://www.ticketmaster.com.mx/enjambre-ciudad-de-mexico-30-08-2026/event/14006491FA0E84A7,2026-08-30,20:00:00,America/Mexico_City,onsale,Enjambre,Estadio GNP Seguros,Ciudad de México,Ciudad de México,CDMX,Mexico,MX,19.405199,-99.095618,Music,Latin,Latin,Undefined,Undefined,False,OCESA,,,,Ticketmaster Discovery API,2026,8,August,1,Ciudad de México,Ciudad de México,Latin,False,False
G5dVZ_aMqNHBB,Fey,https://www.ticketmaster.com.mx/fey-ciudad-de-mexico-30-08-2026/event/3D00649DDD8FCEBA,2026-08-30,18:00:00,America/Mexico_City,onsale,Fey,Auditorio Nacional,Ciudad de México,Ciudad de México,CDMX,Mexico,MX,19.424648,-99.19484,Music,Latin,Latin,Undefined,Undefined,False,MONDIAL PRICE 1,,,,Ticketmaster Discovery API,2026,8,August,1,Ciudad de México,Ciudad de México,Latin,False,False
1Av8Z_6Gkmd77Vr,Nanpa Básico,https://www.ticketmaster.com.mx/nanpa-basico-ciudad-de-mexico-30-08-2026/event/1400647B83104D1E,2026-08-30,19:00:00,America/Mexico_City,onsale,Nanpa Básico,Palacio de los Deportes,Ciudad de México,Ciudad de México,CDMX,Mexico,MX,19.40154080,-99.09806060,Music,Hip-Hop/Rap,Trap,Undefined,Undefined,False,OCESA,,,,Ticketmaster Discovery API,2026,8,August,1,Ciudad de México,Ciudad de México,Hip-Hop/Rap,False,False
1Av8Z_6Gkwqe9qg,Sarai Rivera Inquebrantable Tour,https://www.ticketmaster.com.mx/sarai-rivera-inquebrantable-tour-monterrey-30-08-2026/event/1400647C9D097775,2026-08-30,18:00:00,America/Mexico_City,onsale,Sarai Rivera,Escenario GNP Seguros,Monterrey,Nuevo León,NL,Mexico,MX,25.666135,-100.316726,Music,Religious,Gospel,Undefined,Undefined,False,MONDIAL PRICE 1,,,,Ticketmaster Discovery API,2026,8,August,1,Monterrey,Nuevo León,Religious,False,False
1Av8Z_eGkBcKkaA,Dragon Ball Live Symphonic,https://www.ticketmaster.com.mx/dragon-ball-live-symphonic-zapopan-30-08-2026/event/1400642EAD4C6245,2026-08-30,19:00:00,America/Mexico_City,onsale,Dragon Ball Live Symphonic,Auditorio Telmex,Zapopan,Jalisco,JAL,Mexico,MX,20.73324,-103.38112,Music,Classical,Classical/Vocal,Undefined,Undefined,False,MONDIAL PRICE 1,,,,Ticketmaster Discovery API,2026,8,August,1,Zapopan,Jalisco,Classical,False,False
G5dVZ_a1GfeEJ,Helloween 40 Years Anniversary Tour,https://www.ticketmaster.com.mx/helloween-40-years-anniversary-tour-guadalajara-31-08-2026/event/3D0064928C5029E6,2026-08-31,21:00:00,America/Mexico_City,onsale,Helloween,Teatro Diana (GDL),Guadalajara,Jalisco,JAL,Mexico,MX,20.665434,-103.349341,Music,Metal,Nu-Metal,Undefined,Undefined,False,MONDIAL PRICE 1,,,,Ticketmaster Discovery API,2026,8,August,1,Guadalajara,Jalisco,Metal,False,False
G5dVZbzmaroTv,Mario Aguilar: 10 Aniversario,https://www.ticketmaster.com.mx/mario-aguilar-10-aniversario-ciudad-de-mexico-01-09-2026/event/3D00638B89791FC1,2026-09-01,20:30:00,America/Mexico_City,onsale,Mario Aguilar,Auditorio Nacional,Ciudad de México,Ciudad de México,CDMX,Mexico,MX,19.424648,-99.19484,Music,Other,Other,Undefined,Undefined,False,MONDIAL PRICE 1,,,,Ticketmaster Discovery API,2026,9,September,1,Ciudad de México,Ciudad de México,Other,False,False
1Av8ZbzGkwOGq6T,Siddhartha,https://www.ticketmaster.com.mx/siddhartha-ciudad-de-mexico-03-09-2026/event/1400638CA031D1FF,2026-09-03,20:00:00,America/Mexico_City,onsale,Siddhartha,Palacio de los Deportes,Ciudad de México,Ciudad de México,CDMX,Mexico,MX,19.40154080,-99.09806060,Music,Rock,Alternative Rock,Undefined,Undefined,False,OCESA,,,,Ticketmaster Discovery API,2026,9,September,1,Ciudad de México,Ciudad de México,Rock,False,False
17AZv0G61QUIGI9,"Yuridia, Las Cartas Sobre La Mesa Tour",https://www.ticketmaster.com.mx/yuridia-las-cartas-sobre-la-mesa-ciudad-de-mexico-03-09-2026/event/140064A6B6A0CA17,2026-09-03,21:00:00,America/Mexico_City,onsale,Yuridia,Estadio GNP Seguros,Ciudad de México,Ciudad de México,CDMX,Mexico,MX,19.405199,-99.095618,Music,Latin,Latin,Undefined,Undefined,False,OCESA,,,,Ticketmaster Discovery API,2026,9,September,1,Ciudad de México,Ciudad de México,Latin,False,False
G5dVZ_FEL66p3,La Santa Cecilia,https://www.ticketmaster.com.mx/la-santa-cecilia-col-centro-monterrey-03-09-2026/event/3D006489DF1C7592,2026-09-03,21:00:00,America/Mexico_City,onsale,La Santa Cecilia,Foro Corona Monterrey,Col. Centro Monterrey,Nuevo León,NL,Mexico,MX,25.66646204,-100.31681661,Music,Latin,Latin,Undefined,Undefined,False,MONDIAL PRICE 1,,,,Ticketmaster Discovery API,2026,9,September,1,Monterrey,Nuevo León,Latin,False,False
1Av8Z_AGkmkx4Zt,Iván Ferreiro,https://www.ticketmaster.com.mx/ivan-ferreiro-mexico-03-09-2026/event/1400645B86895029,2026-09-03,20:30:00,America/Mexico_City,onsale,Iván Ferreiro,Teatro Metropolitan,México,Ciudad de México,CDMX,Mexico,MX,19.433457,-99.146811,Music,Rock,Pop,Undefined,Undefined,False,OCESA,,,,Ticketmaster Discovery API,2026,9,September,1,Ciudad de México,Ciudad de México,Rock,False,False
1AfZkCaGkd8Xqx4,Siddhartha,https://www.ticketmaster.com.mx/siddhartha-ciudad-de-mexico-04-09-2026/event/14006389D0F9D895,2026-09-04,20:00:00,America/Mexico_City,onsale,Siddhartha,Palacio de los Deportes,Ciudad de México,Ciudad de México,CDMX,Mexico,MX,19.40154080,-99.09806060,Music,Rock,Alternative Rock,Undefined,Undefined,False,OCESA,,,,Ticketmaster Discovery API,2026,9,September,1,Ciudad de México,Ciudad de México,Rock,False,False
1AfZk39GkdJ_xhE,"Yuridia, Las Cartas Sobre La Mesa Tour",https://www.ticketmaster.com.mx/yuridia-las-cartas-sobre-la-mesa-ciudad-de-mexico-04-09-2026/event/14006497E66626E7,2026-09-04,21:00:00,America/Mexico_City,onsale,Yuridia,Estadio GNP Seguros,Ciudad de México,Ciudad de México,CDMX,Mexico,MX,19.405199,-99.095618,Music,Latin,Latin,Undefined,Undefined,False,OCESA,,,,Ticketmaster Discovery API,2026,9,September,1,Ciudad de México,Ciudad de México,Latin,False,False
G5dVZ_aDNlrwB,Paloma Morphy,https://www.ticketmaster.com.mx/paloma-morphy-col-centro-monterrey-04-09-2026/event/3D00649EE3ADECBA,2026-09-04,21:00:00,America/Mexico_City,onsale,Paloma Morphy,Foro Corona Monterrey,Col. Centro Monterrey,Nuevo León,NL,Mexico,MX,25.66646204,-100.31681661,Music,Pop,Pop,Undefined,Undefined,False,MONDIAL PRICE 1,,,,Ticketmaster Discovery API,2026,9,September,1,Monterrey,Nuevo León,Pop,False,False
G5dVZ_1wnJb7x,Alberto Barros,https://www.ticketmaster.com.mx/alberto-barros-guadalajara-04-09-2026/event/3D0064ACAA998122,2026-09-04,21:00:00,America/Mexico_City,onsale,Alberto Barros,Teatro Diana (GDL),Guadalajara,Jalisco,JAL,Mexico,MX,20.665434,-103.349341,Music,Latin,Latin,Undefined,Undefined,False,MONDIAL PRICE 1,,,,Ticketmaster Discovery API,2026,9,September,1,Guadalajara,Jalisco,Latin,False,False
G5dVZ_ACqbxs9,Alexander Acha,https://www.ticketmaster.com.mx/alexander-acha-mexico-04-09-2026/event/3D0064539D622C57,2026-09-04,21:30:00,America/Mexico_City,onsale,Alexander Acha,La Maraka,México,Ciudad de México,CDMX,Mexico,MX,19.38651080,-99.16317750,Music,Pop,Pop,Undefined,Undefined,False,MONDIAL PRICE 1,,,,Ticketmaster Discovery API,2026,9,September,1,Ciudad de México,Ciudad de México,Pop,False,False
16v8Z_axAG7sdbQ,David Byrne - Who is the Sky Tour  ,https://www.ticketmaster.com.mx/david-byrne-who-is-the-sky-mexico-04-09-2026/event/1400649885C4361A,2026-09-04,21:00:00,America/Mexico_City,onsale,David Byrne,Teatro Metropolitan,México,Ciudad de México,CDMX,Mexico,MX,19.433457,-99.146811,Music,Rock,Alternative Rock,Undefined,Undefined,False,OCESA,,,,Ticketmaster Discovery API,2026,9,September,1,Ciudad de México,Ciudad de México,Rock,False,False
G5dVZ_1QQ7fEe,Gustavo Lara Aliento Con Aliento,https://www.ticketmaster.com.mx/gustavo-lara-aliento-con-aliento-ciudad-de-mexico-05-09-2026/event/3D0064A69A1149C2,2026-09-05,21:30:00,America/Mexico_City,onsale,Gustavo Lara,Foro Stelaris Fiesta Americana Reforma,Ciudad de México,Ciudad de México,CDMX,Mexico,MX,19.43219600,-99.15473940,Music,Latin,Latin,Undefined,Undefined,False,MONDIAL PRICE 1,,,,Ticketmaster Discovery API,2026,9,September,1,Ciudad de México,Ciudad de México,Latin,False,False
G5dVZ_Am6tvUd,Pedro Fernández,https://www.ticketmaster.com.mx/pedro-fernandez-ciudad-de-mexico-05-09-2026/event/3D00645B87A41D83,2026-09-05,20:00:00,America/Mexico_City,onsale,Pedro Fernández,Auditorio Nacional,Ciudad de México,Ciudad de México,CDMX,Mexico,MX,19.424648,-99.19484,Music,Latin,Latin,Undefined,Undefined,False,MONDIAL PRICE 1,,,,Ticketmaster Discovery API,2026,9,September,1,Ciudad de México,Ciudad de México,Latin,False,False
G5dVZ_AkFio8M,Millonario,https://www.ticketmaster.com.mx/millonario-col-centro-monterrey-05-09-2026/event/3D00645188B11437,2026-09-05,21:00:00,America/Mexico_City,onsale,Millonario,Foro Corona Monterrey,Col. Centro Monterrey,Nuevo León,NL,Mexico,MX,25.66646204,-100.31681661,Music,Hip-Hop/Rap,Trap,Undefined,Undefined,False,MONDIAL PRICE 1,,,,Ticketmaster Discovery API,2026,9,September,1,Monterrey,Nuevo León,Hip-Hop/Rap,False,False
G5dVZ_klXwb1o,Aleks Syntek 35 aniversario,https://www.ticketmaster.com.mx/aleks-syntek-35-aniversario-guadalajara-05-09-2026/event/3D00646AFEC98291,2026-09-05,21:00:00,America/Mexico_City,onsale,Aleks Syntek,Teatro Diana (GDL),Guadalajara,Jalisco,JAL,Mexico,MX,20.665434,-103.349341,Music,Latin,Latin,Undefined,Undefined,False,MONDIAL PRICE 1,,,,Ticketmaster Discovery API,2026,9,September,1,Guadalajara,Jalisco,Latin,False,False
G5dVZ_expl-Oc,Alexa Tarantino Quartet,https://www.ticketmaster.com.mx/alexa-tarantino-quartet-mexico-05-09-2026/event/3D00642896AE182D,2026-09-05,19:30:00,America/Mexico_City,onsale,,Teatro de la Ciudad Esperanza Iris,Mexico,Ciudad de México,CDMX,Mexico,MX,19.43669360,-99.13943750,Music,Jazz,Jazz,Undefined,Undefined,False,MONDIAL PRICE 1,,,,Ticketmaster Discovery API,2026,9,September,1,Ciudad de México,Ciudad de México,Jazz,False,False
1kAZv08bGAupK31,Dragon Ball Live Symphonic,https://www.ticketmaster.com.mx/dragon-ball-live-symphonic-monterrey-05-09-2026/event/140064418D59348A,2026-09-05,20:00:00,America/Mexico_City,onsale,Dragon Ball Live Symphonic,Escenario GNP Seguros,Monterrey,Nuevo León,NL,Mexico,MX,25.666135,-100.316726,Music,Classical,Classical/Vocal,Undefined,Undefined,False,MONDIAL PRICE 1,,,,Ticketmaster Discovery API,2026,9,September,1,Monterrey,Nuevo León,Classical,False,False
1AfZk3_Gkdq_iZ-,Abono Comfort Arre Pepsi Black 2026,https://www.ticketmaster.com.mx/abono-comfort-arre-pepsi-black-2026-mexico-05-09-2026/event/14006499DD66C021,2026-09-05,,America/Mexico_City,onsale,Festival Arre,Autodromo Hnos. Rodriguez,México,Ciudad de México,CDMX,Mexico,MX,19.402829,-99.089247,Music,Undefined,Undefined,Event Style,Festival,False,OCESA,,,,Ticketmaster Discovery API,2026,9,September,1,Ciudad de México,Ciudad de México,Sin clasificar,True,False
1AfZk3_GkdQ3lnJ,Abono General Arre Pepsi Black 2026,https://www.ticketmaster.com.mx/abono-general-arre-pepsi-black-2026-mexico-05-09-2026/event/14006499DA4ABAA6,2026-09-05,,America/Mexico_City,onsale,Festival Arre,Autodromo Hnos. Rodriguez,México,Ciudad de México,CDMX,Mexico,MX,19.402829,-99.089247,Music,Undefined,Undefined,Event Style,Festival,False,OCESA,,,,Ticketmaster Discovery API,2026,9,September,1,Ciudad de México,Ciudad de México,Sin clasificar,True,False
1AfZk3_Gkenakj8,Abono Vip Arre Pepsi Black 2026,https://www.ticketmaster.com.mx/abono-vip-arre-pepsi-black-2026-mexico-05-09-2026/event/14006499AA246710,2026-09-05,,America/Mexico_City,onsale,Festival Arre,Autodromo Hnos. Rodriguez,México,Ciudad de México,CDMX,Mexico,MX,19.402829,-99.089247,Music,Undefined,Undefined,Event Style,Festival,False,OCESA,,,,Ticketmaster Discovery API,2026,9,September,1,Ciudad de México,Ciudad de México,Sin clasificar,True,False
1av8Z_axFfdZd5F6,David Byrne - Who is the Sky Tour  ,https://www.ticketmaster.com.mx/david-byrne-who-is-the-sky-mexico-05-09-2026/event/1400649888503A76,2026-09-05,21:00:00,America/Mexico_City,onsale,David Byrne,Teatro Metropolitan,México,Ciudad de México,CDMX,Mexico,MX,19.433457,-99.146811,Music,Rock,Alternative Rock,Undefined,Undefined,False,OCESA,,,,Ticketmaster Discovery API,2026,9,September,1,Ciudad de México,Ciudad de México,Rock,False,False
1AfZk3bGkd9lXVh,Triciclo Circus Band,https://www.ticketmaster.com.mx/triciclo-circus-band-mexico-05-09-2026/event/14006498D7AFED1B,2026-09-05,20:30:00,America/Mexico_City,onsale,Triciclo Circus Band,Pabellón del Palacio de los Deportes,México,Ciudad de México,CDMX,Mexico,MX,19.40154080,-99.09806060,Music,Other,Other,Undefined,Undefined,False,OCESA,,,,Ticketmaster Discovery API,2026,9,September,1,Ciudad de México,Ciudad de México,Other,False,False
G5dVZ_6BdBZS3,Iván Ferreiro,https://www.ticketmaster.com.mx/ivan-ferreiro-zapopan-05-09-2026/event/3D00647E83E80CD2,2026-09-05,20:00:00,America/Mexico_City,onsale,Iván Ferreiro,Conjunto de Artes Escenicas,Zapopan,Jalisco,JAL,Mexico,MX,20.73703643,-103.38053030,Music,Rock,Pop,Undefined,Undefined,False,MONDIAL PRICE 1,,,,Ticketmaster Discovery API,2026,9,September,1,Zapopan,Jalisco,Rock,False,False
1Av8Z_kGkn72ezx,Mariachi Vargas,https://www.ticketmaster.com.mx/mariachi-vargas-monterrey-06-09-2026/event/1400646A843C2E22,2026-09-06,18:30:00,America/Mexico_City,onsale,Mariachi Vargas de Tecalitlán,Escenario GNP Seguros,Monterrey,Nuevo León,NL,Mexico,MX,25.666135,-100.316726,Music,Latin,Latin,Undefined,Undefined,False,MONDIAL PRICE 1,,,,Ticketmaster Discovery API,2026,9,September,1,Monterrey,Nuevo León,Latin,False,False
G5dVZ_dxV-S9k,Alberto Barros El Titan de la Salsa,https://www.ticketmaster.com.mx/alberto-barros-el-titan-de-la-ciudad-de-mexico-07-09-2026/event/3D006438B48735C6,2026-09-07,20:30:00,America/Mexico_City,onsale,Alberto Barros,Auditorio Nacional,Ciudad de México,Ciudad de México,CDMX,Mexico,MX,19.424648,-99.19484,Music,Latin,Latin,Undefined,Undefined,False,MONDIAL PRICE 1,,,,Ticketmaster Discovery API,2026,9,September,1,Ciudad de México,Ciudad de México,Latin,False,False
1Av8Z_aGkS0hmjW,Scorpions,https://www.ticketmaster.com.mx/scorpions-zapopan-07-09-2026/event/1400649CE46EE73D,2026-09-07,21:00:00,America/Mexico_City,offsale,Scorpions,Auditorio Telmex,Zapopan,Jalisco,JAL,Mexico,MX,20.73324,-103.38112,Music,Rock,Pop,Undefined,Undefined,False,OCESA,,,,Ticketmaster Discovery API,2026,9,September,1,Zapopan,Jalisco,Rock,False,False
G5dVZ_A7OxE5f,Juntos,https://www.ticketmaster.com.mx/juntos-ciudad-de-mexico-08-09-2026/event/3D006451208A72D4,2026-09-08,20:30:00,America/Mexico_City,onsale,Jorge Medina y Josi Cuen - JUNTOS,Auditorio Nacional,Ciudad de México,Ciudad de México,CDMX,Mexico,MX,19.424648,-99.19484,Music,Latin,Latin,Undefined,Undefined,False,OCESA,,,,Ticketmaster Discovery API,2026,9,September,1,Ciudad de México,Ciudad de México,Latin,False,False
1AfZk3bGkdoOCvn,David Byrne Who is the sky tour,https://www.ticketmaster.com.mx/david-byrne-who-is-the-sky-zapopan-08-09-2026/event/14006498D180E06A,2026-09-08,21:00:00,America/Mexico_City,onsale,David Byrne,Auditorio Telmex,Zapopan,Jalisco,JAL,Mexico,MX,20.73324,-103.38112,Music,Rock,Alternative Rock,Undefined,Undefined,False,OCESA,,,,Ticketmaster Discovery API,2026,9,September,1,Zapopan,Jalisco,Rock,False,False
1AfZkCkGkd4Yrvm,5 Seconds of Summer,https://www.ticketmaster.com.mx/5-seconds-of-summer-ciudad-de-mexico-09-09-2026/event/14006386D5C1E06E,2026-09-09,20:00:00,America/Mexico_City,onsale,5 Seconds of Summer,Palacio de los Deportes,Ciudad de México,Ciudad de México,CDMX,Mexico,MX,19.40154080,-99.09806060,Music,Pop,Pop,Undefined,Undefined,False,OCESA,,,,Ticketmaster Discovery API,2026,9,September,1,Ciudad de México,Ciudad de México,Pop,False,False
1kAZvNx8GACP2Yb,5SOS - BITE THE APPLE UPGRADE (boleto de evento no inlcuido),https://www.ticketmaster.com.mx/5sos-bite-the-apple-upgrade-boleto-ciudad-de-mexico-09-09-2026/event/140063890E94FC18,2026-09-09,20:00:00,America/Mexico_City,onsale,5 Seconds of Summer,Palacio de los Deportes,Ciudad de México,Ciudad de México,CDMX,Mexico,MX,19.40154080,-99.09806060,Music,Pop,Pop,Undefined,Undefined,False,MONDIAL PRICE 1,,,,Ticketmaster Discovery API,2026,9,September,1,Ciudad de México,Ciudad de México,Pop,False,False
G5dVZ_A7-H9uw,Juntos,https://www.ticketmaster.com.mx/juntos-ciudad-de-mexico-09-09-2026/event/3D00645121F17372,2026-09-09,20:30:00,America/Mexico_City,onsale,Jorge Medina y Josi Cuen - JUNTOS,Auditorio Nacional,Ciudad de México,Ciudad de México,CDMX,Mexico,MX,19.424648,-99.19484,Music,Latin,Latin,Undefined,Undefined,False,OCESA,,,,Ticketmaster Discovery API,2026,9,September,1,Ciudad de México,Ciudad de México,Latin,False,False
G5dVZ_A7-H9uU,Juntos,https://www.ticketmaster.com.mx/juntos-ciudad-de-mexico-10-09-2026/event/3D00645121F17376,2026-09-10,20:30:00,America/Mexico_City,onsale,Jorge Medina y Josi Cuen - JUNTOS,Auditorio Nacional,Ciudad de México,Ciudad de México,CDMX,Mexico,MX,19.424648,-99.19484,Music,Latin,Latin,Undefined,Undefined,False,OCESA,,,,Ticketmaster Discovery API,2026,9,September,1,Ciudad de México,Ciudad de México,Latin,False,False
1av8Z_axK_fZdue5,Scorpions,https://www.ticketmaster.com.mx/scorpions-ciudad-de-mexico-10-09-2026/event/1400649893654C1A,2026-09-10,20:00:00,America/Mexico_City,offsale,Scorpions,Palacio de los Deportes,Ciudad de México,Ciudad de México,CDMX,Mexico,MX,19.40154080,-99.09806060,Music,Rock,Pop,Undefined,Undefined,False,OCESA,,,,Ticketmaster Discovery API,2026,9,September,1,Ciudad de México,Ciudad de México,Rock,False,False
16v8Z_axpG7cg59,David Byrne - Who is the Sky Tour  ,https://www.ticketmaster.com.mx/david-byrne-who-is-the-sky-monterrey-10-09-2026/event/1400649896B752D7,2026-09-10,21:00:00,America/Mexico_City,onsale,David Byrne,Escenario GNP Seguros,Monterrey,Nuevo León,NL,Mexico,MX,25.666135,-100.316726,Music,Rock,Alternative Rock,Undefined,Undefined,False,MONDIAL PRICE 1,,,,Ticketmaster Discovery API,2026,9,September,1,Monterrey,Nuevo León,Rock,False,False
1Av8Z_dGkSft62v,La Bande-Son Imaginaire,https://www.ticketmaster.com.mx/la-bandeson-imaginaire-mexico-10-09-2026/event/1400643CD4A473C1,2026-09-10,20:30:00,America/Mexico_City,onsale,La bande-son imaginaire,Pepsi Center,México,Ciudad de México,CDMX,Mexico,MX,19.39340970,-99.17581180,Music,Metal,Nu-Metal,Undefined,Undefined,False,OCESA,,,,Ticketmaster Discovery API,2026,9,September,1,Ciudad de México,Ciudad de México,Metal,False,False
1AfZko3Gkemnn3l,Tan Biónica,https://www.ticketmaster.com.mx/tan-bionica-mexico-10-09-2026/event/14006452AEAAA4AB,2026-09-10,20:30:00,America/Mexico_City,onsale,Tan Biónica,Teatro Metropolitan,México,Ciudad de México,CDMX,Mexico,MX,19.433457,-99.146811,Music,Rock,Pop,Undefined,Undefined,False,OCESA,,,,Ticketmaster Discovery API,2026,9,September,1,Ciudad de México,Ciudad de México,Rock,False,False
G5dVZ_A7-HMuz,Juntos,https://www.ticketmaster.com.mx/juntos-ciudad-de-mexico-11-09-2026/event/3D00645121F37378,2026-09-11,20:30:00,America/Mexico_City,onsale,Jorge Medina y Josi Cuen - JUNTOS,Auditorio Nacional,Ciudad de México,Ciudad de México,CDMX,Mexico,MX,19.424648,-99.19484,Music,Latin,Latin,Undefined,Undefined,False,OCESA,,,,Ticketmaster Discovery API,2026,9,September,1,Ciudad de México,Ciudad de México,Latin,False,False
1AfZkowGkdImmKd,aespa LIVE TOUR - SYNK : COMPLæXITY - in Mexico City,https://www.ticketmaster.com.mx/aespa-live-tour-synk-complxity-in-ciudad-de-mexico-11-09-2026/event/14006472E8BAE4C3,2026-09-11,20:00:00,America/Mexico_City,onsale,aespa,Palacio de los Deportes,Ciudad de México,Ciudad de México,CDMX,Mexico,MX,19.40154080,-99.09806060,Music,Pop,K-Pop,Undefined,Undefined,False,OCESA,,,,Ticketmaster Discovery API,2026,9,September,1,Ciudad de México,Ciudad de México,Pop,False,False
G5dVZ_AEIYhBE,Pate De Fua,https://www.ticketmaster.com.mx/pate-de-fua-guadalajara-11-09-2026/event/3D006459E8C1BEA7,2026-09-11,20:30:00,America/Mexico_City,onsale,Pate De Fua,Teatro Diana (GDL),Guadalajara,Jalisco,JAL,Mexico,MX,20.665434,-103.349341,Music,Jazz,Jazz,Undefined,Undefined,False,OCESA,,,,Ticketmaster Discovery API,2026,9,September,1,Guadalajara,Jalisco,Jazz,False,False
1AfZk3FGkeyHhG0,Black Veil Brides,https://www.ticketmaster.com.mx/black-veil-brides-monterrey-11-09-2026/event/14006488B9F1B324,2026-09-11,21:00:00,America/Mexico_City,onsale,Black Veil Brides,Escenario GNP Seguros,Monterrey,Nuevo León,NL,Mexico,MX,25.666135,-100.316726,Music,Metal,Nu-Metal,Undefined,Undefined,False,MONDIAL PRICE 1,,,,Ticketmaster Discovery API,2026,9,September,1,Monterrey,Nuevo León,Metal,False,False
17AZv0G61kUHl9X,Nach,https://www.ticketmaster.com.mx/nach-mexico-11-09-2026/event/140064A1B6F2B5FE,2026-09-11,20:30:00,America/Mexico_City,onsale,Nach,Pepsi Center,México,Ciudad de México,CDMX,Mexico,MX,19.39340970,-99.17581180,Music,Hip-Hop/Rap,Trap,Undefined,Undefined,False,OCESA,,,,Ticketmaster Discovery API,2026,9,September,1,Ciudad de México,Ciudad de México,Hip-Hop/Rap,False,False
1Av8Z_6GkwwelfE,Rosy Arango Por Primera Vez en Cdmx ¡Ven a Jugar Lotería! México ,https://www.ticketmaster.com.mx/rosy-arango-por-primera-vez-en-mexico-11-09-2026/event/1400647CB20AB527,2026-09-11,20:30:00,America/Mexico_City,onsale,Rosy Arango,Teatro Metropolitan,México,Ciudad de México,CDMX,Mexico,MX,19.433457,-99.146811,Music,Latin,Latin,Undefined,Undefined,False,OCESA,,,,Ticketmaster Discovery API,2026,9,September,1,Ciudad de México,Ciudad de México,Latin,False,False
G5dVZ_am7IZD4,TrendLine,https://www.ticketmaster.com.mx/trendline-mexico-11-09-2026/event/3D00649B84A00ED5,2026-09-11,21:00:00,America/Mexico_City,onsale,TrendLine,Foro Red Access,México,Ciudad de México,CDMX,Mexico,MX,19.35677,-99.163341,Music,Ballads/Romantic,Ballads/Romantic,Undefined,Undefined,False,MONDIAL PRICE 1,,,,Ticketmaster Discovery API,2026,9,September,1,Ciudad de México,Ciudad de México,Ballads/Romantic,False,False
1AfZkCAGkeiUqoO,5 Seconds of Summer,https://www.ticketmaster.com.mx/5-seconds-of-summer-zapopan-11-09-2026/event/14006385ACD9D460,2026-09-11,21:00:00,America/Mexico_City,onsale,5 Seconds of Summer,Auditorio Telmex,Zapopan,Jalisco,JAL,Mexico,MX,20.73324,-103.38112,Music,Pop,Pop,Undefined,Undefined,False,OCESA,,,,Ticketmaster Discovery API,2026,9,September,1,Zapopan,Jalisco,Pop,False,False
16v8Zbz08G7T-sy,5SOS - BITE THE APPLE UPGRADE (boleto de evento no inlcuido),https://www.ticketmaster.com.mx/5sos-bite-the-apple-upgrade-boleto-zapopan-11-09-2026/event/1400638910FE1C79,2026-09-11,21:00:00,America/Mexico_City,onsale,5 Seconds of Summer,Auditorio Telmex,Zapopan,Jalisco,JAL,Mexico,MX,20.73324,-103.38112,Music,Pop,Pop,Undefined,Undefined,False,MONDIAL PRICE 1,,,,Ticketmaster Discovery API,2026,9,September,1,Zapopan,Jalisco,Pop,False,False
G5dVZ_1weA-zS,Natt Calma,https://www.ticketmaster.com.mx/natt-calma-ciudad-de-mexico-12-09-2026/event/3D0064AC82161E33,2026-09-12,21:00:00,America/Mexico_City,onsale,Natt Calma,El Lunario del Auditorio Nacional,Ciudad de México,Ciudad de México,CDMX,Mexico,MX,19.424682,-99.1954,Music,R&B,R&B,Undefined,Undefined,False,OCESA,,,,Ticketmaster Discovery API,2026,9,September,1,Ciudad de México,Ciudad de México,R&B,False,False
1AfZkCAGkd4sIKq,5 Seconds of Summer,https://www.ticketmaster.com.mx/5-seconds-of-summer-monterrey-12-09-2026/event/14006385D5C684DD,2026-09-12,21:00:00,America/Mexico_City,onsale,5 Seconds of Summer,Auditorio Banamex,Monterrey,Nuevo León,NL,Mexico,MX,25.67765795,-100.28085777,Music,Pop,Pop,Undefined,Undefined,False,OCESA,,,,Ticketmaster Discovery API,2026,9,September,1,Monterrey,Nuevo León,Pop,False,False
15v8Zbz0p1789,5SOS - BITE THE APPLE UPGRADE (boleto de evento no inlcuido),https://www.ticketmaster.com.mx/5sos-bite-the-apple-upgrade-boleto-monterrey-12-09-2026/event/1400638916284417,2026-09-12,21:00:00,America/Mexico_City,onsale,5 Seconds of Summer,Auditorio Banamex,Monterrey,Nuevo León,NL,Mexico,MX,25.67765795,-100.28085777,Music,Pop,Pop,Undefined,Undefined,False,MONDIAL PRICE 1,,,,Ticketmaster Discovery API,2026,9,September,1,Monterrey,Nuevo León,Pop,False,False
1Av8ZbwGkgXHOLr,Whiplash In Concert,https://www.ticketmaster.com.mx/whiplash-in-concert-monterrey-12-09-2026/event/1400632D7EF207DE,2026-09-12,20:00:00,America/Mexico_City,onsale,Whiplash,Escenario GNP Seguros,Monterrey,Nuevo León,NL,Mexico,MX,25.666135,-100.316726,Music,Undefined,Undefined,Group,Tribute Band,False,MONDIAL PRICE 1,,,,Ticketmaster Discovery API,2026,9,September,1,Monterrey,Nuevo León,Sin clasificar,False,False
1AfZkuUGkeiPx9z,Abono General 2 Días Vans Warped Tour 2026,https://www.ticketmaster.com.mx/abono-general-2-dias-vans-warped-mexico-12-09-2026/event/14006376AC9625F8,2026-09-12,,America/Mexico_City,onsale,Vans Warped Tour,Autodromo Hnos. Rodriguez,México,Ciudad de México,CDMX,Mexico,MX,19.402829,-99.089247,Music,Undefined,Undefined,Event Style,Festival,False,OCESA,,,,Ticketmaster Discovery API,2026,9,September,1,Ciudad de México,Ciudad de México,Sin clasificar,True,False
1AfZkuUGkemOdVL,Abono Plus 2 Días Vans Warped Tour 2026,https://www.ticketmaster.com.mx/abono-plus-2-dias-vans-warped-mexico-12-09-2026/event/14006376AE803D1F,2026-09-12,,America/Mexico_City,onsale,Vans Warped Tour,Autodromo Hnos. Rodriguez,México,Ciudad de México,CDMX,Mexico,MX,19.402829,-99.089247,Music,Undefined,Undefined,Event Style,Festival,False,OCESA,,,,Ticketmaster Discovery API,2026,9,September,1,Ciudad de México,Ciudad de México,Sin clasificar,True,False
1AfZkCAGkeIyjQ_,La Santa Cecilia,https://www.ticketmaster.com.mx/la-santa-cecilia-mexico-12-09-2026/event/14006385A8E5C699,2026-09-12,20:00:00,America/Mexico_City,onsale,La Santa Cecilia,Teatro Metropolitan,México,Ciudad de México,CDMX,Mexico,MX,19.433457,-99.146811,Music,Latin,Latin,Undefined,Undefined,False,OCESA,,,,Ticketmaster Discovery API,2026,9,September,1,Ciudad de México,Ciudad de México,Latin,False,False
G5dVZ_FnTjgC8,Black Veil Brides,https://www.ticketmaster.com.mx/black-veil-brides-zapopan-12-09-2026/event/3D00648ABF735390,2026-09-12,20:00:00,America/Mexico_City,onsale,Black Veil Brides,Teatro Estudio Cavaret,Zapopan,Jalisco,JAL,Mexico,MX,20.736739,-103.378417,Music,Metal,Nu-Metal,Undefined,Undefined,False,OCESA,,,,Ticketmaster Discovery API,2026,9,September,1,Zapopan,Jalisco,Metal,False,False
G5dVZ_Fxl3NBX,Los Vaguens,https://www.ticketmaster.com.mx/los-vaguens-ciudad-de-mexico-13-09-2026/event/3D006488AB4A3EBE,2026-09-13,19:00:00,America/Mexico_City,onsale,Los Vaguens,El Lunario del Auditorio Nacional,Ciudad de México,Ciudad de México,CDMX,Mexico,MX,19.424682,-99.1954,Music,Rock,Alternative Rock,Undefined,Undefined,False,MONDIAL PRICE 1,,,,Ticketmaster Discovery API,2026,9,September,1,Ciudad de México,Ciudad de México,Rock,False,False
G5dVZ_FNPhU61,Los Vaguens VIP+Meet&Greet,https://www.ticketmaster.com.mx/los-vaguens-vipmeetgreet-ciudad-de-mexico-13-09-2026/event/3D006488E56F61CA,2026-09-13,19:00:00,America/Mexico_City,onsale,Los Vaguens,El Lunario del Auditorio Nacional,Ciudad de México,Ciudad de México,CDMX,Mexico,MX,19.424682,-99.1954,Music,Rock,Alternative Rock,Undefined,Undefined,False,MONDIAL PRICE 1,,,,Ticketmaster Discovery API,2026,9,September,1,Ciudad de México,Ciudad de México,Rock,False,False
17AZv0G61Qs2hSa,Scorpions,https://www.ticketmaster.com.mx/scorpions-monterrey-13-09-2026/event/140064A6B13DBCC9,2026-09-13,20:00:00,America/Mexico_City,offsale,Scorpions,Auditorio Banamex,Monterrey,Nuevo León,NL,Mexico,MX,25.67765795,-100.28085777,Music,Rock,Pop,Undefined,Undefined,False,OCESA,,,,Ticketmaster Discovery API,2026,9,September,1,Monterrey,Nuevo León,Rock,False,False
G5dVZ_AKKkPEd,Juntos,https://www.ticketmaster.com.mx/juntos-ciudad-de-mexico-17-09-2026/event/3D006454D31A59C3,2026-09-17,20:30:00,America/Mexico_City,onsale,Jorge Medina y Josi Cuen - JUNTOS,Auditorio Nacional,Ciudad de México,Ciudad de México,CDMX,Mexico,MX,19.424648,-99.19484,Music,Latin,Latin,Undefined,Undefined,False,OCESA,,,,Ticketmaster Discovery API,2026,9,September,1,Ciudad de México,Ciudad de México,Latin,False,False
G5dVZ_6rCdK4R,Anuel AA,https://www.ticketmaster.com.mx/anuel-aa-monterrey-17-09-2026/event/3D0064778E0D356F,2026-09-17,21:00:00,America/Mexico_City,onsale,Anuel AA,Estadio Borregos,Monterrey,Nuevo León,NL,Mexico,MX,25.65359730,-100.28543310,Music,Hip-Hop/Rap,Trap,Undefined,Undefined,False,MONDIAL PRICE 1,,,,Ticketmaster Discovery API,2026,9,September,1,Monterrey,Nuevo León,Hip-Hop/Rap,False,False
1AfZkoVGkda-1NX,Ana Torroja,https://www.ticketmaster.com.mx/ana-torroja-mexico-17-09-2026/event/14006474C984A8FE,2026-09-17,21:00:00,America/Mexico_City,onsale,Ana Torroja,Teatro Metropolitan,México,Ciudad de México,CDMX,Mexico,MX,19.433457,-99.146811,Music,Ballads/Romantic,Ballads/Romantic,Undefined,Undefined,False,OCESA,,,,Ticketmaster Discovery API,2026,9,September,1,Ciudad de México,Ciudad de México,Ballads/Romantic,False,False
1Av8Z_AGkn14S4T,Reyno,https://www.ticketmaster.com.mx/reyno-mexico-17-09-2026/event/1400645A8A57357F,2026-09-17,20:00:00,America/Mexico_City,onsale,Reyno,Pepsi Center,México,Ciudad de México,CDMX,Mexico,MX,19.39340970,-99.17581180,Music,Latin,Latin,Undefined,Undefined,False,MONDIAL PRICE 1,,,,Ticketmaster Discovery API,2026,9,September,1,Ciudad de México,Ciudad de México,Latin,False,False
G5dVZ_7k-dxEV,Young Miko - Late Checkout Tour,https://www.ticketmaster.com.mx/young-miko-late-checkout-tour-tlajomulco-de-zuniga-17-09-2026/event/3D006441A10E29F4,2026-09-17,21:00:00,America/Mexico_City,onsale,Young Miko,Arena VFG,Tlajomulco de Zuñiga,Jalisco,JAL,Mexico,MX,20.467193,-103.263489,Music,Latin,Latin,Undefined,Undefined,False,OCESA,,,,Ticketmaster Discovery API,2026,9,September,1,Tlajomulco de Zuñiga,Jalisco,Latin,False,False
17AZv0G61pvxK89,Nach,https://www.ticketmaster.com.mx/nach-zapopan-17-09-2026/event/140064A581893417,2026-09-17,21:00:00,America/Mexico_City,onsale,Nach,Auditorio Telmex,Zapopan,Jalisco,JAL,Mexico,MX,20.73324,-103.38112,Music,Hip-Hop/Rap,Trap,Undefined,Undefined,False,OCESA,,,,Ticketmaster Discovery API,2026,9,September,1,Zapopan,Jalisco,Hip-Hop/Rap,False,False
G5dVZ_km3isyQ,Bengala 20 Años,https://www.ticketmaster.com.mx/bengala-20-anos-ciudad-de-mexico-18-09-2026/event/3D00646B92B31E5A,2026-09-18,20:30:00,America/Mexico_City,onsale,Bengala,El Lunario del Auditorio Nacional,Ciudad de México,Ciudad de México,CDMX,Mexico,MX,19.424682,-99.1954,Music,Rock,Pop,Undefined,Undefined,False,OCESA,,,,Ticketmaster Discovery API,2026,9,September,1,Ciudad de México,Ciudad de México,Rock,False,False
G5dVZ_AK4ZAiH,Juntos,https://www.ticketmaster.com.mx/juntos-ciudad-de-mexico-18-09-2026/event/3D006454D5005B3C,2026-09-18,20:30:00,America/Mexico_City,onsale,Jorge Medina y Josi Cuen - JUNTOS,Auditorio Nacional,Ciudad de México,Ciudad de México,CDMX,Mexico,MX,19.424648,-99.19484,Music,Latin,Latin,Undefined,Undefined,False,OCESA,,,,Ticketmaster Discovery API,2026,9,September,1,Ciudad de México,Ciudad de México,Latin,False,False
16v8Z_aeoG7m45Y,Bratty,https://www.ticketmaster.com.mx/bratty-mexico-18-09-2026/event/1400649091B952F0,2026-09-18,20:30:00,America/Mexico_City,onsale,Bratty,Teatro Metropolitan,México,Ciudad de México,CDMX,Mexico,MX,19.433457,-99.146811,Music,Pop,Pop,Undefined,Undefined,False,OCESA,,,,Ticketmaster Discovery API,2026,9,September,1,Ciudad de México,Ciudad de México,Pop,False,False
1Av8Z_aGkBz0Wjg,I Am Hardstyle,https://www.ticketmaster.com.mx/i-am-hardstyle-mexico-18-09-2026/event/1400649EB893D735,2026-09-18,20:30:00,America/Mexico_City,onsale,I Am Hardstyle,Pabellón del Palacio de los Deportes,México,Ciudad de México,CDMX,Mexico,MX,19.40154080,-99.09806060,Music,Pop,Electro Pop,Undefined,Undefined,False,OCESA,,,,Ticketmaster Discovery API,2026,9,September,1,Ciudad de México,Ciudad de México,Pop,False,False
G5dVZby6FRVeJ,Charles Ans,https://www.ticketmaster.com.mx/charles-ans-zapopan-18-09-2026/event/3D006391C8BF40A6,2026-09-18,21:00:00,America/Mexico_City,onsale,Charles Ans,Teatro Estudio Cavaret,Zapopan,Jalisco,JAL,Mexico,MX,20.736739,-103.378417,Music,Hip-Hop/Rap,Trap,Undefined,Undefined,False,OCESA,,,,Ticketmaster Discovery API,2026,9,September,1,Zapopan,Jalisco,Hip-Hop/Rap,False,False
1kAZv0_FGAuuxgx,Myke Towers,https://www.ticketmaster.com.mx/myke-towers-zapopan-18-09-2026/event/140064648D362D62,2026-09-18,21:00:00,America/Mexico_City,onsale,Myke Towers,Auditorio Telmex,Zapopan,Jalisco,JAL,Mexico,MX,20.73324,-103.38112,Music,Hip-Hop/Rap,Trap,Undefined,Undefined,False,OCESA,,,,Ticketmaster Discovery API,2026,9,September,1,Zapopan,Jalisco,Hip-Hop/Rap,False,False
G5dVZ_de1ZotB,Bengala 20 Años,https://www.ticketmaster.com.mx/bengala-20-anos-ciudad-de-mexico-19-09-2026/event/3D0064308A011A7A,2026-09-19,20:00:00,America/Mexico_City,onsale,Bengala,El Lunario del Auditorio Nacional,Ciudad de México,Ciudad de México,CDMX,Mexico,MX,19.424682,-99.1954,Music,Rock,Pop,Undefined,Undefined,False,OCESA,,,,Ticketmaster Discovery API,2026,9,September,1,Ciudad de México,Ciudad de México,Rock,False,False
1Av8Z_dGkmKf_qu,Robyn - The Sexistential Tour,https://www.ticketmaster.com.mx/robyn-the-sexistential-tour-ciudad-de-mexico-19-09-2026/event/1400643B9351974D,2026-09-19,20:00:00,America/Mexico_City,onsale,"Robyn, Lykke Li",Palacio de los Deportes,Ciudad de México,Ciudad de México,CDMX,Mexico,MX,19.40154080,-99.09806060,Music,Pop,Electro Pop,Undefined,Undefined,False,OCESA,,,,Ticketmaster Discovery API,2026,9,September,1,Ciudad de México,Ciudad de México,Pop,False,False
17AZv0G61kDZhTK,Nach,https://www.ticketmaster.com.mx/nach-monterrey-19-09-2026/event/140064A1BB01BFD3,2026-09-19,20:30:00,America/Mexico_City,onsale,Nach,Escenario GNP Seguros,Monterrey,Nuevo León,NL,Mexico,MX,25.666135,-100.316726,Music,Hip-Hop/Rap,Trap,Undefined,Undefined,False,MONDIAL PRICE 1,,,,Ticketmaster Discovery API,2026,9,September,1,Monterrey,Nuevo León,Hip-Hop/Rap,False,False
17AZv0G61pj_J-9,Son Rompe Pera,https://www.ticketmaster.com.mx/son-rompe-pera-mexico-19-09-2026/event/140064A59C666857,2026-09-19,20:30:00,America/Mexico_City,onsale,Son Rompe Pera,Teatro Metropolitan,México,Ciudad de México,CDMX,Mexico,MX,19.433457,-99.146811,Music,Latin,Latin,Undefined,Undefined,False,OCESA,,,,Ticketmaster Discovery API,2026,9,September,1,Ciudad de México,Ciudad de México,Latin,False,False
G5dVZ_6RAF6mD,Anuel AA,https://www.ticketmaster.com.mx/anuel-aa-zapopan-19-09-2026/event/3D00647BC5207BBB,2026-09-19,21:00:00,America/Mexico_City,onsale,Anuel AA,Coliseo GNP Seguros,Zapopan,Jalisco,JAL,Mexico,MX,20.693768,-103.416177,Music,Hip-Hop/Rap,Trap,Undefined,Undefined,False,OCESA,,,,Ticketmaster Discovery API,2026,9,September,1,Zapopan,Jalisco,Hip-Hop/Rap,False,False
1AfZkoyGkeB42pX,MC Davo,https://www.ticketmaster.com.mx/mc-davo-mexico-20-09-2026/event/14006479BA54F5BE,2026-09-20,19:00:00,America/Mexico_City,onsale,MC Davo,Pepsi Center,México,Ciudad de México,CDMX,Mexico,MX,19.39340970,-99.17581180,Music,Hip-Hop/Rap,Trap,Undefined,Undefined,False,OCESA,,,,Ticketmaster Discovery API,2026,9,September,1,Ciudad de México,Ciudad de México,Hip-Hop/Rap,False,False
1kAZvNpFGA5-fI0,The Neighbourhood: THE WOURLD TOUR,https://www.ticketmaster.com.mx/the-neighbourhood-the-wourld-tour-zapopan-21-09-2026/event/140063588B854A24,2026-09-21,21:00:00,America/Mexico_City,onsale,The Neighbourhood,Auditorio Telmex,Zapopan,Jalisco,JAL,Mexico,MX,20.73324,-103.38112,Music,Rock,Pop,Undefined,Undefined,False,OCESA,,,,Ticketmaster Discovery API,2026,9,September,1,Zapopan,Jalisco,Rock,False,False
G5dVZ_1Mrhl0M,Gondwana & Quique Neira,https://www.ticketmaster.com.mx/gondwana-quique-neira-ciudad-de-mexico-22-09-2026/event/3D0064ADDE6EB937,2026-09-22,20:30:00,America/Mexico_City,offsale,Gondwana,Auditorio Nacional,Ciudad de México,Ciudad de México,CDMX,Mexico,MX,19.424648,-99.19484,Music,Reggae,Reggae,Undefined,Undefined,False,MONDIAL PRICE 1,,,,Ticketmaster Discovery API,2026,9,September,1,Ciudad de México,Ciudad de México,Reggae,False,False
1Av8Z_6GkwY9De9,Young Miko - Late Checkout Tour,https://www.ticketmaster.com.mx/young-miko-late-checkout-tour-ciudad-de-mexico-22-09-2026/event/1400647CB05FB097,2026-09-22,20:00:00,America/Mexico_City,onsale,Young Miko,Palacio de los Deportes,Ciudad de México,Ciudad de México,CDMX,Mexico,MX,19.40154080,-99.09806060,Music,Latin,Latin,Undefined,Undefined,False,OCESA,,,,Ticketmaster Discovery API,2026,9,September,1,Ciudad de México,Ciudad de México,Latin,False,False
1AfZkubGkesfI7b,The Neighbourhood: THE WOURLD TOUR,https://www.ticketmaster.com.mx/the-neighbourhood-the-wourld-tour-monterrey-23-09-2026/event/14006358B1528118,2026-09-23,21:00:00,America/Mexico_City,onsale,The Neighbourhood,Auditorio Banamex,Monterrey,Nuevo León,NL,Mexico,MX,25.67765795,-100.28085777,Music,Rock,Pop,Undefined,Undefined,False,OCESA,,,,Ticketmaster Discovery API,2026,9,September,1,Monterrey,Nuevo León,Rock,False,False
1Av8Z_aGkUhpPm6,De La Rose,https://www.ticketmaster.com.mx/de-la-rose-mexico-23-09-2026/event/1400649D9B5A5B87,2026-09-23,21:00:00,America/Mexico_City,onsale,De La Rose,Teatro Metropolitan,México,Ciudad de México,CDMX,Mexico,MX,19.433457,-99.146811,Music,Latin,Latin,Undefined,Undefined,False,OCESA,,,,Ticketmaster Discovery API,2026,9,September,1,Ciudad de México,Ciudad de México,Latin,False,False
G5dVZ_FXYNkqy,Lucero,https://www.ticketmaster.com.mx/lucero-ciudad-de-mexico-24-09-2026/event/3D00648FB08C6779,2026-09-24,20:30:00,America/Mexico_City,onsale,Lucero,Auditorio Nacional,Ciudad de México,Ciudad de México,CDMX,Mexico,MX,19.424648,-99.19484,Music,Ballads/Romantic,Ballads/Romantic,Undefined,Undefined,False,OCESA,,,,Ticketmaster Discovery API,2026,9,September,1,Ciudad de México,Ciudad de México,Ballads/Romantic,False,False
11AZv0rbAMCkvC,Moenia,https://www.ticketmaster.com.mx/moenia-ciudad-de-mexico-24-09-2026/event/140064798177386D,2026-09-24,20:00:00,America/Mexico_City,onsale,Moenia,Palacio de los Deportes,Ciudad de México,Ciudad de México,CDMX,Mexico,MX,19.40154080,-99.09806060,Music,Latin,Latin,Undefined,Undefined,False,OCESA,,,,Ticketmaster Discovery API,2026,9,September,1,Ciudad de México,Ciudad de México,Latin,False,False
1kAZv0ObGAuwKfU,Marco Mares,https://www.ticketmaster.com.mx/marco-mares-mexico-24-09-2026/event/140064818DC93536,2026-09-24,20:30:00,America/Mexico_City,onsale,Marco Mares,Teatro Metropolitan,México,Ciudad de México,CDMX,Mexico,MX,19.433457,-99.146811,Music,Rock,Pop,Undefined,Undefined,False,OCESA,,,,Ticketmaster Discovery API,2026,9,September,1,Ciudad de México,Ciudad de México,Rock,False,False
17AZvxG6CxP_vvu,Alex Fernández,https://www.ticketmaster.com.mx/alex-fernandez-zapopan-24-09-2026/event/140062E8A564104D,2026-09-24,21:00:00,America/Mexico_City,onsale,Alex Fernandez,Auditorio Telmex,Zapopan,Jalisco,JAL,Mexico,MX,20.73324,-103.38112,Music,Latin,Latin,Undefined,Undefined,False,MONDIAL PRICE 1,,,,Ticketmaster Discovery API,2026,9,September,1,Zapopan,Jalisco,Latin,False,False
G5dVZ_AK4Z4cv,Juntos,https://www.ticketmaster.com.mx/juntos-ciudad-de-mexico-25-09-2026/event/3D006454D5015B41,2026-09-25,20:30:00,America/Mexico_City,onsale,Jorge Medina y Josi Cuen - JUNTOS,Auditorio Nacional,Ciudad de México,Ciudad de México,CDMX,Mexico,MX,19.424648,-99.19484,Music,Latin,Latin,Undefined,Undefined,False,OCESA,,,,Ticketmaster Discovery API,2026,9,September,1,Ciudad de México,Ciudad de México,Latin,False,False
16v8ZbgJ4G7H7RE,The Neighbourhood: THE WOURLD TOUR,https://www.ticketmaster.com.mx/the-neighbourhood-the-wourld-tour-ciudad-de-mexico-25-09-2026/event/1400635995F04BE7,2026-09-25,20:00:00,America/Mexico_City,onsale,The Neighbourhood,Palacio de los Deportes,Ciudad de México,Ciudad de México,CDMX,Mexico,MX,19.40154080,-99.09806060,Music,Rock,Pop,Undefined,Undefined,False,OCESA,,,,Ticketmaster Discovery API,2026,9,September,1,Ciudad de México,Ciudad de México,Rock,False,False
G5dVZ_knXpVmb,Comisario Pantera y Pastilla,https://www.ticketmaster.com.mx/comisario-pantera-y-pastilla-col-centro-monterrey-25-09-2026/event/3D00646ABE5B4B98,2026-09-25,21:00:00,America/Mexico_City,onsale,,Foro Corona Monterrey,Col. Centro Monterrey,Nuevo León,NL,Mexico,MX,25.66646204,-100.31681661,Music,Rock,Alternative Rock,Undefined,Undefined,False,MONDIAL PRICE 1,,,,Ticketmaster Discovery API,2026,9,September,1,Monterrey,Nuevo León,Rock,False,False
G5dVZ_6pAqeYe,Sentidos Opuestos,https://www.ticketmaster.com.mx/sentidos-opuestos-guadalajara-25-09-2026/event/3D00647585742C02,2026-09-25,21:00:00,America/Mexico_City,onsale,Sentidos Opuestos,Teatro Diana (GDL),Guadalajara,Jalisco,JAL,Mexico,MX,20.665434,-103.349341,Music,Latin,Latin,Undefined,Undefined,False,MONDIAL PRICE 1,,,,Ticketmaster Discovery API,2026,9,September,1,Guadalajara,Jalisco,Latin,False,False
G5dVZ_6pk_3wW,Winona Riders,https://www.ticketmaster.com.mx/winona-riders-mexico-25-09-2026/event/3D00647586652CBD,2026-09-25,21:00:00,America/Mexico_City,onsale,Winona Riders,Foro Puebla,Mexico,Ciudad de México,CDMX,Mexico,MX,19.422158,-99.164129,Music,Rock,Alternative Rock,Undefined,Undefined,False,OCESA,,,,Ticketmaster Discovery API,2026,9,September,1,Ciudad de México,Ciudad de México,Rock,False,False
11AZv0ObuE1ZvG,Chetes,https://www.ticketmaster.com.mx/chetes-mexico-25-09-2026/event/140064818367280B,2026-09-25,20:30:00,America/Mexico_City,onsale,Chetes,Pabellón del Palacio de los Deportes,México,Ciudad de México,CDMX,Mexico,MX,19.40154080,-99.09806060,Music,Latin,Latin,Undefined,Undefined,False,OCESA,,,,Ticketmaster Discovery API,2026,9,September,1,Ciudad de México,Ciudad de México,Latin,False,False
G5dVZ_AK4ZPcd,Juntos,https://www.ticketmaster.com.mx/juntos-ciudad-de-mexico-26-09-2026/event/3D006454D5025B43,2026-09-26,20:00:00,America/Mexico_City,onsale,Jorge Medina y Josi Cuen - JUNTOS,Auditorio Nacional,Ciudad de México,Ciudad de México,CDMX,Mexico,MX,19.424648,-99.19484,Music,Latin,Latin,Undefined,Undefined,False,OCESA,,,,Ticketmaster Discovery API,2026,9,September,1,Ciudad de México,Ciudad de México,Latin,False,False
1AfZkuJGkdrlhIY,The Neighbourhood: THE WOURLD TOUR,https://www.ticketmaster.com.mx/the-neighbourhood-the-wourld-tour-ciudad-de-mexico-26-09-2026/event/14006366DEADBA30,2026-09-26,20:00:00,America/Mexico_City,onsale,The Neighbourhood,Palacio de los Deportes,Ciudad de México,Ciudad de México,CDMX,Mexico,MX,19.40154080,-99.09806060,Music,Rock,Pop,Undefined,Undefined,False,OCESA,,,,Ticketmaster Discovery API,2026,9,September,1,Ciudad de México,Ciudad de México,Rock,False,False
G5dVZ_e9hbeLz,12 Mil días 30 años de Rock Argentino,https://www.ticketmaster.com.mx/12-mil-dias-30-anos-de-col-centro-monterrey-26-09-2026/event/3D006425DB6027F8,2026-09-26,21:00:00,America/Mexico_City,onsale,,Foro Corona Monterrey,Col. Centro Monterrey,Nuevo León,NL,Mexico,MX,25.66646204,-100.31681661,Music,Latin,Latin,Undefined,Undefined,False,MONDIAL PRICE 1,,,,Ticketmaster Discovery API,2026,9,September,1,Monterrey,Nuevo León,Latin,False,False
17AZv0G61Jd4gwD,Sentidos Opuestos,https://www.ticketmaster.com.mx/sentidos-opuestos-monterrey-26-09-2026/event/140064A983575CBB,2026-09-26,20:00:00,America/Mexico_City,offsale,Sentidos Opuestos,Escenario GNP Seguros,Monterrey,Nuevo León,NL,Mexico,MX,25.666135,-100.316726,Music,Latin,Latin,Undefined,Undefined,False,MONDIAL PRICE 1,,,,Ticketmaster Discovery API,2026,9,September,1,Monterrey,Nuevo León,Latin,False,False
1Av8Z_aGkBHKcXd,AFI,https://www.ticketmaster.com.mx/afi-mexico-26-09-2026/event/1400649EBC4EDF83,2026-09-26,20:30:00,America/Mexico_City,onsale,AFI,Pabellón del Palacio de los Deportes,México,Ciudad de México,CDMX,Mexico,MX,19.40154080,-99.09806060,Music,Rock,Alternative Rock,Undefined,Undefined,False,OCESA,,,,Ticketmaster Discovery API,2026,9,September,1,Ciudad de México,Ciudad de México,Rock,False,False
17AZv0G61pd2d_q,Rebel Cats,https://www.ticketmaster.com.mx/rebel-cats-mexico-26-09-2026/event/140064A5833C365D,2026-09-26,20:00:00,America/Mexico_City,onsale,Rebel Cats,Teatro Metropolitan,México,Ciudad de México,CDMX,Mexico,MX,19.433457,-99.146811,Music,Rock,Pop,Undefined,Undefined,False,OCESA,,,,Ticketmaster Discovery API,2026,9,September,1,Ciudad de México,Ciudad de México,Rock,False,False
G5dVZ_61iVVJq,Carlos Sadness,https://www.ticketmaster.com.mx/carlos-sadness-ciudad-de-mexico-01-10-2026/event/3D006472ACD3499D,2026-10-01,21:00:00,America/Mexico_City,onsale,Carlos Sadness,El Lunario del Auditorio Nacional,Ciudad de México,Ciudad de México,CDMX,Mexico,MX,19.424682,-99.1954,Music,Pop,Pop,Undefined,Undefined,False,MONDIAL PRICE 1,,,,Ticketmaster Discovery API,2026,10,October,1,Ciudad de México,Ciudad de México,Pop,False,False
G5dVZ_1JkOxte,Motorama,https://www.ticketmaster.com.mx/motorama-ciudad-de-mexico-01-10-2026/event/3D0064A986822A42,2026-10-01,21:00:00,America/Mexico_City,onsale,Motorama,Auditorio Nacional,Ciudad de México,Ciudad de México,CDMX,Mexico,MX,19.424648,-99.19484,Music,Rock,Alternative Rock,Undefined,Undefined,False,MONDIAL PRICE 1,,,,Ticketmaster Discovery API,2026,10,October,1,Ciudad de México,Ciudad de México,Rock,False,False
G5dVZ_1kcIEvw,Jessica Simpson,https://www.ticketmaster.com.mx/jessica-simpson-mexico-01-10-2026/event/3D0064A1ADA27072,2026-10-01,21:30:00,America/Mexico_City,onsale,Jessica Simpson,La Maraka,México,Ciudad de México,CDMX,Mexico,MX,19.38651080,-99.16317750,Music,Rock,Pop,Undefined,Undefined,False,MONDIAL PRICE 1,,,,Ticketmaster Discovery API,2026,10,October,1,Ciudad de México,Ciudad de México,Rock,False,False
1AfZkoAGkd-urTg,Tove Lo - ESTRUS TOUR,https://www.ticketmaster.com.mx/tove-lo-estrus-tour-mexico-01-10-2026/event/14006445E135EFF5,2026-10-01,21:00:00,America/Mexico_City,offsale,Tove Lo,Pepsi Center,México,Ciudad de México,CDMX,Mexico,MX,19.39340970,-99.17581180,Music,Pop,Pop,Undefined,Undefined,False,OCESA,,,,Ticketmaster Discovery API,2026,10,October,1,Ciudad de México,Ciudad de México,Pop,False,False
G5dVZ_61RV7YJ,Carlos Sadness,https://www.ticketmaster.com.mx/carlos-sadness-ciudad-de-mexico-02-10-2026/event/3D006472AFD04C26,2026-10-02,21:00:00,America/Mexico_City,onsale,Carlos Sadness,El Lunario del Auditorio Nacional,Ciudad de México,Ciudad de México,CDMX,Mexico,MX,19.424682,-99.1954,Music,Pop,Pop,Undefined,Undefined,False,MONDIAL PRICE 1,,,,Ticketmaster Discovery API,2026,10,October,1,Ciudad de México,Ciudad de México,Pop,False,False
1Av8ZbVGkUSdkWI,Iron Maiden,https://www.ticketmaster.com.mx/iron-maiden-ciudad-de-mexico-02-10-2026/event/1400634DB30C6F68,2026-10-02,21:00:00,America/Mexico_City,onsale,Iron Maiden,Estadio GNP Seguros,Ciudad de México,Ciudad de México,CDMX,Mexico,MX,19.405199,-99.095618,Music,Metal,Nu-Metal,Undefined,Undefined,False,OCESA,,,,Ticketmaster Discovery API,2026,10,October,1,Ciudad de México,Ciudad de México,Metal,False,False
G5dVZ_aDvADd1,Marco Mares,https://www.ticketmaster.com.mx/marco-mares-col-centro-monterrey-02-10-2026/event/3D00649EC117B0CA,2026-10-02,21:00:00,America/Mexico_City,onsale,Marco Mares,Foro Corona Monterrey,Col. Centro Monterrey,Nuevo León,NL,Mexico,MX,25.66646204,-100.31681661,Music,Rock,Pop,Undefined,Undefined,False,MONDIAL PRICE 1,,,,Ticketmaster Discovery API,2026,10,October,1,Monterrey,Nuevo León,Rock,False,False
G5dVZ_6kBL6Ge,Denisse de Kalafe,https://www.ticketmaster.com.mx/denisse-de-kalafe-mexico-02-10-2026/event/3D006471BA7C7302,2026-10-02,21:30:00,America/Mexico_City,onsale,Denisse de Kalafe,La Maraka,México,Ciudad de México,CDMX,Mexico,MX,19.38651080,-99.16317750,Music,Pop,Pop,Undefined,Undefined,False,MONDIAL PRICE 1,,,,Ticketmaster Discovery API,2026,10,October,1,Ciudad de México,Ciudad de México,Pop,False,False
16v8Z_dkpG7Hkdj,Siddhartha,https://www.ticketmaster.com.mx/siddhartha-zapopan-02-10-2026/event/1400643196F060DC,2026-10-02,21:00:00,America/Mexico_City,onsale,Siddhartha,Auditorio Telmex,Zapopan,Jalisco,JAL,Mexico,MX,20.73324,-103.38112,Music,Rock,Alternative Rock,Undefined,Undefined,False,MONDIAL PRICE 1,,,,Ticketmaster Discovery API,2026,10,October,1,Zapopan,Jalisco,Rock,False,False
G5dVZ_61RV7YI,Carlos Sadness,https://www.ticketmaster.com.mx/carlos-sadness-ciudad-de-mexico-03-10-2026/event/3D006472AFD04C28,2026-10-03,21:00:00,America/Mexico_City,onsale,Carlos Sadness,El Lunario del Auditorio Nacional,Ciudad de México,Ciudad de México,CDMX,Mexico,MX,19.424682,-99.1954,Music,Pop,Pop,Undefined,Undefined,False,MONDIAL PRICE 1,,,,Ticketmaster Discovery API,2026,10,October,1,Ciudad de México,Ciudad de México,Pop,False,False
G5dVZ_FDP_6Cn,NIC,https://www.ticketmaster.com.mx/nic-col-centro-monterrey-03-10-2026/event/3D00648EE56473AA,2026-10-03,20:00:00,America/Mexico_City,onsale,Nicole Zignago,Foro Corona Monterrey,Col. Centro Monterrey,Nuevo León,NL,Mexico,MX,25.66646204,-100.31681661,Music,Pop,Pop,Undefined,Undefined,False,MONDIAL PRICE 1,,,,Ticketmaster Discovery API,2026,10,October,1,Monterrey,Nuevo León,Pop,False,False
G5dVZ_FCS8VVD,Fiquet,https://www.ticketmaster.com.mx/fiquet-mexico-03-10-2026/event/3D006483B3434D3B,2026-10-03,18:00:00,America/Mexico_City,onsale,,TEATRO SERGIO MAGAÑA,México,Ciudad de México,CDMX,Mexico,MX,19.44570730,-99.16066740,Music,Rock,Alternative Rock,Undefined,Undefined,False,MONDIAL PRICE 3,,,,Ticketmaster Discovery API,2026,10,October,1,Ciudad de México,Ciudad de México,Rock,False,False
1AfZko_GkdtoORB,Lost Acapulco,https://www.ticketmaster.com.mx/lost-acapulco-mexico-03-10-2026/event/14006459E9460BFA,2026-10-03,20:30:00,America/Mexico_City,onsale,Lost Acapulco,Teatro Metropolitan,México,Ciudad de México,CDMX,Mexico,MX,19.433457,-99.146811,Music,Rock,Pop,Undefined,Undefined,False,OCESA,,,,Ticketmaster Discovery API,2026,10,October,1,Ciudad de México,Ciudad de México,Rock,False,False
G5dVZ_FnE7SgA,Alejandro Sanz,https://www.ticketmaster.com.mx/alejandro-sanz-zapopan-03-10-2026/event/3D00648AA7133D45,2026-10-03,21:00:00,America/Mexico_City,onsale,Alejandro Sanz,Coliseo GNP Seguros,Zapopan,Jalisco,JAL,Mexico,MX,20.693768,-103.416177,Music,Latin,Latin,Undefined,Undefined,False,OCESA,,,,Ticketmaster Discovery API,2026,10,October,1,Zapopan,Jalisco,Latin,False,False
G5dVZ_1RZvAkN,"Guillotina, Rock Mata Pop",https://www.ticketmaster.com.mx/guillotina-rock-mata-pop-ciudad-de-mexico-04-10-2026/event/3D0064ABC00451A3,2026-10-04,19:00:00,America/Mexico_City,offsale,Guillotina,El Lunario del Auditorio Nacional,Ciudad de México,Ciudad de México,CDMX,Mexico,MX,19.424682,-99.1954,Music,Rock,Alternative Rock,Undefined,Undefined,False,OCESA,,,,Ticketmaster Discovery API,2026,10,October,1,Ciudad de México,Ciudad de México,Rock,False,False
1AfZk3_Gkeg3Etf,Undertale,https://www.ticketmaster.com.mx/undertale-mexico-04-10-2026/event/14006499B54A7A54,2026-10-04,19:00:00,America/Mexico_City,onsale,Undertale Symphony,Teatro Metropolitan,México,Ciudad de México,CDMX,Mexico,MX,19.433457,-99.146811,Music,Other,Other,Undefined,Undefined,False,OCESA,,,,Ticketmaster Discovery API,2026,10,October,1,Ciudad de México,Ciudad de México,Other,False,False
1kAZvNkpGA2r-7E,MXC Artist Page Event - DO NOT PURCHASE,https://www.ticketmaster.com.mx/mxc-artist-page-event-do-not-los-angeles-05-10-2026/event/140063196F7A1127,2026-10-05,19:08:00,America/Mexico_City,onsale,Test artist,Nenue test MTY,Los Angeles,Nuevo León,NL,Mexico,MX,,,Music,Pop,Pop,Undefined,Undefined,False,MONDIAL PRICE 1,,,,Ticketmaster Discovery API,2026,10,October,1,Los Angeles,Nuevo León,Pop,False,False
G5dVZ_aLNRh_Y,Rosana,https://www.ticketmaster.com.mx/rosana-ciudad-de-mexico-06-10-2026/event/3D006497E3BDB670,2026-10-06,20:30:00,America/Mexico_City,onsale,Rosana,Auditorio Nacional,Ciudad de México,Ciudad de México,CDMX,Mexico,MX,19.424648,-99.19484,Music,Ballads/Romantic,Ballads/Romantic,Undefined,Undefined,False,OCESA,,,,Ticketmaster Discovery API,2026,10,October,1,Ciudad de México,Ciudad de México,Ballads/Romantic,False,False
1AfZk3oGkd9pv69,Geese - Getting Killed Again Tour ,https://www.ticketmaster.com.mx/geese-getting-killed-again-tour-mexico-06-10-2026/event/14006491D75811D7,2026-10-06,21:00:00,America/Mexico_City,onsale,Geese,Teatro Metropolitan,México,Ciudad de México,CDMX,Mexico,MX,19.433457,-99.146811,Music,Rock,Alternative Rock,Undefined,Undefined,False,MONDIAL PRICE 1,,,,Ticketmaster Discovery API,2026,10,October,1,Ciudad de México,Ciudad de México,Rock,False,False
G5dVZ_FTJTaPs,NIC,https://www.ticketmaster.com.mx/nic-ciudad-de-mexico-07-10-2026/event/3D00648FE6FC9971,2026-10-07,21:00:00,America/Mexico_City,onsale,Nicole Zignago,El Lunario del Auditorio Nacional,Ciudad de México,Ciudad de México,CDMX,Mexico,MX,19.424682,-99.1954,Music,Pop,Pop,Undefined,Undefined,False,OCESA,,,,Ticketmaster Discovery API,2026,10,October,1,Ciudad de México,Ciudad de México,Pop,False,False
1Av8Z_7GkmnBF-0,Robbie Williams,https://www.ticketmaster.com.mx/robbie-williams-ciudad-de-mexico-07-10-2026/event/1400644BAAE88864,2026-10-07,20:00:00,America/Mexico_City,onsale,Robbie Williams,Palacio de los Deportes,Ciudad de México,Ciudad de México,CDMX,Mexico,MX,19.40154080,-99.09806060,Music,Rock,Pop,Undefined,Undefined,False,MONDIAL PRICE 1,,,,Ticketmaster Discovery API,2026,10,October,1,Ciudad de México,Ciudad de México,Rock,False,False
G5dVZ_1NXahLu,"Okills, 15 Años",https://www.ticketmaster.com.mx/okills-15-anos-ciudad-de-mexico-08-10-2026/event/3D0064A8FE25B7CD,2026-10-08,20:30:00,America/Mexico_City,onsale,Okills,El Lunario del Auditorio Nacional,Ciudad de México,Ciudad de México,CDMX,Mexico,MX,19.424682,-99.1954,Music,Rock,Alternative Rock,Undefined,Undefined,False,OCESA,,,,Ticketmaster Discovery API,2026,10,October,1,Ciudad de México,Ciudad de México,Rock,False,False
G5dVZ_AxH4dEB,Pablo Alborán,https://www.ticketmaster.com.mx/pablo-alboran-ciudad-de-mexico-08-10-2026/event/3D006458BC5439FA,2026-10-08,20:30:00,America/Mexico_City,onsale,Pablo Alboran,Auditorio Nacional,Ciudad de México,Ciudad de México,CDMX,Mexico,MX,19.424648,-99.19484,Music,Latin,Latin,Undefined,Undefined,False,OCESA,,,,Ticketmaster Discovery API,2026,10,October,1,Ciudad de México,Ciudad de México,Latin,False,False
1Av8Z_AGklIJVsg,Robbie Williams,https://www.ticketmaster.com.mx/robbie-williams-ciudad-de-mexico-08-10-2026/event/1400645AE89B4C75,2026-10-08,20:00:00,America/Mexico_City,onsale,Robbie Williams,Palacio de los Deportes,Ciudad de México,Ciudad de México,CDMX,Mexico,MX,19.40154080,-99.09806060,Music,Rock,Pop,Undefined,Undefined,False,OCESA,,,,Ticketmaster Discovery API,2026,10,October,1,Ciudad de México,Ciudad de México,Rock,False,False
1Av8Z_aGkwBX_Ok,Rosana,https://www.ticketmaster.com.mx/rosana-monterrey-08-10-2026/event/1400649CBAF99806,2026-10-08,21:00:00,America/Mexico_City,onsale,Rosana,Escenario GNP Seguros,Monterrey,Nuevo León,NL,Mexico,MX,25.666135,-100.316726,Music,Ballads/Romantic,Ballads/Romantic,Undefined,Undefined,False,MONDIAL PRICE 1,,,,Ticketmaster Discovery API,2026,10,October,1,Monterrey,Nuevo León,Ballads/Romantic,False,False
G5dVZ_dDZBQZR,Pablo Alboran,https://www.ticketmaster.com.mx/pablo-alboran-ciudad-de-mexico-09-10-2026/event/3D00643EC0E9A02F,2026-10-09,20:30:00,America/Mexico_City,onsale,Pablo Alboran,Auditorio Nacional,Ciudad de México,Ciudad de México,CDMX,Mexico,MX,19.424648,-99.19484,Music,Latin,Latin,Undefined,Undefined,False,OCESA,,,,Ticketmaster Discovery API,2026,10,October,1,Ciudad de México,Ciudad de México,Latin,False,False
G5dVZ_aLJ1DNY,Rosana,https://www.ticketmaster.com.mx/rosana-guadalajara-09-10-2026/event/3D006497E62BB8F0,2026-10-09,21:00:00,America/Mexico_City,onsale,Rosana,Teatro Diana (GDL),Guadalajara,Jalisco,JAL,Mexico,MX,20.665434,-103.349341,Music,Ballads/Romantic,Ballads/Romantic,Undefined,Undefined,False,OCESA,,,,Ticketmaster Discovery API,2026,10,October,1,Guadalajara,Jalisco,Ballads/Romantic,False,False
G5dVZ_1klnpzw,Liquits,https://www.ticketmaster.com.mx/liquits-mexico-09-10-2026/event/3D0064A1ABA96E32,2026-10-09,21:30:00,America/Mexico_City,onsale,Liquits,La Maraka,México,Ciudad de México,CDMX,Mexico,MX,19.38651080,-99.16317750,Music,Rock,Alternative Rock,Undefined,Undefined,False,MONDIAL PRICE 1,,,,Ticketmaster Discovery API,2026,10,October,1,Ciudad de México,Ciudad de México,Rock,False,False
1Av8Z_FGknXglKt,Alejandro Sanz,https://www.ticketmaster.com.mx/alejandro-sanz-ciudad-de-mexico-10-10-2026/event/1400648ABED6B4E9,2026-10-10,21:00:00,America/Mexico_City,onsale,Alejandro Sanz,Estadio GNP Seguros,Ciudad de México,Ciudad de México,CDMX,Mexico,MX,19.405199,-99.095618,Music,Latin,Latin,Undefined,Undefined,False,OCESA,,,,Ticketmaster Discovery API,2026,10,October,1,Ciudad de México,Ciudad de México,Latin,False,False
G5dVZ_1Jejxfo,Estelares,https://www.ticketmaster.com.mx/estelares-ciudad-de-mexico-10-10-2026/event/3D0064A982722511,2026-10-10,20:00:00,America/Mexico_City,onsale,Estelares,El Lunario del Auditorio Nacional,Ciudad de México,Ciudad de México,CDMX,Mexico,MX,19.424682,-99.1954,Music,Latin,Latin,Undefined,Undefined,False,OCESA,,,,Ticketmaster Discovery API,2026,10,October,1,Ciudad de México,Ciudad de México,Latin,False,False
1AfZk39GkeJU9J7,Monsieur Periné,https://www.ticketmaster.com.mx/monsieur-perine-mexico-10-10-2026/event/14006497A6D97984,2026-10-10,20:00:00,America/Mexico_City,onsale,Monsieur Perine,Teatro Metropolitan,México,Ciudad de México,CDMX,Mexico,MX,19.433457,-99.146811,Music,Jazz,Jazz,Undefined,Undefined,False,OCESA,,,,Ticketmaster Discovery API,2026,10,October,1,Ciudad de México,Ciudad de México,Jazz,False,False
G5dVZ_FxwRVf5,La Única Internacional Sonora Santanera Concierto Sinfónico,https://www.ticketmaster.com.mx/la-unica-internacional-sonora-santanera-concierto-ciudad-de-mexico-11-10-2026/event/3D006488B2BF450B,2026-10-11,18:00:00,America/Mexico_City,onsale,La Sonora Santanera,Auditorio Nacional,Ciudad de México,Ciudad de México,CDMX,Mexico,MX,19.424648,-99.19484,Music,Folk,Indie Folk,Undefined,Undefined,False,MONDIAL PRICE 1,,,,Ticketmaster Discovery API,2026,10,October,1,Ciudad de México,Ciudad de México,Folk,False,False
G5dVZ_FXCnxqy,NIC,https://www.ticketmaster.com.mx/nic-guadalajara-11-10-2026/event/3D00648F8EAA2779,2026-10-11,19:00:00,America/Mexico_City,onsale,Nicole Zignago,C3 Stage GDL,Guadalajara,Jalisco,JAL,Mexico,MX,20.674799,-103.369551,Music,Pop,Pop,Undefined,Undefined,False,OCESA,,,,Ticketmaster Discovery API,2026,10,October,1,Guadalajara,Jalisco,Pop,False,False
G5dVZ_aLYWj9Q,Leon Chavez Teixeiro,https://www.ticketmaster.com.mx/leon-chavez-teixeiro-mexico-11-10-2026/event/3D006497F0F5C5DA,2026-10-11,18:00:00,America/Mexico_City,onsale,,Teatro de la Ciudad Esperanza Iris,Mexico,Ciudad de México,CDMX,Mexico,MX,19.43669360,-99.13943750,Music,R&B,R&B,Undefined,Undefined,False,MONDIAL PRICE 3,,,,Ticketmaster Discovery API,2026,10,October,1,Ciudad de México,Ciudad de México,R&B,False,False
17AZv0G61p5U0KS,Natalia Lafourcade,https://www.ticketmaster.com.mx/natalia-lafourcade-mexico-11-10-2026/event/140064A58BDA44F3,2026-10-11,20:30:00,America/Mexico_City,onsale,Natalia Lafourcade,Teatro Metropolitan,México,Ciudad de México,CDMX,Mexico,MX,19.433457,-99.146811,Music,Latin,Latin,Undefined,Undefined,False,OCESA,,,,Ticketmaster Discovery API,2026,10,October,1,Ciudad de México,Ciudad de México,Latin,False,False
G5dVZ_73Lmx3O,Enrique Bunbury,https://www.ticketmaster.com.mx/enrique-bunbury-ciudad-de-mexico-12-10-2026/event/3D0064449FBA24A0,2026-10-12,20:30:00,America/Mexico_City,onsale,Bunbury,Auditorio Nacional,Ciudad de México,Ciudad de México,CDMX,Mexico,MX,19.424648,-99.19484,Music,Latin,Latin,Undefined,Undefined,False,OCESA,,,,Ticketmaster Discovery API,2026,10,October,1,Ciudad de México,Ciudad de México,Latin,False,False
1AfZk38Gkd-ilAI,Travis,https://www.ticketmaster.com.mx/travis-monterrey-12-10-2026/event/14006490E1B2B168,2026-10-12,21:00:00,America/Mexico_City,onsale,Travis,Escenario GNP Seguros,Monterrey,Nuevo León,NL,Mexico,MX,25.666135,-100.316726,Music,Rock,Pop,Undefined,Undefined,False,MONDIAL PRICE 1,,,,Ticketmaster Discovery API,2026,10,October,1,Monterrey,Nuevo León,Rock,False,False
17AZv0G61pGX7Q9,Natalia Lafourcade,https://www.ticketmaster.com.mx/natalia-lafourcade-mexico-12-10-2026/event/140064A58CF84697,2026-10-12,20:30:00,America/Mexico_City,onsale,Natalia Lafourcade,Teatro Metropolitan,México,Ciudad de México,CDMX,Mexico,MX,19.433457,-99.146811,Music,Latin,Latin,Undefined,Undefined,False,OCESA,,,,Ticketmaster Discovery API,2026,10,October,1,Ciudad de México,Ciudad de México,Latin,False,False
G5dVZ_drvRvxL,Hombres G,https://www.ticketmaster.com.mx/hombres-g-ciudad-de-mexico-13-10-2026/event/3D00643781BC189F,2026-10-13,20:30:00,America/Mexico_City,onsale,Hombres G,Auditorio Nacional,Ciudad de México,Ciudad de México,CDMX,Mexico,MX,19.424648,-99.19484,Music,Pop,Pop,Undefined,Undefined,False,OCESA,,,,Ticketmaster Discovery API,2026,10,October,1,Ciudad de México,Ciudad de México,Pop,False,False
1AfZkoPGkez0t06,Two Door Cinema Club,https://www.ticketmaster.com.mx/two-door-cinema-club-monterrey-13-10-2026/event/14006465B8929907,2026-10-13,21:00:00,America/Mexico_City,onsale,Two Door Cinema Club,Escenario GNP Seguros,Monterrey,Nuevo León,NL,Mexico,MX,25.666135,-100.316726,Music,Rock,Pop,Undefined,Undefined,False,MONDIAL PRICE 1,,,,Ticketmaster Discovery API,2026,10,October,1,Monterrey,Nuevo León,Rock,False,False
G5dVZ_dr7Dvl0,Hombres G,https://www.ticketmaster.com.mx/hombres-g-ciudad-de-mexico-14-10-2026/event/3D00643784EC1AE4,2026-10-14,20:30:00,America/Mexico_City,onsale,Hombres G,Auditorio Nacional,Ciudad de México,Ciudad de México,CDMX,Mexico,MX,19.424648,-99.19484,Music,Pop,Pop,Undefined,Undefined,False,OCESA,,,,Ticketmaster Discovery API,2026,10,October,1,Ciudad de México,Ciudad de México,Pop,False,False
1AfZk38GkdBtYYk,Travis,https://www.ticketmaster.com.mx/travis-mexico-14-10-2026/event/14006490FAA70C06,2026-10-14,21:00:00,America/Mexico_City,onsale,Travis,Pepsi Center,México,Ciudad de México,CDMX,Mexico,MX,19.39340970,-99.17581180,Music,Rock,Pop,Undefined,Undefined,False,OCESA,,,,Ticketmaster Discovery API,2026,10,October,1,Ciudad de México,Ciudad de México,Rock,False,False
1AfZkodGkdO7p30,Pablo Alboran,https://www.ticketmaster.com.mx/pablo-alboran-zapopan-14-10-2026/event/14006443E01164A4,2026-10-14,21:00:00,America/Mexico_City,onsale,Pablo Alboran,Auditorio Telmex,Zapopan,Jalisco,JAL,Mexico,MX,20.73324,-103.38112,Music,Latin,Latin,Undefined,Undefined,False,OCESA,,,,Ticketmaster Discovery API,2026,10,October,1,Zapopan,Jalisco,Latin,False,False
G5dVZ_73-we__,Enrique Bunbury,https://www.ticketmaster.com.mx/enrique-bunbury-ciudad-de-mexico-15-10-2026/event/3D006444A1C82659,2026-10-15,20:30:00,America/Mexico_City,onsale,Bunbury,Auditorio Nacional,Ciudad de México,Ciudad de México,CDMX,Mexico,MX,19.424648,-99.19484,Music,Latin,Latin,Undefined,Undefined,False,OCESA,,,,Ticketmaster Discovery API,2026,10,October,1,Ciudad de México,Ciudad de México,Latin,False,False
1Av8Z_dGkD357VU,Pablo Alboran,https://www.ticketmaster.com.mx/pablo-alboran-monterrey-15-10-2026/event/1400643ED22C4D36,2026-10-15,21:00:00,America/Mexico_City,onsale,Pablo Alboran,Auditorio Banamex,Monterrey,Nuevo León,NL,Mexico,MX,25.67765795,-100.28085777,Music,Latin,Latin,Undefined,Undefined,False,OCESA,,,,Ticketmaster Discovery API,2026,10,October,1,Monterrey,Nuevo León,Latin,False,False
1AfZkoPGkew4IVC,Two Door Cinema Club,https://www.ticketmaster.com.mx/two-door-cinema-club-mexico-15-10-2026/event/14006465B2568D0E,2026-10-15,21:00:00,America/Mexico_City,onsale,Two Door Cinema Club,Pepsi Center,México,Ciudad de México,CDMX,Mexico,MX,19.39340970,-99.17581180,Music,Rock,Pop,Undefined,Undefined,False,OCESA,,,,Ticketmaster Discovery API,2026,10,October,1,Ciudad de México,Ciudad de México,Rock,False,False
G5dVZ_1NpFFDk,OMD,https://www.ticketmaster.com.mx/omd-zapopan-15-10-2026/event/3D0064A8D6208EC6,2026-10-15,21:00:00,America/Mexico_City,onsale,OMD,Teatro Estudio Cavaret,Zapopan,Jalisco,JAL,Mexico,MX,20.736739,-103.378417,Music,Pop,Pop,Undefined,Undefined,False,OCESA,,,,Ticketmaster Discovery API,2026,10,October,1,Zapopan,Jalisco,Pop,False,False
G5dVZ_dr7DolJ,Hombres G,https://www.ticketmaster.com.mx/hombres-g-ciudad-de-mexico-16-10-2026/event/3D00643784ED1AE6,2026-10-16,20:30:00,America/Mexico_City,onsale,Hombres G,Auditorio Nacional,Ciudad de México,Ciudad de México,CDMX,Mexico,MX,19.424648,-99.19484,Music,Pop,Pop,Undefined,Undefined,False,OCESA,,,,Ticketmaster Discovery API,2026,10,October,1,Ciudad de México,Ciudad de México,Pop,False,False
1AfZkuyGkdZEXZj,Martin Garrix,https://www.ticketmaster.com.mx/martin-garrix-ciudad-de-mexico-16-10-2026/event/14006379C09FE01C,2026-10-16,20:00:00,America/Mexico_City,onsale,Martin Garrix,Palacio de los Deportes,Ciudad de México,Ciudad de México,CDMX,Mexico,MX,19.40154080,-99.09806060,Music,Pop,Electro Pop,Undefined,Undefined,False,OCESA,,,,Ticketmaster Discovery API,2026,10,October,1,Ciudad de México,Ciudad de México,Pop,False,False
1Av8ZbzGkmp05Uu,Enjambre,https://www.ticketmaster.com.mx/enjambre-monterrey-16-10-2026/event/1400638B9690BD8D,2026-10-16,21:00:00,America/Mexico_City,onsale,Enjambre,Auditorio Banamex,Monterrey,Nuevo León,NL,Mexico,MX,25.67765795,-100.28085777,Music,Latin,Latin,Undefined,Undefined,False,MONDIAL PRICE 1,,,,Ticketmaster Discovery API,2026,10,October,1,Monterrey,Nuevo León,Latin,False,False
G5dVZ_knzH7LU,Edén Muñoz,https://www.ticketmaster.com.mx/eden-munoz-mexico-16-10-2026/event/3D00646AB8F047F6,2026-10-16,21:00:00,America/Mexico_City,onsale,Edén Muñoz,Monumental Plaza De Toros México,México,Ciudad de México,CDMX,Mexico,MX,19.382954,-99.180087,Music,Latin,Latin,Undefined,Undefined,False,MONDIAL PRICE 1,,,,Ticketmaster Discovery API,2026,10,October,1,Ciudad de México,Ciudad de México,Latin,False,False
G5dVZ_am7IZD9,TrendLine,https://www.ticketmaster.com.mx/trendline-mexico-16-10-2026/event/3D00649B84A00ED7,2026-10-16,21:00:00,America/Mexico_City,onsale,TrendLine,Foro Red Access,México,Ciudad de México,CDMX,Mexico,MX,19.35677,-99.163341,Music,Ballads/Romantic,Ballads/Romantic,Undefined,Undefined,False,MONDIAL PRICE 1,,,,Ticketmaster Discovery API,2026,10,October,1,Ciudad de México,Ciudad de México,Ballads/Romantic,False,False
1AfZkoPGkeSQFHt,Two Door Cinema Club,https://www.ticketmaster.com.mx/two-door-cinema-club-mexico-16-10-2026/event/14006465B3688F29,2026-10-16,21:00:00,America/Mexico_City,onsale,Two Door Cinema Club,Pepsi Center,México,Ciudad de México,CDMX,Mexico,MX,19.39340970,-99.17581180,Music,Rock,Pop,Undefined,Undefined,False,OCESA,,,,Ticketmaster Discovery API,2026,10,October,1,Ciudad de México,Ciudad de México,Rock,False,False
16fZkoN-dZAGd77v,Caifanes,https://www.ticketmaster.com.mx/caifanes-zapopan-16-10-2026/event/14006463843B2330,2026-10-16,21:00:00,America/Mexico_City,onsale,Caifanes,Auditorio Telmex,Zapopan,Jalisco,JAL,Mexico,MX,20.73324,-103.38112,Music,Latin,Latin,Undefined,Undefined,False,OCESA,,,,Ticketmaster Discovery API,2026,10,October,1,Zapopan,Jalisco,Latin,False,False
G5dVZ_73-we_h,Enrique Bunbury,https://www.ticketmaster.com.mx/enrique-bunbury-ciudad-de-mexico-17-10-2026/event/3D006444A1C8265B,2026-10-17,20:30:00,America/Mexico_City,onsale,Bunbury,Auditorio Nacional,Ciudad de México,Ciudad de México,CDMX,Mexico,MX,19.424648,-99.19484,Music,Latin,Latin,Undefined,Undefined,False,OCESA,,,,Ticketmaster Discovery API,2026,10,October,1,Ciudad de México,Ciudad de México,Latin,False,False
1AfZkuyGkdvxr1A,Martin Garrix,https://www.ticketmaster.com.mx/martin-garrix-ciudad-de-mexico-17-10-2026/event/14006379C189E285,2026-10-17,20:00:00,America/Mexico_City,onsale,Martin Garrix,Palacio de los Deportes,Ciudad de México,Ciudad de México,CDMX,Mexico,MX,19.40154080,-99.09806060,Music,Pop,Electro Pop,Undefined,Undefined,False,OCESA,,,,Ticketmaster Discovery API,2026,10,October,1,Ciudad de México,Ciudad de México,Pop,False,False
G5dVZ_eJdNoOs,Melissa Aldana Quartet,https://www.ticketmaster.com.mx/melissa-aldana-quartet-mexico-17-10-2026/event/3D006429838D1831,2026-10-17,19:30:00,America/Mexico_City,onsale,Melissa Aldana,Teatro de la Ciudad Esperanza Iris,Mexico,Ciudad de México,CDMX,Mexico,MX,19.43669360,-99.13943750,Music,Jazz,Jazz,Undefined,Undefined,False,MONDIAL PRICE 1,,,,Ticketmaster Discovery API,2026,10,October,1,Ciudad de México,Ciudad de México,Jazz,False,False
G5dVZ_FUetYzn,Alejandro Sanz,https://www.ticketmaster.com.mx/alejandro-sanz-monterrey-17-10-2026/event/3D00648D82A70E2A,2026-10-17,21:00:00,America/Mexico_City,onsale,Alejandro Sanz,Estadio Borregos,Monterrey,Nuevo León,NL,Mexico,MX,25.65359730,-100.28543310,Music,Latin,Latin,Undefined,Undefined,False,MONDIAL PRICE 1,,,,Ticketmaster Discovery API,2026,10,October,1,Monterrey,Nuevo León,Latin,False,False
G5dVZ_eJwz48O,Edén Muñoz,https://www.ticketmaster.com.mx/eden-munoz-mexico-17-10-2026/event/3D006429B2E15420,2026-10-17,21:00:00,America/Mexico_City,onsale,Edén Muñoz,Monumental Plaza De Toros México,México,Ciudad de México,CDMX,Mexico,MX,19.382954,-99.180087,Music,Latin,Latin,Undefined,Undefined,False,MONDIAL PRICE 1,,,,Ticketmaster Discovery API,2026,10,October,1,Ciudad de México,Ciudad de México,Latin,False,False
G5dVZ_a156x-i,"Mariana Ochoa ""Amiga Tour""",https://www.ticketmaster.com.mx/mariana-ochoa-amiga-tour-mexico-17-10-2026/event/3D0064928B1E286C,2026-10-17,21:30:00,America/Mexico_City,onsale,Mariana Ochoa,La Maraka,México,Ciudad de México,CDMX,Mexico,MX,19.38651080,-99.16317750,Music,Latin,Latin,Undefined,Undefined,False,MONDIAL PRICE 1,,,,Ticketmaster Discovery API,2026,10,October,1,Ciudad de México,Ciudad de México,Latin,False,False
1Av8Z_kGkTQ6QWq,"Yolanda del Rio, El Gran Regreso",https://www.ticketmaster.com.mx/yolanda-del-rio-el-gran-regreso-mexico-17-10-2026/event/1400646FDA1DAF5D,2026-10-17,20:00:00,America/Mexico_City,onsale,Yolanda Del Rio,Teatro Metropolitan,México,Ciudad de México,CDMX,Mexico,MX,19.433457,-99.146811,Music,Latin,Latin,Undefined,Undefined,False,OCESA,,,,Ticketmaster Discovery API,2026,10,October,1,Ciudad de México,Ciudad de México,Latin,False,False
1Av8Z_aGkSxgXGM,Festival Nescafé Vaiven 2026 Banamex VIP,https://www.ticketmaster.com.mx/festival-nescafe-vaiven-2026-banamex-vip-tehuixtla-17-10-2026/event/1400649CE2D7E337,2026-10-17,15:00:00,America/Mexico_City,onsale,Festival Nescafé Vaivén 2026,Jardines de México,Tehuixtla,Morelos,MOR,Mexico,MX,18.607629,-99.291045,Music,Undefined,Undefined,Event Style,Festival,False,OCESA,,,,Ticketmaster Discovery API,2026,10,October,1,Tehuixtla,Morelos,Sin clasificar,True,False
1Av8Z_aGkwXmtTs,Festival Nescafé Vaiven 2026 Comfort,https://www.ticketmaster.com.mx/festival-nescafe-vaiven-2026-comfort-tehuixtla-17-10-2026/event/1400649CBEBA9FF1,2026-10-17,15:00:00,America/Mexico_City,onsale,Festival Nescafé Vaivén 2026,Jardines de México,Tehuixtla,Morelos,MOR,Mexico,MX,18.607629,-99.291045,Music,Undefined,Undefined,Event Style,Festival,False,OCESA,,,,Ticketmaster Discovery API,2026,10,October,1,Tehuixtla,Morelos,Sin clasificar,True,False
1Av8Z_aGkS-OXZ1,Festival Nescafé Vaiven 2026 General,https://www.ticketmaster.com.mx/festival-nescafe-vaiven-2026-general-tehuixtla-17-10-2026/event/1400649CE183E00A,2026-10-17,15:00:00,America/Mexico_City,onsale,Festival Nescafé Vaivén 2026,Jardines de México,Tehuixtla,Morelos,MOR,Mexico,MX,18.607629,-99.291045,Music,Undefined,Undefined,Event Style,Festival,False,OCESA,,,,Ticketmaster Discovery API,2026,10,October,1,Tehuixtla,Morelos,Sin clasificar,True,False
16v8Z_AC7G7IKSO,Caifanes,https://www.ticketmaster.com.mx/caifanes-zapopan-17-10-2026/event/1400645384A13CE0,2026-10-17,21:00:00,America/Mexico_City,onsale,Caifanes,Auditorio Telmex,Zapopan,Jalisco,JAL,Mexico,MX,20.73324,-103.38112,Music,Latin,Latin,Undefined,Undefined,False,OCESA,,,,Ticketmaster Discovery API,2026,10,October,1,Zapopan,Jalisco,Latin,False,False
G5dVZ_dr7D-li,Hombres G,https://www.ticketmaster.com.mx/hombres-g-ciudad-de-mexico-18-10-2026/event/3D00643784EE1AEC,2026-10-18,19:00:00,America/Mexico_City,onsale,Hombres G,Auditorio Nacional,Ciudad de México,Ciudad de México,CDMX,Mexico,MX,19.424648,-99.19484,Music,Pop,Pop,Undefined,Undefined,False,OCESA,,,,Ticketmaster Discovery API,2026,10,October,1,Ciudad de México,Ciudad de México,Pop,False,False
1Av8ZbMGknWKu-3,Consorcio En Concierto,https://www.ticketmaster.com.mx/consorcio-en-concierto-mexico-18-10-2026/event/1400637ABD4CD852,2026-10-18,17:00:00,America/Mexico_City,onsale,Consorcio En Concierto,Teatro Metropolitan,México,Ciudad de México,CDMX,Mexico,MX,19.433457,-99.146811,Music,Latin,Latin,Undefined,Undefined,False,OCESA,,,,Ticketmaster Discovery API,2026,10,October,1,Ciudad de México,Ciudad de México,Latin,False,False
G5dVZ_aUbOdw-,La Onda Vaselina,https://www.ticketmaster.com.mx/la-onda-vaselina-mexico-18-10-2026/event/3D00649D98803CA1,2026-10-18,13:00:00,America/Mexico_City,onsale,La Onda Vaselina,Foro Red Access,México,Ciudad de México,CDMX,Mexico,MX,19.35677,-99.163341,Music,Other,Other,Undefined,Undefined,False,MONDIAL PRICE 1,,,,Ticketmaster Discovery API,2026,10,October,1,Ciudad de México,Ciudad de México,Other,False,False
17AZv0G61NaSPa5,OMD,https://www.ticketmaster.com.mx/omd-mexico-18-10-2026/event/140064A8C9CE524B,2026-10-18,19:00:00,America/Mexico_City,onsale,OMD,Pepsi Center,México,Ciudad de México,CDMX,Mexico,MX,19.39340970,-99.17581180,Music,Pop,Pop,Undefined,Undefined,False,OCESA,,,,Ticketmaster Discovery API,2026,10,October,1,Ciudad de México,Ciudad de México,Pop,False,False
G5dVZ_73-ww_N,Enrique Bunbury,https://www.ticketmaster.com.mx/enrique-bunbury-ciudad-de-mexico-19-10-2026/event/3D006444A1CB2663,2026-10-19,20:30:00,America/Mexico_City,onsale,Bunbury,Auditorio Nacional,Ciudad de México,Ciudad de México,CDMX,Mexico,MX,19.424648,-99.19484,Music,Latin,Latin,Undefined,Undefined,False,OCESA,,,,Ticketmaster Discovery API,2026,10,October,1,Ciudad de México,Ciudad de México,Latin,False,False
1AfZk8MGke0P9c7,Hombres G,https://www.ticketmaster.com.mx/hombres-g-zapopan-20-10-2026/event/14006437A4957B44,2026-10-20,21:00:00,America/Mexico_City,onsale,Hombres G,Auditorio Telmex,Zapopan,Jalisco,JAL,Mexico,MX,20.73324,-103.38112,Music,Pop,Pop,Undefined,Undefined,False,OCESA,,,,Ticketmaster Discovery API,2026,10,October,1,Zapopan,Jalisco,Pop,False,False
1AfZk36GkeBD2eF,La Casetera 2026,https://www.ticketmaster.com.mx/la-casetera-2026-mexico-21-10-2026/event/14006487BAECF088,2026-10-21,20:30:00,America/Mexico_City,onsale,La Casetera,Teatro Metropolitan,México,Ciudad de México,CDMX,Mexico,MX,19.433457,-99.146811,Music,Latin,Latin,Undefined,Undefined,False,OCESA,,,,Ticketmaster Discovery API,2026,10,October,1,Ciudad de México,Ciudad de México,Latin,False,False
1AfZko7GkeiLthO,Enrique Bunbury,https://www.ticketmaster.com.mx/enrique-bunbury-zapopan-21-10-2026/event/14006444AC7E96E0,2026-10-21,21:00:00,America/Mexico_City,onsale,Bunbury,Auditorio Telmex,Zapopan,Jalisco,JAL,Mexico,MX,20.73324,-103.38112,Music,Latin,Latin,Undefined,Undefined,False,OCESA,,,,Ticketmaster Discovery API,2026,10,October,1,Zapopan,Jalisco,Latin,False,False
16v8Z_kQeG7UxfM,Bad Gyal,https://www.ticketmaster.com.mx/bad-gyal-ciudad-de-mexico-22-10-2026/event/1400646682DA2537,2026-10-22,20:00:00,America/Mexico_City,onsale,Bad Gyal,Palacio de los Deportes,Ciudad de México,Ciudad de México,CDMX,Mexico,MX,19.40154080,-99.09806060,Music,Reggae,Reggae,Undefined,Undefined,False,OCESA,,,,Ticketmaster Discovery API,2026,10,October,1,Ciudad de México,Ciudad de México,Reggae,False,False
1Av8Z_kGkwbOUPR,Jessie Ware: The Superbloom Tour,https://www.ticketmaster.com.mx/jessie-ware-the-superbloom-tour-mexico-22-10-2026/event/1400646C9883696F,2026-10-22,21:00:00,America/Mexico_City,onsale,"Jessie Ware, dhruv",Teatro Metropolitan,México,Ciudad de México,CDMX,Mexico,MX,19.433457,-99.146811,Music,Rock,Pop,Undefined,Undefined,False,OCESA,,,,Ticketmaster Discovery API,2026,10,October,1,Ciudad de México,Ciudad de México,Rock,False,False
G5dVZ_axecdcZ,Andres Obregon M&G y Palomazo acustico (boleto de evento no incluido),https://www.ticketmaster.com.mx/andres-obregon-mg-y-palomazo-acustico-ciudad-de-mexico-23-10-2026/event/3D00649882B43B40,2026-10-23,20:30:00,America/Mexico_City,onsale,Andrés Obregón,Auditorio Nacional,Ciudad de México,Ciudad de México,CDMX,Mexico,MX,19.424648,-99.19484,Miscellaneous,Undefined,Undefined,Upsell,Merchandise Voucher,False,MONDIAL PRICE 1,,,,Ticketmaster Discovery API,2026,10,October,1,Ciudad de México,Ciudad de México,Sin clasificar,False,False
G5dVZ_FXVYkUo,Andrés Obregón,https://www.ticketmaster.com.mx/andres-obregon-ciudad-de-mexico-23-10-2026/event/3D00648FB4C06D91,2026-10-23,20:30:00,America/Mexico_City,onsale,Andrés Obregón,Auditorio Nacional,Ciudad de México,Ciudad de México,CDMX,Mexico,MX,19.424648,-99.19484,Music,Ballads/Romantic,Ballads/Romantic,Undefined,Undefined,False,OCESA,,,,Ticketmaster Discovery API,2026,10,October,1,Ciudad de México,Ciudad de México,Ballads/Romantic,False,False
G5dVZ_akJW4Jx,Belako,https://www.ticketmaster.com.mx/belako-mexico-23-10-2026/event/3D006491A6F559A2,2026-10-23,20:30:00,America/Mexico_City,onsale,Belako,Foro Puebla,Mexico,Ciudad de México,CDMX,Mexico,MX,19.422158,-99.164129,Music,Pop,Pop,Undefined,Undefined,False,OCESA,,,,Ticketmaster Discovery API,2026,10,October,1,Ciudad de México,Ciudad de México,Pop,False,False
1AfZkoJGkdF7hya,Bad Gyal,https://www.ticketmaster.com.mx/bad-gyal-monterrey-23-10-2026/event/14006466C811BE49,2026-10-23,21:00:00,America/Mexico_City,onsale,Bad Gyal,Auditorio Banamex,Monterrey,Nuevo León,NL,Mexico,MX,25.67765795,-100.28085777,Music,Reggae,Reggae,Undefined,Undefined,False,OCESA,,,,Ticketmaster Discovery API,2026,10,October,1,Monterrey,Nuevo León,Reggae,False,False
1Av8Z_kGkw__pcE,Jessie Ware: The Superbloom Tour,https://www.ticketmaster.com.mx/jessie-ware-the-superbloom-tour-mexico-23-10-2026/event/1400646C99656B67,2026-10-23,21:00:00,America/Mexico_City,onsale,"Jessie Ware, dhruv",Teatro Metropolitan,México,Ciudad de México,CDMX,Mexico,MX,19.433457,-99.146811,Music,Rock,Pop,Undefined,Undefined,False,OCESA,,,,Ticketmaster Discovery API,2026,10,October,1,Ciudad de México,Ciudad de México,Rock,False,False
1AfZko7Gkec_aNS,Enrique Bunbury,https://www.ticketmaster.com.mx/enrique-bunbury-zapopan-23-10-2026/event/14006444AD6498F3,2026-10-23,21:00:00,America/Mexico_City,onsale,Bunbury,Auditorio Telmex,Zapopan,Jalisco,JAL,Mexico,MX,20.73324,-103.38112,Music,Latin,Latin,Undefined,Undefined,False,OCESA,,,,Ticketmaster Discovery API,2026,10,October,1,Zapopan,Jalisco,Latin,False,False
1AfZkoSGkdgaJGa,Fobia,https://www.ticketmaster.com.mx/fobia-ciudad-de-mexico-24-10-2026/event/14006473F5266309,2026-10-24,20:00:00,America/Mexico_City,onsale,Fobia,Palacio de los Deportes,Ciudad de México,Ciudad de México,CDMX,Mexico,MX,19.40154080,-99.09806060,Music,World,World,Undefined,Undefined,False,OCESA,,,,Ticketmaster Discovery API,2026,10,October,1,Ciudad de México,Ciudad de México,World,False,False
G5dVZ_adicjFn,Allison,https://www.ticketmaster.com.mx/allison-monterrey-24-10-2026/event/3D006490ECB5C22A,2026-10-24,21:00:00,America/Mexico_City,onsale,Allison,Café Iguana,Monterrey,Nuevo León,NL,Mexico,MX,25.666714,-100.307407,Music,Rock,Alternative Rock,Undefined,Undefined,False,MONDIAL PRICE 1,,,,Ticketmaster Discovery API,2026,10,October,1,Monterrey,Nuevo León,Rock,False,False
1Av8Z_6Gkwus7Tv,Los Angeles Azules,https://www.ticketmaster.com.mx/los-angeles-azules-monterrey-24-10-2026/event/1400647C8DC44FC1,2026-10-24,21:00:00,America/Mexico_City,onsale,Los Angeles Azules,Escenario GNP Seguros,Monterrey,Nuevo León,NL,Mexico,MX,25.666135,-100.316726,Music,Latin,Latin,Undefined,Undefined,False,MONDIAL PRICE 1,,,,Ticketmaster Discovery API,2026,10,October,1,Monterrey,Nuevo León,Latin,False,False
17AZv0G61xsqm6c,Cannons: The Everything Glows Tour,https://www.ticketmaster.com.mx/cannons-the-everything-glows-tour-mexico-24-10-2026/event/140064A8B176E1ED,2026-10-24,20:30:00,America/Mexico_City,onsale,Cannons,Pabellón del Palacio de los Deportes,México,Ciudad de México,CDMX,Mexico,MX,19.40154080,-99.09806060,Music,Rock,Punk,Undefined,Undefined,False,OCESA,,,,Ticketmaster Discovery API,2026,10,October,1,Ciudad de México,Ciudad de México,Rock,False,False
G5dVZ_669VzON,"Tatiana ""Retro Pop""",https://www.ticketmaster.com.mx/tatiana-retro-pop-mexico-24-10-2026/event/3D006471D7D38823,2026-10-24,21:30:00,America/Mexico_City,onsale,Tatiana,La Maraka,México,Ciudad de México,CDMX,Mexico,MX,19.38651080,-99.16317750,Music,Pop,Pop,Undefined,Undefined,False,MONDIAL PRICE 1,,,,Ticketmaster Discovery API,2026,10,October,1,Ciudad de México,Ciudad de México,Pop,False,False
G5dVZ_aQgopBb,Pimpinela,https://www.ticketmaster.com.mx/pimpinela-ciudad-de-mexico-25-10-2026/event/3D006496B5456E98,2026-10-25,19:00:00,America/Mexico_City,onsale,Pimpinela,Auditorio Nacional,Ciudad de México,Ciudad de México,CDMX,Mexico,MX,19.424648,-99.19484,Music,Latin,Latin,Undefined,Undefined,False,MONDIAL PRICE 1,,,,Ticketmaster Discovery API,2026,10,October,1,Ciudad de México,Ciudad de México,Latin,False,False
1Av8Z_7Gkl7_wwo,Romeo Santos & Prince Royce,https://www.ticketmaster.com.mx/romeo-santos-prince-royce-ciudad-de-mexico-25-10-2026/event/1400644AC4672C91,2026-10-25,19:00:00,America/Mexico_City,onsale,"Romeo Santos, Prince Royce",Palacio de los Deportes,Ciudad de México,Ciudad de México,CDMX,Mexico,MX,19.40154080,-99.09806060,Music,Latin,Latin,Undefined,Undefined,False,OCESA,,,,Ticketmaster Discovery API,2026,10,October,1,Ciudad de México,Ciudad de México,Latin,False,False
G5dVZ_FmK2e3r,Transmetal 40 Aniversario,https://www.ticketmaster.com.mx/transmetal-40-aniversario-ciudad-de-mexico-25-10-2026/event/3D00648B933C249E,2026-10-25,19:00:00,America/Mexico_City,onsale,Transmetal,El Lunario del Auditorio Nacional,Ciudad de México,Ciudad de México,CDMX,Mexico,MX,19.424682,-99.1954,Music,Metal,Nu-Metal,Undefined,Undefined,False,MONDIAL PRICE 1,,,,Ticketmaster Discovery API,2026,10,October,1,Ciudad de México,Ciudad de México,Metal,False,False
16fZkoJ0JZAG7Ga1,Bad Gyal,https://www.ticketmaster.com.mx/bad-gyal-zapopan-25-10-2026/event/14006466926B3B89,2026-10-25,20:00:00,America/Mexico_City,onsale,Bad Gyal,Auditorio Telmex,Zapopan,Jalisco,JAL,Mexico,MX,20.73324,-103.38112,Music,Reggae,Reggae,Undefined,Undefined,False,OCESA,,,,Ticketmaster Discovery API,2026,10,October,1,Zapopan,Jalisco,Reggae,False,False
1Av8Z_7GklkkKut,Romeo Santos & Prince Royce,https://www.ticketmaster.com.mx/romeo-santos-prince-royce-ciudad-de-mexico-26-10-2026/event/1400644AC6193369,2026-10-26,20:00:00,America/Mexico_City,onsale,"Romeo Santos, Prince Royce",Palacio de los Deportes,Ciudad de México,Ciudad de México,CDMX,Mexico,MX,19.40154080,-99.09806060,Music,Latin,Latin,Undefined,Undefined,False,OCESA,,,,Ticketmaster Discovery API,2026,10,October,1,Ciudad de México,Ciudad de México,Latin,False,False
1Av8Z_kGkBAXgcv,Aitana,https://www.ticketmaster.com.mx/aitana-monterrey-28-10-2026/event/1400646E85FB5B41,2026-10-28,21:00:00,America/Mexico_City,onsale,Aitana,Auditorio Banamex,Monterrey,Nuevo León,NL,Mexico,MX,25.67765795,-100.28085777,Music,Pop,Pop,Undefined,Undefined,False,OCESA,,,,Ticketmaster Discovery API,2026,10,October,1,Monterrey,Nuevo León,Pop,False,False
15v8Z_617AeOk,JIMMY SEA - AVOCEAN PHOTO (Boleto de evento no incluido),https://www.ticketmaster.com.mx/jimmy-sea-avocean-photo-boleto-de-mexico-28-10-2026/event/1400647284142806,2026-10-28,21:00:00,America/Mexico_City,onsale,Jimmy Sea,Teatro Metropolitan,México,Ciudad de México,CDMX,Mexico,MX,19.433457,-99.146811,Miscellaneous,Undefined,Undefined,Upsell,Merchandise Voucher,False,MONDIAL PRICE 1,,,,Ticketmaster Discovery API,2026,10,October,1,Ciudad de México,Ciudad de México,Sin clasificar,False,False
16fZkow-fZAud1Gd,JIMMY SEA - HI TOUCH JIMMY SEA (Boleto de evento no incluido),https://www.ticketmaster.com.mx/jimmy-sea-hi-touch-jimmy-sea-mexico-28-10-2026/event/14006472854C29B2,2026-10-28,21:00:00,America/Mexico_City,onsale,Jimmy Sea,Teatro Metropolitan,México,Ciudad de México,CDMX,Mexico,MX,19.433457,-99.146811,Miscellaneous,Undefined,Undefined,Upsell,Merchandise Voucher,False,MONDIAL PRICE 1,,,,Ticketmaster Discovery API,2026,10,October,1,Ciudad de México,Ciudad de México,Sin clasificar,False,False
16v8Z_616G7gxVD,JIMMY SEA - HI-BYE AVOCEAN (Boleto de evento no incluido),https://www.ticketmaster.com.mx/jimmy-sea-hibye-avocean-boleto-de-mexico-28-10-2026/event/1400647287D62D3B,2026-10-28,21:00:00,America/Mexico_City,onsale,Jimmy Sea,Teatro Metropolitan,México,Ciudad de México,CDMX,Mexico,MX,19.433457,-99.146811,Miscellaneous,Undefined,Undefined,Upsell,Merchandise Voucher,False,MONDIAL PRICE 1,,,,Ticketmaster Discovery API,2026,10,October,1,Ciudad de México,Ciudad de México,Sin clasificar,False,False
1AfZkosGkdzcd_1,JIMMY SEA FAMILY PRE-SIGNED POLAROID (Boleto de evento no incluido),https://www.ticketmaster.com.mx/jimmy-sea-family-presigned-polaroid-boleto-mexico-28-10-2026/event/14006471F8B4364A,2026-10-28,21:00:00,America/Mexico_City,onsale,Jimmy Sea,Teatro Metropolitan,México,Ciudad de México,CDMX,Mexico,MX,19.433457,-99.146811,Miscellaneous,Undefined,Undefined,Upsell,Merchandise Voucher,False,MONDIAL PRICE 1,,,,Ticketmaster Discovery API,2026,10,October,1,Ciudad de México,Ciudad de México,Sin clasificar,False,False
16fZkosZpZAuA2ed,JIMMY SEA PRE-SIGNED POLAROID (Boleto de evento no incluido),https://www.ticketmaster.com.mx/jimmy-sea-presigned-polaroid-boleto-de-mexico-28-10-2026/event/14006471016C4E12,2026-10-28,21:00:00,America/Mexico_City,onsale,Jimmy Sea,Teatro Metropolitan,México,Ciudad de México,CDMX,Mexico,MX,19.433457,-99.146811,Miscellaneous,Undefined,Undefined,Upsell,Merchandise Voucher,False,MONDIAL PRICE 1,,,,Ticketmaster Discovery API,2026,10,October,1,Ciudad de México,Ciudad de México,Sin clasificar,False,False
1Av8Z_kGkndR3gD,Jimmy Sea,https://www.ticketmaster.com.mx/jimmy-sea-mexico-28-10-2026/event/1400646A83BD2D7B,2026-10-28,21:00:00,America/Mexico_City,onsale,Jimmy Sea,Teatro Metropolitan,México,Ciudad de México,CDMX,Mexico,MX,19.433457,-99.146811,Music,Pop,Pop,Undefined,Undefined,False,OCESA,,,,Ticketmaster Discovery API,2026,10,October,1,Ciudad de México,Ciudad de México,Pop,False,False
G5dVZ_aJ1Yg9K,Entre Panas,https://www.ticketmaster.com.mx/entre-panas-ciudad-de-mexico-29-10-2026/event/3D0064998AC355D3,2026-10-29,20:30:00,America/Mexico_City,onsale,,El Lunario del Auditorio Nacional,Ciudad de México,Ciudad de México,CDMX,Mexico,MX,19.424682,-99.1954,Music,Other,Other,Undefined,Undefined,False,OCESA,,,,Ticketmaster Discovery API,2026,10,October,1,Ciudad de México,Ciudad de México,Other,False,False
G5dVZ_1pDZUtD,Jacinto,https://www.ticketmaster.com.mx/jacinto-col-centro-monterrey-29-10-2026/event/3D0064A5BB036A7B,2026-10-29,21:00:00,America/Mexico_City,onsale,Jacinto,Foro Corona Monterrey,Col. Centro Monterrey,Nuevo León,NL,Mexico,MX,25.66646204,-100.31681661,Music,Pop,Pop,Undefined,Undefined,False,MONDIAL PRICE 1,,,,Ticketmaster Discovery API,2026,10,October,1,Monterrey,Nuevo León,Pop,False,False
17AZvxG6C5rzNRV,Las Voces Más Arrolladoras,https://www.ticketmaster.com.mx/las-voces-mas-arrolladoras-mexico-29-10-2026/event/140062E2DEE23BF4,2026-10-29,20:30:00,America/Mexico_City,onsale,,Teatro Metropolitan,México,Ciudad de México,CDMX,Mexico,MX,19.433457,-99.146811,Music,Other,Other,Undefined,Undefined,False,OCESA,,,,Ticketmaster Discovery API,2026,10,October,1,Ciudad de México,Ciudad de México,Other,False,False
16v8Z_ax_G7cAxx,TIMO,https://www.ticketmaster.com.mx/timo-mexico-29-10-2026/event/1400649899B458A2,2026-10-29,21:00:00,America/Mexico_City,onsale,TIMO,Pepsi Center,México,Ciudad de México,CDMX,Mexico,MX,19.39340970,-99.17581180,Music,Pop,Pop,Undefined,Undefined,False,OCESA,,,,Ticketmaster Discovery API,2026,10,October,1,Ciudad de México,Ciudad de México,Pop,False,False
G5dVZ_1xfyVG-,Los Pericos,https://www.ticketmaster.com.mx/los-pericos-zapopan-29-10-2026/event/3D0064A894E74321,2026-10-29,21:00:00,America/Mexico_City,onsale,Los Pericos,Teatro Estudio Cavaret,Zapopan,Jalisco,JAL,Mexico,MX,20.736739,-103.378417,Music,Latin,Latin,Undefined,Undefined,False,OCESA,,,,Ticketmaster Discovery API,2026,10,October,1,Zapopan,Jalisco,Latin,False,False
1afZk3FxkjwZe2C,Lng/SHT,https://www.ticketmaster.com.mx/lngsht-mexico-30-10-2026/event/14006488886732ED,2026-10-30,20:30:00,America/Mexico_City,onsale,LNG/SHT,Pepsi Center,México,Ciudad de México,CDMX,Mexico,MX,19.39340970,-99.17581180,Music,Hip-Hop/Rap,Trap,Undefined,Undefined,False,OCESA,,,,Ticketmaster Discovery API,2026,10,October,1,Ciudad de México,Ciudad de México,Hip-Hop/Rap,False,False
1Av8Z_kGkBQ3nqN,Aitana,https://www.ticketmaster.com.mx/aitana-zapopan-30-10-2026/event/1400646E9A4AA763,2026-10-30,21:00:00,America/Mexico_City,onsale,Aitana,Auditorio Telmex,Zapopan,Jalisco,JAL,Mexico,MX,20.73324,-103.38112,Music,Pop,Pop,Undefined,Undefined,False,OCESA,,,,Ticketmaster Discovery API,2026,10,October,1,Zapopan,Jalisco,Pop,False,False
G5dVZ_7nifd0m,Versos Compartidos Fernando Delgadillo y Alejandro Filio,https://www.ticketmaster.com.mx/versos-compartidos-fernando-delgadillo-y-alejandro-guadalajara-31-10-2026/event/3D00644AAC50392E,2026-10-31,20:30:00,America/Mexico_City,onsale,"Fernando Delgadillo, Alejandro Filio",Teatro Diana (GDL),Guadalajara,Jalisco,JAL,Mexico,MX,20.665434,-103.349341,Music,World,Trova,Undefined,Undefined,False,MONDIAL PRICE 1,,,,Ticketmaster Discovery API,2026,10,October,1,Guadalajara,Jalisco,World,False,False
1AfZkaEGkd_lepK,Panteon Rococo,https://www.ticketmaster.com.mx/panteon-rococo-monterrey-31-10-2026/event/14006267D9AC2593,2026-10-31,21:00:00,America/Mexico_City,onsale,Panteon Rococo,Auditorio Banamex,Monterrey,Nuevo León,NL,Mexico,MX,25.67765795,-100.28085777,Music,Latin,Latin,Undefined,Undefined,False,OCESA,,,,Ticketmaster Discovery API,2026,10,October,1,Monterrey,Nuevo León,Latin,False,False
1Av8Z_kGkn8F7dF,"Ídolos del Corazón con los Terrícolas, Los Bryos y Los Solitarios",https://www.ticketmaster.com.mx/idolos-del-corazon-con-los-terricolas-monterrey-31-10-2026/event/1400646A902040C8,2026-10-31,20:00:00,America/Mexico_City,onsale,,Escenario GNP Seguros,Monterrey,Nuevo León,NL,Mexico,MX,25.666135,-100.316726,Music,Ballads/Romantic,Ballads/Romantic,Undefined,Undefined,False,MONDIAL PRICE 1,,,,Ticketmaster Discovery API,2026,10,October,1,Monterrey,Nuevo León,Ballads/Romantic,False,False
1Av8ZbzGkR8NPDJ,Event for Cashless * DO NOT PURCHASE,https://www.ticketmaster.com.mx/event-for-cashless-do-not-purchase-ciudad-de-mexico-01-11-2026/event/1400638BD08E5EE6,2026-11-01,22:02:00,America/Mexico_City,onsale,Test artist,Palacio de los Deportes,Ciudad de México,Ciudad de México,CDMX,Mexico,MX,19.40154080,-99.09806060,Music,Pop,Pop,Undefined,Undefined,False,,,,,Ticketmaster Discovery API,2026,11,November,1,Ciudad de México,Ciudad de México,Pop,False,False
G5dVZ_ak-WA2o,Lila Downs,https://www.ticketmaster.com.mx/lila-downs-ciudad-de-mexico-01-11-2026/event/3D006491A1F453D1,2026-11-01,19:00:00,America/Mexico_City,onsale,Lila Downs,Auditorio Nacional,Ciudad de México,Ciudad de México,CDMX,Mexico,MX,19.424648,-99.19484,Music,World,World,Undefined,Undefined,False,OCESA,,,,Ticketmaster Discovery API,2026,11,November,1,Ciudad de México,Ciudad de México,World,False,False
17AZvxG6G9u63W6,CCPER-2839 Event to check Allianz Insurance,https://www.ticketmaster.com.mx/ccper2839-event-to-check-allianz-insurance-los-angeles-01-11-2026/event/140062C5CD1D2F47,2026-11-01,21:00:00,America/Mexico_City,onsale,,Nenue test MTY,Los Angeles,Nuevo León,NL,Mexico,MX,,,Music,Rock,Pop,Undefined,Undefined,False,,,,,Ticketmaster Discovery API,2026,11,November,1,Los Angeles,Nuevo León,Rock,False,False
G5dVZ_6kLyAIB,Aitana,https://www.ticketmaster.com.mx/aitana-ciudad-de-mexico-06-11-2026/event/3D0064719FE45A3A,2026-11-06,20:30:00,America/Mexico_City,onsale,Aitana,Auditorio Nacional,Ciudad de México,Ciudad de México,CDMX,Mexico,MX,19.424648,-99.19484,Music,Pop,Pop,Undefined,Undefined,False,OCESA,,,,Ticketmaster Discovery API,2026,11,November,1,Ciudad de México,Ciudad de México,Pop,False,False
1AfZk3eGkeBi9id,Morat,https://www.ticketmaster.com.mx/morat-ciudad-de-mexico-06-11-2026/event/14006482BAB17B03,2026-11-06,20:00:00,America/Mexico_City,onsale,Morat,Palacio de los Deportes,Ciudad de México,Ciudad de México,CDMX,Mexico,MX,19.40154080,-99.09806060,Music,Pop,Pop,Undefined,Undefined,False,MONDIAL PRICE 1,,,,Ticketmaster Discovery API,2026,11,November,1,Ciudad de México,Ciudad de México,Pop,False,False
G5dVZ_FD0l9GE,"Karol G, Viajando por el mundo, Tropitour",https://www.ticketmaster.com.mx/karol-g-viajando-por-el-mundo-guadalupe-06-11-2026/event/3D00648EE4AD7327,2026-11-06,21:00:00,America/Mexico_City,onsale,Karol G,Estadio BBVA,Guadalupe,Nuevo León,NL,Mexico,MX,25.669187,-100.24442,Music,Latin,Latin,Undefined,Undefined,False,OCESA,,,,Ticketmaster Discovery API,2026,11,November,1,Guadalupe,Nuevo León,Latin,False,False
1AfZk8YGkeYdM9k,Rubio,https://www.ticketmaster.com.mx/rubio-mexico-06-11-2026/event/14006430B00F75C6,2026-11-06,20:00:00,America/Mexico_City,onsale,Rubio,Auditorio BB,México,Ciudad de México,CDMX,Mexico,MX,19.40806960,-99.16787720,Music,Latin,Latin,Undefined,Undefined,False,OCESA,,,,Ticketmaster Discovery API,2026,11,November,1,Ciudad de México,Ciudad de México,Latin,False,False
1Av8Z_aGkUjPgMJ,Serbia en CDMX,https://www.ticketmaster.com.mx/serbia-en-cdmx-mexico-06-11-2026/event/1400649D9C975DE6,2026-11-06,21:00:00,America/Mexico_City,onsale,Serbia,Teatro Metropolitan,México,Ciudad de México,CDMX,Mexico,MX,19.433457,-99.146811,Music,Rock,Alternative Rock,Undefined,Undefined,False,OCESA,,,,Ticketmaster Discovery API,2026,11,November,1,Ciudad de México,Ciudad de México,Rock,False,False
G5dVZ_6k-2AV4,Aitana,https://www.ticketmaster.com.mx/aitana-ciudad-de-mexico-07-11-2026/event/3D006471A13C5D15,2026-11-07,20:00:00,America/Mexico_City,onsale,Aitana,Auditorio Nacional,Ciudad de México,Ciudad de México,CDMX,Mexico,MX,19.424648,-99.19484,Music,Pop,Pop,Undefined,Undefined,False,OCESA,,,,Ticketmaster Discovery API,2026,11,November,1,Ciudad de México,Ciudad de México,Pop,False,False
1AfZk3eGkeDJEUx,Morat,https://www.ticketmaster.com.mx/morat-ciudad-de-mexico-07-11-2026/event/14006482BB9A7DA2,2026-11-07,20:00:00,America/Mexico_City,onsale,Morat,Palacio de los Deportes,Ciudad de México,Ciudad de México,CDMX,Mexico,MX,19.40154080,-99.09806060,Music,Pop,Pop,Undefined,Undefined,False,MONDIAL PRICE 1,,,,Ticketmaster Discovery API,2026,11,November,1,Ciudad de México,Ciudad de México,Pop,False,False
G5dVZ_FDJAM8C,"Karol G, Viajando por el mundo, Tropitour",https://www.ticketmaster.com.mx/karol-g-viajando-por-el-mundo-guadalupe-07-11-2026/event/3D00648EE617740E,2026-11-07,21:00:00,America/Mexico_City,onsale,Karol G,Estadio BBVA,Guadalupe,Nuevo León,NL,Mexico,MX,25.669187,-100.24442,Music,Latin,Latin,Undefined,Undefined,False,OCESA,,,,Ticketmaster Discovery API,2026,11,November,1,Guadalupe,Nuevo León,Latin,False,False
17AZv0G613ToQTM,Elías Medina,https://www.ticketmaster.com.mx/elias-medina-monterrey-07-11-2026/event/140064A4BF45AFF7,2026-11-07,21:00:00,America/Mexico_City,offsale,Elías Medina,Escenario GNP Seguros,Monterrey,Nuevo León,NL,Mexico,MX,25.666135,-100.316726,Music,Pop,Pop,Undefined,Undefined,False,MONDIAL PRICE 1,,,,Ticketmaster Discovery API,2026,11,November,1,Monterrey,Nuevo León,Pop,False,False
G5dVZ_aR-yAvz,Intocable,https://www.ticketmaster.com.mx/intocable-monterrey-07-11-2026/event/3D00649BE1E45078,2026-11-07,21:00:00,America/Mexico_City,onsale,Intocable,Estadio Borregos,Monterrey,Nuevo León,NL,Mexico,MX,25.65359730,-100.28543310,Music,Latin,Latin,Undefined,Undefined,False,MONDIAL PRICE 1,,,,Ticketmaster Discovery API,2026,11,November,1,Monterrey,Nuevo León,Latin,False,False
G5dVZ_FmDm0iJ,"Tragico Ballet ""25 Aniversario""",https://www.ticketmaster.com.mx/tragico-ballet-25-aniversario-mexico-07-11-2026/event/3D00648BBBBA4B26,2026-11-07,21:00:00,America/Mexico_City,onsale,,La Maraka,México,Ciudad de México,CDMX,Mexico,MX,19.38651080,-99.16317750,Music,Rock,Alternative Rock,Undefined,Undefined,False,MONDIAL PRICE 1,,,,Ticketmaster Discovery API,2026,11,November,1,Ciudad de México,Ciudad de México,Rock,False,False
1AfZk3eGkeDJMU0,Morat,https://www.ticketmaster.com.mx/morat-ciudad-de-mexico-08-11-2026/event/14006482BB9B7DA4,2026-11-08,19:00:00,America/Mexico_City,onsale,Morat,Palacio de los Deportes,Ciudad de México,Ciudad de México,CDMX,Mexico,MX,19.40154080,-99.09806060,Music,Pop,Pop,Undefined,Undefined,False,MONDIAL PRICE 1,,,,Ticketmaster Discovery API,2026,11,November,1,Ciudad de México,Ciudad de México,Pop,False,False
G5dVZ_FDJk688,"Karol G, Viajando por el mundo, Tropitour",https://www.ticketmaster.com.mx/karol-g-viajando-por-el-mundo-guadalupe-08-11-2026/event/3D00648EE6187410,2026-11-08,20:00:00,America/Mexico_City,onsale,Karol G,Estadio BBVA,Guadalupe,Nuevo León,NL,Mexico,MX,25.669187,-100.24442,Music,Latin,Latin,Undefined,Undefined,False,OCESA,,,,Ticketmaster Discovery API,2026,11,November,1,Guadalupe,Nuevo León,Latin,False,False
16v8Z_6peG7Rw_9,ZZ Top,https://www.ticketmaster.com.mx/zz-top-zapopan-09-11-2026/event/1400647582BF2657,2026-11-09,21:00:00,America/Mexico_City,onsale,ZZ Top,Auditorio Telmex,Zapopan,Jalisco,JAL,Mexico,MX,20.73324,-103.38112,Music,Rock,Pop,Undefined,Undefined,False,OCESA,,,,Ticketmaster Discovery API,2026,11,November,1,Zapopan,Jalisco,Rock,False,False
G5dVZ_6p7b3c_,ZZ Top,https://www.ticketmaster.com.mx/zz-top-ciudad-de-mexico-11-11-2026/event/3D00647584612B59,2026-11-11,21:00:00,America/Mexico_City,onsale,ZZ Top,Auditorio Nacional,Ciudad de México,Ciudad de México,CDMX,Mexico,MX,19.424648,-99.19484,Music,Rock,Pop,Undefined,Undefined,False,OCESA,,,,Ticketmaster Discovery API,2026,11,November,1,Ciudad de México,Ciudad de México,Rock,False,False
G5dVZ_dQ5rx44,Elefante: 30 Aniversario,https://www.ticketmaster.com.mx/elefante-30-aniversario-ciudad-de-mexico-12-11-2026/event/3D0064368B7A2555,2026-11-12,20:30:00,America/Mexico_City,onsale,Elefante,Auditorio Nacional,Ciudad de México,Ciudad de México,CDMX,Mexico,MX,19.424648,-99.19484,Music,Latin,Latin,Undefined,Undefined,False,MONDIAL PRICE 1,,,,Ticketmaster Discovery API,2026,11,November,1,Ciudad de México,Ciudad de México,Latin,False,False
1AfZk3eGkeDJMUJ,Morat,https://www.ticketmaster.com.mx/morat-ciudad-de-mexico-12-11-2026/event/14006482BB9B7DA6,2026-11-12,20:00:00,America/Mexico_City,onsale,Morat,Palacio de los Deportes,Ciudad de México,Ciudad de México,CDMX,Mexico,MX,19.40154080,-99.09806060,Music,Pop,Pop,Undefined,Undefined,False,MONDIAL PRICE 1,,,,Ticketmaster Discovery API,2026,11,November,1,Ciudad de México,Ciudad de México,Pop,False,False
16v8Z_kQAG7Bx0e,Siddhartha,https://www.ticketmaster.com.mx/siddhartha-monterrey-12-11-2026/event/1400646685EA2902,2026-11-12,21:00:00,America/Mexico_City,onsale,Siddhartha,Auditorio Banamex,Monterrey,Nuevo León,NL,Mexico,MX,25.67765795,-100.28085777,Music,Rock,Alternative Rock,Undefined,Undefined,False,MONDIAL PRICE 1,,,,Ticketmaster Discovery API,2026,11,November,1,Monterrey,Nuevo León,Rock,False,False
1Av8Z_kGknv53IF,"Karol G, Viajando por el mundo, Tropitour",https://www.ticketmaster.com.mx/karol-g-viajando-por-el-mundo-ciudad-de-mexico-13-11-2026/event/1400646A812D2A08,2026-11-13,21:00:00,America/Mexico_City,onsale,Karol G,Estadio GNP Seguros,Ciudad de México,Ciudad de México,CDMX,Mexico,MX,19.405199,-99.095618,Music,Latin,Latin,Undefined,Undefined,False,OCESA,,,,Ticketmaster Discovery API,2026,11,November,1,Ciudad de México,Ciudad de México,Latin,False,False
G5dVZ_A1YCxRq,Majo Aguilar,https://www.ticketmaster.com.mx/majo-aguilar-ciudad-de-mexico-13-11-2026/event/3D006452B03A2BDD,2026-11-13,20:30:00,America/Mexico_City,onsale,Majo Aguilar,Auditorio Nacional,Ciudad de México,Ciudad de México,CDMX,Mexico,MX,19.424648,-99.19484,Music,Hip-Hop/Rap,Reggaeton,Undefined,Undefined,False,OCESA,,,,Ticketmaster Discovery API,2026,11,November,1,Ciudad de México,Ciudad de México,Hip-Hop/Rap,False,False
1AfZk3eGkeDtEUW,Morat,https://www.ticketmaster.com.mx/morat-ciudad-de-mexico-13-11-2026/event/14006482BBA67DBD,2026-11-13,20:00:00,America/Mexico_City,onsale,Morat,Palacio de los Deportes,Ciudad de México,Ciudad de México,CDMX,Mexico,MX,19.40154080,-99.09806060,Music,Pop,Pop,Undefined,Undefined,False,MONDIAL PRICE 1,,,,Ticketmaster Discovery API,2026,11,November,1,Ciudad de México,Ciudad de México,Pop,False,False
1AfZkoVGkdOeqr8,ZZ Top,https://www.ticketmaster.com.mx/zz-top-monterrey-13-11-2026/event/14006474E009D790,2026-11-13,21:00:00,America/Mexico_City,onsale,ZZ Top,Auditorio Banamex,Monterrey,Nuevo León,NL,Mexico,MX,25.67765795,-100.28085777,Music,Rock,Pop,Undefined,Undefined,False,OCESA,,,,Ticketmaster Discovery API,2026,11,November,1,Monterrey,Nuevo León,Rock,False,False
16fZkoo-IZAG7Aae,El Kanka,https://www.ticketmaster.com.mx/el-kanka-mexico-13-11-2026/event/14006451868B3481,2026-11-13,20:30:00,America/Mexico_City,onsale,El Kanka,Teatro Metropolitan,México,Ciudad de México,CDMX,Mexico,MX,19.433457,-99.146811,Music,Pop,Pop,Undefined,Undefined,False,OCESA,,,,Ticketmaster Discovery API,2026,11,November,1,Ciudad de México,Ciudad de México,Pop,False,False
G5dVZ_am7I8Dj,TrendLine,https://www.ticketmaster.com.mx/trendline-mexico-13-11-2026/event/3D00649B84A10EDC,2026-11-13,21:00:00,America/Mexico_City,onsale,TrendLine,Foro Red Access,México,Ciudad de México,CDMX,Mexico,MX,19.35677,-99.163341,Music,Ballads/Romantic,Ballads/Romantic,Undefined,Undefined,False,MONDIAL PRICE 1,,,,Ticketmaster Discovery API,2026,11,November,1,Ciudad de México,Ciudad de México,Ballads/Romantic,False,False
1Av8Z_aGkBP3B2T,Daniel Boaventura,https://www.ticketmaster.com.mx/daniel-boaventura-zapopan-13-11-2026/event/1400649EA54BA3FF,2026-11-13,21:00:00,America/Mexico_City,onsale,Daniele di Bonaventura,Auditorio Telmex,Zapopan,Jalisco,JAL,Mexico,MX,20.73324,-103.38112,Music,Jazz,Jazz,Undefined,Undefined,False,MONDIAL PRICE 1,,,,Ticketmaster Discovery API,2026,11,November,1,Zapopan,Jalisco,Jazz,False,False
1Av8Z_kGknefxRa,"Karol G, Viajando por el mundo, Tropitour",https://www.ticketmaster.com.mx/karol-g-viajando-por-el-mundo-ciudad-de-mexico-14-11-2026/event/1400646A82522BC9,2026-11-14,21:00:00,America/Mexico_City,onsale,Karol G,Estadio GNP Seguros,Ciudad de México,Ciudad de México,CDMX,Mexico,MX,19.405199,-99.095618,Music,Latin,Latin,Undefined,Undefined,False,OCESA,,,,Ticketmaster Discovery API,2026,11,November,1,Ciudad de México,Ciudad de México,Latin,False,False
1AfZk3eGkeDtEUT,Morat,https://www.ticketmaster.com.mx/morat-ciudad-de-mexico-14-11-2026/event/14006482BBA67DBF,2026-11-14,20:00:00,America/Mexico_City,onsale,Morat,Palacio de los Deportes,Ciudad de México,Ciudad de México,CDMX,Mexico,MX,19.40154080,-99.09806060,Music,Pop,Pop,Undefined,Undefined,False,MONDIAL PRICE 1,,,,Ticketmaster Discovery API,2026,11,November,1,Ciudad de México,Ciudad de México,Pop,False,False
15v8Z_7QbF43b,Matute - Disco Stereo Tour,https://www.ticketmaster.com.mx/matute-disco-stereo-tour-monterrey-14-11-2026/event/1400644698215498,2026-11-14,21:00:00,America/Mexico_City,onsale,Matute,Escenario GNP Seguros,Monterrey,Nuevo León,NL,Mexico,MX,25.666135,-100.316726,Music,Other,Other,Undefined,Undefined,False,MONDIAL PRICE 1,,,,Ticketmaster Discovery API,2026,11,November,1,Monterrey,Nuevo León,Other,False,False
G5dVZ_1kyjEzA,Daniel Boaventura Sinfónico,https://www.ticketmaster.com.mx/daniel-boaventura-sinfonico-ciudad-de-mexico-15-11-2026/event/3D0064A1B9727E05,2026-11-15,19:00:00,America/Mexico_City,onsale,Daniel Boaventura,Auditorio Nacional,Ciudad de México,Ciudad de México,CDMX,Mexico,MX,19.424648,-99.19484,Music,Ballads/Romantic,Ballads/Romantic,Undefined,Undefined,False,MONDIAL PRICE 1,,,,Ticketmaster Discovery API,2026,11,November,1,Ciudad de México,Ciudad de México,Ballads/Romantic,False,False
1Av8Z_kGknefwR5,"Karol G, Viajando por el mundo, Tropitour",https://www.ticketmaster.com.mx/karol-g-viajando-por-el-mundo-ciudad-de-mexico-15-11-2026/event/1400646A82532BCB,2026-11-15,21:00:00,America/Mexico_City,onsale,Karol G,Estadio GNP Seguros,Ciudad de México,Ciudad de México,CDMX,Mexico,MX,19.405199,-99.095618,Music,Latin,Latin,Undefined,Undefined,False,OCESA,,,,Ticketmaster Discovery API,2026,11,November,1,Ciudad de México,Ciudad de México,Latin,False,False
1Av8Z_7GkmWWnsy,La Caravana del Amor,https://www.ticketmaster.com.mx/la-caravana-del-amor-monterrey-15-11-2026/event/1400644BBDF6AC79,2026-11-15,19:00:00,America/Mexico_City,onsale,,Escenario GNP Seguros,Monterrey,Nuevo León,NL,Mexico,MX,25.666135,-100.316726,Music,Ballads/Romantic,Ballads/Romantic,Undefined,Undefined,False,MONDIAL PRICE 1,,,,Ticketmaster Discovery API,2026,11,November,1,Monterrey,Nuevo León,Ballads/Romantic,False,False
G5dVZ_akOa4k3,Jerry Rivera.,https://www.ticketmaster.com.mx/jerry-rivera-ciudad-de-mexico-17-11-2026/event/3D006491A0255192,2026-11-17,20:30:00,America/Mexico_City,onsale,Jerry Rivera,Auditorio Nacional,Ciudad de México,Ciudad de México,CDMX,Mexico,MX,19.424648,-99.19484,Music,Latin,Latin,Undefined,Undefined,False,MONDIAL PRICE 1,,,,Ticketmaster Discovery API,2026,11,November,1,Ciudad de México,Ciudad de México,Latin,False,False
17AZv0G61M-Mqwh,Mon Laferte,https://www.ticketmaster.com.mx/mon-laferte-monterrey-17-11-2026/event/140064ADE1DDDC9B,2026-11-17,21:00:00,America/Mexico_City,offsale,Mon Laferte,Auditorio Banamex,Monterrey,Nuevo León,NL,Mexico,MX,25.67765795,-100.28085777,Music,Pop,Pop,Undefined,Undefined,False,MONDIAL PRICE 1,,,,Ticketmaster Discovery API,2026,11,November,1,Monterrey,Nuevo León,Pop,False,False
G5dVZ_1Me6trr,Cafres y Estrambóticos,https://www.ticketmaster.com.mx/cafres-y-estramboticos-ciudad-de-mexico-19-11-2026/event/3D0064ADC21E979E,2026-11-19,20:30:00,America/Mexico_City,offsale,Los Cafres,Auditorio Nacional,Ciudad de México,Ciudad de México,CDMX,Mexico,MX,19.424648,-99.19484,Music,Reggae,Reggae,Undefined,Undefined,False,OCESA,,,,Ticketmaster Discovery API,2026,11,November,1,Ciudad de México,Ciudad de México,Reggae,False,False
1Av8Z_kGkU6hVzv,Los Auténticos Caligaris,https://www.ticketmaster.com.mx/los-autenticos-caligaris-monterrey-20-11-2026/event/1400646D876F4E01,2026-11-20,21:00:00,America/Mexico_City,onsale,"Los Autenticos Caligaris, Los Auténticos Decadentes, Los Caligaris",Auditorio Banamex,Monterrey,Nuevo León,NL,Mexico,MX,25.67765795,-100.28085777,Music,Rock,Pop,Undefined,Undefined,False,MONDIAL PRICE 1,,,,Ticketmaster Discovery API,2026,11,November,1,Monterrey,Nuevo León,Rock,False,False
1AfZk39Gkdm8Smh,Abono General Time Warp,https://www.ticketmaster.com.mx/abono-general-time-warp-mexico-20-11-2026/event/14006497EE433B9B,2026-11-20,,America/Mexico_City,onsale,Time Warp,Expo Santa Fe,México,Ciudad de México,CDMX,Mexico,MX,19.36337191,-99.26287561,Music,Undefined,Undefined,Group,Tribute Band,False,OCESA,,,,Ticketmaster Discovery API,2026,11,November,1,Ciudad de México,Ciudad de México,Sin clasificar,False,False
1AfZk3bGkdb4mzY,Abono STAGE Time Warp,https://www.ticketmaster.com.mx/abono-stage-time-warp-mexico-20-11-2026/event/14006498D856EE30,2026-11-20,,America/Mexico_City,onsale,Time Warp,Expo Santa Fe,México,Ciudad de México,CDMX,Mexico,MX,19.36337191,-99.26287561,Music,Undefined,Undefined,Group,Tribute Band,False,OCESA,,,,Ticketmaster Discovery API,2026,11,November,1,Ciudad de México,Ciudad de México,Sin clasificar,False,False
G5dVZ_F6tnUA-,Morat,https://www.ticketmaster.com.mx/morat-tlajomulco-de-zuniga-20-11-2026/event/3D006481E9AB6161,2026-11-20,21:00:00,America/Mexico_City,onsale,Morat,Arena VFG,Tlajomulco de Zuñiga,Jalisco,JAL,Mexico,MX,20.467193,-103.263489,Music,Pop,Pop,Undefined,Undefined,False,OCESA,,,,Ticketmaster Discovery API,2026,11,November,1,Tlajomulco de Zuñiga,Jalisco,Pop,False,False
16v8Z_FJ_G7Yp70,Enjambre,https://www.ticketmaster.com.mx/enjambre-zapopan-20-11-2026/event/1400648999C16124,2026-11-20,21:00:00,America/Mexico_City,onsale,Enjambre,Auditorio Telmex,Zapopan,Jalisco,JAL,Mexico,MX,20.73324,-103.38112,Music,Latin,Latin,Undefined,Undefined,False,MONDIAL PRICE 1,,,,Ticketmaster Discovery API,2026,11,November,1,Zapopan,Jalisco,Latin,False,False
G5dVZ_1p0IgFJ,Luisa Vox,https://www.ticketmaster.com.mx/luisa-vox-col-centro-monterrey-21-11-2026/event/3D0064A5A4A35226,2026-11-21,21:00:00,America/Mexico_City,onsale,Luisa Vox,Foro Corona Monterrey,Col. Centro Monterrey,Nuevo León,NL,Mexico,MX,25.66646204,-100.31681661,Music,Rock,Pop,Undefined,Undefined,False,MONDIAL PRICE 3,,,,Ticketmaster Discovery API,2026,11,November,1,Monterrey,Nuevo León,Rock,False,False
G5dVZ_eJ3nx0r,Christian Sands Quartet,https://www.ticketmaster.com.mx/christian-sands-quartet-mexico-21-11-2026/event/3D00642992AA291E,2026-11-21,19:30:00,America/Mexico_City,onsale,Christian Sands,Teatro de la Ciudad Esperanza Iris,Mexico,Ciudad de México,CDMX,Mexico,MX,19.43669360,-99.13943750,Music,Jazz,Jazz,Undefined,Undefined,False,MONDIAL PRICE 1,,,,Ticketmaster Discovery API,2026,11,November,1,Ciudad de México,Ciudad de México,Jazz,False,False
1AfZk3FGkdL1R2G,Molotov,https://www.ticketmaster.com.mx/molotov-monterrey-21-11-2026/event/14006488DF2AF3CC,2026-11-21,21:00:00,America/Mexico_City,onsale,Molotov,Escenario GNP Seguros,Monterrey,Nuevo León,NL,Mexico,MX,25.666135,-100.316726,Music,Latin,Latin,Undefined,Undefined,False,MONDIAL PRICE 1,,,,Ticketmaster Discovery API,2026,11,November,1,Monterrey,Nuevo León,Latin,False,False
1AfZk3FGkexqMxD,Malcriada,https://www.ticketmaster.com.mx/malcriada-mexico-21-11-2026/event/14006488A27778BB,2026-11-21,20:30:00,America/Mexico_City,onsale,Malcriada,Pabellón del Palacio de los Deportes,México,Ciudad de México,CDMX,Mexico,MX,19.40154080,-99.09806060,Music,Rock,Punk,Undefined,Undefined,False,OCESA,,,,Ticketmaster Discovery API,2026,11,November,1,Ciudad de México,Ciudad de México,Rock,False,False
G5dVZ_F6iVJ5r,Morat,https://www.ticketmaster.com.mx/morat-tlajomulco-de-zuniga-21-11-2026/event/3D006481ECD262DE,2026-11-21,21:00:00,America/Mexico_City,onsale,Morat,Arena VFG,Tlajomulco de Zuñiga,Jalisco,JAL,Mexico,MX,20.467193,-103.263489,Music,Pop,Pop,Undefined,Undefined,False,OCESA,,,,Ticketmaster Discovery API,2026,11,November,1,Tlajomulco de Zuñiga,Jalisco,Pop,False,False
1AfZk39GkeB4nU2,Babasonicos,https://www.ticketmaster.com.mx/babasonicos-ciudad-de-mexico-25-11-2026/event/14006497BA56AD8F,2026-11-25,20:00:00,America/Mexico_City,onsale,Babasonicos,Palacio de los Deportes,Ciudad de México,Ciudad de México,CDMX,Mexico,MX,19.40154080,-99.09806060,Music,Rock,Pop,Undefined,Undefined,False,OCESA,,,,Ticketmaster Discovery API,2026,11,November,1,Ciudad de México,Ciudad de México,Rock,False,False
G5dVZ_62sUa_c,Love of Lesbian,https://www.ticketmaster.com.mx/love-of-lesbian-ciudad-de-mexico-25-11-2026/event/3D006473F1D8966D,2026-11-25,20:30:00,America/Mexico_City,onsale,Love of Lesbian,Auditorio Nacional,Ciudad de México,Ciudad de México,CDMX,Mexico,MX,19.424648,-99.19484,Music,Pop,Pop,Undefined,Undefined,False,OCESA,,,,Ticketmaster Discovery API,2026,11,November,1,Ciudad de México,Ciudad de México,Pop,False,False
17AZv0G61C4nf6d,Giant Rooks,https://www.ticketmaster.com.mx/giant-rooks-mexico-25-11-2026/event/140064A395A941C3,2026-11-25,21:00:00,America/Mexico_City,onsale,Giant Rooks,Teatro Metropolitan,México,Ciudad de México,CDMX,Mexico,MX,19.433457,-99.146811,Music,Pop,Pop,Undefined,Undefined,False,OCESA,,,,Ticketmaster Discovery API,2026,11,November,1,Ciudad de México,Ciudad de México,Pop,False,False
G5dVZ_1QIkpG4,"""The Hayley Williams Show"" (General de pie)",https://www.ticketmaster.com.mx/the-hayley-williams-show-general-de-ciudad-de-mexico-26-11-2026/event/3D0064A6A8196315,2026-11-26,19:00:00,America/Mexico_City,onsale,"Hayley Williams, Annie DiRusso",Auditorio Nacional,Ciudad de México,Ciudad de México,CDMX,Mexico,MX,19.424648,-99.19484,Music,Pop,Pop,Undefined,Undefined,False,OCESA,,,,Ticketmaster Discovery API,2026,11,November,1,Ciudad de México,Ciudad de México,Pop,False,False
G5dVZ_1Q0Q4BC,"""The Hayley Williams Show"" (Numerado) ",https://www.ticketmaster.com.mx/the-hayley-williams-show-numerado-ciudad-de-mexico-26-11-2026/event/3D0064A6A4695E8E,2026-11-26,19:00:00,America/Mexico_City,onsale,"Hayley Williams, Annie DiRusso",Auditorio Nacional,Ciudad de México,Ciudad de México,CDMX,Mexico,MX,19.424648,-99.19484,Music,Pop,Pop,Undefined,Undefined,False,OCESA,,,,Ticketmaster Discovery API,2026,11,November,1,Ciudad de México,Ciudad de México,Pop,False,False
G5dVZ_6nj8KMj,Festival Fado México | Sara Correia,https://www.ticketmaster.com.mx/festival-fado-mexico-sara-correia-mexico-26-11-2026/event/3D00647A9C413DDC,2026-11-26,20:00:00,America/Mexico_City,onsale,Fado,Teatro de la Ciudad Esperanza Iris,Mexico,Ciudad de México,CDMX,Mexico,MX,19.43669360,-99.13943750,Film,Music,Music,Undefined,Undefined,False,MONDIAL PRICE 1,,,,Ticketmaster Discovery API,2026,11,November,1,Ciudad de México,Ciudad de México,Music,True,False
16v8Z_FxvG7cxPc,Nacho Vegas,https://www.ticketmaster.com.mx/nacho-vegas-mexico-26-11-2026/event/1400648881B6296D,2026-11-26,20:30:00,America/Mexico_City,onsale,Nacho Vegas,Teatro Metropolitan,México,Ciudad de México,CDMX,Mexico,MX,19.433457,-99.146811,Music,World,Trova,Undefined,Undefined,False,OCESA,,,,Ticketmaster Discovery API,2026,11,November,1,Ciudad de México,Ciudad de México,World,False,False
G5dVZbMQ4IKvp,Babasonicos,https://www.ticketmaster.com.mx/babasonicos-zapopan-26-11-2026/event/3D00637695A13056,2026-11-26,21:00:00,America/Mexico_City,onsale,Babasonicos,Teatro Estudio Cavaret,Zapopan,Jalisco,JAL,Mexico,MX,20.736739,-103.378417,Music,Rock,Pop,Undefined,Undefined,False,MONDIAL PRICE 1,,,,Ticketmaster Discovery API,2026,11,November,1,Zapopan,Jalisco,Rock,False,False
G5dVZ_6BIpxVB,Caloncho,https://www.ticketmaster.com.mx/caloncho-ciudad-de-mexico-27-11-2026/event/3D00647EA85A2D3A,2026-11-27,20:30:00,America/Mexico_City,onsale,Caloncho,Auditorio Nacional,Ciudad de México,Ciudad de México,CDMX,Mexico,MX,19.424648,-99.19484,Music,Rock,Alternative Rock,Undefined,Undefined,False,MONDIAL PRICE 1,,,,Ticketmaster Discovery API,2026,11,November,1,Ciudad de México,Ciudad de México,Rock,False,False
G5dVZ_6B-jxEU,Caloncho (General de pie),https://www.ticketmaster.com.mx/caloncho-general-de-pie-ciudad-de-mexico-27-11-2026/event/3D00647EA17229F6,2026-11-27,20:30:00,America/Mexico_City,onsale,Caloncho,Auditorio Nacional,Ciudad de México,Ciudad de México,CDMX,Mexico,MX,19.424648,-99.19484,Music,Rock,Alternative Rock,Undefined,Undefined,False,MONDIAL PRICE 1,,,,Ticketmaster Discovery API,2026,11,November,1,Ciudad de México,Ciudad de México,Rock,False,False
17AZv0G61muJeVj,KATSEYE:  THE WILDWORLD TOUR ,https://www.ticketmaster.com.mx/katseye-the-wildworld-tour-ciudad-de-mexico-27-11-2026/event/140064AB8D982D1C,2026-11-27,20:00:00,America/Mexico_City,offsale,KATSEYE,Palacio de los Deportes,Ciudad de México,Ciudad de México,CDMX,Mexico,MX,19.40154080,-99.09806060,Music,Pop,Pop,Undefined,Undefined,False,OCESA,,,,Ticketmaster Discovery API,2026,11,November,1,Ciudad de México,Ciudad de México,Pop,False,False
1Av8Z_aGkBsbG4a,Los Autenticos Caligaris,https://www.ticketmaster.com.mx/los-autenticos-caligaris-ciudad-de-mexico-27-11-2026/event/1400649EB160C549,2026-11-27,21:00:00,America/Mexico_City,onsale,"Los Autenticos Caligaris, Los Caligaris, Los Auténticos Decadentes",Estadio GNP Seguros,Ciudad de México,Ciudad de México,CDMX,Mexico,MX,19.405199,-99.095618,Music,Rock,Pop,Undefined,Undefined,False,OCESA,,,,Ticketmaster Discovery API,2026,11,November,1,Ciudad de México,Ciudad de México,Rock,False,False
G5dVZ_AezpfEx,Porter,https://www.ticketmaster.com.mx/porter-guadalajara-27-11-2026/event/3D006450B85949E2,2026-11-27,21:00:00,America/Mexico_City,onsale,Porter,Teatro Diana (GDL),Guadalajara,Jalisco,JAL,Mexico,MX,20.665434,-103.349341,Music,Rock,Alternative Rock,Undefined,Undefined,False,MONDIAL PRICE 1,,,,Ticketmaster Discovery API,2026,11,November,1,Guadalajara,Jalisco,Rock,False,False
1Av8ZbzGkUlfFw6,Nasa Histoires,https://www.ticketmaster.com.mx/nasa-histoires-mexico-27-11-2026/event/1400638DAB508C87,2026-11-27,20:30:00,America/Mexico_City,onsale,Nasa Histoires,Teatro Metropolitan,México,Ciudad de México,CDMX,Mexico,MX,19.433457,-99.146811,Music,Other,Other,Undefined,Undefined,False,OCESA,,,,Ticketmaster Discovery API,2026,11,November,1,Ciudad de México,Ciudad de México,Other,False,False
17AZv0G61pb9PDa,La Gusana Ciega - Claroscuro ,https://www.ticketmaster.com.mx/la-gusana-ciega-claroscuro-monterrey-28-11-2026/event/140064A5985E5EC9,2026-11-28,21:00:00,America/Mexico_City,onsale,La Gusana Ciega,Escenario GNP Seguros,Monterrey,Nuevo León,NL,Mexico,MX,25.666135,-100.316726,Music,Rock,Pop,Undefined,Undefined,False,MONDIAL PRICE 1,,,,Ticketmaster Discovery API,2026,11,November,1,Monterrey,Nuevo León,Rock,False,False
G5dVZ_emz5JY8,Nicho Hinojosa & Platanito,https://www.ticketmaster.com.mx/nicho-hinojosa-platanito-mexico-28-11-2026/event/3D00642BB82E6C10,2026-11-28,21:30:00,America/Mexico_City,onsale,Nicho Hinojosa,La Maraka,México,Ciudad de México,CDMX,Mexico,MX,19.38651080,-99.16317750,Music,Latin,Latin,Undefined,Undefined,False,MONDIAL PRICE 1,,,,Ticketmaster Discovery API,2026,11,November,1,Ciudad de México,Ciudad de México,Latin,False,False
G5dVZ_Fl3QU7v,Nacho Vegas,https://www.ticketmaster.com.mx/nacho-vegas-zapopan-28-11-2026/event/3D00648AD26B6101,2026-11-28,20:30:00,America/Mexico_City,onsale,Nacho Vegas,Conjunto de Artes Escenicas,Zapopan,Jalisco,JAL,Mexico,MX,20.73703643,-103.38053030,Music,World,Trova,Undefined,Undefined,False,MONDIAL PRICE 1,,,,Ticketmaster Discovery API,2026,11,November,1,Zapopan,Jalisco,World,False,False
G5dVZ_aUJLAek,Electrify y Los Daniels,https://www.ticketmaster.com.mx/electrify-y-los-daniels-ciudad-de-mexico-29-11-2026/event/3D00649DA67C5086,2026-11-29,19:00:00,America/Mexico_City,onsale,"Electrify, Los Daniels",El Lunario del Auditorio Nacional,Ciudad de México,Ciudad de México,CDMX,Mexico,MX,19.424682,-99.1954,Music,Rock,Pop,Undefined,Undefined,False,OCESA,,,,Ticketmaster Discovery API,2026,11,November,1,Ciudad de México,Ciudad de México,Rock,False,False
G5dVZbMmRaJjc,Los Angeles Negros,https://www.ticketmaster.com.mx/los-angeles-negros-guadalajara-29-11-2026/event/3D00637BAF26672D,2026-11-29,18:00:00,America/Mexico_City,onsale,Los Angeles Negros,Teatro Diana (GDL),Guadalajara,Jalisco,JAL,Mexico,MX,20.665434,-103.349341,Music,Latin,Latin,Undefined,Undefined,False,MONDIAL PRICE 1,,,,Ticketmaster Discovery API,2026,11,November,1,Guadalajara,Jalisco,Latin,False,False
G5dVZ_7mdNvPf,Silvio Rodríguez en la voz y guitarra de Manuel García,https://www.ticketmaster.com.mx/silvio-rodriguez-en-la-voz-y-mexico-29-11-2026/event/3D00644B838C1954,2026-11-29,18:00:00,America/Mexico_City,onsale,Manuel Garcia,Teatro de la Ciudad Esperanza Iris,Mexico,Ciudad de México,CDMX,Mexico,MX,19.43669360,-99.13943750,Music,Latin,Latin,Undefined,Undefined,False,MONDIAL PRICE 1,,,,Ticketmaster Discovery API,2026,11,November,1,Ciudad de México,Ciudad de México,Latin,False,False
1AfZkoKGkeSyi9M,Bruno Mars - The Romantic Tour,https://www.ticketmaster.com.mx/bruno-mars-the-romantic-tour-ciudad-de-mexico-03-12-2026/event/14006453B3E6C5F7,2026-12-03,21:00:00,America/Mexico_City,onsale,"Bruno Mars, DJ Pee .Wee",Estadio GNP Seguros,Ciudad de México,Ciudad de México,CDMX,Mexico,MX,19.405199,-99.095618,Music,Pop,Pop,Undefined,Undefined,False,LIVE NATION MUSIC,,,,Ticketmaster Discovery API,2026,12,December,1,Ciudad de México,Ciudad de México,Pop,False,False
1AfZkoKGkeHFcxU,Bruno Mars - The Romantic Tour,https://www.ticketmaster.com.mx/bruno-mars-the-romantic-tour-ciudad-de-mexico-04-12-2026/event/14006453BC22D8B6,2026-12-04,21:00:00,America/Mexico_City,onsale,"Bruno Mars, DJ Pee .Wee",Estadio GNP Seguros,Ciudad de México,Ciudad de México,CDMX,Mexico,MX,19.405199,-99.095618,Music,Pop,Pop,Undefined,Undefined,False,LIVE NATION MUSIC,,,,Ticketmaster Discovery API,2026,12,December,1,Ciudad de México,Ciudad de México,Pop,False,False
G5dVZ_k9Tr6y5,Ana Torroja,https://www.ticketmaster.com.mx/ana-torroja-guadalajara-04-12-2026/event/3D006465FF787E4B,2026-12-04,21:00:00,America/Mexico_City,onsale,Ana Torroja,Teatro Diana (GDL),Guadalajara,Jalisco,JAL,Mexico,MX,20.665434,-103.349341,Music,Ballads/Romantic,Ballads/Romantic,Undefined,Undefined,False,MONDIAL PRICE 1,,,,Ticketmaster Discovery API,2026,12,December,1,Guadalajara,Jalisco,Ballads/Romantic,False,False
G5dVZbzEAWUuE,Laureano Brizuela,https://www.ticketmaster.com.mx/laureano-brizuela-mexico-04-12-2026/event/3D006389C5F76367,2026-12-04,21:30:00,America/Mexico_City,onsale,Laureano Brizuela,La Maraka,México,Ciudad de México,CDMX,Mexico,MX,19.38651080,-99.16317750,Music,Rock,Alternative Rock,Undefined,Undefined,False,MONDIAL PRICE 1,,,,Ticketmaster Discovery API,2026,12,December,1,Ciudad de México,Ciudad de México,Rock,False,False
G5dVZ_dK-RAvy,"Kalimba ""Hits Tour""",https://www.ticketmaster.com.mx/kalimba-hits-tour-mexico-05-12-2026/event/3D006434E1BC5079,2026-12-05,21:30:00,America/Mexico_City,onsale,Kalimba,La Maraka,México,Ciudad de México,CDMX,Mexico,MX,19.38651080,-99.16317750,Music,Latin,Latin,Undefined,Undefined,False,MONDIAL PRICE 1,,,,Ticketmaster Discovery API,2026,12,December,1,Ciudad de México,Ciudad de México,Latin,False,False
G5dVZ_arBEb2C,Motel,https://www.ticketmaster.com.mx/motel-zapopan-05-12-2026/event/3D006497BA9D83CE,2026-12-05,20:30:00,America/Mexico_City,onsale,Motel,Teatro Estudio Cavaret,Zapopan,Jalisco,JAL,Mexico,MX,20.736739,-103.378417,Music,Pop,Pop,Undefined,Undefined,False,OCESA,,,,Ticketmaster Discovery API,2026,12,December,1,Zapopan,Jalisco,Pop,False,False
G5dVZ_aiA5kvD,Yuridia Las cartas sobre la mesa Tour,https://www.ticketmaster.com.mx/yuridia-las-cartas-sobre-la-mesa-zapopan-05-12-2026/event/3D00649B052C607B,2026-12-05,21:00:00,America/Mexico_City,onsale,Yuridia,Coliseo GNP Seguros,Zapopan,Jalisco,JAL,Mexico,MX,20.693768,-103.416177,Music,Latin,Latin,Undefined,Undefined,False,OCESA,,,,Ticketmaster Discovery API,2026,12,December,1,Zapopan,Jalisco,Latin,False,False
G5dVZ_deLrxSC,"Big Band Experience-Tributo a Frank Sinatra, Ray Connif y Gleen Miller",https://www.ticketmaster.com.mx/big-band-experiencetributo-a-frank-sinatra-mexico-06-12-2026/event/3D0064309F7A2CCE,2026-12-06,18:30:00,America/Mexico_City,onsale,The Big Band Experience ¨Tributo a Ray Conniff y Gleen Miller¨,La Maraka,México,Ciudad de México,CDMX,Mexico,MX,19.38651080,-99.16317750,Music,Other,Other,Undefined,Undefined,False,MONDIAL PRICE 1,,,,Ticketmaster Discovery API,2026,12,December,1,Ciudad de México,Ciudad de México,Other,False,False
1AfZkoKGkeHFWxy,Bruno Mars - The Romantic Tour,https://www.ticketmaster.com.mx/bruno-mars-the-romantic-tour-ciudad-de-mexico-07-12-2026/event/14006453BC23D8B9,2026-12-07,21:00:00,America/Mexico_City,onsale,"Bruno Mars, DJ Pee .Wee",Estadio GNP Seguros,Ciudad de México,Ciudad de México,CDMX,Mexico,MX,19.405199,-99.095618,Music,Pop,Pop,Undefined,Undefined,False,LIVE NATION MUSIC,,,,Ticketmaster Discovery API,2026,12,December,1,Ciudad de México,Ciudad de México,Pop,False,False
G5dVZ_1Ja3eYr,ATARASHII GAKKO!,https://www.ticketmaster.com.mx/atarashii-gakko-ciudad-de-mexico-08-12-2026/event/3D0064A989482C1E,2026-12-08,21:00:00,America/Mexico_City,onsale,ATARASHII GAKKO!,Velodromo,Ciudad de México,Ciudad de México,CDMX,Mexico,MX,19.40984039,-99.10364330,Music,Pop,Pop,Undefined,Undefined,False,OCESA,,,,Ticketmaster Discovery API,2026,12,December,1,Ciudad de México,Ciudad de México,Pop,False,False
1AfZkoKGkeHFWxD,Bruno Mars - The Romantic Tour,https://www.ticketmaster.com.mx/bruno-mars-the-romantic-tour-ciudad-de-mexico-08-12-2026/event/14006453BC23D8BB,2026-12-08,21:00:00,America/Mexico_City,onsale,"Bruno Mars, DJ Pee .Wee",Estadio GNP Seguros,Ciudad de México,Ciudad de México,CDMX,Mexico,MX,19.405199,-99.095618,Music,Pop,Pop,Undefined,Undefined,False,LIVE NATION MUSIC,,,,Ticketmaster Discovery API,2026,12,December,1,Ciudad de México,Ciudad de México,Pop,False,False
G5dVZ_kC51er8,Francisco Cespedes,https://www.ticketmaster.com.mx/francisco-cespedes-mexico-11-12-2026/event/3D0064638B282790,2026-12-11,21:30:00,America/Mexico_City,onsale,Francisco Cespedes,La Maraka,México,Ciudad de México,CDMX,Mexico,MX,19.38651080,-99.16317750,Music,Latin,Latin,Undefined,Undefined,False,MONDIAL PRICE 1,,,,Ticketmaster Discovery API,2026,12,December,1,Ciudad de México,Ciudad de México,Latin,False,False
16v8Z_arfG7nfSB,Motel,https://www.ticketmaster.com.mx/motel-mexico-12-12-2026/event/1400649794A94CFA,2026-12-12,20:30:00,America/Mexico_City,onsale,Motel,Teatro Metropolitan,México,Ciudad de México,CDMX,Mexico,MX,19.433457,-99.146811,Music,Pop,Pop,Undefined,Undefined,False,OCESA,,,,Ticketmaster Discovery API,2026,12,December,1,Ciudad de México,Ciudad de México,Pop,False,False
G5dVZ_krPxeEc,"Fernando Delgadillo, El Caminante",https://www.ticketmaster.com.mx/fernando-delgadillo-el-caminante-ciudad-de-mexico-18-12-2026/event/3D006467A58829ED,2026-12-18,21:00:00,America/Mexico_City,onsale,Fernando Delgadillo,El Lunario del Auditorio Nacional,Ciudad de México,Ciudad de México,CDMX,Mexico,MX,19.424682,-99.1954,Music,World,Trova,Undefined,Undefined,False,MONDIAL PRICE 1,,,,Ticketmaster Discovery API,2026,12,December,1,Ciudad de México,Ciudad de México,World,False,False
G5dVZbUkGkSwZ,Fernando Delgadillo y Alejandro Filio,https://www.ticketmaster.com.mx/fernando-delgadillo-y-alejandro-filio-mexico-19-12-2026/event/3D0063618C1B3C80,2026-12-19,21:30:00,America/Mexico_City,onsale,,La Maraka,México,Ciudad de México,CDMX,Mexico,MX,19.38651080,-99.16317750,Music,World,Trova,Undefined,Undefined,False,MONDIAL PRICE 1,,,,Ticketmaster Discovery API,2026,12,December,1,Ciudad de México,Ciudad de México,World,False,False
G5dVZbgTV6K8B,Black Label Society,https://www.ticketmaster.com.mx/black-label-society-ciudad-de-mexico-23-01-2027/event/3D00635FF41D343A,2027-01-23,21:00:00,America/Mexico_City,onsale,Black Label Society,Velodromo,Ciudad de México,Ciudad de México,CDMX,Mexico,MX,19.40984039,-99.10364330,Music,Rock,Alternative Rock,Undefined,Undefined,False,OCESA,,,,Ticketmaster Discovery API,2027,1,January,1,Ciudad de México,Ciudad de México,Rock,False,False
17AZv0G61J7_kZS,Santiago Cruz Sigo en Pie Tour,https://www.ticketmaster.com.mx/santiago-cruz-sigo-en-pie-tour-mexico-04-02-2027/event/140064A984646033,2027-02-04,20:30:00,America/Mexico_City,offsale,Santiago Cruz,Teatro Metropolitan,México,Ciudad de México,CDMX,Mexico,MX,19.433457,-99.146811,Music,Latin,Latin,Undefined,Undefined,False,OCESA,,,,Ticketmaster Discovery API,2027,2,February,1,Ciudad de México,Ciudad de México,Latin,False,False
G5dVZ_6p6fwU0,Carlos Sadness,https://www.ticketmaster.com.mx/carlos-sadness-ciudad-de-mexico-05-02-2027/event/3D00647587532DA4,2027-02-05,20:30:00,America/Mexico_City,onsale,Carlos Sadness,Auditorio Nacional,Ciudad de México,Ciudad de México,CDMX,Mexico,MX,19.424648,-99.19484,Music,Pop,Pop,Undefined,Undefined,False,OCESA,,,,Ticketmaster Discovery API,2027,2,February,1,Ciudad de México,Ciudad de México,Pop,False,False
1Av8Z_aGkwC-KzB,Andres Suarez Gira Lua,https://www.ticketmaster.com.mx/andres-suarez-gira-lua-mexico-05-02-2027/event/1400649C8E853E3A,2027-02-05,20:30:00,America/Mexico_City,onsale,Andres Suarez,Teatro Metropolitan,México,Ciudad de México,CDMX,Mexico,MX,19.433457,-99.146811,Music,Pop,Pop,Undefined,Undefined,False,OCESA,,,,Ticketmaster Discovery API,2027,2,February,1,Ciudad de México,Ciudad de México,Pop,False,False
G5dVZ_knqyes6,Sin Bandera,https://www.ticketmaster.com.mx/sin-bandera-ciudad-de-mexico-07-02-2027/event/3D00646A9DE42C47,2027-02-07,19:30:00,America/Mexico_City,onsale,Sin Bandera,Auditorio Nacional,Ciudad de México,Ciudad de México,CDMX,Mexico,MX,19.424648,-99.19484,Music,Latin,Latin,Undefined,Undefined,False,MONDIAL PRICE 1,,,,Ticketmaster Discovery API,2027,2,February,1,Ciudad de México,Ciudad de México,Latin,False,False
1AfZko6GkdOa5Fw,Hilary Duff: the lucky me tour,https://www.ticketmaster.com.mx/hilary-duff-the-lucky-me-tour-ciudad-de-mexico-12-02-2027/event/14006447E024B232,2027-02-12,19:30:00,America/Mexico_City,onsale,Hilary Duff,Palacio de los Deportes,Ciudad de México,Ciudad de México,CDMX,Mexico,MX,19.40154080,-99.09806060,Music,Pop,Pop,Undefined,Undefined,False,OCESA,,,,Ticketmaster Discovery API,2027,2,February,1,Ciudad de México,Ciudad de México,Pop,False,False
1AfZko6GkdOMhCZ,Hilary Duff: the lucky me tour,https://www.ticketmaster.com.mx/hilary-duff-the-lucky-me-tour-ciudad-de-mexico-13-02-2027/event/14006447E0DDB380,2027-02-13,19:30:00,America/Mexico_City,onsale,Hilary Duff,Palacio de los Deportes,Ciudad de México,Ciudad de México,CDMX,Mexico,MX,19.40154080,-99.09806060,Music,Pop,Pop,Undefined,Undefined,False,OCESA,,,,Ticketmaster Discovery API,2027,2,February,1,Ciudad de México,Ciudad de México,Pop,False,False
1Av8Z_FGknzgQjQ,Hilary Duff: the lucky me tour,https://www.ticketmaster.com.mx/hilary-duff-the-lucky-me-tour-zapopan-15-02-2027/event/1400648AB8D5A71A,2027-02-15,20:30:00,America/Mexico_City,onsale,Hilary Duff,Auditorio Telmex,Zapopan,Jalisco,JAL,Mexico,MX,20.73324,-103.38112,Music,Pop,Pop,Undefined,Undefined,False,OCESA,,,,Ticketmaster Discovery API,2027,2,February,1,Zapopan,Jalisco,Pop,False,False
1AfZkoVGkemnJWR,Abono Banamex Plus Electric Daisy Carnival 2027,https://www.ticketmaster.com.mx/abono-banamex-plus-electric-daisy-carnival-mexico-19-02-2027/event/14006474AEAA6F6F,2027-02-19,,America/Mexico_City,onsale,Electric Daisy Carnival,Autodromo Hnos. Rodriguez,México,Ciudad de México,CDMX,Mexico,MX,19.402829,-99.089247,Music,Pop,Electro Pop,Undefined,Undefined,False,OCESA,,,,Ticketmaster Discovery API,2027,2,February,1,Ciudad de México,Ciudad de México,Pop,False,False
16fZkoVPoZA5Add8,Abono Comfort Pass Electric Daisy Carnival 2027,https://www.ticketmaster.com.mx/abono-comfort-pass-electric-daisy-carnival-mexico-19-02-2027/event/14006474951A422F,2027-02-19,,America/Mexico_City,onsale,Electric Daisy Carnival,Autodromo Hnos. Rodriguez,México,Ciudad de México,CDMX,Mexico,MX,19.402829,-99.089247,Music,Pop,Electro Pop,Undefined,Undefined,False,OCESA,,,,Ticketmaster Discovery API,2027,2,February,1,Ciudad de México,Ciudad de México,Pop,False,False
1AfZkoVGkeUJFAc,Abono General Electric Daisy Carnival 2027,https://www.ticketmaster.com.mx/abono-general-electric-daisy-carnival-2027-mexico-19-02-2027/event/14006474B698816D,2027-02-19,,America/Mexico_City,onsale,Electric Daisy Carnival,Autodromo Hnos. Rodriguez,México,Ciudad de México,CDMX,Mexico,MX,19.402829,-99.089247,Music,Pop,Electro Pop,Undefined,Undefined,False,OCESA,,,,Ticketmaster Discovery API,2027,2,February,1,Ciudad de México,Ciudad de México,Pop,False,False
G5dVZ_62Rsy3s,Jorge Drexler,https://www.ticketmaster.com.mx/jorge-drexler-ciudad-de-mexico-20-02-2027/event/3D006473EFC794B1,2027-02-20,20:00:00,America/Mexico_City,onsale,Jorge Drexler,Auditorio Nacional,Ciudad de México,Ciudad de México,CDMX,Mexico,MX,19.424648,-99.19484,Music,Rock,Pop,Undefined,Undefined,False,OCESA,,,,Ticketmaster Discovery API,2027,2,February,1,Ciudad de México,Ciudad de México,Rock,False,False
G5dVZ_ahLftfM,Leyendas de la Cumbia,https://www.ticketmaster.com.mx/leyendas-de-la-cumbia-ciudad-de-mexico-21-02-2027/event/3D006496DF529537,2027-02-21,19:00:00,America/Mexico_City,onsale,"Leyendas de la Cumbia, La Sonora Dinamita, Los Socios del Ritmo",Auditorio Nacional,Ciudad de México,Ciudad de México,CDMX,Mexico,MX,19.424648,-99.19484,Music,Latin,Latin,Undefined,Undefined,False,MONDIAL PRICE 1,,,,Ticketmaster Discovery API,2027,2,February,1,Ciudad de México,Ciudad de México,Latin,False,False
1kAZv0O_GACd0X8,Jorge Drexler,https://www.ticketmaster.com.mx/jorge-drexler-monterrey-25-02-2027/event/140064819E0E4F90,2027-02-25,21:00:00,America/Mexico_City,onsale,Jorge Drexler,Escenario GNP Seguros,Monterrey,Nuevo León,NL,Mexico,MX,25.666135,-100.316726,Music,Rock,Pop,Undefined,Undefined,False,MONDIAL PRICE 1,,,,Ticketmaster Discovery API,2027,2,February,1,Monterrey,Nuevo León,Rock,False,False
1kAZv0ObGAu_N3Y,Jorge Drexler,https://www.ticketmaster.com.mx/jorge-drexler-zapopan-27-02-2027/event/140064818D6634B0,2027-02-27,21:00:00,America/Mexico_City,onsale,Jorge Drexler,Auditorio Telmex,Zapopan,Jalisco,JAL,Mexico,MX,20.73324,-103.38112,Music,Rock,Pop,Undefined,Undefined,False,MONDIAL PRICE 1,,,,Ticketmaster Discovery API,2027,2,February,1,Zapopan,Jalisco,Rock,False,False
G5dVZ_1rVCEto,Julio Preciado,https://www.ticketmaster.com.mx/julio-preciado-ciudad-de-mexico-18-03-2027/event/3D0064A7B43A7A51,2027-03-18,20:30:00,America/Mexico_City,onsale,Julio Preciado,Auditorio Nacional,Ciudad de México,Ciudad de México,CDMX,Mexico,MX,19.424648,-99.19484,Music,Latin,Latin,Undefined,Undefined,False,MONDIAL PRICE 1,,,,Ticketmaster Discovery API,2027,3,March,1,Ciudad de México,Ciudad de México,Latin,False,False
17AZvxG622tXx2a,Flor Amargo desde el Metro,https://www.ticketmaster.com.mx/flor-amargo-desde-el-metro-mexico-29-03-2027/event/140062F3E9FA23C9,2027-03-29,18:00:00,America/Mexico_City,cancelled,Flor Amargo,Teatro Metropolitan,México,Ciudad de México,CDMX,Mexico,MX,19.433457,-99.146811,Music,Ballads/Romantic,Ballads/Romantic,Undefined,Undefined,False,OCESA,,,,Ticketmaster Discovery API,2027,3,March,1,Ciudad de México,Ciudad de México,Ballads/Romantic,False,False
