event_id,event_name,event_url,event_date,event_time,timezone,event_status,artist_or_attraction,attraction_ids,venue_id,venue,city,state,state_code,country,country_code,query_country_code,latitude,longitude,segment,genre,subgenre,event_type,event_subtype,family,promoter,price_min,price_max,currency,source,year,month,month_name,event_count,city_clean,state_clean,genre_clean,is_festival,has_price
17AZv0G6uxLh0Xu,FIFA Fan Festival Monterrey - 3BALLMTY (VIP),https://www.ticketmaster.com.mx/fifa-fan-festival-monterrey-3ballmty-vip-monterrey-30-06-2026/event/140064D89F6E4F8D,2026-06-30,,America/Mexico_City,onsale,"FIFA Fan Festival Monterrey, 3BallMTY","K8vZ917O1Z0, K8vZ9172MY7",KovZpZAJn7nA,Parque Fundidora,Monterrey,Nuevo León,NL,Mexico,MX,MX,25.67687030,-100.28999330,Music,Undefined,Undefined,Event Style,Festival,False,MONDIAL PRICE 2,,,,Ticketmaster Discovery API,2026,6,June,1,Monterrey,Nuevo León,Sin clasificar,True,False
17AZv0G6ur1Zepk,FIFA Fan Festival Monterrey - 3BallMTY (General Plus),https://www.ticketmaster.com.mx/fifa-fan-festival-monterrey-3ballmty-general-monterrey-30-06-2026/event/140064D78A002586,2026-06-30,,America/Mexico_City,onsale,"FIFA Fan Festival Monterrey, 3BallMTY","K8vZ917O1Z0, K8vZ9172MY7",KovZpZAJn7nA,Parque Fundidora,Monterrey,Nuevo León,NL,Mexico,MX,MX,25.67687030,-100.28999330,Music,Undefined,Undefined,Event Style,Festival,False,MONDIAL PRICE 2,,,,Ticketmaster Discovery API,2026,6,June,1,Monterrey,Nuevo León,Sin clasificar,True,False
17AZv0G61UU8IRo,FIFA Fan Festival Monterrey - 3BallMTY (Preferente),https://www.ticketmaster.com.mx/fifa-fan-festival-monterrey-3ballmty-preferente-monterrey-30-06-2026/event/140064ADB6428BD1,2026-06-30,,America/Mexico_City,onsale,"FIFA Fan Festival Monterrey, 3BallMTY","K8vZ917O1Z0, K8vZ9172MY7",KovZpZAJn7nA,Parque Fundidora,Monterrey,Nuevo León,NL,Mexico,MX,MX,25.67687030,-100.28999330,Music,Undefined,Undefined,Event Style,Festival,False,MONDIAL PRICE 2,,,,Ticketmaster Discovery API,2026,6,June,1,Monterrey,Nuevo León,Sin clasificar,True,False
G5dVZ_axBh1Ks,Leyendas,https://www.ticketmaster.com.mx/leyendas-ciudad-de-mexico-02-07-2026/event/3D006498BA6CA4F1,2026-07-02,20:30:00,America/Mexico_City,onsale,Leyendas el show,K8vZ917Lqef,KovZ917AVGy,Foro Stelaris Fiesta Americana Reforma,Ciudad de México,Ciudad de México,CDMX,Mexico,MX,MX,19.43219600,-99.15473940,Music,Ballads/Romantic,Ballads/Romantic,Undefined,Undefined,False,MONDIAL PRICE 1,,,,Ticketmaster Discovery API,2026,7,July,1,Ciudad de México,Ciudad de México,Ballads/Romantic,False,False
17AZv0G61UyUaCE,FIFA Fan Festival Monterrey - El Gran Silencio (Preferente),https://www.ticketmaster.com.mx/fifa-fan-festival-monterrey-el-gran-monterrey-02-07-2026/event/140064ADB9D893A7,2026-07-02,,America/Mexico_City,onsale,"FIFA Fan Festival Monterrey, El Gran Silencio","K8vZ917O1Z0, K8vZ9174oT7",KovZpZAJn7nA,Parque Fundidora,Monterrey,Nuevo León,NL,Mexico,MX,MX,25.67687030,-100.28999330,Music,Undefined,Undefined,Event Style,Festival,False,MONDIAL PRICE 2,,,,Ticketmaster Discovery API,2026,7,July,1,Monterrey,Nuevo León,Sin clasificar,True,False
17AZv0G65QaI0rq,GORDO - Campo Marte Santander (No Incluye Acceso Al Evento De Día),https://www.ticketmaster.com.mx/gordo-campo-marte-santander-no-incluye-mexico-02-07-2026/event/140064B689A2479D,2026-07-02,20:00:00,America/Mexico_City,onsale,Gordo,K8vZ917Q717,KovZpZA6IatA,Campo Marte,México,Ciudad de México,CDMX,Mexico,MX,MX,19.425503,-99.19717,Music,Pop,Electro Pop,Undefined,Undefined,False,MONDIAL PRICE 1,,,,Ticketmaster Discovery API,2026,7,July,1,Ciudad de México,Ciudad de México,Pop,False,False
ZFIMVHtnMZ17F9xf,Black Dog: The Led Zeppelin Experience - The Cavern Club,https://www.ticketmaster.com.br/event/black-dog-the-led-zeppelin-experience-the-cavern-club,2026-07-02,21:30:00,America/Sao_Paulo,onsale,Black Dog,K8vZ91749Q0,ZGIMVHtnMZe1Fk,The Cavern Club,,,SP,,BR,BR,-23.5951293,-46.6836749,Music,Undefined,Undefined,,,False,,,,,Ticketmaster Discovery API,2026,7,July,1,,,Sin clasificar,False,False
ZFIMVHtnMZ17F8Fk,Fernando e Sorocaba - Tokio Marine Hall,https://www.ticketmaster.com.br/event/fernando-e-sorocaba-tokio-marine-hall,2026-07-02,22:00:00,America/Sao_Paulo,onsale,,Z5uMVHtnMZA6k,Z5IMVHtnMZ1FA,Tokio Marine Hall,,,SP,,BR,BR,-23.63847,-46.71997469999999,Music,World,World,,,False,,,,,Ticketmaster Discovery API,2026,7,July,1,,,World,False,False
17AZv0G61UHIatk,FIFA Fan Festival Monterrey - Jumbo (Preferente),https://www.ticketmaster.com.mx/fifa-fan-festival-monterrey-jumbo-preferente-monterrey-03-07-2026/event/140064ADBCA09A46,2026-07-03,,America/Mexico_City,onsale,"FIFA Fan Festival Monterrey, Jumbo","K8vZ917O1Z0, K8vZ917GkyV",KovZpZAJn7nA,Parque Fundidora,Monterrey,Nuevo León,NL,Mexico,MX,MX,25.67687030,-100.28999330,Music,Undefined,Undefined,Event Style,Festival,False,MONDIAL PRICE 3,,,,Ticketmaster Discovery API,2026,7,July,1,Monterrey,Nuevo León,Sin clasificar,True,False
1kAZv00FGA2a0gP,CARLITA Campo Marte Santander (No Incluye Acceso Al Evento De Día),https://www.ticketmaster.com.mx/carlita-campo-marte-santander-no-incluye-mexico-03-07-2026/event/140064908F264D65,2026-07-03,20:00:00,America/Mexico_City,onsale,Carlita,K8vZ917j2Mf,KovZpZA6IatA,Campo Marte,México,Ciudad de México,CDMX,Mexico,MX,MX,19.425503,-99.19717,Music,Pop,Electro Pop,Undefined,Undefined,False,MONDIAL PRICE 1,,,,Ticketmaster Discovery API,2026,7,July,1,Ciudad de México,Ciudad de México,Pop,False,False
G5dVZbgUC1NW_,"José Luis Rodríguez ""El Puma"" y Enrique Guzmán",https://www.ticketmaster.com.mx/jose-luis-rodriguez-el-puma-y-mexico-03-07-2026/event/3D00635D8E2A3F59,2026-07-03,21:30:00,America/Mexico_City,cancelled,"Enrique Guzmán, Jose Luis Rodríguez","K8vZ917G1VV, K8vZ9171a_0",KovZpZA7AJ6A,La Maraka,México,Ciudad de México,CDMX,Mexico,MX,MX,19.38651080,-99.16317750,Music,Rock,Pop,Undefined,Undefined,False,MONDIAL PRICE 1,,,,Ticketmaster Discovery API,2026,7,July,1,Ciudad de México,Ciudad de México,Rock,False,False
G5dVZ_dKOggZR,"Kalimba ""Hits Tour""",https://www.ticketmaster.com.mx/kalimba-hits-tour-mexico-03-07-2026/event/3D006434E0D7502F,2026-07-03,21:30:00,America/Mexico_City,onsale,Kalimba,K8vZ917bGP7,KovZpZA7AJ6A,La Maraka,México,Ciudad de México,CDMX,Mexico,MX,MX,19.38651080,-99.16317750,Music,Latin,Latin,Undefined,Undefined,False,MONDIAL PRICE 1,,,,Ticketmaster Discovery API,2026,7,July,1,Ciudad de México,Ciudad de México,Latin,False,False
G5dVZbz3xpfmC,"San Francisco disco band, la mejor musica disco en vivo.",https://www.ticketmaster.com.mx/san-francisco-disco-band-la-mejor-mexico-03-07-2026/event/3D006384A2594B8E,2026-07-03,21:00:00,America/Mexico_City,onsale,San Francisco Disco Band,K8vZ917jcLV,KovZ917A8z0,Foro Red Access,México,Ciudad de México,CDMX,Mexico,MX,MX,19.35677,-99.163341,Music,Pop,Electro Pop,Undefined,Undefined,False,MONDIAL PRICE 1,,,,Ticketmaster Discovery API,2026,7,July,1,Ciudad de México,Ciudad de México,Pop,False,False
G5dVZ_uk7ooTs,"Sinfónica de Minería, Día del Ingeniero",https://www.ticketmaster.com.mx/sinfonica-de-mineria-dia-del-ingeniero-mexico-03-07-2026/event/3D0064D184451FF1,2026-07-03,20:00:00,America/Mexico_City,onsale,Sinfónica de Minería,K8vZ917Oa9V,KovZpZAEvekA,Sala Silvestre Revueltas,México,Ciudad de México,CDMX,Mexico,MX,MX,19.30254940,-99.17327880,Music,Classical,Classical/Vocal,Undefined,Undefined,False,MONDIAL PRICE 1,,,,Ticketmaster Discovery API,2026,7,July,1,Ciudad de México,Ciudad de México,Classical,False,False
ZFIMVHtnMZ17kvPy,Flávio Venturini - São Caetano do Sul,https://www.ticketmaster.com.br/event/flavio-venturini-sao-caetano-do-sul,2026-07-03,21:00:00,America/Sao_Paulo,onsale,,Z5uMVHtnMZ717,ZGIMVHtnMZee1a,Multiplan Hall Park Shopping São Caetano,,,SP,,BR,BR,-23.6235722,-46.5816865,Music,World,Brazil,,,False,,,,,Ticketmaster Discovery API,2026,7,July,1,,,World,False,False
ZFIMVHtnMZ17F4PF,Tears For Fears Experience - The Cavern Club,https://www.ticketmaster.com.br/event/tears-for-fears-experience-the-cavern-club,2026-07-03,21:30:00,America/Sao_Paulo,onsale,Tears for Fears,K8vZ91718qV,ZGIMVHtnMZe1Fk,The Cavern Club,,,SP,,BR,BR,-23.5951293,-46.6836749,Music,Rock,Pop,,,False,,,,,Ticketmaster Discovery API,2026,7,July,1,,,Rock,False,False
G5dVZ_aNsTLG9,Alive,https://www.ticketmaster.com.mx/alive-ciudad-de-mexico-04-07-2026/event/3D006498F1FDF317,2026-07-04,21:30:00,America/Mexico_City,onsale,"Alive, una fiesta en el tiempo",K8vZ917Lju0,KovZ917AVGy,Foro Stelaris Fiesta Americana Reforma,Ciudad de México,Ciudad de México,CDMX,Mexico,MX,MX,19.43219600,-99.15473940,Music,Pop,Pop,Undefined,Undefined,False,MONDIAL PRICE 1,,,,Ticketmaster Discovery API,2026,7,July,1,Ciudad de México,Ciudad de México,Pop,False,False
G5dVZbzptENDe,Disidente,https://www.ticketmaster.com.mx/disidente-ciudad-de-mexico-04-07-2026/event/3D006385A99E3EC2,2026-07-04,20:00:00,America/Mexico_City,onsale,Disidente,K8vZ917QRr7,KovZpZA6EtdA,El Lunario del Auditorio Nacional,Ciudad de México,Ciudad de México,CDMX,Mexico,MX,MX,19.424682,-99.1954,Music,Pop,Electro Pop,Undefined,Undefined,False,OCESA,,,,Ticketmaster Discovery API,2026,7,July,1,Ciudad de México,Ciudad de México,Pop,False,False
1Av8Z_dGkRJ6f-G,RÜFÜS DU SOL NORTH AMERICA 2026,https://www.ticketmaster.com.mx/rufus-du-sol-north-america-2026-ciudad-de-mexico-04-07-2026/event/1400643BE61D484C,2026-07-04,21:00:00,America/Mexico_City,onsale,"RÜFÜS DU SOL, Maribou State, Peces Raros","K8vZ9173ujV, K8vZ917oxmf, K8vZ917qA-V",KovZpZAd1IaA,Estadio GNP Seguros,Ciudad de México,Ciudad de México,CDMX,Mexico,MX,MX,19.405199,-99.095618,Music,Pop,Electro Pop,Undefined,Undefined,False,OCESA,,,,Ticketmaster Discovery API,2026,7,July,1,Ciudad de México,Ciudad de México,Pop,False,False
G5dVZ_Gp7ceNe,Piaf Sinfónico,https://www.ticketmaster.com.mx/piaf-sinfonico-mexico-04-07-2026/event/3D0064C584B428C2,2026-07-04,19:00:00,America/Mexico_City,onsale,Piaf Symphonique,K8vZ917QwDf,KovZpZA6EkIA,Teatro de la Ciudad Esperanza Iris,Mexico,Ciudad de México,CDMX,Mexico,MX,MX,19.43669360,-99.13943750,Music,Chanson Francaise,Chanson Francaise,Undefined,Undefined,False,MONDIAL PRICE 1,,,,Ticketmaster Discovery API,2026,7,July,1,Ciudad de México,Ciudad de México,Chanson Francaise,False,False
1AfZkosGkdVVxmh,"AOT, Vol. II The Last Attack, In Concert",https://www.ticketmaster.com.mx/aot-vol-ii-the-last-attack-monterrey-04-07-2026/event/14006471F4D22B9B,2026-07-04,20:30:00,America/Mexico_City,onsale,AOT The Last Concert,K8vZ917rQo0,KovZpZAIln6A,Escenario GNP Seguros,Monterrey,Nuevo León,NL,Mexico,MX,MX,25.666135,-100.316726,Music,Rock,Alternative Rock,Undefined,Undefined,False,MONDIAL PRICE 1,,,,Ticketmaster Discovery API,2026,7,July,1,Monterrey,Nuevo León,Rock,False,False
17AZv0G61UPYJY7,FIFA Fan Festival Monterrey - El Malilla (Preferente),https://www.ticketmaster.com.mx/fifa-fan-festival-monterrey-el-malilla-monterrey-04-07-2026/event/140064ADA5C26C04,2026-07-04,,America/Mexico_City,onsale,"FIFA Fan Festival Monterrey, El Malilla","K8vZ917O1Z0, K8vZ917j_Y0",KovZpZAJn7nA,Parque Fundidora,Monterrey,Nuevo León,NL,Mexico,MX,MX,25.67687030,-100.28999330,Music,Undefined,Undefined,Event Style,Festival,False,MONDIAL PRICE 3,,,,Ticketmaster Discovery API,2026,7,July,1,Monterrey,Nuevo León,Sin clasificar,True,False
1kAZv00FGA217gt,DIPLO - Campo Marte Santander (No Incluye Acceso Al Evento De Día),https://www.ticketmaster.com.mx/diplo-campo-marte-santander-no-incluye-mexico-04-07-2026/event/140064908F284D69,2026-07-04,20:00:00,America/Mexico_City,onsale,Diplo,K8vZ917j9R7,KovZpZA6IatA,Campo Marte,México,Ciudad de México,CDMX,Mexico,MX,MX,19.425503,-99.19717,Music,Pop,Electro Pop,Undefined,Undefined,False,MONDIAL PRICE 1,,,,Ticketmaster Discovery API,2026,7,July,1,Ciudad de México,Ciudad de México,Pop,False,False
G5dVZbgU2X7ux,"José Luis Rodríguez ""El Puma"" y Enrique Guzmán",https://www.ticketmaster.com.mx/jose-luis-rodriguez-el-puma-y-mexico-04-07-2026/event/3D00635D8FF84362,2026-07-04,21:30:00,America/Mexico_City,onsale,"Enrique Guzmán, Jose Luis Rodríguez","K8vZ917G1VV, K8vZ9171a_0",KovZpZA7AJ6A,La Maraka,México,Ciudad de México,CDMX,Mexico,MX,MX,19.38651080,-99.16317750,Music,Rock,Pop,Undefined,Undefined,False,MONDIAL PRICE 1,,,,Ticketmaster Discovery API,2026,7,July,1,Ciudad de México,Ciudad de México,Rock,False,False
G5dVZ_FGE_QrL,Michelle Delu,https://www.ticketmaster.com.mx/michelle-delu-mexico-04-07-2026/event/3D0064832765A79F,2026-07-04,19:00:00,America/Mexico_City,cancelled,Michelle Delu,K8vZ917Lcc0,KovZ917A8z0,Foro Red Access,México,Ciudad de México,CDMX,Mexico,MX,MX,19.35677,-99.163341,Music,Latin,Latin,Undefined,Undefined,False,MONDIAL PRICE 1,,,,Ticketmaster Discovery API,2026,7,July,1,Ciudad de México,Ciudad de México,Latin,False,False
G5dVZ_1S6fhOl,"Sinfónica de Minería, Abono Sábados ""Temporada de verano"".",https://www.ticketmaster.com.mx/sinfonica-de-mineria-abono-sabados-temporada-mexico-04-07-2026/event/3D0064ACC751B82B,2026-07-04,,America/Mexico_City,onsale,Sinfónica de Minería,K8vZ917Oa9V,KovZpZAEvekA,Sala Silvestre Revueltas,México,Ciudad de México,CDMX,Mexico,MX,MX,19.30254940,-99.17327880,Music,Classical,Classical/Vocal,Undefined,Undefined,False,MONDIAL PRICE 1,,,,Ticketmaster Discovery API,2026,7,July,1,Ciudad de México,Ciudad de México,Classical,False,False
G5dVZ_1wyktJE,"Sinfónica de Minería, Temporada de verano, primer programa.",https://www.ticketmaster.com.mx/sinfonica-de-mineria-temporada-de-verano-mexico-04-07-2026/event/3D0064ACB91A99A7,2026-07-04,20:00:00,America/Mexico_City,onsale,Sinfónica de Minería,K8vZ917Oa9V,KovZpZAEvekA,Sala Silvestre Revueltas,México,Ciudad de México,CDMX,Mexico,MX,MX,19.30254940,-99.17327880,Music,Classical,Classical/Vocal,Undefined,Undefined,False,MONDIAL PRICE 1,,,,Ticketmaster Discovery API,2026,7,July,1,Ciudad de México,Ciudad de México,Classical,False,False
1AfZko0GkdNwWK3,Virlan Garcia,https://www.ticketmaster.com.mx/virlan-garcia-zapopan-04-07-2026/event/14006464E3CBD4D2,2026-07-04,21:00:00,America/Mexico_City,onsale,Virlan Garcia,K8vZ917pmCV,KovZpZA6I7FA,Auditorio Telmex,Zapopan,Jalisco,JAL,Mexico,MX,MX,20.73324,-103.38112,Music,Latin,Latin,Undefined,Undefined,False,MONDIAL PRICE 1,,,,Ticketmaster Discovery API,2026,7,July,1,Zapopan,Jalisco,Latin,False,False
ZFIMVHtnMZ17FoFt,André Frateschi - The Cavern Club,https://www.ticketmaster.com.br/event/andre-frateschi-the-cavern-club,2026-07-04,20:00:00,America/Sao_Paulo,onsale,,Z5uMVHtnMZA66,ZGIMVHtnMZe1Fk,The Cavern Club,,,SP,,BR,BR,-23.5951293,-46.6836749,Music,World,World,,,False,,,,,Ticketmaster Discovery API,2026,7,July,1,,,World,False,False
ZFIMVHtnMZ17kbP3,ENHYPEN WORLD TOUR 'BLOOD SAGA',https://www.ticketmaster.com.br/event/enhypen-world-tour-blood-saga,2026-07-04,19:30:00,America/Sao_Paulo,onsale,ENHYPEN,K8vZ917_T-7,Z5IMVHtnMZaae,Allianz Parque,,,SP,,BR,BR,-23.5259385,-46.6789892,Music,Pop,K-Pop,,,False,,,,,Ticketmaster Discovery API,2026,7,July,1,,,Pop,False,False
ZFIMVHtnMZ17keZN,Flávio Venturini - Ribeirão Preto,https://www.ticketmaster.com.br/event/flavio-venturini-ribeirao-preto,2026-07-04,21:00:00,America/Sao_Paulo,onsale,,Z5uMVHtnMZ717,ZGIMVHtnMZevAa,Multiplan Hall Ribeirão Shopping,,,SP,,BR,BR,-21.2119833,-47.815878,Music,World,Brazil,,,False,,,,,Ticketmaster Discovery API,2026,7,July,1,,,World,False,False
ZFIMVHtnMZ17FFox,Guilherme Arantes - Sorocaba,https://www.ticketmaster.com.br/event/guilherme-arantes-sorocaba,2026-07-04,22:00:00,America/Sao_Paulo,onsale,,Z5uMVHtnMZ76F,ZGIMVHtnMZdve1,Recreativo Campestre,,,SP,,BR,BR,-23.5260621,-47.4854527,Music,World,World,,,False,,,,,Ticketmaster Discovery API,2026,7,July,1,,,World,False,False
ZFIMVHtnMZ17k4OA,Kid Abelha - Belo Horizonte,https://www.ticketmaster.com.br/event/venda-geral-kid-abelha-belo-horizonte,2026-07-04,21:00:00,America/Sao_Paulo,onsale,,Z5uMVHtnMZ7a7,Z5IMVHtnMZava,Arena MRV,,,MG,,BR,BR,-19.9305518,-44.0171905,Music,World,Brazil,,,False,,,,,Ticketmaster Discovery API,2026,7,July,1,,,World,False,False
ZFIMVHtnMZ17kKfU,Revelação & Xande de Pilares - Porto Alegre,https://www.ticketmaster.com.br/event/revelacao-xande-de-pilares-porto-alegre,2026-07-04,20:00:00,America/Sao_Paulo,onsale,Xande De Pilares,"K8vZ917bQs7, Z5uMVHtnMZAee",ZGIMVHtnMZd7d7,FLY 51,,,RS,,BR,BR,-30.0066207,-51.1886668,Music,Other,Other,,,False,,,,,Ticketmaster Discovery API,2026,7,July,1,,,Other,False,False
ZFIMVHtnMZ17F3Qe,Rodrigo Teaser: Tributo ao Rei do Pop - Tokio Marine Hall,https://www.ticketmaster.com.br/event/rodrigo-teaser-tributo-ao-rei-do-pop--tokio-marine-hall,2026-07-04,21:00:00,America/Sao_Paulo,onsale,Rodrigo Teaser,K8vZ917blA0,Z5IMVHtnMZ1FA,Tokio Marine Hall,,,SP,,BR,BR,-23.63847,-46.71997469999999,Music,Pop,Pop,,,False,,,,,Ticketmaster Discovery API,2026,7,July,1,,,Pop,False,False
G5dVZ_Gp5VSe0,Piaf Sinfónico,https://www.ticketmaster.com.mx/piaf-sinfonico-mexico-05-07-2026/event/3D0064C58BD330A4,2026-07-05,18:00:00,America/Mexico_City,onsale,Piaf Symphonique,K8vZ917QwDf,KovZpZA6EkIA,Teatro de la Ciudad Esperanza Iris,Mexico,Ciudad de México,CDMX,Mexico,MX,MX,19.43669360,-99.13943750,Music,Chanson Francaise,Chanson Francaise,Undefined,Undefined,False,MONDIAL PRICE 1,,,,Ticketmaster Discovery API,2026,7,July,1,Ciudad de México,Ciudad de México,Chanson Francaise,False,False
17AZv0G61MeDB9D,FIFA Fan Festival Monterrey - Los Payasonicos (Preferente),https://www.ticketmaster.com.mx/fifa-fan-festival-monterrey-los-payasonicos-monterrey-05-07-2026/event/140064ADC2EFA5FB,2026-07-05,,America/Mexico_City,onsale,"FIFA Fan Festival Monterrey, Los Payasonicos","K8vZ917O1Z0, K8vZ917OF7f",KovZpZAJn7nA,Parque Fundidora,Monterrey,Nuevo León,NL,Mexico,MX,MX,25.67687030,-100.28999330,Music,Undefined,Undefined,Event Style,Festival,False,MONDIAL PRICE 2,,,,Ticketmaster Discovery API,2026,7,July,1,Monterrey,Nuevo León,Sin clasificar,True,False
G5dVZ_GxvLYRk,La escencia del bolero,https://www.ticketmaster.com.mx/la-escencia-del-bolero-mexico-05-07-2026/event/3D0064C8817F0BC6,2026-07-05,18:00:00,America/Mexico_City,onsale,La escencia del bolero,K8vZ917LbDV,KovZ917A8z0,Foro Red Access,México,Ciudad de México,CDMX,Mexico,MX,MX,19.35677,-99.163341,Music,Ballads/Romantic,Ballads/Romantic,Undefined,Undefined,False,MONDIAL PRICE 1,,,,Ticketmaster Discovery API,2026,7,July,1,Ciudad de México,Ciudad de México,Ballads/Romantic,False,False
G5dVZ_1wzTaPE,"Sinfónica de Minería, Abono Domingos ""Temporada de verano"".",https://www.ticketmaster.com.mx/sinfonica-de-mineria-abono-domingos-temporada-mexico-05-07-2026/event/3D0064ACB8FC9967,2026-07-05,,America/Mexico_City,onsale,Sinfónica de Minería,K8vZ917Oa9V,KovZpZAEvekA,Sala Silvestre Revueltas,México,Ciudad de México,CDMX,Mexico,MX,MX,19.30254940,-99.17327880,Music,Classical,Classical/Vocal,Undefined,Undefined,False,MONDIAL PRICE 1,,,,Ticketmaster Discovery API,2026,7,July,1,Ciudad de México,Ciudad de México,Classical,False,False
G5dVZ_1wHYn2m,"Sinfónica de Minería, Temporada de verano, primer programa.",https://www.ticketmaster.com.mx/sinfonica-de-mineria-temporada-de-verano-mexico-05-07-2026/event/3D0064ACBCC2A3EE,2026-07-05,12:00:00,America/Mexico_City,onsale,Sinfónica de Minería,K8vZ917Oa9V,KovZpZAEvekA,Sala Silvestre Revueltas,México,Ciudad de México,CDMX,Mexico,MX,MX,19.30254940,-99.17327880,Music,Classical,Classical/Vocal,Undefined,Undefined,False,MONDIAL PRICE 1,,,,Ticketmaster Discovery API,2026,7,July,1,Ciudad de México,Ciudad de México,Classical,False,False
ZFIMVHtnMZ17Fb8E,Rodrigo Teaser: Tributo ao Rei do Pop - Tokio Marine Hall (Data Extra Julho 2026),https://www.ticketmaster.com.br/event/rodrigo-teaser-tributo-ao-rei-do-pop-tokio-marine-hall-data-extra-julho-2026,2026-07-05,17:00:00,America/Sao_Paulo,onsale,Rodrigo Teaser,K8vZ917blA0,Z5IMVHtnMZ1FA,Tokio Marine Hall,,,SP,,BR,BR,-23.63847,-46.71997469999999,Music,Pop,Pop,,,False,,,,,Ticketmaster Discovery API,2026,7,July,1,,,Pop,False,False
17AZv0G61UO0pZq,FIFA Fan Festival Monterrey - La Costumbre (Preferente),https://www.ticketmaster.com.mx/fifa-fan-festival-monterrey-la-costumbre-monterrey-07-07-2026/event/140064ADA091601D,2026-07-07,,America/Mexico_City,onsale,"FIFA Fan Festival Monterrey, Costumbre","K8vZ917O1Z0, K8vZ917rEV0",KovZpZAJn7nA,Parque Fundidora,Monterrey,Nuevo León,NL,Mexico,MX,MX,25.67687030,-100.28999330,Music,Undefined,Undefined,Event Style,Festival,False,MONDIAL PRICE 2,,,,Ticketmaster Discovery API,2026,7,July,1,Monterrey,Nuevo León,Sin clasificar,True,False
G5dVZ_kX2l-le,ASYC/Teatro de movimiento 80 movimientos Coor.ND. 13+. Ingreso 19:30 h,https://www.ticketmaster.com.mx/asycteatro-de-movimiento-80-movimientos-coornd-mexico-cdmx-07-07-2026/event/3D00646F8FAE1AC2,2026-07-07,20:00:00,America/Mexico_City,onsale,Sala Principal Bellas Artes,K8vZ917pby7,KovZpZA7AJvA,Palacio de Bellas Artes,México CDMX,Ciudad de México,CDMX,Mexico,MX,MX,19.43663020,-99.14353180,Music,Latin,Latin,Undefined,Undefined,False,MONDIAL PRICE 3,,,,Ticketmaster Discovery API,2026,7,July,1,Ciudad de México,Ciudad de México,Latin,False,False
1kAZv00FGA21VgM,MODESELEKTOR Campo Marte Santander No Incluye Acceso Al Evento De Dia,https://www.ticketmaster.com.mx/modeselektor-campo-marte-santander-no-incluye-mexico-08-07-2026/event/140064908F2B4D77,2026-07-08,20:00:00,America/Mexico_City,onsale,Modeselektor,K8vZ9174_Yf,KovZpZA6IatA,Campo Marte,México,Ciudad de México,CDMX,Mexico,MX,MX,19.425503,-99.19717,Music,Pop,Electro Pop,Undefined,Undefined,False,MONDIAL PRICE 1,,,,Ticketmaster Discovery API,2026,7,July,1,Ciudad de México,Ciudad de México,Pop,False,False
17AZv0G61nos9Z9,Marcos Valle,https://www.ticketmaster.com.mx/marcos-valle-mexico-08-07-2026/event/140064AA91C57017,2026-07-08,20:00:00,America/Mexico_City,onsale,Marcos Valle,K8vZ917oKK0,KovZpZAEklIA,Foro Polanco Moliere,México,Ciudad de México,CDMX,Mexico,MX,MX,19.43956950,-99.20076750,Music,Jazz,Jazz,Undefined,Undefined,False,MONDIAL PRICE 1,,,,Ticketmaster Discovery API,2026,7,July,1,Ciudad de México,Ciudad de México,Jazz,False,False
ZFIMVHtnMZ17kbOV,"Enhypen World Tour 'Blood Saga' In Lima, Peru",https://www.ticketmaster.pe/event/enhypen-blood-saga-tour,2026-07-08,20:00:00,America/Lima,onsale,ENHYPEN,K8vZ917_T-7,Z5IMVHtnMZFF1,Estadio San Marcos,,,LIM,,PE,PE,-12.0550642,-77.0823504,Music,Pop,K-Pop,,,False,,,,,Ticketmaster Discovery API,2026,7,July,1,,,Pop,False,False
1kAZv00FGA21VgW,CLAPTONE - Campo Marte Santander (No Incluye Acceso Al Evento De Día),https://www.ticketmaster.com.mx/claptone-campo-marte-santander-no-incluye-mexico-09-07-2026/event/140064908F2B4D7D,2026-07-09,20:00:00,America/Mexico_City,onsale,Claptone,K8vZ917oEFV,KovZpZA6IatA,Campo Marte,México,Ciudad de México,CDMX,Mexico,MX,MX,19.425503,-99.19717,Music,Pop,Electro Pop,Undefined,Undefined,False,MONDIAL PRICE 1,,,,Ticketmaster Discovery API,2026,7,July,1,Ciudad de México,Ciudad de México,Pop,False,False
G5dVZ_GXYqK-b,Junior D´ León en concierto,https://www.ticketmaster.com.mx/junior-d-leon-en-concierto-mexico-09-07-2026/event/3D0064CFB0753858,2026-07-09,21:00:00,America/Mexico_City,onsale,Junior Leon,K8vZ917Ot47,KovZpZAJllJA,Mambo Cafe Insurgentes,México,Ciudad de México,CDMX,Mexico,MX,MX,19.38312910,-99.17603300,Music,Ballads/Romantic,Ballads/Romantic,Undefined,Undefined,False,MONDIAL PRICE 1,,,,Ticketmaster Discovery API,2026,7,July,1,Ciudad de México,Ciudad de México,Ballads/Romantic,False,False
G5dVZ_1kizJTv,"Tito Nieves ""La Historia Continua""",https://www.ticketmaster.com.mx/tito-nieves-la-historia-continua-mexico-09-07-2026/event/3D0064A1ACE26FC1,2026-07-09,21:30:00,America/Mexico_City,cancelled,Tito Nieves,K8vZ9171xs7,KovZpZA7AJ6A,La Maraka,México,Ciudad de México,CDMX,Mexico,MX,MX,19.38651080,-99.16317750,Music,Latin,Latin,Undefined,Undefined,False,MONDIAL PRICE 1,,,,Ticketmaster Discovery API,2026,7,July,1,Ciudad de México,Ciudad de México,Latin,False,False
G5dVZ_kXBf75o,"ATERNO 80 Movimientos. Coor. Nacional de Danza, 6+. Ingreso 19:30 h.",https://www.ticketmaster.com.mx/aterno-80-movimientos-coor-nacional-de-mexico-cdmx-09-07-2026/event/3D00646FBA5042D1,2026-07-09,20:00:00,America/Mexico_City,onsale,Sala Principal Bellas Artes,K8vZ917pby7,KovZpZA7AJvA,Palacio de Bellas Artes,México CDMX,Ciudad de México,CDMX,Mexico,MX,MX,19.43663020,-99.14353180,Music,Latin,Latin,Undefined,Undefined,False,MONDIAL PRICE 3,,,,Ticketmaster Discovery API,2026,7,July,1,Ciudad de México,Ciudad de México,Latin,False,False
G5dVZ_G5xMEBZ,La Cantadera,https://www.ticketmaster.com.mx/la-cantadera-ciudad-de-mexico-10-07-2026/event/3D0064C2E2DE7E80,2026-07-10,21:30:00,America/Mexico_City,onsale,La Cantadera,K8vZ917LqeV,KovZ917AVGy,Foro Stelaris Fiesta Americana Reforma,Ciudad de México,Ciudad de México,CDMX,Mexico,MX,MX,19.43219600,-99.15473940,Music,Rock,Pop,Undefined,Undefined,False,MONDIAL PRICE 1,,,,Ticketmaster Discovery API,2026,7,July,1,Ciudad de México,Ciudad de México,Rock,False,False
17AZv0G61UWFtiY,FIFA Fan Festival Monterrey - MC Davo (Preferente),https://www.ticketmaster.com.mx/fifa-fan-festival-monterrey-mc-davo-monterrey-10-07-2026/event/140064ADBD229B30,2026-07-10,,America/Mexico_City,onsale,"FIFA Fan Festival Monterrey, MC Davo","K8vZ917O1Z0, K8vZ917QQL0",KovZpZAJn7nA,Parque Fundidora,Monterrey,Nuevo León,NL,Mexico,MX,MX,25.67687030,-100.28999330,Music,Undefined,Undefined,Event Style,Festival,False,MONDIAL PRICE 3,,,,Ticketmaster Discovery API,2026,7,July,1,Monterrey,Nuevo León,Sin clasificar,True,False
1kAZv00FGA25fUZ,NSQK - Campo Marte Santander (No Incluye Acceso Al Evento De Día),https://www.ticketmaster.com.mx/nsqk-campo-marte-santander-no-incluye-mexico-10-07-2026/event/140064908F2D4D80,2026-07-10,20:00:00,America/Mexico_City,onsale,NSQK,K8vZ917hfL7,KovZpZA6IatA,Campo Marte,México,Ciudad de México,CDMX,Mexico,MX,MX,19.425503,-99.19717,Music,Hip-Hop/Rap,Trap,Undefined,Undefined,False,MONDIAL PRICE 1,,,,Ticketmaster Discovery API,2026,7,July,1,Ciudad de México,Ciudad de México,Hip-Hop/Rap,False,False
G5dVZ_1CoKdb_,"Tito Nieves ""La Historia Continúa""",https://www.ticketmaster.com.mx/tito-nieves-la-historia-continua-mexico-10-07-2026/event/3D0064A3914C3619,2026-07-10,21:30:00,America/Mexico_City,cancelled,Tito Nieves,K8vZ9171xs7,KovZpZA7AJ6A,La Maraka,México,Ciudad de México,CDMX,Mexico,MX,MX,19.38651080,-99.16317750,Music,Latin,Latin,Undefined,Undefined,False,MONDIAL PRICE 1,,,,Ticketmaster Discovery API,2026,7,July,1,Ciudad de México,Ciudad de México,Latin,False,False
1Av8Z_kGkMKANHz,Caifanes,https://www.ticketmaster.com.mx/caifanes-ciudad-de-mexico-11-07-2026/event/1400646DD3163F38,2026-07-11,21:00:00,America/Mexico_City,onsale,Caifanes,K8vZ917112V,KovZpZAd1IaA,Estadio GNP Seguros,Ciudad de México,Ciudad de México,CDMX,Mexico,MX,MX,19.405199,-99.095618,Music,Latin,Latin,Undefined,Undefined,False,OCESA,,,,Ticketmaster Discovery API,2026,7,July,1,Ciudad de México,Ciudad de México,Latin,False,False
G5dVZ_5E_4kgE,Danny Frank Sinfonico Cosa Nuestra,https://www.ticketmaster.com.mx/danny-frank-sinfonico-cosa-nuestra-mexico-11-07-2026/event/3D0064B9D9546D67,2026-07-11,18:00:00,America/Mexico_City,onsale,Danny Frank,K8vZ9171Mc0,KovZpZA6EkIA,Teatro de la Ciudad Esperanza Iris,Mexico,Ciudad de México,CDMX,Mexico,MX,MX,19.43669360,-99.13943750,Music,Latin,Latin,Undefined,Undefined,False,MONDIAL PRICE 1,,,,Ticketmaster Discovery API,2026,7,July,1,Ciudad de México,Ciudad de México,Latin,False,False
17AZv0G61UXBaDx,FIFA Fan Festival Monterrey - La Sonora Dinamita (Preferente),https://www.ticketmaster.com.mx/fifa-fan-festival-monterrey-la-sonora-monterrey-11-07-2026/event/140064ADBEE89EE2,2026-07-11,,America/Mexico_City,onsale,"FIFA Fan Festival Monterrey, La Sonora Dinamita","K8vZ917O1Z0, K8vZ917uPbf",KovZpZAJn7nA,Parque Fundidora,Monterrey,Nuevo León,NL,Mexico,MX,MX,25.67687030,-100.28999330,Music,Undefined,Undefined,Event Style,Festival,False,MONDIAL PRICE 2,,,,Ticketmaster Discovery API,2026,7,July,1,Monterrey,Nuevo León,Sin clasificar,True,False
G5dVZ_FGIw1OK,"Cross Road ""Bon Jovi Live Experience""",https://www.ticketmaster.com.mx/cross-road-bon-jovi-live-experience-mexico-11-07-2026/event/3D00648328C8A813,2026-07-11,22:30:00,America/Mexico_City,cancelled,Cross Road: The Bon Jovi live experience,K8vZ917GLt7,KovZ917A8z0,Foro Red Access,México,Ciudad de México,CDMX,Mexico,MX,MX,19.35677,-99.163341,Music,Undefined,Undefined,Group,Tribute Band,False,MONDIAL PRICE 1,,,,Ticketmaster Discovery API,2026,7,July,1,Ciudad de México,Ciudad de México,Sin clasificar,False,False
1kAZv0rbGA2WARA,Elias Medina en Concierto Tour 2026,https://www.ticketmaster.com.mx/elias-medina-en-concierto-tour-2026-mexico-11-07-2026/event/140064798FF45BC5,2026-07-11,21:00:00,America/Mexico_City,onsale,Elías Medina,K8vZ917hy0f,KovZpZA6JttA,Teatro Metropolitan,México,Ciudad de México,CDMX,Mexico,MX,MX,19.433457,-99.146811,Music,Pop,Pop,Undefined,Undefined,False,OCESA,,,,Ticketmaster Discovery API,2026,7,July,1,Ciudad de México,Ciudad de México,Pop,False,False
G5dVZ_1wHYB2Y,"Sinfónica de Minería, Temporada de verano, segundo programa.",https://www.ticketmaster.com.mx/sinfonica-de-mineria-temporada-de-verano-mexico-11-07-2026/event/3D0064ACBCC3A3F0,2026-07-11,20:00:00,America/Mexico_City,onsale,Sinfónica de Minería,K8vZ917Oa9V,KovZpZAEvekA,Sala Silvestre Revueltas,México,Ciudad de México,CDMX,Mexico,MX,MX,19.30254940,-99.17327880,Music,Classical,Classical/Vocal,Undefined,Undefined,False,MONDIAL PRICE 1,,,,Ticketmaster Discovery API,2026,7,July,1,Ciudad de México,Ciudad de México,Classical,False,False
1kAZv00FGA250Ud,THE BLAZE- Campo Marte Santander (No Incluye Acceso Al Evento De Día),https://www.ticketmaster.com.mx/the-blaze-campo-marte-santander-no-mexico-11-07-2026/event/140064908F2E4D83,2026-07-11,20:00:00,America/Mexico_City,onsale,The Blaze,K8vZ9179QVV,KovZpZA6IatA,Campo Marte,México,Ciudad de México,CDMX,Mexico,MX,MX,19.425503,-99.19717,Music,Pop,Electro Pop,Undefined,Undefined,False,MONDIAL PRICE 1,,,,Ticketmaster Discovery API,2026,7,July,1,Ciudad de México,Ciudad de México,Pop,False,False
G5dVZ_kT7jfce,Folklórico U. Veracruzana 80 Movimientos. Coor.ND. Ingreso 18:30 h.,https://www.ticketmaster.com.mx/folklorico-u-veracruzana-80-movimientos-coornd-mexico-cdmx-11-07-2026/event/3D00646FC4714B42,2026-07-11,19:00:00,America/Mexico_City,onsale,Sala Principal Bellas Artes,K8vZ917pby7,KovZpZA7AJvA,Palacio de Bellas Artes,México CDMX,Ciudad de México,CDMX,Mexico,MX,MX,19.43663020,-99.14353180,Music,Latin,Latin,Undefined,Undefined,False,MONDIAL PRICE 3,,,,Ticketmaster Discovery API,2026,7,July,1,Ciudad de México,Ciudad de México,Latin,False,False
ZFIMVHtnMZ17k4Oo,Kid Abelha - Salvador,https://www.ticketmaster.com.br/event/venda-geral-kid-abelha-salvador,2026-07-11,21:00:00,America/Sao_Paulo,onsale,,Z5uMVHtnMZ7a7,ZGIMVHtnMZevFk,Casa de Apostas Arena Fonte Nova,,,BA,,BR,BR,-12.97723,-38.5039171,Music,World,Brazil,,,False,,,,,Ticketmaster Discovery API,2026,7,July,1,,,World,False,False
ZFIMVHtnMZ17F4Z_,Marina Lima - Ribeirão Preto,https://www.ticketmaster.com.br/event/marina-lima-ribeirao-preto,2026-07-11,21:00:00,America/Sao_Paulo,onsale,Marina Lima,K8vZ917jBQf,ZGIMVHtnMZevAa,Multiplan Hall Ribeirão Shopping,,,SP,,BR,BR,-21.2119833,-47.815878,Music,World,Brazil,,,False,,,,,Ticketmaster Discovery API,2026,7,July,1,,,World,False,False
ZFIMVHtnMZ17Fboa,Paulo Miklos - The Cavern Club,https://www.ticketmaster.com.br/event/paulos-miklos-the-cavern-club,2026-07-11,21:30:00,America/Sao_Paulo,onsale,,Z5uMVHtnMZkaa,ZGIMVHtnMZe1Fk,The Cavern Club,,,SP,,BR,BR,-23.5951293,-46.6836749,Music,World,World,,,False,,,,,Ticketmaster Discovery API,2026,7,July,1,,,World,False,False
ZFIMVHtnMZ17kKfs,Revelação & Xande de Pilares - Belo Horizonte,https://www.ticketmaster.com.br/event/revelacao-xande-de-pilares-belo-horizonte,2026-07-11,20:00:00,America/Sao_Paulo,onsale,Xande De Pilares,"K8vZ917bQs7, Z5uMVHtnMZAee",Z5IMVHtnMZava,Arena MRV,,,MG,,BR,BR,-19.9305518,-44.0171905,Music,Other,Other,,,False,,,,,Ticketmaster Discovery API,2026,7,July,1,,,Other,False,False
G5dVZ_kTkNfsO,Danza visual 80 Movimientos. Coor.ND. 6+. Ingreso 19:30 h.,https://www.ticketmaster.com.mx/danza-visual-80-movimientos-coornd-6-mexico-cdmx-14-07-2026/event/3D00646FC68D4C60,2026-07-14,20:00:00,America/Mexico_City,onsale,Sala Principal Bellas Artes,K8vZ917pby7,KovZpZA7AJvA,Palacio de Bellas Artes,México CDMX,Ciudad de México,CDMX,Mexico,MX,MX,19.43663020,-99.14353180,Music,Latin,Latin,Undefined,Undefined,False,MONDIAL PRICE 3,,,,Ticketmaster Discovery API,2026,7,July,1,Ciudad de México,Ciudad de México,Latin,False,False
17AZv0G6u9awbWc,Enhypen + Santos Bravos (NO INCLUYE ACCESO AL EVENTO DE DÍA),https://www.ticketmaster.com.mx/enhypen-santos-bravos-no-incluye-acceso-mexico-15-07-2026/event/140064D5C9C98F6D,2026-07-15,20:00:00,America/Mexico_City,onsale,"ENHYPEN, Santos Bravos","K8vZ917_T-7, K8vZ917LjIf",KovZpZA6IatA,Campo Marte,México,Ciudad de México,CDMX,Mexico,MX,MX,19.425503,-99.19717,Music,Pop,K-Pop,Undefined,Undefined,False,MONDIAL PRICE 1,,,,Ticketmaster Discovery API,2026,7,July,1,Ciudad de México,Ciudad de México,Pop,False,False
G5dVZ_axBhQKg,Leyendas,https://www.ticketmaster.com.mx/leyendas-ciudad-de-mexico-16-07-2026/event/3D006498BA6DA4F5,2026-07-16,20:30:00,America/Mexico_City,onsale,Leyendas el show,K8vZ917Lqef,KovZ917AVGy,Foro Stelaris Fiesta Americana Reforma,Ciudad de México,Ciudad de México,CDMX,Mexico,MX,MX,19.43219600,-99.15473940,Music,Ballads/Romantic,Ballads/Romantic,Undefined,Undefined,False,MONDIAL PRICE 1,,,,Ticketmaster Discovery API,2026,7,July,1,Ciudad de México,Ciudad de México,Ballads/Romantic,False,False
G5dVZ_1N61b7s,15 Aniversario Camouflage Big Band,https://www.ticketmaster.com.mx/15-aniversario-camouflage-big-band-mexico-16-07-2026/event/3D0064A8C7298131,2026-07-16,20:00:00,America/Mexico_City,onsale,Camouflage Big Band,K8vZ917Okz0,KovZpZA6EkIA,Teatro de la Ciudad Esperanza Iris,Mexico,Ciudad de México,CDMX,Mexico,MX,MX,19.43669360,-99.13943750,Music,Jazz,Jazz,Undefined,Undefined,False,MONDIAL PRICE 1,,,,Ticketmaster Discovery API,2026,7,July,1,Ciudad de México,Ciudad de México,Jazz,False,False
G5dVZ_a3Gce7B,"Dalù, Playlist para esos dias nublados",https://www.ticketmaster.com.mx/dalu-playlist-para-esos-dias-nublados-mexico-16-07-2026/event/3D0064948CB4213A,2026-07-16,21:00:00,America/Mexico_City,onsale,Dalú,K8vZ917Oe17,KovZ917A8z0,Foro Red Access,México,Ciudad de México,CDMX,Mexico,MX,MX,19.35677,-99.163341,Music,Pop,Pop,Undefined,Undefined,False,MONDIAL PRICE 1,,,,Ticketmaster Discovery API,2026,7,July,1,Ciudad de México,Ciudad de México,Pop,False,False
G5dVZ_AnpYxzw,Tex Tex,https://www.ticketmaster.com.mx/tex-tex-mexico-16-07-2026/event/3D00645A96C22E32,2026-07-16,21:30:00,America/Mexico_City,onsale,,,KovZpZA7AJ6A,La Maraka,México,Ciudad de México,CDMX,Mexico,MX,MX,19.38651080,-99.16317750,Music,Other,Other,Undefined,Undefined,False,MONDIAL PRICE 1,,,,Ticketmaster Discovery API,2026,7,July,1,Ciudad de México,Ciudad de México,Other,False,False
17AZv0G6GThPlKq,Tributo a la Diva con Jennely,https://www.ticketmaster.com.mx/tributo-a-la-diva-con-jennely-mexico-16-07-2026/event/140064CFDB96B4DD,2026-07-16,20:30:00,America/Mexico_City,onsale,Tributo a la Diva con Jennely,K8vZ917Otr7,KovZpZA77tFA,Teatro Hidalgo,México,Ciudad de México,CDMX,Mexico,MX,MX,19.43663020,-99.14353180,Music,Latin,Latin,Undefined,Undefined,False,MONDIAL PRICE 1,,,,Ticketmaster Discovery API,2026,7,July,1,Ciudad de México,Ciudad de México,Latin,False,False
G5dVZ_kTFbfyW, Gala Flamenca 80 Movimientos. Coor.ND. 10+. Ingreso 19:30 h.,https://www.ticketmaster.com.mx/gala-flamenca-80-movimientos-coornd-10-mexico-cdmx-16-07-2026/event/3D00646FC8614E7D,2026-07-16,20:00:00,America/Mexico_City,onsale,Sala Principal Bellas Artes,K8vZ917pby7,KovZpZA7AJvA,Palacio de Bellas Artes,México CDMX,Ciudad de México,CDMX,Mexico,MX,MX,19.43663020,-99.14353180,Music,Latin,Latin,Undefined,Undefined,False,MONDIAL PRICE 3,,,,Ticketmaster Discovery API,2026,7,July,1,Ciudad de México,Ciudad de México,Latin,False,False
ZFIMVHtnMZ17F8ed,"Information Society, Thea Austin e Noel - Suhai Music Hall",https://www.ticketmaster.com.br/event/information-society-thea-austin-noel-suhai-music-hall,2026-07-16,21:00:00,America/Sao_Paulo,onsale,Information Society,K8vZ9171Fm7,ZGIMVHtnMZeFaa,Suhai Music Hall,,,SP,,BR,BR,-23.6761714,-46.6992381,Music,Rock,Alternative Rock,,,False,,,,,Ticketmaster Discovery API,2026,7,July,1,,,Rock,False,False
1AfZk3oGkd6Nqur,Grupo Firme,https://www.ticketmaster.com.mx/grupo-firme-ciudad-de-mexico-17-07-2026/event/14006491C78DD35E,2026-07-17,21:00:00,America/Mexico_City,onsale,Grupo Firme,K8vZ917bY9V,KovZpZAd1IaA,Estadio GNP Seguros,Ciudad de México,Ciudad de México,CDMX,Mexico,MX,MX,19.405199,-99.095618,Music,Latin,Latin,Undefined,Undefined,False,OCESA,,,,Ticketmaster Discovery API,2026,7,July,1,Ciudad de México,Ciudad de México,Latin,False,False
G5dVZ_kC8j3Y_,Esto si es Despecho con Big Band Jazz de México,https://www.ticketmaster.com.mx/esto-si-es-despecho-con-big-mexico-17-07-2026/event/3D00646390712C19,2026-07-17,21:30:00,America/Mexico_City,onsale,Esto Sí es Despecho: Myriam - Natalia Sosa- Aranza - Sheyla,K8vZ917rEV7,KovZpZA7AJ6A,La Maraka,México,Ciudad de México,CDMX,Mexico,MX,MX,19.38651080,-99.16317750,Music,Latin,Latin,Undefined,Undefined,False,MONDIAL PRICE 1,,,,Ticketmaster Discovery API,2026,7,July,1,Ciudad de México,Ciudad de México,Latin,False,False
G5dVZ_FkafvPG,Fato Voz y Raiz,https://www.ticketmaster.com.mx/fato-voz-y-raiz-mexico-17-07-2026/event/3D0064818950194C,2026-07-17,21:00:00,America/Mexico_City,onsale,Fato,K8vZ9173C-V,KovZ917A8z0,Foro Red Access,México,Ciudad de México,CDMX,Mexico,MX,MX,19.35677,-99.163341,Music,Latin,Latin,Undefined,Undefined,False,MONDIAL PRICE 1,,,,Ticketmaster Discovery API,2026,7,July,1,Ciudad de México,Ciudad de México,Latin,False,False
1kAZv00FGA250U6,LOS ÁNGELES AZULES (No Incluye Acceso Al Evento De Día),https://www.ticketmaster.com.mx/los-angeles-azules-no-incluye-acceso-mexico-17-07-2026/event/140064908F2E4D87,2026-07-17,20:00:00,America/Mexico_City,onsale,Los Angeles Azules,K8vZ9175pMV,KovZpZA6IatA,Campo Marte,México,Ciudad de México,CDMX,Mexico,MX,MX,19.425503,-99.19717,Music,Latin,Latin,Undefined,Undefined,False,MONDIAL PRICE 1,,,,Ticketmaster Discovery API,2026,7,July,1,Ciudad de México,Ciudad de México,Latin,False,False
G5dVZ_dQAY-Tc,FLOW,https://www.ticketmaster.com.mx/flow-zapopan-17-07-2026/event/3D00643685C21FED,2026-07-17,21:00:00,America/Mexico_City,onsale,FLOW,K8vZ917bIV0,KovZpZA6IedA,Teatro Estudio Cavaret,Zapopan,Jalisco,JAL,Mexico,MX,MX,20.736739,-103.378417,Music,Rock,Pop,Undefined,Undefined,False,MONDIAL PRICE 1,,,,Ticketmaster Discovery API,2026,7,July,1,Zapopan,Jalisco,Rock,False,False
1Av8Z_7GklJGIy-,La Arrolladora Banda Limón,https://www.ticketmaster.com.mx/la-arrolladora-banda-limon-zapopan-17-07-2026/event/1400644AE6328E61,2026-07-17,21:00:00,America/Mexico_City,onsale,La Arrolladora Banda Limón,K8vZ917GfQf,KovZpZA6I7FA,Auditorio Telmex,Zapopan,Jalisco,JAL,Mexico,MX,MX,20.73324,-103.38112,Music,Folk,Indie Folk,Undefined,Undefined,False,MONDIAL PRICE 1,,,,Ticketmaster Discovery API,2026,7,July,1,Zapopan,Jalisco,Folk,False,False
ZFIMVHtnMZ17F-fa,Con Guitarra y Cajón: Eva Ayllón,https://www.ticketmaster.pe/event/con-guitarra-y-cajon-eva-ayllon-venta-general-3512,2026-07-17,22:00:00,America/Lima,onsale,Eva Ayllon,K8vZ9171gbV,Z5IMVHtnMZa7k,Centro de Convenciones Bianca,,,LIM,,PE,PE,-12.150805347969296,-77.02036349933624,Music,World,Latin,,,False,,,,,Ticketmaster Discovery API,2026,7,July,1,,,World,False,False
ZFIMVHtnMZ17ASpe,"Harry Styles: Together, Together",https://www.ticketmaster.com.br/event/venda-geral-harry-styles,2026-07-17,20:45:00,America/Sao_Paulo,onsale,Harry Styles,K8vZ9174XZ0,ZGIMVHtnMZeede,MorumBis,,,SP,,BR,BR,-23.6002654,-46.7210506,Music,Pop,Pop Rock,,,False,,,,,Ticketmaster Discovery API,2026,7,July,1,,,Pop,False,False
1AfZk3oGkda4qYt,Grupo Firme,https://www.ticketmaster.com.mx/grupo-firme-ciudad-de-mexico-18-07-2026/event/14006491C955DC29,2026-07-18,21:00:00,America/Mexico_City,onsale,Grupo Firme,K8vZ917bY9V,KovZpZAd1IaA,Estadio GNP Seguros,Ciudad de México,Ciudad de México,CDMX,Mexico,MX,MX,19.405199,-99.095618,Music,Latin,Latin,Undefined,Undefined,False,OCESA,,,,Ticketmaster Discovery API,2026,7,July,1,Ciudad de México,Ciudad de México,Latin,False,False
G5dVZ_erl-wor,Los Malagueña - Aire,https://www.ticketmaster.com.mx/los-malaguena-aire-ciudad-de-mexico-18-07-2026/event/3D006427AB87245E,2026-07-18,20:30:00,America/Mexico_City,onsale,Los Malagueña,K8vZ917LZMV,KovZpZA6EtdA,El Lunario del Auditorio Nacional,Ciudad de México,Ciudad de México,CDMX,Mexico,MX,MX,19.424682,-99.1954,Music,Latin,Latin,Undefined,Undefined,False,MONDIAL PRICE 1,,,,Ticketmaster Discovery API,2026,7,July,1,Ciudad de México,Ciudad de México,Latin,False,False
G5dVZ_erWVKZN,Los Malagueña - Aire Meet&Greet,https://www.ticketmaster.com.mx/los-malaguena-aire-meetgreet-ciudad-de-mexico-18-07-2026/event/3D006427BDD13023,2026-07-18,20:30:00,America/Mexico_City,onsale,Los Malagueña,K8vZ917LZMV,KovZpZA6EtdA,El Lunario del Auditorio Nacional,Ciudad de México,Ciudad de México,CDMX,Mexico,MX,MX,19.424682,-99.1954,Music,Latin,Latin,Undefined,Undefined,False,MONDIAL PRICE 1,,,,Ticketmaster Discovery API,2026,7,July,1,Ciudad de México,Ciudad de México,Latin,False,False
G5dVZ_AxeTs6C,Tributo Mago de Oz,https://www.ticketmaster.com.mx/tributo-mago-de-oz-col-centro-monterrey-18-07-2026/event/3D00645882FF11CE,2026-07-18,21:00:00,America/Mexico_City,onsale,,,KovZpZAEvelA,Foro Corona Monterrey,Col. Centro Monterrey,Nuevo León,NL,Mexico,MX,MX,25.66646204,-100.31681661,Music,Rock,Pop,Undefined,Undefined,False,MONDIAL PRICE 2,,,,Ticketmaster Discovery API,2026,7,July,1,Monterrey,Nuevo León,Rock,False,False
17AZv0G61US3I_z,FIFA Fan Festival Monterrey - Kevis & Maykyy (Preferente),https://www.ticketmaster.com.mx/fifa-fan-festival-monterrey-kevis-maykyy-monterrey-18-07-2026/event/140064ADB34A8678,2026-07-18,,America/Mexico_City,onsale,"FIFA Fan Festival Monterrey, Kevis & Maykyy","K8vZ917O1Z0, K8vZ917r_6V",KovZpZAJn7nA,Parque Fundidora,Monterrey,Nuevo León,NL,Mexico,MX,MX,25.67687030,-100.28999330,Music,Undefined,Undefined,Event Style,Festival,False,MONDIAL PRICE 3,,,,Ticketmaster Discovery API,2026,7,July,1,Monterrey,Nuevo León,Sin clasificar,True,False
G5dVZ_eLt47cf,Los Amigos Invisibles,https://www.ticketmaster.com.mx/los-amigos-invisibles-mexico-18-07-2026/event/3D006427E9544B54,2026-07-18,21:30:00,America/Mexico_City,onsale,Los Amigos Invisibles,K8vZ9171Qvf,KovZpZA7AJ6A,La Maraka,México,Ciudad de México,CDMX,Mexico,MX,MX,19.38651080,-99.16317750,Music,Rock,Alternative Rock,Undefined,Undefined,False,MONDIAL PRICE 1,,,,Ticketmaster Discovery API,2026,7,July,1,Ciudad de México,Ciudad de México,Rock,False,False
G5dVZ_1wHs12M,"Sinfónica de Minería, Temporada de verano, tercer programa.",https://www.ticketmaster.com.mx/sinfonica-de-mineria-temporada-de-verano-mexico-18-07-2026/event/3D0064ACBCC4A3F7,2026-07-18,20:00:00,America/Mexico_City,onsale,Sinfónica de Minería,K8vZ917Oa9V,KovZpZAEvekA,Sala Silvestre Revueltas,México,Ciudad de México,CDMX,Mexico,MX,MX,19.30254940,-99.17327880,Music,Classical,Classical/Vocal,Undefined,Undefined,False,MONDIAL PRICE 1,,,,Ticketmaster Discovery API,2026,7,July,1,Ciudad de México,Ciudad de México,Classical,False,False
G5dVZ_kT1q0T0,Cuatro X Cuatro 80 Movimientos. CoorND. 15+. Ingreso 18:30 h.,https://www.ticketmaster.com.mx/cuatro-x-cuatro-80-movimientos-coornd-mexico-cdmx-18-07-2026/event/3D00646FCA764FE4,2026-07-18,19:00:00,America/Mexico_City,onsale,Sala Principal Bellas Artes,K8vZ917pby7,KovZpZA7AJvA,Palacio de Bellas Artes,México CDMX,Ciudad de México,CDMX,Mexico,MX,MX,19.43663020,-99.14353180,Music,Latin,Latin,Undefined,Undefined,False,MONDIAL PRICE 3,,,,Ticketmaster Discovery API,2026,7,July,1,Ciudad de México,Ciudad de México,Latin,False,False
ZFIMVHtnMZ17Fx7A,Con Guitarra y Cajón: Eva Ayllón,https://www.ticketmaster.pe/event/con-guitarra-y-cajon-eva-ayllon-venta-general-3512,2026-07-18,22:00:00,America/Lima,onsale,Eva Ayllon,K8vZ9171gbV,Z5IMVHtnMZa7k,Centro de Convenciones Bianca,,,LIM,,PE,PE,-12.150805347969296,-77.02036349933624,Music,World,Latin,,,False,,,,,Ticketmaster Discovery API,2026,7,July,1,,,World,False,False
ZFIMVHtnMZ17AF0t,Djavan - Belo Horizonte,https://www.ticketmaster.com.br/event/djavan-venda-geral-belo-horizonte,2026-07-18,21:00:00,America/Sao_Paulo,onsale,Djavan,K8vZ91715cf,Z5IMVHtnMZava,Arena MRV,,,MG,,BR,BR,-19.9305518,-44.0171905,Music,R&B,R&B,,,False,,,,,Ticketmaster Discovery API,2026,7,July,1,,,R&B,False,False
ZFIMVHtnMZ17ASrp,"Harry Styles: Together, Together",https://www.ticketmaster.com.br/event/venda-geral-harry-styles,2026-07-18,20:45:00,America/Sao_Paulo,onsale,Harry Styles,K8vZ9174XZ0,ZGIMVHtnMZeede,MorumBis,,,SP,,BR,BR,-23.6002654,-46.7210506,Music,Pop,Pop Rock,,,False,,,,,Ticketmaster Discovery API,2026,7,July,1,,,Pop,False,False
ZFIMVHtnMZ17kKfY,Revelação & Xande de Pilares - São Paulo,https://www.ticketmaster.com.br/event/revelacao-xande-de-pilares-sao-paulo,2026-07-18,19:00:00,America/Sao_Paulo,onsale,Xande De Pilares,"K8vZ917bQs7, Z5uMVHtnMZAee",Z5IMVHtnMZaae,Allianz Parque,,,SP,,BR,BR,-23.5259385,-46.6789892,Music,Other,Other,,,False,,,,,Ticketmaster Discovery API,2026,7,July,1,,,Other,False,False
1kAZv00FGA25VU5,AVALANCHES - Campo Marte Santander (No Incluye Acceso Al Evento De Día,https://www.ticketmaster.com.mx/avalanches-campo-marte-santander-no-incluye-mexico-19-07-2026/event/140064908F2F4D8B,2026-07-19,20:00:00,America/Mexico_City,onsale,The Avalanches,K8vZ917fISf,KovZpZA6IatA,Campo Marte,México,Ciudad de México,CDMX,Mexico,MX,MX,19.425503,-99.19717,Music,Pop,Electro Pop,Undefined,Undefined,False,MONDIAL PRICE 1,,,,Ticketmaster Discovery API,2026,7,July,1,Ciudad de México,Ciudad de México,Pop,False,False
G5dVZ_1wNhEOD,"Sinfónica de Minería, Concierto Familiar Infantil",https://www.ticketmaster.com.mx/sinfonica-de-mineria-concierto-familiar-infantil-mexico-19-07-2026/event/3D0064ACA36E783B,2026-07-19,17:00:00,America/Mexico_City,cancelled,Sinfónica de Minería,K8vZ917Oa9V,KovZpZAEvekA,Sala Silvestre Revueltas,México,Ciudad de México,CDMX,Mexico,MX,MX,19.30254940,-99.17327880,Music,Classical,Classical/Vocal,Undefined,Undefined,False,MONDIAL PRICE 1,,,,Ticketmaster Discovery API,2026,7,July,1,Ciudad de México,Ciudad de México,Classical,False,False
G5dVZ_1wHsQ2W,"Sinfónica de Minería, Temporada de verano, tercer programa.",https://www.ticketmaster.com.mx/sinfonica-de-mineria-temporada-de-verano-mexico-19-07-2026/event/3D0064ACBCC5A3FD,2026-07-19,12:00:00,America/Mexico_City,onsale,Sinfónica de Minería,K8vZ917Oa9V,KovZpZAEvekA,Sala Silvestre Revueltas,México,Ciudad de México,CDMX,Mexico,MX,MX,19.30254940,-99.17327880,Music,Classical,Classical/Vocal,Undefined,Undefined,False,MONDIAL PRICE 1,,,,Ticketmaster Discovery API,2026,7,July,1,Ciudad de México,Ciudad de México,Classical,False,False
ZFIMVHtnMZ17AVjY,"Harry Styles: Together, Together",https://www.ticketmaster.com.br/event/venda-geral-harry-styles,2026-07-21,20:45:00,America/Sao_Paulo,onsale,Harry Styles,K8vZ9174XZ0,ZGIMVHtnMZeede,MorumBis,,,SP,,BR,BR,-23.6002654,-46.7210506,Music,Pop,Pop Rock,,,False,,,,,Ticketmaster Discovery API,2026,7,July,1,,,Pop,False,False
1Av8Z_AGkn6tNdI,Sombr,https://www.ticketmaster.com.mx/sombr-mexico-22-07-2026/event/1400645A87A630E8,2026-07-22,21:00:00,America/Mexico_City,onsale,"Sombr, King Princess","K8vZ917ji4V, K8vZ9179uW0",KovZpZAJllnA,Pepsi Center,México,Ciudad de México,CDMX,Mexico,MX,MX,19.39340970,-99.17581180,Music,Rock,Alternative Rock,Undefined,Undefined,False,OCESA,,,,Ticketmaster Discovery API,2026,7,July,1,Ciudad de México,Ciudad de México,Rock,False,False
G5dVZ_5COPfBB,Okey en Concierto,https://www.ticketmaster.com.mx/okey-en-concierto-ciudad-de-mexico-23-07-2026/event/3D0064B3A0954EBA,2026-07-23,21:00:00,America/Mexico_City,onsale,Grupo Okey,K8vZ9179hAf,KovZpZA6EtdA,El Lunario del Auditorio Nacional,Ciudad de México,Ciudad de México,CDMX,Mexico,MX,MX,19.424682,-99.1954,Music,Ballads/Romantic,Ballads/Romantic,Undefined,Undefined,False,MONDIAL PRICE 1,,,,Ticketmaster Discovery API,2026,7,July,1,Ciudad de México,Ciudad de México,Ballads/Romantic,False,False
G5dVZbVDgSeUe,Lucho SSJ,https://www.ticketmaster.com.mx/lucho-ssj-col-centro-monterrey-23-07-2026/event/3D00634EF5CC2D82,2026-07-23,21:00:00,America/Mexico_City,onsale,Lucho SSJ.,K8vZ917rc-f,KovZpZAEvelA,Foro Corona Monterrey,Col. Centro Monterrey,Nuevo León,NL,Mexico,MX,MX,25.66646204,-100.31681661,Music,Hip-Hop/Rap,Trap,Undefined,Undefined,False,MONDIAL PRICE 1,,,,Ticketmaster Discovery API,2026,7,July,1,Monterrey,Nuevo León,Hip-Hop/Rap,False,False
G5dVZ_kTuCA6J,Yansi M Y Luis G. 80 Movimientos. Coor.ND. 15+. Ingreso 19:30 h.,https://www.ticketmaster.com.mx/yansi-m-y-luis-g-80-mexico-cdmx-23-07-2026/event/3D00646FCD3851E6,2026-07-23,20:00:00,America/Mexico_City,onsale,Sala Principal Bellas Artes,K8vZ917pby7,KovZpZA7AJvA,Palacio de Bellas Artes,México CDMX,Ciudad de México,CDMX,Mexico,MX,MX,19.43663020,-99.14353180,Music,Latin,Latin,Undefined,Undefined,False,MONDIAL PRICE 3,,,,Ticketmaster Discovery API,2026,7,July,1,Ciudad de México,Ciudad de México,Latin,False,False
ZFIMVHtnMZ17FoGA,Ludmilla no Qualistage - RJ,https://www.ticketmaster.com.br/event/ludmilla-no-qualistage-rj,2026-07-23,21:30:00,America/Sao_Paulo,onsale,Ludmilla,K8vZ917jyIV,KovZ917ARjF,Qualistage,Rio de Janeiro,Rio de Janeiro,RJ,Brazil,BR,BR,-22.98135949,-43.36089723,Music,World,Brazil,,,False,,,,,Ticketmaster Discovery API,2026,7,July,1,Rio de Janeiro,Rio de Janeiro,World,False,False
G5dVZ_5d9H21F,Diana Vanoni y los Dandys,https://www.ticketmaster.com.mx/diana-vanoni-y-los-dandys-ciudad-de-mexico-24-07-2026/event/3D0064B0D7F0F288,2026-07-24,20:30:00,America/Mexico_City,onsale,Los Dandys,K8vZ917qxT0,KovZpZA6EtdA,El Lunario del Auditorio Nacional,Ciudad de México,Ciudad de México,CDMX,Mexico,MX,MX,19.424682,-99.1954,Music,Ballads/Romantic,Ballads/Romantic,Undefined,Undefined,False,MONDIAL PRICE 1,,,,Ticketmaster Discovery API,2026,7,July,1,Ciudad de México,Ciudad de México,Ballads/Romantic,False,False
G5dVZ_G5Nr6D6,La Cantadera,https://www.ticketmaster.com.mx/la-cantadera-ciudad-de-mexico-24-07-2026/event/3D0064C2E3787EC7,2026-07-24,21:30:00,America/Mexico_City,onsale,La Cantadera,K8vZ917LqeV,KovZ917AVGy,Foro Stelaris Fiesta Americana Reforma,Ciudad de México,Ciudad de México,CDMX,Mexico,MX,MX,19.43219600,-99.15473940,Music,Rock,Pop,Undefined,Undefined,False,MONDIAL PRICE 1,,,,Ticketmaster Discovery API,2026,7,July,1,Ciudad de México,Ciudad de México,Rock,False,False
17AZv0G61Ude3tK,Cuca y Santa Sabina,https://www.ticketmaster.com.mx/cuca-y-santa-sabina-mexico-24-07-2026/event/140064AD83092A53,2026-07-24,20:30:00,America/Mexico_City,onsale,"Cuca, Santa Sabina","K8vZ917G647, K8vZ9175vgf",KovZpZA6JttA,Teatro Metropolitan,México,Ciudad de México,CDMX,Mexico,MX,MX,19.433457,-99.146811,Music,Rock,Pop,Undefined,Undefined,False,MONDIAL PRICE 1,,,,Ticketmaster Discovery API,2026,7,July,1,Ciudad de México,Ciudad de México,Rock,False,False
G5dVZ_GXbe3A_,El Gran Showman (The Greatest Showman) Movie Concert,https://www.ticketmaster.com.mx/el-gran-showman-the-greatest-showman-mexico-24-07-2026/event/3D0064CF98092159,2026-07-24,20:30:00,America/Mexico_City,onsale,El Gran Showman (The Greatest Showman) Movie Concert,K8vZ917ryWf,KovZpZAEedJA,Teatro Xola Julio Prieto,México,Ciudad de México,CDMX,Mexico,MX,MX,19.396053,-99.161283,Music,Other,Other,Undefined,Undefined,False,MONDIAL PRICE 1,,,,Ticketmaster Discovery API,2026,7,July,1,Ciudad de México,Ciudad de México,Other,False,False
G5dVZ_GXproTT,El Gran Showman (The Greatest Showman) Movie Concert,https://www.ticketmaster.com.mx/el-gran-showman-the-greatest-showman-mexico-24-07-2026/event/3D0064CF96791FFF,2026-07-24,17:30:00,America/Mexico_City,onsale,El Gran Showman (The Greatest Showman) Movie Concert,K8vZ917ryWf,KovZpZAEedJA,Teatro Xola Julio Prieto,México,Ciudad de México,CDMX,Mexico,MX,MX,19.396053,-99.161283,Music,Other,Other,Undefined,Undefined,False,MONDIAL PRICE 1,,,,Ticketmaster Discovery API,2026,7,July,1,Ciudad de México,Ciudad de México,Other,False,False
G5dVZbUka2NbM,Fernando Delgadillo y Alejandro Filio,https://www.ticketmaster.com.mx/fernando-delgadillo-y-alejandro-filio-mexico-24-07-2026/event/3D006361893E3637,2026-07-24,21:30:00,America/Mexico_City,onsale,Fernando Delgadillo,K8vZ9175HMf,KovZpZA7AJ6A,La Maraka,México,Ciudad de México,CDMX,Mexico,MX,MX,19.38651080,-99.16317750,Music,World,Trova,Undefined,Undefined,False,MONDIAL PRICE 1,,,,Ticketmaster Discovery API,2026,7,July,1,Ciudad de México,Ciudad de México,World,False,False
G5dVZ_azebJ8J,"Neo 5 live show en concierto. Acceso 21:00hrs ,Inicio show 22:00hrs",https://www.ticketmaster.com.mx/neo-5-live-show-en-concierto-mexico-24-07-2026/event/3D00649E02626426,2026-07-24,21:00:00,America/Mexico_City,onsale,Neo 5 live show,K8vZ917rhnV,KovZ917A8z0,Foro Red Access,México,Ciudad de México,CDMX,Mexico,MX,MX,19.35677,-99.163341,Music,Pop,Pop,Undefined,Undefined,False,MONDIAL PRICE 1,,,,Ticketmaster Discovery API,2026,7,July,1,Ciudad de México,Ciudad de México,Pop,False,False
1Av8Z_AGkmOO_1v,Cuisillos,https://www.ticketmaster.com.mx/cuisillos-zapopan-24-07-2026/event/1400645BA0819281,2026-07-24,21:00:00,America/Mexico_City,onsale,Banda Cuisillos,K8vZ9175AA7,KovZpZA6I7FA,Auditorio Telmex,Zapopan,Jalisco,JAL,Mexico,MX,MX,20.73324,-103.38112,Music,Latin,Latin,Undefined,Undefined,False,MONDIAL PRICE 1,,,,Ticketmaster Discovery API,2026,7,July,1,Zapopan,Jalisco,Latin,False,False
ZFIMVHtnMZ17AVjw,"Harry Styles: Together, Together",https://www.ticketmaster.com.br/event/venda-geral-harry-styles,2026-07-24,20:45:00,America/Sao_Paulo,onsale,Harry Styles,K8vZ9174XZ0,ZGIMVHtnMZeede,MorumBis,,,SP,,BR,BR,-23.6002654,-46.7210506,Music,Pop,Pop Rock,,,False,,,,,Ticketmaster Discovery API,2026,7,July,1,,,Pop,False,False
ZFIMVHtnMZ17k_0M,Hey Jude - The Cavern Club,https://www.ticketmaster.com.br/event/hey-jude-the-cavern-club,2026-07-24,21:30:00,America/Sao_Paulo,onsale,Hey Jude,K8vZ917Ce70,ZGIMVHtnMZe1Fk,The Cavern Club,,,SP,,BR,BR,-23.5951293,-46.6836749,Music,Undefined,Undefined,,,False,,,,,Ticketmaster Discovery API,2026,7,July,1,,,Sin clasificar,False,False
ZFIMVHtnMZ17F3bI,Maria Rita: Redescobrir Vol. 2 - Ribeirão Preto,https://www.ticketmaster.com.br/event/maria-rita-ribeirao-preto,2026-07-24,21:30:00,America/Sao_Paulo,onsale,Maria Rita,K8vZ917Gx3V,ZGIMVHtnMZevAa,Multiplan Hall Ribeirão Shopping,,,SP,,BR,BR,-21.2119833,-47.815878,Music,Undefined,Undefined,,,False,,,,,Ticketmaster Discovery API,2026,7,July,1,,,Sin clasificar,False,False
ZFIMVHtnMZ177Me3,Nazareth - Celebrando 55 Anos - Belo Horizonte,https://www.ticketmaster.com.br/event/nazareth-celebrando-55-anos,2026-07-24,21:00:00,America/Sao_Paulo,onsale,Nazareth,K8vZ91712O7,ZGIMVHtnMZe1kd,Mister Rock,,,MG,,BR,BR,-19.9192835,-43.95950759999999,Music,Rock,Pop,,,False,,,,,Ticketmaster Discovery API,2026,7,July,1,,,Rock,False,False
ZFIMVHtnMZ17FZZf,Paulo Ricardo - São Caetano do Sul,https://www.ticketmaster.com.br/event/paulo-ricardo-sao-caetano-do-sul,2026-07-24,21:00:00,America/Sao_Paulo,onsale,Paulo Ricardo,K8vZ9174TA7,ZGIMVHtnMZee1a,Multiplan Hall Park Shopping São Caetano,,,SP,,BR,BR,-23.6235722,-46.5816865,Music,World,Latin,,,False,,,,,Ticketmaster Discovery API,2026,7,July,1,,,World,False,False
G5dVZ_G3RcklW,Amantes en Concierto,https://www.ticketmaster.com.mx/amantes-en-concierto-ciudad-de-mexico-25-07-2026/event/3D0064C4AFB46AFD,2026-07-25,21:00:00,America/Mexico_City,onsale,Amantes en Concierto,K8vZ917Lj67,KovZpZA6EtdA,El Lunario del Auditorio Nacional,Ciudad de México,Ciudad de México,CDMX,Mexico,MX,MX,19.424682,-99.1954,Music,Ballads/Romantic,Ballads/Romantic,Undefined,Undefined,False,MONDIAL PRICE 1,,,,Ticketmaster Discovery API,2026,7,July,1,Ciudad de México,Ciudad de México,Ballads/Romantic,False,False
G5dVZ_5JVR4bV,Carlos Macías - Mexico es a todo dar,https://www.ticketmaster.com.mx/carlos-macias-mexico-es-a-todo-ciudad-de-mexico-25-07-2026/event/3D0064B9B4BD5634,2026-07-25,21:30:00,America/Mexico_City,onsale,Carlos Macías,K8vZ917hIAV,KovZ917AVGy,Foro Stelaris Fiesta Americana Reforma,Ciudad de México,Ciudad de México,CDMX,Mexico,MX,MX,19.43219600,-99.15473940,Music,Latin,Latin,Undefined,Undefined,False,MONDIAL PRICE 1,,,,Ticketmaster Discovery API,2026,7,July,1,Ciudad de México,Ciudad de México,Latin,False,False
1AfZk8UGkel3kK2,El Tri,https://www.ticketmaster.com.mx/el-tri-ciudad-de-mexico-25-07-2026/event/14006436AB4864CF,2026-07-25,20:00:00,America/Mexico_City,onsale,El Tri,K8vZ9171a97,KovZpZA77t6A,Palacio de los Deportes,Ciudad de México,Ciudad de México,CDMX,Mexico,MX,MX,19.40154080,-99.09806060,Music,Latin,Latin,Undefined,Undefined,False,OCESA,,,,Ticketmaster Discovery API,2026,7,July,1,Ciudad de México,Ciudad de México,Latin,False,False
G5dVZ_eMt470w,Here Comes the Kraken,https://www.ticketmaster.com.mx/here-comes-the-kraken-col-centro-monterrey-25-07-2026/event/3D00642DE9544932,2026-07-25,21:00:00,America/Mexico_City,onsale,Here Comes the Kraken,K8vZ91788zf,KovZpZAEvelA,Foro Corona Monterrey,Col. Centro Monterrey,Nuevo León,NL,Mexico,MX,MX,25.66646204,-100.31681661,Music,Rock,Alternative Rock,Undefined,Undefined,False,MONDIAL PRICE 3,,,,Ticketmaster Discovery API,2026,7,July,1,Monterrey,Nuevo León,Rock,False,False
G5dVZ_aLRMG3O,Chafufu Club,https://www.ticketmaster.com.mx/chafufu-club-mexico-25-07-2026/event/3D006497EFDCC4A0,2026-07-25,20:00:00,America/Mexico_City,onsale,Coro Gay Ciudad de México,K8vZ917q4wV,KovZpZA6EkIA,Teatro de la Ciudad Esperanza Iris,Mexico,Ciudad de México,CDMX,Mexico,MX,MX,19.43669360,-99.13943750,Music,Latin,Latin,Undefined,Undefined,False,MONDIAL PRICE 1,,,,Ticketmaster Discovery API,2026,7,July,1,Ciudad de México,Ciudad de México,Latin,False,False
1kAZv0PtGA57MJw,Marca Registrada en concierto,https://www.ticketmaster.com.mx/marca-registrada-en-concierto-mexico-25-07-2026/event/140064969B1379B2,2026-07-25,21:00:00,America/Mexico_City,onsale,Marca Registrada,K8vZ917_91V,KovZpZAd1vJA,Centro de Convenciones Tlatelolco,México,Ciudad de México,CDMX,Mexico,MX,MX,19.45578800,-99.14015300,Music,Latin,Latin,Undefined,Undefined,False,MONDIAL PRICE 1,,,,Ticketmaster Discovery API,2026,7,July,1,Ciudad de México,Ciudad de México,Latin,False,False
1Av8Z_7GkwHlj3Y,Morejuice Fest,https://www.ticketmaster.com.mx/morejuice-fest-mexico-25-07-2026/event/1400644CBCADC4B0,2026-07-25,12:00:00,America/Mexico_City,onsale,Morejuice Fest,K8vZ917LpDf,KovZpZAJllnA,Pepsi Center,México,Ciudad de México,CDMX,Mexico,MX,MX,19.39340970,-99.17581180,Music,Undefined,Undefined,Event Style,Festival,False,OCESA,,,,Ticketmaster Discovery API,2026,7,July,1,Ciudad de México,Ciudad de México,Sin clasificar,True,False
G5dVZbVBsJn6U,"Porfi Baloa + David Pabón ""Muy Salsas""",https://www.ticketmaster.com.mx/porfi-baloa-david-pabon-muy-salsas-mexico-25-07-2026/event/3D00634EB19AA1F6,2026-07-25,21:30:00,America/Mexico_City,onsale,"Porfi Baloa, David Pabon","K8vZ91795Sf, K8vZ917uLD7",KovZpZA7AJ6A,La Maraka,México,Ciudad de México,CDMX,Mexico,MX,MX,19.38651080,-99.16317750,Music,Latin,Latin,Undefined,Undefined,False,MONDIAL PRICE 1,,,,Ticketmaster Discovery API,2026,7,July,1,Ciudad de México,Ciudad de México,Latin,False,False
G5dVZ_1wHsn8v,"Sinfónica de Minería, Temporada de verano, cuarto programa.",https://www.ticketmaster.com.mx/sinfonica-de-mineria-temporada-de-verano-mexico-25-07-2026/event/3D0064ACBCC6A401,2026-07-25,20:00:00,America/Mexico_City,onsale,Sinfónica de Minería,K8vZ917Oa9V,KovZpZAEvekA,Sala Silvestre Revueltas,México,Ciudad de México,CDMX,Mexico,MX,MX,19.30254940,-99.17327880,Music,Classical,Classical/Vocal,Undefined,Undefined,False,MONDIAL PRICE 1,,,,Ticketmaster Discovery API,2026,7,July,1,Ciudad de México,Ciudad de México,Classical,False,False
G5dVZ_kT26gu_,Folclórico U. de Guadalajara. 80 Movimientos. Coor.ND. Ingreso 18:30 h,https://www.ticketmaster.com.mx/folclorico-u-de-guadalajara-80-movimientos-mexico-cdmx-25-07-2026/event/3D00646FCF1F5359,2026-07-25,19:00:00,America/Mexico_City,onsale,Sala Principal Bellas Artes,K8vZ917pby7,KovZpZA7AJvA,Palacio de Bellas Artes,México CDMX,Ciudad de México,CDMX,Mexico,MX,MX,19.43663020,-99.14353180,Music,Latin,Latin,Undefined,Undefined,False,MONDIAL PRICE 3,,,,Ticketmaster Discovery API,2026,7,July,1,Ciudad de México,Ciudad de México,Latin,False,False
1Av8Z_AGkmNRaIC,Cuisillos,https://www.ticketmaster.com.mx/cuisillos-zapopan-25-07-2026/event/1400645BA3BC9A0E,2026-07-25,21:00:00,America/Mexico_City,onsale,Banda Cuisillos,K8vZ9175AA7,KovZpZA6I7FA,Auditorio Telmex,Zapopan,Jalisco,JAL,Mexico,MX,MX,20.73324,-103.38112,Music,Latin,Latin,Undefined,Undefined,False,MONDIAL PRICE 1,,,,Ticketmaster Discovery API,2026,7,July,1,Zapopan,Jalisco,Latin,False,False
ZFIMVHtnMZ17Ag7s,Eagle-Eye Cherry - Tokio Marine Hall,https://www.ticketmaster.com.br/event/eagle-eye-cherry-tokio-marine-hall,2026-07-25,22:00:00,America/Sao_Paulo,onsale,Eagle-Eye Cherry,K8vZ9171bRV,Z5IMVHtnMZ1FA,Tokio Marine Hall,,,SP,,BR,BR,-23.63847,-46.71997469999999,Music,Rock,Pop,,,False,,,,,Ticketmaster Discovery API,2026,7,July,1,,,Rock,False,False
ZFIMVHtnMZ17k4O6,Kid Abelha - Brasília,https://www.ticketmaster.com.br/event/venda-geral-kid-abelha-brasilia,2026-07-25,21:00:00,America/Sao_Paulo,onsale,,Z5uMVHtnMZ7a7,ZGIMVHtnMZevFA,Arena BRB Mané Garrincha,,,DF,,BR,BR,-15.7662824,-47.8829416,Music,World,Brazil,,,False,,,,,Ticketmaster Discovery API,2026,7,July,1,,,World,False,False
ZFIMVHtnMZ17F4ZS,Maria Rita: Redescobrir Vol. 2 - Campinas,https://www.ticketmaster.com.br/event/maria-rita-campinas,2026-07-25,22:00:00,America/Sao_Paulo,onsale,Maria Rita,K8vZ917Gx3V,ZGIMVHtnMZeAa6,Royal Palm Hall,,,SP,,BR,BR,-22.9393439,-47.0718419,Music,Undefined,Undefined,,,False,,,,,Ticketmaster Discovery API,2026,7,July,1,,,Sin clasificar,False,False
ZFIMVHtnMZ17FevK,Martinho da Vila & Mart´Nália | Pai e Filha - São Paulo,https://www.ticketmaster.com.br/event/martinho-da-vila-martnalia-pai-e-filha-sao-paulo,2026-07-25,21:00:00,America/Sao_Paulo,onsale,"Martinho da Vila, Mart’nália","K8vZ917flYV, K8vZ917bA17",Z5IMVHtnMZ61a,Espaço Unimed -  AVCB nº774465-Alvará de Funcionamento 2024/05734-00,,,SP,,BR,BR,-23.5306956,-46.6638359,Music,World,Samba,,,False,,,,,Ticketmaster Discovery API,2026,7,July,1,,,World,False,False
ZFIMVHtnMZ177MeK,Nazareth - Celebrando 55 Anos - Curitiba,https://www.ticketmaster.com.br/event/nazareth,2026-07-25,21:00:00,America/Sao_Paulo,onsale,Nazareth,K8vZ91712O7,ZGIMVHtnMZea1e,Tork n' Roll,,,PR,,BR,BR,-25.4444217,-49.2651438,Music,Rock,Pop,,,False,,,,,Ticketmaster Discovery API,2026,7,July,1,,,Rock,False,False
G5dVZ_1wPbMlt,"Sinfónica de Minería, Concierto Familiar Infantil",https://www.ticketmaster.com.mx/sinfonica-de-mineria-concierto-familiar-infantil-mexico-26-07-2026/event/3D0064ACA5637AE9,2026-07-26,17:00:00,America/Mexico_City,onsale,Sinfónica de Minería,K8vZ917Oa9V,KovZpZAEvekA,Sala Silvestre Revueltas,México,Ciudad de México,CDMX,Mexico,MX,MX,19.30254940,-99.17327880,Music,Classical,Classical/Vocal,Undefined,Undefined,False,MONDIAL PRICE 1,,,,Ticketmaster Discovery API,2026,7,July,1,Ciudad de México,Ciudad de México,Classical,False,False
G5dVZ_1wHsB8d,"Sinfónica de Minería, Temporada de verano, cuarto programa.",https://www.ticketmaster.com.mx/sinfonica-de-mineria-temporada-de-verano-mexico-26-07-2026/event/3D0064ACBCC7A403,2026-07-26,12:00:00,America/Mexico_City,onsale,Sinfónica de Minería,K8vZ917Oa9V,KovZpZAEvekA,Sala Silvestre Revueltas,México,Ciudad de México,CDMX,Mexico,MX,MX,19.30254940,-99.17327880,Music,Classical,Classical/Vocal,Undefined,Undefined,False,MONDIAL PRICE 1,,,,Ticketmaster Discovery API,2026,7,July,1,Ciudad de México,Ciudad de México,Classical,False,False
G5dVZ_5dkDjml,Trío Los Panchos,https://www.ticketmaster.com.mx/trio-los-panchos-mexico-26-07-2026/event/3D0064B0C6EDCBAB,2026-07-26,18:30:00,America/Mexico_City,onsale,Los Panchos,K8vZ917fwIV,KovZpZA7AJ6A,La Maraka,México,Ciudad de México,CDMX,Mexico,MX,MX,19.38651080,-99.16317750,Music,Latin,Latin,Undefined,Undefined,False,MONDIAL PRICE 1,,,,Ticketmaster Discovery API,2026,7,July,1,Ciudad de México,Ciudad de México,Latin,False,False
17AZv0G6uriKPR0,Con cierto... Bolero,https://www.ticketmaster.com.mx/con-cierto-bolero-mexico-28-07-2026/event/140064D7AC4E5BE4,2026-07-28,20:00:00,America/Mexico_City,onsale,Con cierto... Bolero,K8vZ917Ocpf,KovZ917ACWf,Teatro Royal Pedregal,México,Ciudad de México,CDMX,Mexico,MX,MX,19.303383,-99.200348,Music,Classical,Classical/Vocal,Undefined,Undefined,False,MONDIAL PRICE 1,,,,Ticketmaster Discovery API,2026,7,July,1,Ciudad de México,Ciudad de México,Classical,False,False
G5dVZ_kToi43p,CEPRODAC 80 Movimientos. Coor.ND. 6+. Ingreso 19:30 h.,https://www.ticketmaster.com.mx/ceprodac-80-movimientos-coornd-6-ingreso-mexico-cdmx-28-07-2026/event/3D00646FD1B15496,2026-07-28,20:00:00,America/Mexico_City,onsale,Sala Principal Bellas Artes,K8vZ917pby7,KovZpZA7AJvA,Palacio de Bellas Artes,México CDMX,Ciudad de México,CDMX,Mexico,MX,MX,19.43663020,-99.14353180,Music,Latin,Latin,Undefined,Undefined,False,MONDIAL PRICE 3,,,,Ticketmaster Discovery API,2026,7,July,1,Ciudad de México,Ciudad de México,Latin,False,False
ZFIMVHtnMZ17F3b0,Festival Vibra Perú 2026,https://www.ticketmaster.pe/event/vibraperu2026,2026-07-28,11:00:00,America/Lima,onsale,"A.Chal, Gian Marco","K8vZ9174ty7, K8vZ917GpMf, Z5uMVHtnMZAde, Z5uMVHtnMZdek",ZGIMVHtnMZdd71,Arena 1 Park,,,LIM,,PE,PE,-12.091280015549843,-77.08756916655653,Music,R&B,R&B,,,False,,,,,Ticketmaster Discovery API,2026,7,July,1,,,R&B,True,False
G5dVZ_5nLJ47z,La Renga,https://www.ticketmaster.com.mx/la-renga-ciudad-de-mexico-29-07-2026/event/3D0064BA9F995138,2026-07-29,20:30:00,America/Mexico_City,onsale,La Renga,K8vZ917CdxV,KovZpZA6EtdA,El Lunario del Auditorio Nacional,Ciudad de México,Ciudad de México,CDMX,Mexico,MX,MX,19.424682,-99.1954,Music,Metal,Nu-Metal,Undefined,Undefined,False,OCESA,,,,Ticketmaster Discovery API,2026,7,July,1,Ciudad de México,Ciudad de México,Metal,False,False
ZFIMVHtnMZ17F3bS,Festival Vibra Perú 2026,https://www.ticketmaster.pe/event/vibraperu2026,2026-07-29,11:00:00,America/Lima,onsale,Juanes,"K8vZ9175gDV, Z5uMVHtnMZded, Z5uMVHtnMZddd, Z5uMVHtnMZAa6, Z5uMVHtnMZAaF",ZGIMVHtnMZdd71,Arena 1 Park,,,LIM,,PE,PE,-12.091280015549843,-77.08756916655653,Music,World,Latin,,,False,,,,,Ticketmaster Discovery API,2026,7,July,1,,,World,True,False
G5dVZ_G5n0F5Z,Leyendas,https://www.ticketmaster.com.mx/leyendas-ciudad-de-mexico-30-07-2026/event/3D0064C2EA9082C0,2026-07-30,20:30:00,America/Mexico_City,onsale,Leyendas el show,K8vZ917Lqef,KovZ917AVGy,Foro Stelaris Fiesta Americana Reforma,Ciudad de México,Ciudad de México,CDMX,Mexico,MX,MX,19.43219600,-99.15473940,Music,Ballads/Romantic,Ballads/Romantic,Undefined,Undefined,False,MONDIAL PRICE 1,,,,Ticketmaster Discovery API,2026,7,July,1,Ciudad de México,Ciudad de México,Ballads/Romantic,False,False
G5dVZ_kTKWA9f,La Serpiente. 80 Movimientos. Coor.ND. 6+. Ingreso 19:30 h,https://www.ticketmaster.com.mx/la-serpiente-80-movimientos-coornd-6-mexico-cdmx-30-07-2026/event/3D00646FD3F455D4,2026-07-30,20:00:00,America/Mexico_City,onsale,Sala Principal Bellas Artes,K8vZ917pby7,KovZpZA7AJvA,Palacio de Bellas Artes,México CDMX,Ciudad de México,CDMX,Mexico,MX,MX,19.43663020,-99.14353180,Music,Latin,Latin,Undefined,Undefined,False,MONDIAL PRICE 3,,,,Ticketmaster Discovery API,2026,7,July,1,Ciudad de México,Ciudad de México,Latin,False,False
15v8Z_aJAaeJa,Ricardo Montaner,https://www.ticketmaster.com.mx/ricardo-montaner-zapopan-30-07-2026/event/1400649985242989,2026-07-30,21:00:00,America/Mexico_City,onsale,Ricardo Montaner,K8vZ9171N20,KovZpZA6I7FA,Auditorio Telmex,Zapopan,Jalisco,JAL,Mexico,MX,MX,20.73324,-103.38112,Music,Latin,Latin,Undefined,Undefined,False,MONDIAL PRICE 1,,,,Ticketmaster Discovery API,2026,7,July,1,Zapopan,Jalisco,Latin,False,False
G5dVZ_aCDX0uf,Cabaret Lunario Presenta: Jorge Muñiz con la gente que me gusta,https://www.ticketmaster.com.mx/cabaret-lunario-presenta-jorge-muniz-con-ciudad-de-mexico-31-07-2026/event/3D006493BBFA4354,2026-07-31,22:30:00,America/Mexico_City,onsale,Jorge Muñiz,K8vZ917KBpV,KovZpZA6EtdA,El Lunario del Auditorio Nacional,Ciudad de México,Ciudad de México,CDMX,Mexico,MX,MX,19.424682,-99.1954,Music,Latin,Latin,Undefined,Undefined,False,MONDIAL PRICE 1,,,,Ticketmaster Discovery API,2026,7,July,1,Ciudad de México,Ciudad de México,Latin,False,False
G5dVZbwKzkAYY,Gilberto Santa Rosa,https://www.ticketmaster.com.mx/gilberto-santa-rosa-ciudad-de-mexico-31-07-2026/event/3D006324F8185C30,2026-07-31,20:30:00,America/Mexico_City,cancelled,Gilberto Santa Rosa,K8vZ9171UL7,KovZpZA6EkkA,Auditorio Nacional,Ciudad de México,Ciudad de México,CDMX,Mexico,MX,MX,19.424648,-99.19484,Music,Latin,Latin,Undefined,Undefined,False,MONDIAL PRICE 1,,,,Ticketmaster Discovery API,2026,7,July,1,Ciudad de México,Ciudad de México,Latin,False,False
1Av8Z_eGkSsVINQ,"Harry Styles: Together, Together",https://www.ticketmaster.com.mx/harry-styles-together-together-ciudad-de-mexico-31-07-2026/event/1400642CF1D288DA,2026-07-31,21:00:00,America/Mexico_City,onsale,Harry Styles,K8vZ9174XZ0,KovZpZAd1IaA,Estadio GNP Seguros,Ciudad de México,Ciudad de México,CDMX,Mexico,MX,MX,19.405199,-99.095618,Music,Pop,Pop,Undefined,Undefined,False,OCESA,,,,Ticketmaster Discovery API,2026,7,July,1,Ciudad de México,Ciudad de México,Pop,False,False
G5dVZ_adt85VG,Mijares Sinfónico,https://www.ticketmaster.com.mx/mijares-sinfonico-ciudad-de-mexico-31-07-2026/event/3D006490E940BD0C,2026-07-31,20:30:00,America/Mexico_City,onsale,Mijares,K8vZ91711K7,KovZpZA6EkkA,Auditorio Nacional,Ciudad de México,Ciudad de México,CDMX,Mexico,MX,MX,19.424648,-99.19484,Music,Latin,Latin,Undefined,Undefined,False,OCESA,,,,Ticketmaster Discovery API,2026,7,July,1,Ciudad de México,Ciudad de México,Latin,False,False
G5dVZ_AxYwKeS,Fármacos,https://www.ticketmaster.com.mx/farmacos-col-centro-monterrey-31-07-2026/event/3D006458B0C930B3,2026-07-31,21:00:00,America/Mexico_City,onsale,Fármacos,K8vZ917hQb7,KovZpZAEvelA,Foro Corona Monterrey,Col. Centro Monterrey,Nuevo León,NL,Mexico,MX,MX,25.66646204,-100.31681661,Music,Ballads/Romantic,Ballads/Romantic,Undefined,Undefined,False,MONDIAL PRICE 1,,,,Ticketmaster Discovery API,2026,7,July,1,Monterrey,Nuevo León,Ballads/Romantic,False,False
G5dVZ_1xTfMn3,"Regina Orozco presenta ""Regina Eterna""",https://www.ticketmaster.com.mx/regina-orozco-presenta-regina-eterna-mexico-31-07-2026/event/3D0064A8BF537A92,2026-07-31,20:30:00,America/Mexico_City,onsale,Regina Orozco,K8vZ917KqH7,KovZpZA6EkIA,Teatro de la Ciudad Esperanza Iris,Mexico,Ciudad de México,CDMX,Mexico,MX,MX,19.43669360,-99.13943750,Music,Latin,Latin,Undefined,Undefined,False,MONDIAL PRICE 1,,,,Ticketmaster Discovery API,2026,7,July,1,Ciudad de México,Ciudad de México,Latin,False,False
1Av8Z_kGkBd8P1-,CA7RIEL & Paco Amoroso,https://www.ticketmaster.com.mx/ca7riel-paco-amoroso-monterrey-31-07-2026/event/1400646E834252A1,2026-07-31,21:00:00,America/Mexico_City,onsale,CA7RIEL & Paco Amoroso,K8vZ917qOL7,KovZpZAJt1kA,Auditorio Banamex,Monterrey,Nuevo León,NL,Mexico,MX,MX,25.67765795,-100.28085777,Music,Latin,Latin,Undefined,Undefined,False,OCESA,,,,Ticketmaster Discovery API,2026,7,July,1,Monterrey,Nuevo León,Latin,False,False
17AZv0G6G92ATiv,La Rondalla del amor de Saltillo,https://www.ticketmaster.com.mx/la-rondalla-del-amor-de-saltillo-mexico-31-07-2026/event/140064C5CF17FB01,2026-07-31,20:30:00,America/Mexico_City,onsale,La Rondalla De Saltillo,K8vZ917G6S0,KovZpZAJt17A,Teatro Tepeyac,México,Ciudad de México,CDMX,Mexico,MX,MX,19.47574040,-99.12062070,Music,Folk,Indie Folk,Undefined,Undefined,False,MONDIAL PRICE 1,,,,Ticketmaster Discovery API,2026,7,July,1,Ciudad de México,Ciudad de México,Folk,False,False
17AZv0G6G9uO2bZ,La Rondalla del amor de Saltillo,https://www.ticketmaster.com.mx/la-rondalla-del-amor-de-saltillo-mexico-31-07-2026/event/140064C5CD80F600,2026-07-31,18:30:00,America/Mexico_City,onsale,La Rondalla De Saltillo,K8vZ917G6S0,KovZpZAJt17A,Teatro Tepeyac,México,Ciudad de México,CDMX,Mexico,MX,MX,19.47574040,-99.12062070,Music,Folk,Indie Folk,Undefined,Undefined,False,MONDIAL PRICE 1,,,,Ticketmaster Discovery API,2026,7,July,1,Ciudad de México,Ciudad de México,Folk,False,False
ZFIMVHtnMZ17F_PY,Guilherme Arantes - The Cavern Club,https://www.ticketmaster.com.br/event/guilherme-arantes-the-cavern-club,2026-07-31,20:00:00,America/Sao_Paulo,onsale,,Z5uMVHtnMZ76F,ZGIMVHtnMZe1Fk,The Cavern Club,,,SP,,BR,BR,-23.5951293,-46.6836749,Music,World,World,,,False,,,,,Ticketmaster Discovery API,2026,7,July,1,,,World,False,False
ZFIMVHtnMZ17Ff0M,Marcos e Belutti - Tokio Marine Hall,https://www.ticketmaster.com.br/event/marcos-e-belutti-tokio-marine-hall,2026-07-31,21:30:00,America/Sao_Paulo,onsale,,Z5uMVHtnMZA1F,Z5IMVHtnMZ1FA,Tokio Marine Hall,,,SP,,BR,BR,-23.63847,-46.71997469999999,Music,World,Brazil,,,False,,,,,Ticketmaster Discovery API,2026,7,July,1,,,World,False,False
G5dVZ_uxXselm,"Cabaret Lunario Presenta:Jaime Varela, El Divo un Eterno Amor",https://www.ticketmaster.com.mx/cabaret-lunario-presentajaime-varela-el-divo-ciudad-de-mexico-01-08-2026/event/3D0064D8BEC42AEE,2026-08-01,22:30:00,America/Mexico_City,onsale,Jaime Varela,K8vZ917hcpV,KovZpZA6EtdA,El Lunario del Auditorio Nacional,Ciudad de México,Ciudad de México,CDMX,Mexico,MX,MX,19.424682,-99.1954,Music,Ballads/Romantic,Ballads/Romantic,Undefined,Undefined,False,MONDIAL PRICE 1,,,,Ticketmaster Discovery API,2026,8,August,1,Ciudad de México,Ciudad de México,Ballads/Romantic,False,False
G5dVZbwKHAgSo,Gilberto Santa Rosa,https://www.ticketmaster.com.mx/gilberto-santa-rosa-ciudad-de-mexico-01-08-2026/event/3D006324FC175CD1,2026-08-01,20:00:00,America/Mexico_City,cancelled,Gilberto Santa Rosa,K8vZ9171UL7,KovZpZA6EkkA,Auditorio Nacional,Ciudad de México,Ciudad de México,CDMX,Mexico,MX,MX,19.424648,-99.19484,Music,Latin,Latin,Undefined,Undefined,False,MONDIAL PRICE 1,,,,Ticketmaster Discovery API,2026,8,August,1,Ciudad de México,Ciudad de México,Latin,False,False
1Av8Z_eGkSwhIPu,"Harry Styles: Together, Together",https://www.ticketmaster.com.mx/harry-styles-together-together-ciudad-de-mexico-01-08-2026/event/1400642CF26E894D,2026-08-01,21:00:00,America/Mexico_City,onsale,Harry Styles,K8vZ9174XZ0,KovZpZAd1IaA,Estadio GNP Seguros,Ciudad de México,Ciudad de México,CDMX,Mexico,MX,MX,19.405199,-99.095618,Music,Pop,Pop,Undefined,Undefined,False,OCESA,,,,Ticketmaster Discovery API,2026,8,August,1,Ciudad de México,Ciudad de México,Pop,False,False
G5dVZ_ukul3mv,Ricardo Abud presenta Flashback Pop Show,https://www.ticketmaster.com.mx/ricardo-abud-presenta-flashback-pop-show-ciudad-de-mexico-01-08-2026/event/3D0064D18DAD2B81,2026-08-01,21:30:00,America/Mexico_City,onsale,,,KovZ917AVGy,Foro Stelaris Fiesta Americana Reforma,Ciudad de México,Ciudad de México,CDMX,Mexico,MX,MX,19.43219600,-99.15473940,Music,Other,Other,Undefined,Undefined,False,MONDIAL PRICE 1,,,,Ticketmaster Discovery API,2026,8,August,1,Ciudad de México,Ciudad de México,Other,False,False
G5dVZ_adcJiuC,Yuri,https://www.ticketmaster.com.mx/yuri-ciudad-de-mexico-01-08-2026/event/3D006490ED9AC34E,2026-08-01,20:00:00,America/Mexico_City,onsale,Yuri,K8vZ917GFv0,KovZpZA6EkkA,Auditorio Nacional,Ciudad de México,Ciudad de México,CDMX,Mexico,MX,MX,19.424648,-99.19484,Music,Pop,Pop,Undefined,Undefined,False,OCESA,,,,Ticketmaster Discovery API,2026,8,August,1,Ciudad de México,Ciudad de México,Pop,False,False
G5dVZ_F5ZDg64,Ladrones,https://www.ticketmaster.com.mx/ladrones-col-centro-monterrey-01-08-2026/event/3D006482C0EF51D5,2026-08-01,21:00:00,America/Mexico_City,onsale,Ladrones,K8vZ917o9c7,KovZpZAEvelA,Foro Corona Monterrey,Col. Centro Monterrey,Nuevo León,NL,Mexico,MX,MX,25.66646204,-100.31681661,Music,Rock,Punk,Undefined,Undefined,False,MONDIAL PRICE 1,,,,Ticketmaster Discovery API,2026,8,August,1,Monterrey,Nuevo León,Rock,False,False
G5dVZ_6XZn-98,Collage,https://www.ticketmaster.com.mx/collage-mexico-01-08-2026/event/3D00647F80AA15D0,2026-08-01,21:00:00,America/Mexico_City,onsale,Collage,K8vZ917GUBf,KovZ917A8z0,Foro Red Access,México,Ciudad de México,CDMX,Mexico,MX,MX,19.35677,-99.163341,Music,Other,Other,Undefined,Undefined,False,MONDIAL PRICE 1,,,,Ticketmaster Discovery API,2026,8,August,1,Ciudad de México,Ciudad de México,Other,False,False
G5dVZ_dKZnNBk,Raúl Di Blasio - El piano de América,https://www.ticketmaster.com.mx/raul-di-blasio-el-piano-de-mexico-01-08-2026/event/3D006434C0AA3E86,2026-08-01,21:30:00,America/Mexico_City,onsale,Raul Di Blasio,K8vZ917fHi0,KovZpZA7AJ6A,La Maraka,México,Ciudad de México,CDMX,Mexico,MX,MX,19.38651080,-99.16317750,Music,Latin,Latin,Undefined,Undefined,False,MONDIAL PRICE 1,,,,Ticketmaster Discovery API,2026,8,August,1,Ciudad de México,Ciudad de México,Latin,False,False
G5dVZ_1wHw18k,"Sinfónica de Minería, Temporada de verano, quinto programa.",https://www.ticketmaster.com.mx/sinfonica-de-mineria-temporada-de-verano-mexico-01-08-2026/event/3D0064ACBCC8A406,2026-08-01,20:00:00,America/Mexico_City,onsale,Sinfónica de Minería,K8vZ917Oa9V,KovZpZAEvekA,Sala Silvestre Revueltas,México,Ciudad de México,CDMX,Mexico,MX,MX,19.30254940,-99.17327880,Music,Classical,Classical/Vocal,Undefined,Undefined,False,MONDIAL PRICE 1,,,,Ticketmaster Discovery API,2026,8,August,1,Ciudad de México,Ciudad de México,Classical,False,False
ZFIMVHtnMZ17AFP9,Djavan - Rio de Janeiro,https://www.ticketmaster.com.br/event/djavan-venda-geral-01-08-rio-de-janeiro,2026-08-01,21:00:00,America/Sao_Paulo,onsale,Djavan,K8vZ91715cf,Z5IMVHtnMZ1ka,Farmasi Arena,,,RJ,,BR,BR,-22.9736753,-43.3661693,Music,R&B,R&B,,,False,,,,,Ticketmaster Discovery API,2026,8,August,1,,,R&B,False,False
ZFIMVHtnMZ17F_P_,Guilherme Arantes - The Cavern Club,https://www.ticketmaster.com.br/event/guilherme-arantes-the-cavern-club,2026-08-01,20:00:00,America/Sao_Paulo,onsale,,Z5uMVHtnMZ76F,ZGIMVHtnMZe1Fk,The Cavern Club,,,SP,,BR,BR,-23.5951293,-46.6836749,Music,World,World,,,False,,,,,Ticketmaster Discovery API,2026,8,August,1,,,World,False,False
ZFIMVHtnMZ17kKvE,João Rock 2026,https://www.ticketmaster.com.br/event/joao-rock-2026-venda-geral,2026-08-01,13:10:00,America/Sao_Paulo,onsale,João Rock,K8vZ917jyPf,ZGIMVHtnMZed6v,Parque Permanente de Exposições,,,SP,,BR,BR,-21.149388,-47.7706708,Music,Undefined,Undefined,,,False,,,,,Ticketmaster Discovery API,2026,8,August,1,,,Sin clasificar,False,False
ZFIMVHtnMZ17FfJZ,Simone - Tokio Marine Hall,https://www.ticketmaster.com.br/event/simone-tokio-marine-hall,2026-08-01,21:00:00,America/Sao_Paulo,onsale,,Z5uMVHtnMZA1a,Z5IMVHtnMZ1FA,Tokio Marine Hall,,,SP,,BR,BR,-23.63847,-46.71997469999999,Music,World,Brazil,,,False,,,,,Ticketmaster Discovery API,2026,8,August,1,,,World,False,False
ZFIMVHtnMZ17FFef,Tiago Iorc - São Paulo,https://www.ticketmaster.com.br/event/tiago-iorc-sao-paulo,2026-08-01,22:00:00,America/Sao_Paulo,onsale,Tiago Iorc,K8vZ917j2z0,Z5IMVHtnMZ61a,Espaço Unimed -  AVCB nº774465-Alvará de Funcionamento 2024/05734-00,,,SP,,BR,BR,-23.5306956,-46.6638359,Music,Pop,Brazilian Pop,,,False,,,,,Ticketmaster Discovery API,2026,8,August,1,,,Pop,False,False
G5dVZ_7bAjJW_,Laura y Brenda - Amigas del corazón World Tour,https://www.ticketmaster.com.mx/laura-y-brenda-amigas-del-corazon-ciudad-de-mexico-02-08-2026/event/3D00644605726F59,2026-08-02,19:00:00,America/Mexico_City,onsale,Laura Y Brenda,K8vZ917L8ZV,KovZpZA6EkkA,Auditorio Nacional,Ciudad de México,Ciudad de México,CDMX,Mexico,MX,MX,19.424648,-99.19484,Music,Pop,Pop,Undefined,Undefined,False,MONDIAL PRICE 1,,,,Ticketmaster Discovery API,2026,8,August,1,Ciudad de México,Ciudad de México,Pop,False,False
G5dVZ_7bkH6vl,Laura y Brenda - Amigas del corazón World Tour VIP,https://www.ticketmaster.com.mx/laura-y-brenda-amigas-del-corazon-ciudad-de-mexico-02-08-2026/event/3D00644606F0706B,2026-08-02,19:00:00,America/Mexico_City,onsale,Laura Y Brenda,K8vZ917L8ZV,KovZpZA6EkkA,Auditorio Nacional,Ciudad de México,Ciudad de México,CDMX,Mexico,MX,MX,19.424648,-99.19484,Music,Pop,Pop,Undefined,Undefined,False,MONDIAL PRICE 1,,,,Ticketmaster Discovery API,2026,8,August,1,Ciudad de México,Ciudad de México,Pop,False,False
17AZv0G65ra_VOD,Aot The Last Concert Vol. 2,https://www.ticketmaster.com.mx/aot-the-last-concert-vol-2-mexico-02-08-2026/event/140064B78967483B,2026-08-02,17:00:00,America/Mexico_City,onsale,AOT The Last Concert,K8vZ917rQo0,KovZpZA6JttA,Teatro Metropolitan,México,Ciudad de México,CDMX,Mexico,MX,MX,19.433457,-99.146811,Music,Rock,Alternative Rock,Undefined,Undefined,False,OCESA,,,,Ticketmaster Discovery API,2026,8,August,1,Ciudad de México,Ciudad de México,Rock,False,False
G5dVZ_G57PpFZ,Charlie Zaa Sinfónico,https://www.ticketmaster.com.mx/charlie-zaa-sinfonico-mexico-02-08-2026/event/3D0064C2C4956200,2026-08-02,18:30:00,America/Mexico_City,onsale,Charlie Zaa,K8vZ9171hSV,KovZpZA7AJ6A,La Maraka,México,Ciudad de México,CDMX,Mexico,MX,MX,19.38651080,-99.16317750,Music,Latin,Latin,Undefined,Undefined,False,MONDIAL PRICE 1,,,,Ticketmaster Discovery API,2026,8,August,1,Ciudad de México,Ciudad de México,Latin,False,False
G5dVZ_aUKHNql,La Onda Vaselina,https://www.ticketmaster.com.mx/la-onda-vaselina-mexico-02-08-2026/event/3D00649D93F2376B,2026-08-02,13:00:00,America/Mexico_City,cancelled,La Onda Vaselina,K8vZ917jUq7,KovZ917A8z0,Foro Red Access,México,Ciudad de México,CDMX,Mexico,MX,MX,19.35677,-99.163341,Music,Other,Other,Undefined,Undefined,False,MONDIAL PRICE 1,,,,Ticketmaster Discovery API,2026,8,August,1,Ciudad de México,Ciudad de México,Other,False,False
16v8Z_616G7mxV8,CA7RIEL & Paco Amoroso,https://www.ticketmaster.com.mx/ca7riel-paco-amoroso-zapopan-02-08-2026/event/1400647287BA2D10,2026-08-02,20:00:00,America/Mexico_City,onsale,CA7RIEL & Paco Amoroso,K8vZ917qOL7,KovZpZA6I7FA,Auditorio Telmex,Zapopan,Jalisco,JAL,Mexico,MX,MX,20.73324,-103.38112,Music,Latin,Latin,Undefined,Undefined,False,OCESA,,,,Ticketmaster Discovery API,2026,8,August,1,Zapopan,Jalisco,Latin,False,False
ZFIMVHtnMZ17AFPN,Djavan - Rio de Janeiro,https://www.ticketmaster.com.br/event/djavan-venda-geral-02-08-rio-de-janeiro,2026-08-02,21:00:00,America/Sao_Paulo,onsale,Djavan,K8vZ91715cf,Z5IMVHtnMZ1ka,Farmasi Arena,,,RJ,,BR,BR,-22.9736753,-43.3661693,Music,R&B,R&B,,,False,,,,,Ticketmaster Discovery API,2026,8,August,1,,,R&B,False,False
ZFIMVHtnMZ17F8ef,El Show de Lara Campos 2026,https://www.ticketmaster.pe/event/el-show-de-lara-campos-2026-home,2026-08-02,17:00:00,America/Lima,onsale,Lara Campos,K8vZ917qeaf,Z5IMVHtnMZavA,Arena 1,,,LIMA,,PE,PE,-12.0888056,-77.0924289,Music,Children's Music,Children's Music,,,False,,,,,Ticketmaster Discovery API,2026,8,August,1,,,Children's Music,False,False
G5dVZ_uxUxwpP,Le Quattro Stagioni Antonio Vivaldi,https://www.ticketmaster.com.mx/le-quattro-stagioni-antonio-vivaldi-mexico-03-08-2026/event/3D0064D8B68B25A5,2026-08-03,19:00:00,America/Mexico_City,onsale,Antonio Vivaldi,K8vZ9179t90,KovZpZAJt6vA,Capilla Gótica,México,Ciudad de México,CDMX,Mexico,MX,MX,19.35708050,-99.18988040,Music,Classical,Classical/Vocal,Undefined,Undefined,False,MONDIAL PRICE 1,,,,Ticketmaster Discovery API,2026,8,August,1,Ciudad de México,Ciudad de México,Classical,False,False
1Av8Z_eGkSwhIP2,"Harry Styles: Together, Together",https://www.ticketmaster.com.mx/harry-styles-together-together-ciudad-de-mexico-04-08-2026/event/1400642CF26E894F,2026-08-04,21:00:00,America/Mexico_City,onsale,Harry Styles,K8vZ9174XZ0,KovZpZAd1IaA,Estadio GNP Seguros,Ciudad de México,Ciudad de México,CDMX,Mexico,MX,MX,19.405199,-99.095618,Music,Pop,Pop,Undefined,Undefined,False,OCESA,,,,Ticketmaster Discovery API,2026,8,August,1,Ciudad de México,Ciudad de México,Pop,False,False
17AZv0G6uLtq5Bg,Con cierto... Bolero,https://www.ticketmaster.com.mx/con-cierto-bolero-mexico-04-08-2026/event/140064D7E974BEB5,2026-08-04,20:00:00,America/Mexico_City,onsale,Con cierto... Bolero,K8vZ917Ocpf,KovZ917ACWf,Teatro Royal Pedregal,México,Ciudad de México,CDMX,Mexico,MX,MX,19.303383,-99.200348,Music,Classical,Classical/Vocal,Undefined,Undefined,False,MONDIAL PRICE 1,,,,Ticketmaster Discovery API,2026,8,August,1,Ciudad de México,Ciudad de México,Classical,False,False
G5dVZ_uxyfwOJ,Le Quattro Stagioni Antonio Vivaldi,https://www.ticketmaster.com.mx/le-quattro-stagioni-antonio-vivaldi-mexico-04-08-2026/event/3D0064D8B9532826,2026-08-04,19:00:00,America/Mexico_City,onsale,Antonio Vivaldi,K8vZ9179t90,KovZpZAJt6vA,Capilla Gótica,México,Ciudad de México,CDMX,Mexico,MX,MX,19.35708050,-99.18988040,Music,Classical,Classical/Vocal,Undefined,Undefined,False,MONDIAL PRICE 1,,,,Ticketmaster Discovery API,2026,8,August,1,Ciudad de México,Ciudad de México,Classical,False,False
G5dVZ_uxyfwOm,Le Quattro Stagioni Antonio Vivaldi,https://www.ticketmaster.com.mx/le-quattro-stagioni-antonio-vivaldi-mexico-05-08-2026/event/3D0064D8B953282E,2026-08-05,19:00:00,America/Mexico_City,onsale,Antonio Vivaldi,K8vZ9179t90,KovZpZAJt6vA,Capilla Gótica,México,Ciudad de México,CDMX,Mexico,MX,MX,19.35708050,-99.18988040,Music,Classical,Classical/Vocal,Undefined,Undefined,False,MONDIAL PRICE 1,,,,Ticketmaster Discovery API,2026,8,August,1,Ciudad de México,Ciudad de México,Classical,False,False
1AfZkosGkdN_TKa,CA7RIEL & Paco Amoroso,https://www.ticketmaster.com.mx/ca7riel-paco-amoroso-ciudad-de-mexico-06-08-2026/event/14006471E367F4C9,2026-08-06,20:00:00,America/Mexico_City,onsale,CA7RIEL & Paco Amoroso,K8vZ917qOL7,KovZpZA77t6A,Palacio de los Deportes,Ciudad de México,Ciudad de México,CDMX,Mexico,MX,MX,19.40154080,-99.09806060,Music,Latin,Latin,Undefined,Undefined,False,OCESA,,,,Ticketmaster Discovery API,2026,8,August,1,Ciudad de México,Ciudad de México,Latin,False,False
G5dVZ_FnAZota,María José,https://www.ticketmaster.com.mx/maria-jose-ciudad-de-mexico-06-08-2026/event/3D00648A85011A49,2026-08-06,20:30:00,America/Mexico_City,onsale,Maria Jose,K8vZ917CMWV,KovZpZA6EkkA,Auditorio Nacional,Ciudad de México,Ciudad de México,CDMX,Mexico,MX,MX,19.424648,-99.19484,Music,Latin,Latin,Undefined,Undefined,False,OCESA,,,,Ticketmaster Discovery API,2026,8,August,1,Ciudad de México,Ciudad de México,Latin,False,False
G5dVZ_GQawSrZ,Susana Zabaleta Tú Serás Mi Baby,https://www.ticketmaster.com.mx/susana-zabaleta-tu-seras-mi-baby-ciudad-de-mexico-06-08-2026/event/3D0064C689CB3780,2026-08-06,21:00:00,America/Mexico_City,onsale,Susana Zabaleta,K8vZ917GF_0,KovZpZA6EtdA,El Lunario del Auditorio Nacional,Ciudad de México,Ciudad de México,CDMX,Mexico,MX,MX,19.424682,-99.1954,Music,Latin,Latin,Undefined,Undefined,False,MONDIAL PRICE 1,,,,Ticketmaster Discovery API,2026,8,August,1,Ciudad de México,Ciudad de México,Latin,False,False
G5dVZ_AxFGooC,"Esteban Gomez González  & Vitalico ""Mi Lugar Feliz Tour""",https://www.ticketmaster.com.mx/esteban-gomez-gonzalez-vitalico-mi-lugar-col-centro-monterrey-06-08-2026/event/3D0064588831144E,2026-08-06,20:00:00,America/Mexico_City,onsale,,,KovZpZAEvelA,Foro Corona Monterrey,Col. Centro Monterrey,Nuevo León,NL,Mexico,MX,MX,25.66646204,-100.31681661,Music,Rock,Alternative Rock,Undefined,Undefined,False,MONDIAL PRICE 1,,,,Ticketmaster Discovery API,2026,8,August,1,Monterrey,Nuevo León,Rock,False,False
1Av8Z_FGkUmqzYm,Kapo,https://www.ticketmaster.com.mx/kapo-monterrey-06-08-2026/event/1400648DAE778C2E,2026-08-06,21:00:00,America/Mexico_City,onsale,Kapo,K8vZ917rQhf,KovZpZAJt1kA,Auditorio Banamex,Monterrey,Nuevo León,NL,Mexico,MX,MX,25.67765795,-100.28085777,Music,Latin,Latin,Undefined,Undefined,False,MONDIAL PRICE 1,,,,Ticketmaster Discovery API,2026,8,August,1,Monterrey,Nuevo León,Latin,False,False
Z7r9jZ1A7xooS,Melanie Martinez,https://www.ticketmaster.com/event/Z7r9jZ1A7xooS,2026-08-06,21:00:00,,onsale,Melanie Martinez,K8vZ917oP4f,ZFr9jZ1eFv,Arena Monterrey,Monterrey,Nuevo Le??n,NLE,Mexico,MX,MX,0,0,Music,Alternative,Alternative Rock,,,False,,,,,Ticketmaster Discovery API,2026,8,August,1,Monterrey,Nuevo Le??n,Alternative,False,False
G5dVZ_uxy43Ow,Le Quattro Stagioni Antonio Vivaldi,https://www.ticketmaster.com.mx/le-quattro-stagioni-antonio-vivaldi-mexico-06-08-2026/event/3D0064D8B9552832,2026-08-06,19:00:00,America/Mexico_City,onsale,Antonio Vivaldi,K8vZ9179t90,KovZpZAJt6vA,Capilla Gótica,México,Ciudad de México,CDMX,Mexico,MX,MX,19.35708050,-99.18988040,Music,Classical,Classical/Vocal,Undefined,Undefined,False,MONDIAL PRICE 1,,,,Ticketmaster Discovery API,2026,8,August,1,Ciudad de México,Ciudad de México,Classical,False,False
G5dVZ_uxy_wOB,Le Quattro Stagioni Antonio Vivaldi,https://www.ticketmaster.com.mx/le-quattro-stagioni-antonio-vivaldi-mexico-06-08-2026/event/3D0064D8B967283A,2026-08-06,21:30:00,America/Mexico_City,onsale,Antonio Vivaldi,K8vZ9179t90,KovZpZAJt6vA,Capilla Gótica,México,Ciudad de México,CDMX,Mexico,MX,MX,19.35708050,-99.18988040,Music,Classical,Classical/Vocal,Undefined,Undefined,False,MONDIAL PRICE 1,,,,Ticketmaster Discovery API,2026,8,August,1,Ciudad de México,Ciudad de México,Classical,False,False
G5dVZbUBAWegO,TrendLine,https://www.ticketmaster.com.mx/trendline-mexico-06-08-2026/event/3D00636E85F42D60,2026-08-06,21:00:00,America/Mexico_City,onsale,TrendLine,K8vZ917hx67,KovZ917A8z0,Foro Red Access,México,Ciudad de México,CDMX,Mexico,MX,MX,19.35677,-99.163341,Music,Ballads/Romantic,Ballads/Romantic,Undefined,Undefined,False,MONDIAL PRICE 1,,,,Ticketmaster Discovery API,2026,8,August,1,Ciudad de México,Ciudad de México,Ballads/Romantic,False,False
ZFIMVHtnMZ17kbxb,Sticky Fingers - São Paulo,https://www.ticketmaster.com.br/event/sticky-fingers-sao-paulo,2026-08-06,21:00:00,America/Sao_Paulo,onsale,Sticky Fingers,K8vZ9171FHV,Z5IMVHtnMZ61a,Espaço Unimed -  AVCB nº774465-Alvará de Funcionamento 2024/05734-00,,,SP,,BR,BR,-23.5306956,-46.6638359,Music,Rock,Alternative Rock,,,False,,,,,Ticketmaster Discovery API,2026,8,August,1,,,Rock,False,False
1AfZkosGkd0xTjF,CA7RIEL & Paco Amoroso,https://www.ticketmaster.com.mx/ca7riel-paco-amoroso-ciudad-de-mexico-07-08-2026/event/14006471E48BF708,2026-08-07,20:00:00,America/Mexico_City,onsale,CA7RIEL & Paco Amoroso,K8vZ917qOL7,KovZpZA77t6A,Palacio de los Deportes,Ciudad de México,Ciudad de México,CDMX,Mexico,MX,MX,19.40154080,-99.09806060,Music,Latin,Latin,Undefined,Undefined,False,OCESA,,,,Ticketmaster Discovery API,2026,8,August,1,Ciudad de México,Ciudad de México,Latin,False,False
1Av8Z_eGkSwhIPo,"Harry Styles: Together, Together",https://www.ticketmaster.com.mx/harry-styles-together-together-ciudad-de-mexico-07-08-2026/event/1400642CF26E8951,2026-08-07,21:00:00,America/Mexico_City,onsale,Harry Styles,K8vZ9174XZ0,KovZpZAd1IaA,Estadio GNP Seguros,Ciudad de México,Ciudad de México,CDMX,Mexico,MX,MX,19.405199,-99.095618,Music,Pop,Pop,Undefined,Undefined,False,OCESA,,,,Ticketmaster Discovery API,2026,8,August,1,Ciudad de México,Ciudad de México,Pop,False,False
G5dVZ_1Jvkw2K,"Junior Klan, En pleno vuelo",https://www.ticketmaster.com.mx/junior-klan-en-pleno-vuelo-ciudad-de-mexico-07-08-2026/event/3D0064A9811B23D3,2026-08-07,21:00:00,America/Mexico_City,onsale,Junior Klan,K8vZ917OkT7,KovZpZA6EtdA,El Lunario del Auditorio Nacional,Ciudad de México,Ciudad de México,CDMX,Mexico,MX,MX,19.424682,-99.1954,Music,Latin,Latin,Undefined,Undefined,False,MONDIAL PRICE 1,,,,Ticketmaster Discovery API,2026,8,August,1,Ciudad de México,Ciudad de México,Latin,False,False
G5dVZ_arNvUa_,Maria Jose,https://www.ticketmaster.com.mx/maria-jose-ciudad-de-mexico-07-08-2026/event/3D006497A3076259,2026-08-07,20:30:00,America/Mexico_City,onsale,Maria Jose,K8vZ917CMWV,KovZpZA6EkkA,Auditorio Nacional,Ciudad de México,Ciudad de México,CDMX,Mexico,MX,MX,19.424648,-99.19484,Music,Latin,Latin,Undefined,Undefined,False,OCESA,,,,Ticketmaster Discovery API,2026,8,August,1,Ciudad de México,Ciudad de México,Latin,False,False
G5dVZ_GnV3N2J,Surfistas del Sistema,https://www.ticketmaster.com.mx/surfistas-del-sistema-col-centro-monterrey-07-08-2026/event/3D0064CAB44A33E6,2026-08-07,21:00:00,America/Mexico_City,onsale,Surfistas del Sistema,K8vZ917q4gf,KovZpZAEvelA,Foro Corona Monterrey,Col. Centro Monterrey,Nuevo León,NL,Mexico,MX,MX,25.66646204,-100.31681661,Music,Rock,Pop,Undefined,Undefined,False,MONDIAL PRICE 1,,,,Ticketmaster Discovery API,2026,8,August,1,Monterrey,Nuevo León,Rock,False,False
G5dVZ_GEZjdQT,ROA,https://www.ticketmaster.com.mx/roa-mexico-07-08-2026/event/3D0064C9C07036BF,2026-08-07,20:30:00,America/Mexico_City,onsale,ROA,K8vZ917raXV,KovZpZAJIAIA,Foro Puebla,Mexico,Ciudad de México,CDMX,Mexico,MX,MX,19.422158,-99.164129,Music,Latin,Latin,Undefined,Undefined,False,OCESA,,,,Ticketmaster Discovery API,2026,8,August,1,Ciudad de México,Ciudad de México,Latin,False,False
1Av8Z_FGkBj5brt,Aot The Last Concert Vol. 2,https://www.ticketmaster.com.mx/aot-the-last-concert-vol-2-mexico-07-08-2026/event/1400648E9C2D87A9,2026-08-07,20:30:00,America/Mexico_City,onsale,AOT The Last Concert,K8vZ917rQo0,KovZpZA6JttA,Teatro Metropolitan,México,Ciudad de México,CDMX,Mexico,MX,MX,19.433457,-99.146811,Music,Rock,Alternative Rock,Undefined,Undefined,False,OCESA,,,,Ticketmaster Discovery API,2026,8,August,1,Ciudad de México,Ciudad de México,Rock,False,False
1Av8Z_7GkT7zMug,DPR CREAM & DPR ARTIC- [DPR CREAM & DPR ARTIC LATAM TOUR 2026],https://www.ticketmaster.com.mx/dpr-cream-dpr-artic-dpr-cream-mexico-07-08-2026/event/1400644FC4E37375,2026-08-07,21:00:00,America/Mexico_City,onsale,DPR CREAM & DPR ARTIC,K8vZ917rb57,KovZpZAJllnA,Pepsi Center,México,Ciudad de México,CDMX,Mexico,MX,MX,19.39340970,-99.17581180,Music,Pop,Electro Pop,Undefined,Undefined,False,OCESA,,,,Ticketmaster Discovery API,2026,8,August,1,Ciudad de México,Ciudad de México,Pop,False,False
G5dVZ_u12avX-,El Gran Showman (The Greatest Showman) Movie Concert,https://www.ticketmaster.com.mx/el-gran-showman-the-greatest-showman-mexico-07-08-2026/event/3D0064D28F241FA1,2026-08-07,17:30:00,America/Mexico_City,onsale,El Gran Showman (The Greatest Showman) Movie Concert,K8vZ917ryWf,KovZpZAEedJA,Teatro Xola Julio Prieto,México,Ciudad de México,CDMX,Mexico,MX,MX,19.396053,-99.161283,Music,Other,Other,Undefined,Undefined,False,MONDIAL PRICE 1,,,,Ticketmaster Discovery API,2026,8,August,1,Ciudad de México,Ciudad de México,Other,False,False
G5dVZ_u18neAC,El Gran Showman (The Greatest Showman) Movie Concert,https://www.ticketmaster.com.mx/el-gran-showman-the-greatest-showman-mexico-07-08-2026/event/3D0064D290A8214E,2026-08-07,20:30:00,America/Mexico_City,onsale,El Gran Showman (The Greatest Showman) Movie Concert,K8vZ917ryWf,KovZpZAEedJA,Teatro Xola Julio Prieto,México,Ciudad de México,CDMX,Mexico,MX,MX,19.396053,-99.161283,Music,Other,Other,Undefined,Undefined,False,MONDIAL PRICE 1,,,,Ticketmaster Discovery API,2026,8,August,1,Ciudad de México,Ciudad de México,Other,False,False
ZFIMVHtnMZ17Fok3,Celebrare no Qualistage - RJ,https://www.ticketmaster.com.br/event/celebrare-no-qualistage,2026-08-07,22:00:00,America/Sao_Paulo,onsale,Celebrare,K8vZ917rpL7,KovZ917ARjF,Qualistage,Rio de Janeiro,Rio de Janeiro,RJ,Brazil,BR,BR,-22.98135949,-43.36089723,Music,Latin,Latin,,,False,,,,,Ticketmaster Discovery API,2026,8,August,1,Rio de Janeiro,Rio de Janeiro,Latin,False,False
G5dVZ_GnVMS8q,Abono General + Baja Beach Fest 2026,https://www.ticketmaster.com.mx/abono-general-baja-beach-fest-2026-rosarito-07-08-2026/event/3D0064CAB4DF341D,2026-08-07,,America/Los_Angeles,onsale,Baja Beach Fest,K8vZ917_etf,KovZ917AVxG,Rosarito Beach,Rosarito,Baja California Norte,BC,Mexico,MX,MX,32.36142200,-117.06962700,Music,Undefined,Undefined,Event Style,Festival,False,MONDIAL PRICE 1,,,,Ticketmaster Discovery API,2026,8,August,1,Rosarito,Baja California Norte,Sin clasificar,True,False
G5dVZ_GnVMK8Q,Abono General Baja Beach Fest 2026,https://www.ticketmaster.com.mx/abono-general-baja-beach-fest-2026-rosarito-07-08-2026/event/3D0064CAB4DD341A,2026-08-07,,America/Los_Angeles,onsale,Baja Beach Fest,K8vZ917_etf,KovZ917AVxG,Rosarito Beach,Rosarito,Baja California Norte,BC,Mexico,MX,MX,32.36142200,-117.06962700,Music,Undefined,Undefined,Event Style,Festival,False,MONDIAL PRICE 1,,,,Ticketmaster Discovery API,2026,8,August,1,Rosarito,Baja California Norte,Sin clasificar,True,False
G5dVZ_GngBSKp,Abono VIP Baja Beach Fest 2026,https://www.ticketmaster.com.mx/abono-vip-baja-beach-fest-2026-rosarito-07-08-2026/event/3D0064CAB5EB34D6,2026-08-07,,America/Los_Angeles,onsale,Baja Beach Fest,K8vZ917_etf,KovZ917AVxG,Rosarito Beach,Rosarito,Baja California Norte,BC,Mexico,MX,MX,32.36142200,-117.06962700,Music,Undefined,Undefined,Event Style,Festival,False,MONDIAL PRICE 1,,,,Ticketmaster Discovery API,2026,8,August,1,Rosarito,Baja California Norte,Sin clasificar,True,False
Z7r9jZ1A7xpfN,Baja Beach Fest,https://www.ticketmaster.com/event/Z7r9jZ1A7xpfN,2026-08-07,14:00:00,,onsale,Baja Beach Fest,Z7r9jZaC2R,Z7r9jZaAD1,Rosarito Beach,Rosarito,Baja California,BCN,Mexico,MX,MX,0,0,Music,Other,Other,,,False,,,,,Ticketmaster Discovery API,2026,8,August,1,Rosarito,Baja California,Other,True,False
G5dVZ_GRM_Erp,Individual General + Baja Beach Fest 2026,https://www.ticketmaster.com.mx/individual-general-baja-beach-fest-2026-rosarito-07-08-2026/event/3D0064CBF7667796,2026-08-07,14:00:00,America/Los_Angeles,onsale,Baja Beach Fest,K8vZ917_etf,KovZ917AVxG,Rosarito Beach,Rosarito,Baja California Norte,BC,Mexico,MX,MX,32.36142200,-117.06962700,Music,Undefined,Undefined,Event Style,Festival,False,MONDIAL PRICE 1,,,,Ticketmaster Discovery API,2026,8,August,1,Rosarito,Baja California Norte,Sin clasificar,True,False
G5dVZ_GRxvpPc,Individual General Baja Beach Fest 2026,https://www.ticketmaster.com.mx/individual-general-baja-beach-fest-2026-rosarito-07-08-2026/event/3D0064CBE205696D,2026-08-07,14:00:00,America/Los_Angeles,onsale,Baja Beach Fest,K8vZ917_etf,KovZ917AVxG,Rosarito Beach,Rosarito,Baja California Norte,BC,Mexico,MX,MX,32.36142200,-117.06962700,Music,Undefined,Undefined,Event Style,Festival,False,MONDIAL PRICE 1,,,,Ticketmaster Discovery API,2026,8,August,1,Rosarito,Baja California Norte,Sin clasificar,True,False
G5dVZ_Gw5js4Y,Individual VIP Baja Beach Fest 2026,https://www.ticketmaster.com.mx/individual-vip-baja-beach-fest-2026-rosarito-07-08-2026/event/3D0064CC8B731570,2026-08-07,14:00:00,America/Los_Angeles,onsale,Baja Beach Fest,K8vZ917_etf,KovZ917AVxG,Rosarito Beach,Rosarito,Baja California Norte,BC,Mexico,MX,MX,32.36142200,-117.06962700,Music,Undefined,Undefined,Event Style,Festival,False,MONDIAL PRICE 1,,,,Ticketmaster Discovery API,2026,8,August,1,Rosarito,Baja California Norte,Sin clasificar,True,False
ZFIMVHtnMZ17k_Pa,Di Ferrero - Ribeirão Preto,https://www.ticketmaster.com.br/event/di-ferrero-ribeirao-preto,2026-08-07,21:00:00,America/Sao_Paulo,onsale,,Z5uMVHtnMZAe6,ZGIMVHtnMZevAa,Multiplan Hall Ribeirão Shopping,,,SP,,BR,BR,-21.2119833,-47.815878,Music,Rock,Pop,,,False,,,,,Ticketmaster Discovery API,2026,8,August,1,,,Rock,False,False
ZFIMVHtnMZ17FoAF,Insite en Lima,https://www.ticketmaster.pe/event/insite,2026-08-07,21:00:00,America/Lima,onsale,Insite,K8vZ917G6w7,Z5IMVHtnMZad7,,,,LIM,,PE,PE,-12.072996373068609,-77.03645777146977,Music,Rock,Pop,,,False,,,,,Ticketmaster Discovery API,2026,8,August,1,,,Rock,False,False
G5dVZby15CwdQ,Charles Ans,https://www.ticketmaster.com.mx/charles-ans-ciudad-de-mexico-08-08-2026/event/3D0063928B3B20DA,2026-08-08,20:00:00,America/Mexico_City,onsale,Charles Ans,K8vZ917QxB7,KovZpZA6EkkA,Auditorio Nacional,Ciudad de México,Ciudad de México,CDMX,Mexico,MX,MX,19.424648,-99.19484,Music,Hip-Hop/Rap,Trap,Undefined,Undefined,False,OCESA,,,,Ticketmaster Discovery API,2026,8,August,1,Ciudad de México,Ciudad de México,Hip-Hop/Rap,False,False
1Av8Z_eGkSwhzPf,"Harry Styles: Together, Together",https://www.ticketmaster.com.mx/harry-styles-together-together-ciudad-de-mexico-08-08-2026/event/1400642CF26F8954,2026-08-08,21:00:00,America/Mexico_City,onsale,Harry Styles,K8vZ9174XZ0,KovZpZAd1IaA,Estadio GNP Seguros,Ciudad de México,Ciudad de México,CDMX,Mexico,MX,MX,19.405199,-99.095618,Music,Pop,Pop,Undefined,Undefined,False,OCESA,,,,Ticketmaster Discovery API,2026,8,August,1,Ciudad de México,Ciudad de México,Pop,False,False
1Av8Z_FGkXPOqCi,Melanie Martinez - HADES: THE SACRIFICE,https://www.ticketmaster.com.mx/melanie-martinez-hades-the-sacrifice-ciudad-de-mexico-08-08-2026/event/1400648FA581D3AC,2026-08-08,20:00:00,America/Mexico_City,onsale,"Melanie Martinez, Isabel LaRosa","K8vZ917oP4f, K8vZ917hZR0",KovZpZA77t6A,Palacio de los Deportes,Ciudad de México,Ciudad de México,CDMX,Mexico,MX,MX,19.40154080,-99.09806060,Music,Rock,Pop,Undefined,Undefined,False,OCESA,,,,Ticketmaster Discovery API,2026,8,August,1,Ciudad de México,Ciudad de México,Rock,False,False
G5dVZ_Gl08gGJ,Sheyband de Norte a Sur,https://www.ticketmaster.com.mx/sheyband-de-norte-a-sur-ciudad-de-mexico-08-08-2026/event/3D0064CAE4435326,2026-08-08,20:30:00,America/Mexico_City,onsale,Shey Band,K8vZ917rjwf,KovZpZA6EtdA,El Lunario del Auditorio Nacional,Ciudad de México,Ciudad de México,CDMX,Mexico,MX,MX,19.424682,-99.1954,Music,Latin,Latin,Undefined,Undefined,False,MONDIAL PRICE 1,,,,Ticketmaster Discovery API,2026,8,August,1,Ciudad de México,Ciudad de México,Latin,False,False
G5dVZ_uCGZvUk,"Historias de canciones. Manuel Coe, Erik Canales, Luis Jiménez",https://www.ticketmaster.com.mx/historias-de-canciones-manuel-coe-erik-mexico-08-08-2026/event/3D0064D38C001D86,2026-08-08,20:00:00,America/Mexico_City,onsale,,,KovZpZA6teaA,El Cantoral ,Mexico,Ciudad de México,CDMX,Mexico,MX,MX,19.361737,-99.166137,Music,Other,Other,Undefined,Undefined,False,MONDIAL PRICE 1,,,,Ticketmaster Discovery API,2026,8,August,1,Ciudad de México,Ciudad de México,Other,False,False
G5dVZ_6X19oS0,La Calandria: Ensamble de los Grandes Vientos,https://www.ticketmaster.com.mx/la-calandria-ensamble-de-los-grandes-mexico-08-08-2026/event/3D00647F8A5D1CE4,2026-08-08,19:00:00,America/Mexico_City,onsale,La Calandria,K8vZ917rqd7,KovZpZA6EkIA,Teatro de la Ciudad Esperanza Iris,Mexico,Ciudad de México,CDMX,Mexico,MX,MX,19.43669360,-99.13943750,Music,Other,Other,Undefined,Undefined,False,MONDIAL PRICE 3,,,,Ticketmaster Discovery API,2026,8,August,1,Ciudad de México,Ciudad de México,Other,False,False
17AZv0G6uJqk0p9,"2026 YOON SAN-HA FANCON [JUST, NO REASON] in MEXICO",https://www.ticketmaster.com.mx/2026-yoon-sanha-fancon-just-no-mexico-08-08-2026/event/140064D99D1A4597,2026-08-08,20:00:00,America/Mexico_City,offsale,Yoon San Ha,K8vZ917r4e0,KovZpZAJllnA,Pepsi Center,México,Ciudad de México,CDMX,Mexico,MX,MX,19.39340970,-99.17581180,Music,Pop,K-Pop,Undefined,Undefined,False,MONDIAL PRICE 1,,,,Ticketmaster Discovery API,2026,8,August,1,Ciudad de México,Ciudad de México,Pop,False,False
G5dVZ_k3qz3JS,Carnival of KISS,https://www.ticketmaster.com.mx/carnival-of-kiss-mexico-08-08-2026/event/3D0064649DE129B3,2026-08-08,21:00:00,America/Mexico_City,onsale,Carnival of KISS,K8vZ917Lcsf,KovZ917A8z0,Foro Red Access,México,Ciudad de México,CDMX,Mexico,MX,MX,19.35677,-99.163341,Music,Rock,Pop,Undefined,Undefined,False,MONDIAL PRICE 1,,,,Ticketmaster Discovery API,2026,8,August,1,Ciudad de México,Ciudad de México,Rock,False,False
G5dVZ_1wHwQ85,"Sinfónica de Minería, Temporada de verano, sexto programa.",https://www.ticketmaster.com.mx/sinfonica-de-mineria-temporada-de-verano-mexico-08-08-2026/event/3D0064ACBCC9A40B,2026-08-08,20:00:00,America/Mexico_City,onsale,Sinfónica de Minería,K8vZ917Oa9V,KovZpZAEvekA,Sala Silvestre Revueltas,México,Ciudad de México,CDMX,Mexico,MX,MX,19.30254940,-99.17327880,Music,Classical,Classical/Vocal,Undefined,Undefined,False,MONDIAL PRICE 1,,,,Ticketmaster Discovery API,2026,8,August,1,Ciudad de México,Ciudad de México,Classical,False,False
Z7r9jZ1A7xpf0,Baja Beach Fest,https://www.ticketmaster.com/event/Z7r9jZ1A7xpf0,2026-08-08,14:00:00,,onsale,Baja Beach Fest,Z7r9jZaC2R,Z7r9jZaAD1,Rosarito Beach,Rosarito,Baja California,BCN,Mexico,MX,MX,0,0,Music,Other,Other,,,False,,,,,Ticketmaster Discovery API,2026,8,August,1,Rosarito,Baja California,Other,True,False
G5dVZ_GRzKMOZ,Individual General + Baja Beach Fest 2026,https://www.ticketmaster.com.mx/individual-general-baja-beach-fest-2026-rosarito-08-08-2026/event/3D0064CBF84F7800,2026-08-08,14:00:00,America/Los_Angeles,onsale,Baja Beach Fest,K8vZ917_etf,KovZ917AVxG,Rosarito Beach,Rosarito,Baja California Norte,BC,Mexico,MX,MX,32.36142200,-117.06962700,Music,Undefined,Undefined,Event Style,Festival,False,MONDIAL PRICE 1,,,,Ticketmaster Discovery API,2026,8,August,1,Rosarito,Baja California Norte,Sin clasificar,True,False
G5dVZ_GRPopcB,Individual General Baja Beach Fest 2026,https://www.ticketmaster.com.mx/individual-general-baja-beach-fest-2026-rosarito-08-08-2026/event/3D0064CBE5456B7A,2026-08-08,14:00:00,America/Los_Angeles,onsale,Baja Beach Fest,K8vZ917_etf,KovZ917AVxG,Rosarito Beach,Rosarito,Baja California Norte,BC,Mexico,MX,MX,32.36142200,-117.06962700,Music,Undefined,Undefined,Event Style,Festival,False,MONDIAL PRICE 1,,,,Ticketmaster Discovery API,2026,8,August,1,Rosarito,Baja California Norte,Sin clasificar,True,False
G5dVZ_GwujsbY,Individual VIP Baja Beach Fest 2026,https://www.ticketmaster.com.mx/individual-vip-baja-beach-fest-2026-rosarito-08-08-2026/event/3D0064CC8D731630,2026-08-08,14:00:00,America/Los_Angeles,onsale,Baja Beach Fest,K8vZ917_etf,KovZ917AVxG,Rosarito Beach,Rosarito,Baja California Norte,BC,Mexico,MX,MX,32.36142200,-117.06962700,Music,Undefined,Undefined,Event Style,Festival,False,MONDIAL PRICE 1,,,,Ticketmaster Discovery API,2026,8,August,1,Rosarito,Baja California Norte,Sin clasificar,True,False
ZFIMVHtnMZ17kbPw,Di Ferrero - São Caetano do Sul,https://www.ticketmaster.com.br/event/di-ferrero-sao-caetano-do-sul,2026-08-08,21:00:00,America/Sao_Paulo,onsale,,Z5uMVHtnMZAe6,ZGIMVHtnMZee1a,Multiplan Hall Park Shopping São Caetano,,,SP,,BR,BR,-23.6235722,-46.5816865,Music,Rock,Pop,,,False,,,,,Ticketmaster Discovery API,2026,8,August,1,,,Rock,False,False
ZFIMVHtnMZ17k4OF,Kid Abelha - Recife,https://www.ticketmaster.com.br/event/venda-geral-kid-abelha-recife,2026-08-08,21:00:00,America/Sao_Paulo,onsale,,Z5uMVHtnMZ7a7,ZGIMVHtnMZevd1,Classic Hall,,,PE,,BR,BR,-8.0288698,-34.8659699,Music,World,Brazil,,,False,,,,,Ticketmaster Discovery API,2026,8,August,1,,,World,False,False
ZFIMVHtnMZ17kKfw,Revelação & Xande de Pilares - Brasília,https://www.ticketmaster.com.br/event/revelacao-xande-de-pilares-brasilia,2026-08-08,20:00:00,America/Sao_Paulo,onsale,Xande De Pilares,"K8vZ917bQs7, Z5uMVHtnMZAee",ZGIMVHtnMZevFA,Arena BRB Mané Garrincha,,,DF,,BR,BR,-15.7662824,-47.8829416,Music,Other,Other,,,False,,,,,Ticketmaster Discovery API,2026,8,August,1,,,Other,False,False
ZFIMVHtnMZ17kb0Z,Sticky Fingers - Curitiba,https://www.ticketmaster.com.br/event/sticky-fingers-curitiba,2026-08-08,21:00:00,America/Sao_Paulo,onsale,Sticky Fingers,K8vZ9171FHV,Z5IMVHtnMZ1k6,Live Curitiba,,,PR,,BR,BR,-25.4818157,-49.2938475,Music,Rock,Alternative Rock,,,False,,,,,Ticketmaster Discovery API,2026,8,August,1,,,Rock,False,False
ZFIMVHtnMZ17FkoE,The Smyths - Tokio Marine Hall,https://www.ticketmaster.com.br/event/the-smyths-tokio-marine-hall,2026-08-08,22:00:00,America/Sao_Paulo,onsale,The Smyths (Tribute to The Smiths),K8vZ917GOI7,Z5IMVHtnMZ1FA,Tokio Marine Hall,,,SP,,BR,BR,-23.63847,-46.71997469999999,Music,Undefined,Undefined,,,False,,,,,Ticketmaster Discovery API,2026,8,August,1,,,Sin clasificar,False,False
ZFIMVHtnMZ17kK7J,Tiago Iorc - Belo Horizonte,https://www.ticketmaster.com.br/event/tiago-iorc-belo-horizonte,2026-08-08,22:00:00,America/Sao_Paulo,onsale,Tiago Iorc,K8vZ917j2z0,ZGIMVHtnMZea61,BeFly Hall,,,MG,,BR,BR,-19.9911873,-43.96019200000001,Music,Pop,Brazilian Pop,,,False,,,,,Ticketmaster Discovery API,2026,8,August,1,,,Pop,False,False
ZFIMVHtnMZ17kKoN,Tributo Letz Zep - Suhai Music Hall,https://www.ticketmaster.com.br/event/tributo-letz-zep-suhai-music-hall,2026-08-08,22:00:00,America/Sao_Paulo,onsale,Letz Zep (Led Zeppelin Tribute),K8vZ9175VWV,ZGIMVHtnMZeFaa,Suhai Music Hall,,,SP,,BR,BR,-23.6761714,-46.6992381,Music,Undefined,Undefined,,,False,,,,,Ticketmaster Discovery API,2026,8,August,1,,,Sin clasificar,False,False
1Av8Z_6GknkSNVV,BK Presenta / Averly Morillo Presencia Tour,https://www.ticketmaster.com.mx/bk-presenta-averly-morillo-presencia-tour-mexico-09-08-2026/event/1400647A86CE3D34,2026-08-09,19:30:00,America/Mexico_City,onsale,Averly Morillo,K8vZ9175Zyf,KovZpZAJllnA,Pepsi Center,México,Ciudad de México,CDMX,Mexico,MX,MX,19.39340970,-99.17581180,Music,Other,Other,Undefined,Undefined,False,MONDIAL PRICE 1,,,,Ticketmaster Discovery API,2026,8,August,1,Ciudad de México,Ciudad de México,Other,False,False
G5dVZ_1U86Viy,"Sinfónica de Minería, Concierto Familiar Infantil",https://www.ticketmaster.com.mx/sinfonica-de-mineria-concierto-familiar-infantil-mexico-09-08-2026/event/3D0064AD901F4B39,2026-08-09,17:00:00,America/Mexico_City,cancelled,Sinfónica de Minería,K8vZ917Oa9V,KovZpZAEvekA,Sala Silvestre Revueltas,México,Ciudad de México,CDMX,Mexico,MX,MX,19.30254940,-99.17327880,Music,Classical,Classical/Vocal,Undefined,Undefined,False,MONDIAL PRICE 1,,,,Ticketmaster Discovery API,2026,8,August,1,Ciudad de México,Ciudad de México,Classical,False,False
G5dVZ_1wHUQ8s,"Sinfónica de Minería, Temporada de verano, sexto programa.",https://www.ticketmaster.com.mx/sinfonica-de-mineria-temporada-de-verano-mexico-09-08-2026/event/3D0064ACBCD9A431,2026-08-09,12:00:00,America/Mexico_City,onsale,Sinfónica de Minería,K8vZ917Oa9V,KovZpZAEvekA,Sala Silvestre Revueltas,México,Ciudad de México,CDMX,Mexico,MX,MX,19.30254940,-99.17327880,Music,Classical,Classical/Vocal,Undefined,Undefined,False,MONDIAL PRICE 1,,,,Ticketmaster Discovery API,2026,8,August,1,Ciudad de México,Ciudad de México,Classical,False,False
Z7r9jZ1A7xpfP,Baja Beach Fest,https://www.ticketmaster.com/event/Z7r9jZ1A7xpfP,2026-08-09,14:00:00,,onsale,Baja Beach Fest,Z7r9jZaC2R,Z7r9jZaAD1,Rosarito Beach,Rosarito,Baja California,BCN,Mexico,MX,MX,0,0,Music,Other,Other,,,False,,,,,Ticketmaster Discovery API,2026,8,August,1,Rosarito,Baja California,Other,True,False
G5dVZ_GRzf6Oe,Individual General + Baja Beach Fest 2026,https://www.ticketmaster.com.mx/individual-general-baja-beach-fest-2026-rosarito-09-08-2026/event/3D0064CBF8507802,2026-08-09,14:00:00,America/Los_Angeles,onsale,Baja Beach Fest,K8vZ917_etf,KovZ917AVxG,Rosarito Beach,Rosarito,Baja California Norte,BC,Mexico,MX,MX,32.36142200,-117.06962700,Music,Undefined,Undefined,Event Style,Festival,False,MONDIAL PRICE 1,,,,Ticketmaster Discovery API,2026,8,August,1,Rosarito,Baja California Norte,Sin clasificar,True,False
G5dVZ_GRPoJcH,Individual General Baja Beach Fest 2026,https://www.ticketmaster.com.mx/individual-general-baja-beach-fest-2026-rosarito-09-08-2026/event/3D0064CBE5466B7C,2026-08-09,14:00:00,America/Los_Angeles,onsale,Baja Beach Fest,K8vZ917_etf,KovZ917AVxG,Rosarito Beach,Rosarito,Baja California Norte,BC,Mexico,MX,MX,32.36142200,-117.06962700,Music,Undefined,Undefined,Event Style,Festival,False,MONDIAL PRICE 1,,,,Ticketmaster Discovery API,2026,8,August,1,Rosarito,Baja California Norte,Sin clasificar,True,False
G5dVZ_Gwujsbw,Individual VIP Baja Beach Fest 2026,https://www.ticketmaster.com.mx/individual-vip-baja-beach-fest-2026-rosarito-09-08-2026/event/3D0064CC8D731632,2026-08-09,14:00:00,America/Los_Angeles,onsale,Baja Beach Fest,K8vZ917_etf,KovZ917AVxG,Rosarito Beach,Rosarito,Baja California Norte,BC,Mexico,MX,MX,32.36142200,-117.06962700,Music,Undefined,Undefined,Event Style,Festival,False,MONDIAL PRICE 1,,,,Ticketmaster Discovery API,2026,8,August,1,Rosarito,Baja California Norte,Sin clasificar,True,False
1Av8Z_dGkU1mJzi,"Harry Styles: Together, Together",https://www.ticketmaster.com.mx/harry-styles-together-together-ciudad-de-mexico-10-08-2026/event/1400643D8ABA6E2C,2026-08-10,21:00:00,America/Mexico_City,onsale,Harry Styles,K8vZ9174XZ0,KovZpZAd1IaA,Estadio GNP Seguros,Ciudad de México,Ciudad de México,CDMX,Mexico,MX,MX,19.405199,-99.095618,Music,Pop,Pop,Undefined,Undefined,False,OCESA,,,,Ticketmaster Discovery API,2026,8,August,1,Ciudad de México,Ciudad de México,Pop,False,False
G5dVZ_uxyQe-Z,Le Quattro Stagioni Antonio Vivaldi,https://www.ticketmaster.com.mx/le-quattro-stagioni-antonio-vivaldi-mexico-10-08-2026/event/3D0064D8B9682840,2026-08-10,19:00:00,America/Mexico_City,onsale,Antonio Vivaldi,K8vZ9179t90,KovZpZAJt6vA,Capilla Gótica,México,Ciudad de México,CDMX,Mexico,MX,MX,19.35708050,-99.18988040,Music,Classical,Classical/Vocal,Undefined,Undefined,False,MONDIAL PRICE 1,,,,Ticketmaster Discovery API,2026,8,August,1,Ciudad de México,Ciudad de México,Classical,False,False
ZFIMVHtnMZ17AoG8,Rosalía: Lux Tour 2026,https://www.ticketmaster.com.br/event/rosalia-venda-geral,2026-08-10,21:00:00,America/Sao_Paulo,onsale,ROSALÍA,K8vZ917pJy7,Z5IMVHtnMZ1ka,Farmasi Arena,,,RJ,,BR,BR,-22.9736753,-43.3661693,Music,World,Latin Pop,,,False,,,,,Ticketmaster Discovery API,2026,8,August,1,,,World,False,False
G5dVZ_uxyQe-7,Le Quattro Stagioni Antonio Vivaldi,https://www.ticketmaster.com.mx/le-quattro-stagioni-antonio-vivaldi-mexico-11-08-2026/event/3D0064D8B9682844,2026-08-11,19:00:00,America/Mexico_City,onsale,Antonio Vivaldi,K8vZ9179t90,KovZpZAJt6vA,Capilla Gótica,México,Ciudad de México,CDMX,Mexico,MX,MX,19.35708050,-99.18988040,Music,Classical,Classical/Vocal,Undefined,Undefined,False,MONDIAL PRICE 1,,,,Ticketmaster Discovery API,2026,8,August,1,Ciudad de México,Ciudad de México,Classical,False,False
ZFIMVHtnMZ17kbx_,Sticky Fingers - Rio de Janeiro,https://www.ticketmaster.com.br/event/sticky-fingers-rio-de-janeiro,2026-08-11,21:00:00,America/Sao_Paulo,onsale,Sticky Fingers,K8vZ9171FHV,KovZ917ARjF,Qualistage,Rio de Janeiro,Rio de Janeiro,RJ,Brazil,BR,BR,-22.98135949,-43.36089723,Music,Rock,Alternative Rock,,,False,,,,,Ticketmaster Discovery API,2026,8,August,1,Rio de Janeiro,Rio de Janeiro,Rock,False,False
ZFIMVHtnMZ17AKpF,Rosalía: Lux Tour 2026,https://www.ticketmaster.com.br/event/rosalia-venda-geral,2026-08-11,21:00:00,America/Sao_Paulo,onsale,ROSALÍA,K8vZ917pJy7,Z5IMVHtnMZ1ka,Farmasi Arena,,,RJ,,BR,BR,-22.9736753,-43.3661693,Music,World,Latin Pop,,,False,,,,,Ticketmaster Discovery API,2026,8,August,1,,,World,False,False
G5dVZ_5eRaaIz,Sentidos Opuestos,https://www.ticketmaster.com.mx/sentidos-opuestos-ciudad-de-mexico-12-08-2026/event/3D0064B0AF249A38,2026-08-12,20:30:00,America/Mexico_City,onsale,Sentidos Opuestos,K8vZ9171U2V,KovZpZA6EkkA,Auditorio Nacional,Ciudad de México,Ciudad de México,CDMX,Mexico,MX,MX,19.424648,-99.19484,Music,Latin,Latin,Undefined,Undefined,False,MONDIAL PRICE 1,,,,Ticketmaster Discovery API,2026,8,August,1,Ciudad de México,Ciudad de México,Latin,False,False
G5dVZ_uxyQx-k,Le Quattro Stagioni Antonio Vivaldi,https://www.ticketmaster.com.mx/le-quattro-stagioni-antonio-vivaldi-mexico-12-08-2026/event/3D0064D8B96A2846,2026-08-12,19:00:00,America/Mexico_City,onsale,Antonio Vivaldi,K8vZ9179t90,KovZpZAJt6vA,Capilla Gótica,México,Ciudad de México,CDMX,Mexico,MX,MX,19.35708050,-99.18988040,Music,Classical,Classical/Vocal,Undefined,Undefined,False,MONDIAL PRICE 1,,,,Ticketmaster Discovery API,2026,8,August,1,Ciudad de México,Ciudad de México,Classical,False,False
1kAZv0otGA2Dkr8,Arcángel,https://www.ticketmaster.com.mx/arcangel-ciudad-de-mexico-13-08-2026/event/140064469FEC6790,2026-08-13,20:00:00,America/Mexico_City,onsale,Arcángel,K8vZ917okqf,KovZpZA77t6A,Palacio de los Deportes,Ciudad de México,Ciudad de México,CDMX,Mexico,MX,MX,19.40154080,-99.09806060,Music,Hip-Hop/Rap,Reggaeton,Undefined,Undefined,False,MONDIAL PRICE 1,,,,Ticketmaster Discovery API,2026,8,August,1,Ciudad de México,Ciudad de México,Hip-Hop/Rap,False,False
G5dVZ_5nRsJIF,La Joaqui,https://www.ticketmaster.com.mx/la-joaqui-ciudad-de-mexico-13-08-2026/event/3D0064BAAFC66A08,2026-08-13,20:30:00,America/Mexico_City,onsale,La Joaqui,K8vZ917qOV7,KovZpZA6EtdA,El Lunario del Auditorio Nacional,Ciudad de México,Ciudad de México,CDMX,Mexico,MX,MX,19.424682,-99.1954,Music,Hip-Hop/Rap,Reggaeton,Undefined,Undefined,False,OCESA,,,,Ticketmaster Discovery API,2026,8,August,1,Ciudad de México,Ciudad de México,Hip-Hop/Rap,False,False
G5dVZ_G5lxbGl,Leyendas,https://www.ticketmaster.com.mx/leyendas-ciudad-de-mexico-13-08-2026/event/3D0064C2EB89832B,2026-08-13,20:30:00,America/Mexico_City,onsale,Leyendas el show,K8vZ917Lqef,KovZ917AVGy,Foro Stelaris Fiesta Americana Reforma,Ciudad de México,Ciudad de México,CDMX,Mexico,MX,MX,19.43219600,-99.15473940,Music,Ballads/Romantic,Ballads/Romantic,Undefined,Undefined,False,MONDIAL PRICE 1,,,,Ticketmaster Discovery API,2026,8,August,1,Ciudad de México,Ciudad de México,Ballads/Romantic,False,False
G5dVZ_uxyQw-F,Le Quattro Stagioni Antonio Vivaldi,https://www.ticketmaster.com.mx/le-quattro-stagioni-antonio-vivaldi-mexico-13-08-2026/event/3D0064D8B96B2848,2026-08-13,19:00:00,America/Mexico_City,onsale,Antonio Vivaldi,K8vZ9179t90,KovZpZAJt6vA,Capilla Gótica,México,Ciudad de México,CDMX,Mexico,MX,MX,19.35708050,-99.18988040,Music,Classical,Classical/Vocal,Undefined,Undefined,False,MONDIAL PRICE 1,,,,Ticketmaster Discovery API,2026,8,August,1,Ciudad de México,Ciudad de México,Classical,False,False
G5dVZ_uxyh3-G,Le Quattro Stagioni Antonio Vivaldi,https://www.ticketmaster.com.mx/le-quattro-stagioni-antonio-vivaldi-mexico-13-08-2026/event/3D0064D8B96D284C,2026-08-13,21:30:00,America/Mexico_City,onsale,,,KovZpZAJt6vA,Capilla Gótica,México,Ciudad de México,CDMX,Mexico,MX,MX,19.35708050,-99.18988040,Music,Jazz,Jazz,Undefined,Undefined,False,MONDIAL PRICE 1,,,,Ticketmaster Discovery API,2026,8,August,1,Ciudad de México,Ciudad de México,Jazz,False,False
1AfZkokGke-WpHs,Arcángel,https://www.ticketmaster.com.mx/arcangel-ciudad-de-mexico-14-08-2026/event/14006446A1F56F31,2026-08-14,20:00:00,America/Mexico_City,onsale,Arcángel,K8vZ917okqf,KovZpZA77t6A,Palacio de los Deportes,Ciudad de México,Ciudad de México,CDMX,Mexico,MX,MX,19.40154080,-99.09806060,Music,Hip-Hop/Rap,Reggaeton,Undefined,Undefined,False,MONDIAL PRICE 1,,,,Ticketmaster Discovery API,2026,8,August,1,Ciudad de México,Ciudad de México,Hip-Hop/Rap,False,False
G5dVZ_FRF_Pfy,Beach Weather,https://www.ticketmaster.com.mx/beach-weather-ciudad-de-mexico-14-08-2026/event/3D00648BC8665539,2026-08-14,20:30:00,America/Mexico_City,onsale,Beach Weather,K8vZ917KUTV,KovZpZA6EtdA,El Lunario del Auditorio Nacional,Ciudad de México,Ciudad de México,CDMX,Mexico,MX,MX,19.424682,-99.1954,Music,Pop,Electro Pop,Undefined,Undefined,False,MONDIAL PRICE 1,,,,Ticketmaster Discovery API,2026,8,August,1,Ciudad de México,Ciudad de México,Pop,False,False
G5dVZ_aB69Kr5,Los Vaguens,https://www.ticketmaster.com.mx/los-vaguens-col-centro-monterrey-14-08-2026/event/3D00649E875D378B,2026-08-14,21:00:00,America/Mexico_City,onsale,Los Vaguens,K8vZ917r1pf,KovZpZAEvelA,Foro Corona Monterrey,Col. Centro Monterrey,Nuevo León,NL,Mexico,MX,MX,25.66646204,-100.31681661,Music,Rock,Alternative Rock,Undefined,Undefined,False,MONDIAL PRICE 1,,,,Ticketmaster Discovery API,2026,8,August,1,Monterrey,Nuevo León,Rock,False,False
G5dVZ_GXAzvA7,"Bohemia 92 Rock. Sal Moreno, Pascual Reyes, José Manuel Aguilera",https://www.ticketmaster.com.mx/bohemia-92-rock-sal-moreno-pascual-mexico-14-08-2026/event/3D0064CF85E01144,2026-08-14,21:00:00,America/Mexico_City,onsale,Bohemia 91,K8vZ917hdZV,KovZpZA6teaA,El Cantoral ,Mexico,Ciudad de México,CDMX,Mexico,MX,MX,19.361737,-99.166137,Music,Latin,Latin,Undefined,Undefined,False,MONDIAL PRICE 1,,,,Ticketmaster Discovery API,2026,8,August,1,Ciudad de México,Ciudad de México,Latin,False,False
G5dVZbUBJLpGn,Paty Cantú - Residencia,https://www.ticketmaster.com.mx/paty-cantu-residencia-mexico-14-08-2026/event/3D00636EA67D632A,2026-08-14,21:30:00,America/Mexico_City,onsale,Paty Cantu,K8vZ917CHQf,KovZpZA7AJ6A,La Maraka,México,Ciudad de México,CDMX,Mexico,MX,MX,19.38651080,-99.16317750,Music,Ballads/Romantic,Ballads/Romantic,Undefined,Undefined,False,MONDIAL PRICE 1,,,,Ticketmaster Discovery API,2026,8,August,1,Ciudad de México,Ciudad de México,Ballads/Romantic,False,False
16v8Z_araG7WStH,Urbano Fest,https://www.ticketmaster.com.mx/urbano-fest-mexico-14-08-2026/event/1400649789F73A7C,2026-08-14,19:00:00,America/Mexico_City,onsale,"Festival Urbano, C-Kan","K8vZ917o8rf, K8vZ9174vp7",KovZpZAJllnA,Pepsi Center,México,Ciudad de México,CDMX,Mexico,MX,MX,19.39340970,-99.17581180,Music,Undefined,Undefined,Event Style,Festival,False,OCESA,,,,Ticketmaster Discovery API,2026,8,August,1,Ciudad de México,Ciudad de México,Sin clasificar,True,False
17AZv0G6ueundgL,Sam Smith - To Be Free: Guadalajara ,https://www.ticketmaster.com.mx/sam-smith-to-be-free-guadalajara-zapopan-14-08-2026/event/140064D08DA83D5F,2026-08-14,21:00:00,America/Mexico_City,onsale,Sam Smith,K8vZ9178pt7,KovZpZA6I7FA,Auditorio Telmex,Zapopan,Jalisco,JAL,Mexico,MX,MX,20.73324,-103.38112,Music,Pop,Pop,Undefined,Undefined,False,OCESA,,,,Ticketmaster Discovery API,2026,8,August,1,Zapopan,Jalisco,Pop,False,False
ZFIMVHtnMZ17FOFM,Roberta Campos Canta Legião Urbana - The Cavern Club,https://www.ticketmaster.com.br/event/roberta-campos-canta-legiao-urbana-the-cavern-club,2026-08-14,21:30:00,America/Sao_Paulo,onsale,,Z5uMVHtnMZka1,ZGIMVHtnMZe1Fk,The Cavern Club,,,SP,,BR,BR,-23.5951293,-46.6836749,Music,World,World,,,False,,,,,Ticketmaster Discovery API,2026,8,August,1,,,World,False,False
ZFIMVHtnMZ17kb0v,Sticky Fingers - Belo Horizonte,https://www.ticketmaster.com.br/event/sticky-fingers-belo-horizonte,2026-08-14,21:00:00,America/Sao_Paulo,onsale,Sticky Fingers,K8vZ9171FHV,ZGIMVHtnMZea61,BeFly Hall,,,MG,,BR,BR,-19.9911873,-43.96019200000001,Music,Rock,Alternative Rock,,,False,,,,,Ticketmaster Discovery API,2026,8,August,1,,,Rock,False,False
ZFIMVHtnMZ17k4jU,Suhai Festival Interlagos 2026 Edição Moto,https://www.ticketmaster.com.br/event/suhai-festival-de-interlagos-2026-edicao-moto,2026-08-14,07:00:00,America/Sao_Paulo,onsale,Pedro Sampaio,K8vZ917_m00,Z5IMVHtnMZ1dv,Autódromo de Interlagos,,,SP,,BR,BR,-23.7033489,-46.7002579,Music,Latin,Latin,,,False,,,,,Ticketmaster Discovery API,2026,8,August,1,,,Latin,True,False
G5dVZ_ukOASw8,Alive,https://www.ticketmaster.com.mx/alive-ciudad-de-mexico-15-08-2026/event/3D0064D1A0173C90,2026-08-15,21:30:00,America/Mexico_City,onsale,"Alive, una fiesta en el tiempo",K8vZ917Lju0,KovZ917AVGy,Foro Stelaris Fiesta Americana Reforma,Ciudad de México,Ciudad de México,CDMX,Mexico,MX,MX,19.43219600,-99.15473940,Music,Pop,Pop,Undefined,Undefined,False,MONDIAL PRICE 1,,,,Ticketmaster Discovery API,2026,8,August,1,Ciudad de México,Ciudad de México,Pop,False,False
G5dVZ_7SN5EiR,Nunca Jamás,https://www.ticketmaster.com.mx/nunca-jamas-ciudad-de-mexico-15-08-2026/event/3D00644CE32E7B2F,2026-08-15,20:00:00,America/Mexico_City,onsale,,,KovZpZA6EtdA,El Lunario del Auditorio Nacional,Ciudad de México,Ciudad de México,CDMX,Mexico,MX,MX,19.424682,-99.1954,Music,Rock,Alternative Rock,Undefined,Undefined,False,OCESA,,,,Ticketmaster Discovery API,2026,8,August,1,Ciudad de México,Ciudad de México,Rock,False,False
1kAZv00IGAuOVGD,Palomazo Norteño,https://www.ticketmaster.com.mx/palomazo-norteno-ciudad-de-mexico-15-08-2026/event/140064928D83433B,2026-08-15,21:00:00,America/Mexico_City,onsale,Palomazo Norteno,K8vZ917j_s0,KovZpZAd1IaA,Estadio GNP Seguros,Ciudad de México,Ciudad de México,CDMX,Mexico,MX,MX,19.405199,-99.095618,Music,Latin,Latin,Undefined,Undefined,False,OCESA,,,,Ticketmaster Discovery API,2026,8,August,1,Ciudad de México,Ciudad de México,Latin,False,False
G5dVZ_FLpw0I0,Skins Party Mty,https://www.ticketmaster.com.mx/skins-party-mty-col-centro-monterrey-15-08-2026/event/3D006487D6CA4A24,2026-08-15,21:00:00,America/Mexico_City,onsale,,,KovZpZAEvelA,Foro Corona Monterrey,Col. Centro Monterrey,Nuevo León,NL,Mexico,MX,MX,25.66646204,-100.31681661,Music,Pop,Electro Pop,Undefined,Undefined,False,MONDIAL PRICE 3,,,,Ticketmaster Discovery API,2026,8,August,1,Monterrey,Nuevo León,Pop,False,False
G5dVZ_533g7YF,Pink Floyd Sinfonico Vol.2,https://www.ticketmaster.com.mx/pink-floyd-sinfonico-vol2-guadalajara-15-08-2026/event/3D0064B492D44C08,2026-08-15,21:00:00,America/Mexico_City,onsale,,,KovZpZA6EFEA,Teatro Diana (GDL),Guadalajara,Jalisco,JAL,Mexico,MX,MX,20.665434,-103.349341,Music,Rock,Alternative Rock,Undefined,Undefined,False,MONDIAL PRICE 1,,,,Ticketmaster Discovery API,2026,8,August,1,Guadalajara,Jalisco,Rock,False,False
G5dVZ_53UiInh,SAN HOLO PRESENTS TRUE LOVE IN A MADE WORLD,https://www.ticketmaster.com.mx/san-holo-presents-true-love-in-mexico-15-08-2026/event/3D0064B4B6B28A9B,2026-08-15,21:00:00,America/Mexico_City,onsale,San Holo,K8vZ917fIvV,KovZpZAJIAIA,Foro Puebla,Mexico,Ciudad de México,CDMX,Mexico,MX,MX,19.422158,-99.164129,Music,Pop,Electro Pop,Undefined,Undefined,False,OCESA,,,,Ticketmaster Discovery API,2026,8,August,1,Ciudad de México,Ciudad de México,Pop,False,False
16fZk3FZkZAuAGAe,Dale Mixx 2026 (Banamex VIP),https://www.ticketmaster.com.mx/dale-mixx-2026-banamex-vip-monterrey-15-08-2026/event/14006488006C4B41,2026-08-15,14:00:00,America/Mexico_City,onsale,"Dale MIXX, Ozuna, Paulo Londra, Arcángel, Yandel, Manuel Turizo, Ryan Castro, Ivy Queen, Lunay, Dei V, Yorghaki, Eme Malafe, EMJAY, La Joaqui, Alanis Yuki, Sayuri y Sopholov, Franco Rey, DJ Young Music","K8vZ917hrP0, K8vZ9174-y0, K8vZ917bAfV, K8vZ917okqf, K8vZ917oID0, K8vZ9179kF0, K8vZ917Q4fV, K8vZ917GIL7, K8vZ917bpZ7, K8vZ917hqrV, K8vZ917rt9f, K8vZ917rnB7, K8vZ917_fQf, K8vZ917qOV7, K8vZ917LhU7, K8vZ917rbOf, K8vZ917juYV, K8vZ917fad0",KovZpZAJn7nA,Parque Fundidora,Monterrey,Nuevo León,NL,Mexico,MX,MX,25.67687030,-100.28999330,Music,Hip-Hop/Rap,Trap,Undefined,Undefined,False,MONDIAL PRICE 2,,,,Ticketmaster Discovery API,2026,8,August,1,Monterrey,Nuevo León,Hip-Hop/Rap,False,False
1AfZk3FGkdMeNp1,Dale Mixx 2026 (COMFORT PASS Presentado por Banamex),https://www.ticketmaster.com.mx/dale-mixx-2026-comfort-pass-presentado-monterrey-15-08-2026/event/14006488F70A358A,2026-08-15,14:00:00,America/Mexico_City,onsale,"Dale MIXX, Ozuna, Paulo Londra, Arcángel, Manuel Turizo, Ryan Castro, Ivy Queen, Lunay, Dei V, Yorghaki, Eme Malafe, EMJAY, La Joaqui, Alanis Yuki, Sayuri y Sopholov, Franco Rey, Yandel","K8vZ917hrP0, K8vZ9174-y0, K8vZ917bAfV, K8vZ917okqf, K8vZ9179kF0, K8vZ917Q4fV, K8vZ917GIL7, K8vZ917bpZ7, K8vZ917hqrV, K8vZ917rt9f, K8vZ917rnB7, K8vZ917_fQf, K8vZ917qOV7, K8vZ917LhU7, K8vZ917rbOf, K8vZ917juYV, K8vZ917oID0",KovZpZAJn7nA,Parque Fundidora,Monterrey,Nuevo León,NL,Mexico,MX,MX,25.67687030,-100.28999330,Music,Hip-Hop/Rap,Trap,Undefined,Undefined,False,MONDIAL PRICE 2,,,,Ticketmaster Discovery API,2026,8,August,1,Monterrey,Nuevo León,Hip-Hop/Rap,False,False
1AfZk3FGkdm-ev5,Dale Mixx 2026 (GENERAL),https://www.ticketmaster.com.mx/dale-mixx-2026-general-monterrey-15-08-2026/event/14006488EE84204B,2026-08-15,14:00:00,America/Mexico_City,onsale,"Dale MIXX, Ozuna, Paulo Londra, Arcángel, Yandel, Manuel Turizo, Ryan Castro, Ivy Queen, Lunay, Dei V, Yorghaki, Eme Malafe, EMJAY, La Joaqui, Alanis Yuki, Sayuri y Sopholov, Franco Rey","K8vZ917hrP0, K8vZ9174-y0, K8vZ917bAfV, K8vZ917okqf, K8vZ917oID0, K8vZ9179kF0, K8vZ917Q4fV, K8vZ917GIL7, K8vZ917bpZ7, K8vZ917hqrV, K8vZ917rt9f, K8vZ917rnB7, K8vZ917_fQf, K8vZ917qOV7, K8vZ917LhU7, K8vZ917rbOf, K8vZ917juYV",KovZpZAJn7nA,Parque Fundidora,Monterrey,Nuevo León,NL,Mexico,MX,MX,25.67687030,-100.28999330,Music,Hip-Hop/Rap,Trap,Undefined,Undefined,False,MONDIAL PRICE 2,,,,Ticketmaster Discovery API,2026,8,August,1,Monterrey,Nuevo León,Hip-Hop/Rap,False,False
G5dVZbUBIepK3,Paty Cantú - Residencia,https://www.ticketmaster.com.mx/paty-cantu-residencia-mexico-15-08-2026/event/3D00636EA80964D2,2026-08-15,21:30:00,America/Mexico_City,onsale,Paty Cantu,K8vZ917CHQf,KovZpZA7AJ6A,La Maraka,México,Ciudad de México,CDMX,Mexico,MX,MX,19.38651080,-99.16317750,Music,Ballads/Romantic,Ballads/Romantic,Undefined,Undefined,False,MONDIAL PRICE 1,,,,Ticketmaster Discovery API,2026,8,August,1,Ciudad de México,Ciudad de México,Ballads/Romantic,False,False
G5dVZ_1wHUQ8S,"Sinfónica de Minería, Temporada de verano, séptimo programa.",https://www.ticketmaster.com.mx/sinfonica-de-mineria-temporada-de-verano-mexico-15-08-2026/event/3D0064ACBCD9A433,2026-08-15,20:00:00,America/Mexico_City,onsale,Sinfónica de Minería,K8vZ917Oa9V,KovZpZAEvekA,Sala Silvestre Revueltas,México,Ciudad de México,CDMX,Mexico,MX,MX,19.30254940,-99.17327880,Music,Classical,Classical/Vocal,Undefined,Undefined,False,MONDIAL PRICE 1,,,,Ticketmaster Discovery API,2026,8,August,1,Ciudad de México,Ciudad de México,Classical,False,False
17AZv0G61p5j0oI,Urbano Fest,https://www.ticketmaster.com.mx/urbano-fest-mexico-15-08-2026/event/140064A58B724468,2026-08-15,19:00:00,America/Mexico_City,onsale,"Festival Urbano, C-Kan","K8vZ917o8rf, K8vZ9174vp7",KovZpZAJllnA,Pepsi Center,México,Ciudad de México,CDMX,Mexico,MX,MX,19.39340970,-99.17581180,Music,Undefined,Undefined,Event Style,Festival,False,OCESA,,,,Ticketmaster Discovery API,2026,8,August,1,Ciudad de México,Ciudad de México,Sin clasificar,True,False
G5dVZbUXdt3Uz,ROSALÍA: LUX TOUR 2026,https://www.ticketmaster.com.mx/rosalia-lux-tour-2026-tlajomulco-de-zuniga-15-08-2026/event/3D00636F83A52DB8,2026-08-15,20:00:00,America/Mexico_City,onsale,ROSALÍA,K8vZ917pJy7,KovZpZA6El6A,Arena VFG,Tlajomulco de Zuñiga,Jalisco,JAL,Mexico,MX,MX,20.467193,-103.263489,Music,Latin,Latin,Undefined,Undefined,False,OCESA,,,,Ticketmaster Discovery API,2026,8,August,1,Tlajomulco de Zuñiga,Jalisco,Latin,False,False
ZFIMVHtnMZ17kKFf,Edu Falaschi - Tokio Marine Hall,https://www.ticketmaster.com.br/event/edu-falaschi-tokio-marine-hall,2026-08-15,21:00:00,America/Sao_Paulo,onsale,Edu Falaschi,K8vZ917rfA0,Z5IMVHtnMZ1FA,Tokio Marine Hall,,,SP,,BR,BR,-23.63847,-46.71997469999999,Music,Metal,Metal,,,False,,,,,Ticketmaster Discovery API,2026,8,August,1,,,Metal,False,False
ZFIMVHtnMZ17F3bJ,Maria Rita: Redescobrir Vol. 2 - São Paulo,https://www.ticketmaster.com.br/event/maria-rita-sao-paulo,2026-08-15,22:00:00,America/Sao_Paulo,onsale,Maria Rita,K8vZ917Gx3V,Z5IMVHtnMZ176,Vibra São Paulo,,,SP,,BR,BR,-23.64868,-46.724687,Music,Undefined,Undefined,,,False,,,,,Ticketmaster Discovery API,2026,8,August,1,,,Sin clasificar,False,False
ZFIMVHtnMZ17k4jM,Suhai Festival Interlagos 2026 Edição Moto,https://www.ticketmaster.com.br/event/suhai-festival-de-interlagos-2026-edicao-moto,2026-08-15,07:00:00,America/Sao_Paulo,onsale,Matheus e Kauan,K8vZ9174tvf,Z5IMVHtnMZ1dv,Autódromo de Interlagos,,,SP,,BR,BR,-23.7033489,-46.7002579,Music,World,Brazil,,,False,,,,,Ticketmaster Discovery API,2026,8,August,1,,,World,True,False
ZFIMVHtnMZ17kK7E,Tiago Iorc - Belém,https://www.ticketmaster.com.br/event/tiago-iorc-belem,2026-08-15,22:30:00,America/Sao_Paulo,onsale,Tiago Iorc,K8vZ917j2z0,ZGIMVHtnMZeF17,Assembleia Paraense,,,PA,,BR,BR,-1.4134048,-48.44304,Music,Pop,Brazilian Pop,,,False,,,,,Ticketmaster Discovery API,2026,8,August,1,,,Pop,False,False
G5dVZ_1BTblqk,The Music of Billy Joel and Elton John starring Michael Cavanaugh,https://www.ticketmaster.com.mx/the-music-of-billy-joel-and-ciudad-de-mexico-16-08-2026/event/3D0064AEBF62B746,2026-08-16,18:00:00,America/Mexico_City,onsale,Michael Cavanaugh,K8vZ917GnW0,KovZpZA6EkkA,Auditorio Nacional,Ciudad de México,Ciudad de México,CDMX,Mexico,MX,MX,19.424648,-99.19484,Music,Undefined,Undefined,Group,Tribute Band,False,MONDIAL PRICE 1,,,,Ticketmaster Discovery API,2026,8,August,1,Ciudad de México,Ciudad de México,Sin clasificar,False,False
G5dVZ_de7Js_9,"Big Band Experience-Tributo a Frank Sinatra, Ray Connif y Gleen Miller",https://www.ticketmaster.com.mx/big-band-experiencetributo-a-frank-sinatra-mexico-16-08-2026/event/3D006430849B1657,2026-08-16,18:30:00,America/Mexico_City,onsale,The Big Band Experience ¨Tributo a Ray Conniff y Gleen Miller¨,K8vZ9173wI0,KovZpZA7AJ6A,La Maraka,México,Ciudad de México,CDMX,Mexico,MX,MX,19.38651080,-99.16317750,Music,Other,Other,Undefined,Undefined,False,MONDIAL PRICE 1,,,,Ticketmaster Discovery API,2026,8,August,1,Ciudad de México,Ciudad de México,Other,False,False
17AZv0G65L4kvJ1,"One Piece in concert, Beyond the Horizon",https://www.ticketmaster.com.mx/one-piece-in-concert-beyond-the-mexico-16-08-2026/event/140064B7D518198A,2026-08-16,12:00:00,America/Mexico_City,onsale,One Piece In Concert,K8vZ917OR_0,KovZpZA6JttA,Teatro Metropolitan,México,Ciudad de México,CDMX,Mexico,MX,MX,19.433457,-99.146811,Music,Classical,Classical/Vocal,Undefined,Undefined,False,OCESA,,,,Ticketmaster Discovery API,2026,8,August,1,Ciudad de México,Ciudad de México,Classical,False,False
G5dVZ_1wHUn8T,"Sinfónica de Minería, Temporada de verano, séptimo programa.",https://www.ticketmaster.com.mx/sinfonica-de-mineria-temporada-de-verano-mexico-16-08-2026/event/3D0064ACBCDAA43F,2026-08-16,12:00:00,America/Mexico_City,onsale,Sinfónica de Minería,K8vZ917Oa9V,KovZpZAEvekA,Sala Silvestre Revueltas,México,Ciudad de México,CDMX,Mexico,MX,MX,19.30254940,-99.17327880,Music,Classical,Classical/Vocal,Undefined,Undefined,False,MONDIAL PRICE 1,,,,Ticketmaster Discovery API,2026,8,August,1,Ciudad de México,Ciudad de México,Classical,False,False
17AZv0G65LI4JSC,Symphonic Tribute Coldplay,https://www.ticketmaster.com.mx/symphonic-tribute-coldplay-mexico-16-08-2026/event/140064B7E8566CCE,2026-08-16,17:30:00,America/Mexico_City,onsale,,,KovZpZA6JttA,Teatro Metropolitan,México,Ciudad de México,CDMX,Mexico,MX,MX,19.433457,-99.146811,Music,Other,Other,Undefined,Undefined,False,OCESA,,,,Ticketmaster Discovery API,2026,8,August,1,Ciudad de México,Ciudad de México,Other,False,False
G5dVZ_63XxUW7,"Segunda Gala de Concertistas de Bellas Artes, 8+. Ingreso 16:30 h.",https://www.ticketmaster.com.mx/segunda-gala-de-concertistas-de-bellas-mexico-cdmx-16-08-2026/event/3D006474BE8B6F44,2026-08-16,17:00:00,America/Mexico_City,onsale,Sala Principal Bellas Artes,K8vZ917pby7,KovZpZA7AJvA,Palacio de Bellas Artes,México CDMX,Ciudad de México,CDMX,Mexico,MX,MX,19.43663020,-99.14353180,Music,Latin,Latin,Undefined,Undefined,False,MONDIAL PRICE 2,,,,Ticketmaster Discovery API,2026,8,August,1,Ciudad de México,Ciudad de México,Latin,False,False
G5dVZbUX79xyS,ROSALÍA: LUX TOUR 2026,https://www.ticketmaster.com.mx/rosalia-lux-tour-2026-tlajomulco-de-zuniga-16-08-2026/event/3D00636F845E2E73,2026-08-16,20:00:00,America/Mexico_City,onsale,ROSALÍA,K8vZ917pJy7,KovZpZA6El6A,Arena VFG,Tlajomulco de Zuñiga,Jalisco,JAL,Mexico,MX,MX,20.467193,-103.263489,Music,Latin,Latin,Undefined,Undefined,False,OCESA,,,,Ticketmaster Discovery API,2026,8,August,1,Tlajomulco de Zuñiga,Jalisco,Latin,False,False
ZFIMVHtnMZ17k4jz,Suhai Festival Interlagos 2026 Edição Moto,https://www.ticketmaster.com.br/event/suhai-festival-de-interlagos-2026-edicao-moto,2026-08-16,07:00:00,America/Sao_Paulo,onsale,Thiaguinho,K8vZ917ber0,Z5IMVHtnMZ1dv,Autódromo de Interlagos,,,SP,,BR,BR,-23.7033489,-46.7002579,Music,World,Brazil,,,False,,,,,Ticketmaster Discovery API,2026,8,August,1,,,World,True,False
G5dVZ_knLZeVT,Sam Smith - To Be Free: Mexico City,https://www.ticketmaster.com.mx/sam-smith-to-be-free-mexico-ciudad-de-mexico-17-08-2026/event/3D00646A9F002D3F,2026-08-17,21:00:00,America/Mexico_City,onsale,Sam Smith,K8vZ9178pt7,KovZpZA6EkkA,Auditorio Nacional,Ciudad de México,Ciudad de México,CDMX,Mexico,MX,MX,19.424648,-99.19484,Music,Pop,Pop,Undefined,Undefined,False,OCESA,,,,Ticketmaster Discovery API,2026,8,August,1,Ciudad de México,Ciudad de México,Pop,False,False
G5dVZ_knxvdvw,Sam Smith - To Be Free: Mexico City (General de pie),https://www.ticketmaster.com.mx/sam-smith-to-be-free-mexico-ciudad-de-mexico-17-08-2026/event/3D00646AA2043072,2026-08-17,21:00:00,America/Mexico_City,onsale,Sam Smith,K8vZ9178pt7,KovZpZA6EkkA,Auditorio Nacional,Ciudad de México,Ciudad de México,CDMX,Mexico,MX,MX,19.424648,-99.19484,Music,Pop,Pop,Undefined,Undefined,False,OCESA,,,,Ticketmaster Discovery API,2026,8,August,1,Ciudad de México,Ciudad de México,Pop,False,False
G5dVZ_uxyj3-C,Le Quattro Stagioni Antonio Vivaldi,https://www.ticketmaster.com.mx/le-quattro-stagioni-antonio-vivaldi-mexico-17-08-2026/event/3D0064D8B971284E,2026-08-17,19:00:00,America/Mexico_City,onsale,Antonio Vivaldi,K8vZ9179t90,KovZpZAJt6vA,Capilla Gótica,México,Ciudad de México,CDMX,Mexico,MX,MX,19.35708050,-99.18988040,Music,Classical,Classical/Vocal,Undefined,Undefined,False,MONDIAL PRICE 1,,,,Ticketmaster Discovery API,2026,8,August,1,Ciudad de México,Ciudad de México,Classical,False,False
G5dVZ_knOheD8,Sam Smith - To Be Free: Mexico City,https://www.ticketmaster.com.mx/sam-smith-to-be-free-mexico-ciudad-de-mexico-18-08-2026/event/3D00646AA06C2ED0,2026-08-18,21:00:00,America/Mexico_City,onsale,Sam Smith,K8vZ9178pt7,KovZpZA6EkkA,Auditorio Nacional,Ciudad de México,Ciudad de México,CDMX,Mexico,MX,MX,19.424648,-99.19484,Music,Pop,Pop,Undefined,Undefined,False,OCESA,,,,Ticketmaster Discovery API,2026,8,August,1,Ciudad de México,Ciudad de México,Pop,False,False
G5dVZ_knNpNF3,Sam Smith - To Be Free: Mexico City (General de pie),https://www.ticketmaster.com.mx/sam-smith-to-be-free-mexico-ciudad-de-mexico-18-08-2026/event/3D00646AA35A3212,2026-08-18,21:00:00,America/Mexico_City,onsale,Sam Smith,K8vZ9178pt7,KovZpZA6EkkA,Auditorio Nacional,Ciudad de México,Ciudad de México,CDMX,Mexico,MX,MX,19.424648,-99.19484,Music,Pop,Pop,Undefined,Undefined,False,OCESA,,,,Ticketmaster Discovery API,2026,8,August,1,Ciudad de México,Ciudad de México,Pop,False,False
G5dVZ_uxyj3-8,Le Quattro Stagioni Antonio Vivaldi,https://www.ticketmaster.com.mx/le-quattro-stagioni-antonio-vivaldi-mexico-19-08-2026/event/3D0064D8B9712850,2026-08-19,19:00:00,America/Mexico_City,onsale,Antonio Vivaldi,K8vZ9179t90,KovZpZAJt6vA,Capilla Gótica,México,Ciudad de México,CDMX,Mexico,MX,MX,19.35708050,-99.18988040,Music,Classical,Classical/Vocal,Undefined,Undefined,False,MONDIAL PRICE 1,,,,Ticketmaster Discovery API,2026,8,August,1,Ciudad de México,Ciudad de México,Classical,False,False
G5dVZ_FLSx4Qq,Chingadazo De Kung Fu - El Fin Del Mundo Es Hoy,https://www.ticketmaster.com.mx/chingadazo-de-kung-fu-el-fin-ciudad-de-mexico-20-08-2026/event/3D006487F389569D,2026-08-20,20:30:00,America/Mexico_City,onsale,Chingadazo de Kung Fu,K8vZ917hGjf,KovZpZA6EtdA,El Lunario del Auditorio Nacional,Ciudad de México,Ciudad de México,CDMX,Mexico,MX,MX,19.424682,-99.1954,Music,Rock,Alternative Rock,Undefined,Undefined,False,OCESA,,,,Ticketmaster Discovery API,2026,8,August,1,Ciudad de México,Ciudad de México,Rock,False,False
G5dVZ_knOheDf,Sam Smith - To Be Free: Mexico City,https://www.ticketmaster.com.mx/sam-smith-to-be-free-mexico-ciudad-de-mexico-20-08-2026/event/3D00646AA06C2ED4,2026-08-20,21:00:00,America/Mexico_City,onsale,Sam Smith,K8vZ9178pt7,KovZpZA6EkkA,Auditorio Nacional,Ciudad de México,Ciudad de México,CDMX,Mexico,MX,MX,19.424648,-99.19484,Music,Pop,Pop,Undefined,Undefined,False,OCESA,,,,Ticketmaster Discovery API,2026,8,August,1,Ciudad de México,Ciudad de México,Pop,False,False
G5dVZ_knNpNFp,Sam Smith - To Be Free: Mexico City (General de pie),https://www.ticketmaster.com.mx/sam-smith-to-be-free-mexico-ciudad-de-mexico-20-08-2026/event/3D00646AA35A3216,2026-08-20,21:00:00,America/Mexico_City,onsale,Sam Smith,K8vZ9178pt7,KovZpZA6EkkA,Auditorio Nacional,Ciudad de México,Ciudad de México,CDMX,Mexico,MX,MX,19.424648,-99.19484,Music,Pop,Pop,Undefined,Undefined,False,OCESA,,,,Ticketmaster Discovery API,2026,8,August,1,Ciudad de México,Ciudad de México,Pop,False,False
G5dVZ_5rF3Ksr,"Emilia Borlone presenta ""La Joya"" en concierto",https://www.ticketmaster.com.mx/emilia-borlone-presenta-la-joya-en-mexico-20-08-2026/event/3D0064B788493C5E,2026-08-20,20:00:00,America/Mexico_City,offsale,Emilia Borlone,K8vZ917O_jV,KovZpZAd1taA,Teatro Benito Juárez,México,Ciudad de México,CDMX,Mexico,MX,MX,19.43204,-99.160816,Music,Pop,Pop,Undefined,Undefined,False,MONDIAL PRICE 3,,,,Ticketmaster Discovery API,2026,8,August,1,Ciudad de México,Ciudad de México,Pop,False,False
G5dVZ_uxyjx-3,Le Quattro Stagioni Antonio Vivaldi,https://www.ticketmaster.com.mx/le-quattro-stagioni-antonio-vivaldi-mexico-20-08-2026/event/3D0064D8B9722852,2026-08-20,19:00:00,America/Mexico_City,onsale,Antonio Vivaldi,K8vZ9179t90,KovZpZAJt6vA,Capilla Gótica,México,Ciudad de México,CDMX,Mexico,MX,MX,19.35708050,-99.18988040,Music,Classical,Classical/Vocal,Undefined,Undefined,False,MONDIAL PRICE 1,,,,Ticketmaster Discovery API,2026,8,August,1,Ciudad de México,Ciudad de México,Classical,False,False
G5dVZ_uxyqe-f,Le Quattro Stagioni Antonio Vivaldi,https://www.ticketmaster.com.mx/le-quattro-stagioni-antonio-vivaldi-mexico-20-08-2026/event/3D0064D8B9742854,2026-08-20,21:30:00,America/Mexico_City,onsale,Antonio Vivaldi,K8vZ9179t90,KovZpZAJt6vA,Capilla Gótica,México,Ciudad de México,CDMX,Mexico,MX,MX,19.35708050,-99.18988040,Music,Classical,Classical/Vocal,Undefined,Undefined,False,MONDIAL PRICE 1,,,,Ticketmaster Discovery API,2026,8,August,1,Ciudad de México,Ciudad de México,Classical,False,False
16fZk3aPpZAukaAa,Silvia Pérez Cruz,https://www.ticketmaster.com.mx/silvia-perez-cruz-mexico-20-08-2026/event/14006489956C5848,2026-08-20,20:30:00,America/Mexico_City,onsale,Silvia Pérez Cruz,K8vZ9174i3V,KovZpZA6JttA,Teatro Metropolitan,México,Ciudad de México,CDMX,Mexico,MX,MX,19.433457,-99.146811,Music,World,World,Undefined,Undefined,False,OCESA,,,,Ticketmaster Discovery API,2026,8,August,1,Ciudad de México,Ciudad de México,World,False,False
ZFIMVHtnMZ17kpOJ,Rubén Blades Fotografías Tour,https://www.ticketmaster.pe/event/ruben-blades-fotografias-tour-home,2026-08-20,21:30:00,America/Lima,onsale,Rubén Blades,K8vZ9171aO7,ZGIMVHtnMZdd71,Arena 1 Park,,,LIM,,PE,PE,-12.091280015549843,-77.08756916655653,Music,World,Latin,,,False,,,,,Ticketmaster Discovery API,2026,8,August,1,,,World,False,False
G5dVZ_knOh3Db,Sam Smith - To Be Free: Mexico City,https://www.ticketmaster.com.mx/sam-smith-to-be-free-mexico-ciudad-de-mexico-21-08-2026/event/3D00646AA06D2ED8,2026-08-21,21:00:00,America/Mexico_City,onsale,Sam Smith,K8vZ9178pt7,KovZpZA6EkkA,Auditorio Nacional,Ciudad de México,Ciudad de México,CDMX,Mexico,MX,MX,19.424648,-99.19484,Music,Pop,Pop,Undefined,Undefined,False,OCESA,,,,Ticketmaster Discovery API,2026,8,August,1,Ciudad de México,Ciudad de México,Pop,False,False
G5dVZ_knN9dFx,Sam Smith - To Be Free: Mexico City (General de pie),https://www.ticketmaster.com.mx/sam-smith-to-be-free-mexico-ciudad-de-mexico-21-08-2026/event/3D00646AA35C3222,2026-08-21,21:00:00,America/Mexico_City,onsale,Sam Smith,K8vZ9178pt7,KovZpZA6EkkA,Auditorio Nacional,Ciudad de México,Ciudad de México,CDMX,Mexico,MX,MX,19.424648,-99.19484,Music,Pop,Pop,Undefined,Undefined,False,OCESA,,,,Ticketmaster Discovery API,2026,8,August,1,Ciudad de México,Ciudad de México,Pop,False,False
G5dVZ_u2dzg9P,XI Festival Mundial Del Bolero,https://www.ticketmaster.com.mx/xi-festival-mundial-del-bolero-mexico-21-08-2026/event/3D0064D3C3E355E5,2026-08-21,19:00:00,America/Mexico_City,onsale,Festival Mundial del Bolero,K8vZ917jssV,KovZpZA6EkIA,Teatro de la Ciudad Esperanza Iris,Mexico,Ciudad de México,CDMX,Mexico,MX,MX,19.43669360,-99.13943750,Music,Ballads/Romantic,Ballads/Romantic,Undefined,Undefined,False,MONDIAL PRICE 1,,,,Ticketmaster Discovery API,2026,8,August,1,Ciudad de México,Ciudad de México,Ballads/Romantic,True,False
G5dVZ_5Qvc3Yt,Macuiles,https://www.ticketmaster.com.mx/macuiles-mexico-21-08-2026/event/3D0064B681B52C29,2026-08-21,20:00:00,America/Mexico_City,onsale,Macuiles,K8vZ917Obnf,KovZpZAd1taA,Teatro Benito Juárez,México,Ciudad de México,CDMX,Mexico,MX,MX,19.43204,-99.160816,Music,Latin,Latin,Undefined,Undefined,False,MONDIAL PRICE 3,,,,Ticketmaster Discovery API,2026,8,August,1,Ciudad de México,Ciudad de México,Latin,False,False
G5dVZ_1TsS70K,Spanish Harlem Orchestra,https://www.ticketmaster.com.mx/spanish-harlem-orchestra-mexico-21-08-2026/event/3D0064AFF1CC4913,2026-08-21,21:30:00,America/Mexico_City,onsale,Spanish Harlem Orchestra,K8vZ9175hnf,KovZpZA7AJ6A,La Maraka,México,Ciudad de México,CDMX,Mexico,MX,MX,19.38651080,-99.16317750,Music,Jazz,Jazz,Undefined,Undefined,False,MONDIAL PRICE 1,,,,Ticketmaster Discovery API,2026,8,August,1,Ciudad de México,Ciudad de México,Jazz,False,False
G5dVZ_dkqde2q,No Te Va Gustar,https://www.ticketmaster.com.mx/no-te-va-gustar-zapopan-21-08-2026/event/3D0064319D0C23DD,2026-08-21,21:00:00,America/Mexico_City,onsale,No Te Va Gustar,K8vZ917uSl7,KovZpZA6IedA,Teatro Estudio Cavaret,Zapopan,Jalisco,JAL,Mexico,MX,MX,20.736739,-103.378417,Music,Latin,Latin,Undefined,Undefined,False,OCESA,,,,Ticketmaster Discovery API,2026,8,August,1,Zapopan,Jalisco,Latin,False,False
1AfZk39GkezHQId,Urbano Fest,https://www.ticketmaster.com.mx/urbano-fest-zapopan-21-08-2026/event/14006497B8F1AA03,2026-08-21,19:00:00,America/Mexico_City,onsale,Festival Urbano,K8vZ917o8rf,KovZpZA6I7FA,Auditorio Telmex,Zapopan,Jalisco,JAL,Mexico,MX,MX,20.73324,-103.38112,Music,Undefined,Undefined,Event Style,Festival,False,OCESA,,,,Ticketmaster Discovery API,2026,8,August,1,Zapopan,Jalisco,Sin clasificar,True,False
1AfZko6Gkd-SlKl,Anyma,https://www.ticketmaster.com.mx/anyma-ciudad-de-mexico-22-08-2026/event/14006447E1CEB4EB,2026-08-22,21:00:00,America/Mexico_City,onsale,Anyma,K8vZ917jHEf,KovZpZAd1IaA,Estadio GNP Seguros,Ciudad de México,Ciudad de México,CDMX,Mexico,MX,MX,19.405199,-99.095618,Music,Pop,Electro Pop,Undefined,Undefined,False,OCESA,,,,Ticketmaster Discovery API,2026,8,August,1,Ciudad de México,Ciudad de México,Pop,False,False
G5dVZ_G5E2FeT,Diego Schoening presenta Schoening Pop,https://www.ticketmaster.com.mx/diego-schoening-presenta-schoening-pop-ciudad-de-mexico-22-08-2026/event/3D0064C2E73C80BF,2026-08-22,21:30:00,America/Mexico_City,onsale,Diego Schoening,K8vZ917hjzV,KovZ917AVGy,Foro Stelaris Fiesta Americana Reforma,Ciudad de México,Ciudad de México,CDMX,Mexico,MX,MX,19.43219600,-99.15473940,Music,Latin,Latin,Undefined,Undefined,False,MONDIAL PRICE 1,,,,Ticketmaster Discovery API,2026,8,August,1,Ciudad de México,Ciudad de México,Latin,False,False
G5dVZ_adzSu26,Emmanuel & Mijares,https://www.ticketmaster.com.mx/emmanuel-mijares-ciudad-de-mexico-22-08-2026/event/3D006490F8CCD3C7,2026-08-22,20:00:00,America/Mexico_City,onsale,Emmanuel & Mijares,K8vZ917oTG0,KovZpZA6EkkA,Auditorio Nacional,Ciudad de México,Ciudad de México,CDMX,Mexico,MX,MX,19.424648,-99.19484,Music,Latin,Latin,Undefined,Undefined,False,OCESA,,,,Ticketmaster Discovery API,2026,8,August,1,Ciudad de México,Ciudad de México,Latin,False,False
G5dVZ_kpkxvff,Nxrcisistxs XX Años Abono Incluye 2 días,https://www.ticketmaster.com.mx/nxrcisistxs-xx-anos-abono-incluye-2-ciudad-de-mexico-22-08-2026/event/3D00646586881514,2026-08-22,,America/Mexico_City,onsale,Nxrcisistxs,K8vZ917rrLf,KovZpZA6EtdA,El Lunario del Auditorio Nacional,Ciudad de México,Ciudad de México,CDMX,Mexico,MX,MX,19.424682,-99.1954,Music,Undefined,Undefined,Group,Tribute Band,False,MONDIAL PRICE 1,,,,Ticketmaster Discovery API,2026,8,August,1,Ciudad de México,Ciudad de México,Sin clasificar,False,False
G5dVZ_kKILEe0,Nxrcisistxs XX Años Dementes 1,https://www.ticketmaster.com.mx/nxrcisistxs-xx-anos-dementes-1-ciudad-de-mexico-22-08-2026/event/3D006464E87E70A4,2026-08-22,20:00:00,America/Mexico_City,onsale,Nxrcisistxs,K8vZ917rrLf,KovZpZA6EtdA,El Lunario del Auditorio Nacional,Ciudad de México,Ciudad de México,CDMX,Mexico,MX,MX,19.424682,-99.1954,Music,Undefined,Undefined,Group,Tribute Band,False,MONDIAL PRICE 1,,,,Ticketmaster Discovery API,2026,8,August,1,Ciudad de México,Ciudad de México,Sin clasificar,False,False
1Av8ZbzGkm76Em5,ROSALÍA: LUX TOUR 2026,https://www.ticketmaster.com.mx/rosalia-lux-tour-2026-ciudad-de-mexico-22-08-2026/event/1400638B841E7B8B,2026-08-22,20:00:00,America/Mexico_City,onsale,ROSALÍA,K8vZ917pJy7,KovZpZA77t6A,Palacio de los Deportes,Ciudad de México,Ciudad de México,CDMX,Mexico,MX,MX,19.40154080,-99.09806060,Music,Latin,Latin,Undefined,Undefined,False,OCESA,,,,Ticketmaster Discovery API,2026,8,August,1,Ciudad de México,Ciudad de México,Latin,False,False
G5dVZ_u2kePrN,XI Festival Mundial Del Bolero,https://www.ticketmaster.com.mx/xi-festival-mundial-del-bolero-mexico-22-08-2026/event/3D0064D3C60A57A3,2026-08-22,18:00:00,America/Mexico_City,onsale,Festival Mundial del Bolero,K8vZ917jssV,KovZpZA6EkIA,Teatro de la Ciudad Esperanza Iris,Mexico,Ciudad de México,CDMX,Mexico,MX,MX,19.43669360,-99.13943750,Music,Ballads/Romantic,Ballads/Romantic,Undefined,Undefined,False,MONDIAL PRICE 1,,,,Ticketmaster Discovery API,2026,8,August,1,Ciudad de México,Ciudad de México,Ballads/Romantic,True,False
1AfZk3vGkeceJVp,KABAH 30TH Aniversario La Calle de las Sirenas,https://www.ticketmaster.com.mx/kabah-30th-aniversario-la-calle-de-monterrey-22-08-2026/event/14006481AD0A6D16,2026-08-22,21:00:00,America/Mexico_City,onsale,Kabah,K8vZ917Kuy0,KovZpZAIln6A,Escenario GNP Seguros,Monterrey,Nuevo León,NL,Mexico,MX,MX,25.666135,-100.316726,Music,Rock,Pop,Undefined,Undefined,False,MONDIAL PRICE 1,,,,Ticketmaster Discovery API,2026,8,August,1,Monterrey,Nuevo León,Rock,False,False
G5dVZ_FRbXp7Z,Los Tesoros del Ayer: Los Terrícolas y más...,https://www.ticketmaster.com.mx/los-tesoros-del-ayer-los-terricolas-mexico-22-08-2026/event/3D00648BD8F96100,2026-08-22,21:30:00,America/Mexico_City,onsale,Los Terricolas de Freddy Fuentes,K8vZ917LzO7,KovZpZA7AJ6A,La Maraka,México,Ciudad de México,CDMX,Mexico,MX,MX,19.38651080,-99.16317750,Music,Ballads/Romantic,Ballads/Romantic,Undefined,Undefined,False,MONDIAL PRICE 1,,,,Ticketmaster Discovery API,2026,8,August,1,Ciudad de México,Ciudad de México,Ballads/Romantic,False,False
G5dVZ_1wHUBov,"Sinfónica de Minería, Temporada de verano, octavo programa.",https://www.ticketmaster.com.mx/sinfonica-de-mineria-temporada-de-verano-mexico-22-08-2026/event/3D0064ACBCDBA441,2026-08-22,20:00:00,America/Mexico_City,onsale,Sinfónica de Minería,K8vZ917Oa9V,KovZpZAEvekA,Sala Silvestre Revueltas,México,Ciudad de México,CDMX,Mexico,MX,MX,19.30254940,-99.17327880,Music,Classical,Classical/Vocal,Undefined,Undefined,False,MONDIAL PRICE 1,,,,Ticketmaster Discovery API,2026,8,August,1,Ciudad de México,Ciudad de México,Classical,False,False
ZFIMVHtnMZ17FkqU,Daniel Boaventura  no Qualistage - Rio de Janeiro - 22/08/2026,https://www.ticketmaster.com.br/event/daniel-boaventura-no-qualistage-rj,2026-08-22,19:30:00,America/Sao_Paulo,offsale,Daniel Boaventura,K8vZ917hNsf,KovZ917ARjF,Qualistage,Rio de Janeiro,Rio de Janeiro,RJ,Brazil,BR,BR,-22.98135949,-43.36089723,Music,World,World,,,False,,,,,Ticketmaster Discovery API,2026,8,August,1,Rio de Janeiro,Rio de Janeiro,World,False,False
17AZv0G61Lq_NUO,Kapo,https://www.ticketmaster.com.mx/kapo-zapopan-22-08-2026/event/140064A7DD663DA0,2026-08-22,21:00:00,America/Mexico_City,onsale,Kapo,K8vZ917rQhf,KovZpZA6I7FA,Auditorio Telmex,Zapopan,Jalisco,JAL,Mexico,MX,MX,20.73324,-103.38112,Music,Latin,Latin,Undefined,Undefined,False,MONDIAL PRICE 1,,,,Ticketmaster Discovery API,2026,8,August,1,Zapopan,Jalisco,Latin,False,False
ZFIMVHtnMZ17k4Gx,Carol Biazin - Ribeirão Preto,https://www.ticketmaster.com.br/event/carol-biazin-ribeirao-preto,2026-08-22,21:00:00,America/Sao_Paulo,onsale,,Z5uMVHtnMZ71a,ZGIMVHtnMZevAa,Multiplan Hall Ribeirão Shopping,,,SP,,BR,BR,-21.2119833,-47.815878,Music,World,World,,,False,,,,,Ticketmaster Discovery API,2026,8,August,1,,,World,False,False
ZFIMVHtnMZ17Aaov,Humberto Gessinger - Tokio Marine Hall,https://www.ticketmaster.com.br/event/humberto-gessinger-tokio-marine-hall,2026-08-22,22:00:00,America/Sao_Paulo,onsale,Humberto Gessinger,K8vZ917rK9V,Z5IMVHtnMZ1FA,Tokio Marine Hall,,,SP,,BR,BR,-23.63847,-46.71997469999999,Music,Rock,Rock,,,False,,,,,Ticketmaster Discovery API,2026,8,August,1,,,Rock,False,False
ZFIMVHtnMZ17F_PO,Ivan Lins - The Cavern Club,https://www.ticketmaster.com.br/event/ivan-lins-the-cavern-club,2026-08-22,21:30:00,America/Sao_Paulo,onsale,Ivan Lins,K8vZ91716W0,ZGIMVHtnMZe1Fk,The Cavern Club,,,SP,,BR,BR,-23.5951293,-46.6836749,Music,Rock,Alternative Rock,,,False,,,,,Ticketmaster Discovery API,2026,8,August,1,,,Rock,False,False
ZFIMVHtnMZ17F3_A,"Jorge Vercillo: JV30 II ""Mais um final feliz"" - Santos",https://www.ticketmaster.com.br/event/jorge-vercillo-santos,2026-08-22,22:00:00,America/Sao_Paulo,onsale,"Jorge Vercillo, Jorge Vercillo","K8vZ917qCw7, K8vZ917qCw7",ZGIMVHtnMZeaeF,Santos Convention Center,,,SP,,BR,BR,-23.9856159,-46.2948909,Music,World,Brazil,,,False,,,,,Ticketmaster Discovery API,2026,8,August,1,,,World,False,False
ZFIMVHtnMZ17k4Od,Kid Abelha - Fortaleza,https://www.ticketmaster.com.br/event/venda-geral-kid-abelha-fortaleza,2026-08-22,21:00:00,America/Sao_Paulo,onsale,,Z5uMVHtnMZ7a7,ZGIMVHtnMZdvak,Centro de Formação Olímpica,,,CE,,BR,BR,-3.7900893,-38.5172568,Music,World,Brazil,,,False,,,,,Ticketmaster Discovery API,2026,8,August,1,,,World,False,False
ZFIMVHtnMZ17kKfy,Revelação & Xande de Pilares - Recife,https://www.ticketmaster.com.br/event/revelacao-xande-de-pilares-recife,2026-08-22,20:00:00,America/Sao_Paulo,onsale,Xande De Pilares,"K8vZ917bQs7, Z5uMVHtnMZAee",ZGIMVHtnMZevd1,Classic Hall,,,PE,,BR,BR,-8.0288698,-34.8659699,Music,Other,Other,,,False,,,,,Ticketmaster Discovery API,2026,8,August,1,,,Other,False,False
G5dVZ_k3oSsrh,Nxrcisistxs XX Años Dementes 2,https://www.ticketmaster.com.mx/nxrcisistxs-xx-anos-dementes-2-ciudad-de-mexico-23-08-2026/event/3D00646491CF179B,2026-08-23,18:00:00,America/Mexico_City,onsale,Nxrcisistxs,K8vZ917rrLf,KovZpZA6EtdA,El Lunario del Auditorio Nacional,Ciudad de México,Ciudad de México,CDMX,Mexico,MX,MX,19.424682,-99.1954,Music,Undefined,Undefined,Group,Tribute Band,False,MONDIAL PRICE 1,,,,Ticketmaster Discovery API,2026,8,August,1,Ciudad de México,Ciudad de México,Sin clasificar,False,False
G5dVZ_FXdsoVz,Sarai Rivera - Inquebrantable Tour,https://www.ticketmaster.com.mx/sarai-rivera-inquebrantable-tour-guadalajara-23-08-2026/event/3D00648F83C51D38,2026-08-23,18:00:00,America/Mexico_City,onsale,Sarai Rivera,K8vZ917jc3f,KovZpZA6EFEA,Teatro Diana (GDL),Guadalajara,Jalisco,JAL,Mexico,MX,MX,20.665434,-103.349341,Music,Religious,Gospel,Undefined,Undefined,False,MONDIAL PRICE 1,,,,Ticketmaster Discovery API,2026,8,August,1,Guadalajara,Jalisco,Religious,False,False
G5dVZ_u2kePrP,XI Festival Mundial Del Bolero,https://www.ticketmaster.com.mx/xi-festival-mundial-del-bolero-mexico-23-08-2026/event/3D0064D3C60A57A5,2026-08-23,18:00:00,America/Mexico_City,onsale,Festival Mundial del Bolero,K8vZ917jssV,KovZpZA6EkIA,Teatro de la Ciudad Esperanza Iris,Mexico,Ciudad de México,CDMX,Mexico,MX,MX,19.43669360,-99.13943750,Music,Ballads/Romantic,Ballads/Romantic,Undefined,Undefined,False,MONDIAL PRICE 1,,,,Ticketmaster Discovery API,2026,8,August,1,Ciudad de México,Ciudad de México,Ballads/Romantic,True,False
G5dVZ_GQ7k3SS,Las Guerreras K-Pop en concierto,https://www.ticketmaster.com.mx/las-guerreras-kpop-en-concierto-mexico-23-08-2026/event/3D0064C684192CF3,2026-08-23,16:00:00,America/Mexico_City,onsale,,,KovZpZA7AJ6A,La Maraka,México,Ciudad de México,CDMX,Mexico,MX,MX,19.38651080,-99.16317750,Music,Children's Music,Children's Music,Undefined,Undefined,False,MONDIAL PRICE 1,,,,Ticketmaster Discovery API,2026,8,August,1,Ciudad de México,Ciudad de México,Children's Music,False,False
1Av8Z_7GkwcctHP,Arcángel,https://www.ticketmaster.com.mx/arcangel-zapopan-23-08-2026/event/1400644CADB69F25,2026-08-23,20:00:00,America/Mexico_City,onsale,Arcángel,K8vZ917okqf,KovZpZA6I7FA,Auditorio Telmex,Zapopan,Jalisco,JAL,Mexico,MX,MX,20.73324,-103.38112,Music,Hip-Hop/Rap,Reggaeton,Undefined,Undefined,False,OCESA,,,,Ticketmaster Discovery API,2026,8,August,1,Zapopan,Jalisco,Hip-Hop/Rap,False,False
1Av8ZbUGkMDII9Z,ROSALÍA: LUX TOUR 2026,https://www.ticketmaster.com.mx/rosalia-lux-tour-2026-ciudad-de-mexico-24-08-2026/event/1400636DFBA285C0,2026-08-24,20:00:00,America/Mexico_City,onsale,ROSALÍA,K8vZ917pJy7,KovZpZA77t6A,Palacio de los Deportes,Ciudad de México,Ciudad de México,CDMX,Mexico,MX,MX,19.40154080,-99.09806060,Music,Latin,Latin,Undefined,Undefined,False,OCESA,,,,Ticketmaster Discovery API,2026,8,August,1,Ciudad de México,Ciudad de México,Latin,False,False
G5dVZ_uxyq3-9,Le Quattro Stagioni Antonio Vivaldi,https://www.ticketmaster.com.mx/le-quattro-stagioni-antonio-vivaldi-mexico-24-08-2026/event/3D0064D8B9752857,2026-08-24,19:00:00,America/Mexico_City,onsale,Antonio Vivaldi,K8vZ9179t90,KovZpZAJt6vA,Capilla Gótica,México,Ciudad de México,CDMX,Mexico,MX,MX,19.35708050,-99.18988040,Music,Classical,Classical/Vocal,Undefined,Undefined,False,MONDIAL PRICE 1,,,,Ticketmaster Discovery API,2026,8,August,1,Ciudad de México,Ciudad de México,Classical,False,False
G5dVZ_Gp2hdqz,Gala De Cierre Festival Internacional Flamenco MX 2026,https://www.ticketmaster.com.mx/gala-de-cierre-festival-internacional-flamenco-mexico-25-08-2026/event/3D0064C58F6C3778,2026-08-25,20:00:00,America/Mexico_City,onsale,Flamenco Festival,K8vZ91742H7,KovZpZA6EkIA,Teatro de la Ciudad Esperanza Iris,Mexico,Ciudad de México,CDMX,Mexico,MX,MX,19.43669360,-99.13943750,Music,Latin,Latin,Undefined,Undefined,False,MONDIAL PRICE 1,,,,Ticketmaster Discovery API,2026,8,August,1,Ciudad de México,Ciudad de México,Latin,True,False
17AZv0G6G6_cmEH,Fan sign Win Metawin (Boleto de evento no incluido),https://www.ticketmaster.com.mx/fan-sign-win-metawin-boleto-de-mexico-25-08-2026/event/140064C1D9B6E9FC,2026-08-25,21:00:00,America/Mexico_City,onsale,Metawin Opas-iamkajorn,K8vZpZAelAFk,KovZpZA6JttA,Teatro Metropolitan,México,Ciudad de México,CDMX,Mexico,MX,MX,19.433457,-99.146811,Miscellaneous,Undefined,Undefined,Upsell,Merchandise Voucher,False,MONDIAL PRICE 1,,,,Ticketmaster Discovery API,2026,8,August,1,Ciudad de México,Ciudad de México,Sin clasificar,False,False
17AZv0G6G6wOxzd,Hi-Touch Win Metawin (Boleto de evento no incluido),https://www.ticketmaster.com.mx/hitouch-win-metawin-boleto-de-evento-mexico-25-08-2026/event/140064C1F2822E03,2026-08-25,21:00:00,America/Mexico_City,onsale,Metawin Opas-iamkajorn,K8vZpZAelAFk,KovZpZA6JttA,Teatro Metropolitan,México,Ciudad de México,CDMX,Mexico,MX,MX,19.433457,-99.146811,Miscellaneous,Undefined,Undefined,Upsell,Merchandise Voucher,False,MONDIAL PRICE 1,,,,Ticketmaster Discovery API,2026,8,August,1,Ciudad de México,Ciudad de México,Sin clasificar,False,False
17AZv0G65UbkJN6,Just you and Win: 1st solo fan meeting in Mexico,https://www.ticketmaster.com.mx/just-you-and-win-1st-solo-mexico-25-08-2026/event/140064BD981A68C7,2026-08-25,21:00:00,America/Mexico_City,onsale,Metawin Opas-iamkajorn,K8vZpZAelAFk,KovZpZA6JttA,Teatro Metropolitan,México,Ciudad de México,CDMX,Mexico,MX,MX,19.433457,-99.146811,Music,Pop,Pop,Undefined,Undefined,False,OCESA,,,,Ticketmaster Discovery API,2026,8,August,1,Ciudad de México,Ciudad de México,Pop,False,False
17AZv0G6G6Vyd3t,Photo 1:1 Win Metawin (Boleto de evento no incluido),https://www.ticketmaster.com.mx/photo-11-win-metawin-boleto-de-mexico-25-08-2026/event/140064C1F4E434A9,2026-08-25,21:00:00,America/Mexico_City,onsale,Metawin Opas-iamkajorn,K8vZpZAelAFk,KovZpZA6JttA,Teatro Metropolitan,México,Ciudad de México,CDMX,Mexico,MX,MX,19.433457,-99.146811,Miscellaneous,Undefined,Undefined,Upsell,Merchandise Voucher,False,MONDIAL PRICE 1,,,,Ticketmaster Discovery API,2026,8,August,1,Ciudad de México,Ciudad de México,Sin clasificar,False,False
17AZv0G6G6jdXMN,Photo 1:5 Win Metawin (Boleto de evento no incluido),https://www.ticketmaster.com.mx/photo-15-win-metawin-boleto-de-mexico-25-08-2026/event/140064C1DC0FEDE3,2026-08-25,21:00:00,America/Mexico_City,onsale,Metawin Opas-iamkajorn,K8vZpZAelAFk,KovZpZA6JttA,Teatro Metropolitan,México,Ciudad de México,CDMX,Mexico,MX,MX,19.433457,-99.146811,Miscellaneous,Undefined,Undefined,Upsell,Merchandise Voucher,False,MONDIAL PRICE 1,,,,Ticketmaster Discovery API,2026,8,August,1,Ciudad de México,Ciudad de México,Sin clasificar,False,False
17AZv0G6G6S8xTw,Pre-signed polaroid Win Metawin (Boleto de evento no incluido),https://www.ticketmaster.com.mx/presigned-polaroid-win-metawin-boleto-de-mexico-25-08-2026/event/140064C1F3422FF2,2026-08-25,21:00:00,America/Mexico_City,onsale,Metawin Opas-iamkajorn,K8vZpZAelAFk,KovZpZA6JttA,Teatro Metropolitan,México,Ciudad de México,CDMX,Mexico,MX,MX,19.433457,-99.146811,Miscellaneous,Undefined,Undefined,Upsell,Merchandise Voucher,False,MONDIAL PRICE 1,,,,Ticketmaster Discovery API,2026,8,August,1,Ciudad de México,Ciudad de México,Sin clasificar,False,False
G5dVZbMpkExWS,Espinoza Paz,https://www.ticketmaster.com.mx/espinoza-paz-ciudad-de-mexico-26-08-2026/event/3D006375869E2F73,2026-08-26,20:00:00,America/Mexico_City,onsale,Espinoza Paz,K8vZ917GEf7,KovZpZA6EkkA,Auditorio Nacional,Ciudad de México,Ciudad de México,CDMX,Mexico,MX,MX,19.424648,-99.19484,Music,Latin,Latin,Undefined,Undefined,False,MONDIAL PRICE 1,,,,Ticketmaster Discovery API,2026,8,August,1,Ciudad de México,Ciudad de México,Latin,False,False
1Av8ZbUGkMWia6I,ROSALÍA: LUX TOUR 2026,https://www.ticketmaster.com.mx/rosalia-lux-tour-2026-ciudad-de-mexico-26-08-2026/event/1400636DFDB091E8,2026-08-26,20:00:00,America/Mexico_City,onsale,ROSALÍA,K8vZ917pJy7,KovZpZA77t6A,Palacio de los Deportes,Ciudad de México,Ciudad de México,CDMX,Mexico,MX,MX,19.40154080,-99.09806060,Music,Latin,Latin,Undefined,Undefined,False,OCESA,,,,Ticketmaster Discovery API,2026,8,August,1,Ciudad de México,Ciudad de México,Latin,False,False
G5dVZ_uxyq3-Q,Le Quattro Stagioni Antonio Vivaldi,https://www.ticketmaster.com.mx/le-quattro-stagioni-antonio-vivaldi-mexico-26-08-2026/event/3D0064D8B975285A,2026-08-26,19:00:00,America/Mexico_City,onsale,Antonio Vivaldi,K8vZ9179t90,KovZpZAJt6vA,Capilla Gótica,México,Ciudad de México,CDMX,Mexico,MX,MX,19.35708050,-99.18988040,Music,Classical,Classical/Vocal,Undefined,Undefined,False,MONDIAL PRICE 1,,,,Ticketmaster Discovery API,2026,8,August,1,Ciudad de México,Ciudad de México,Classical,False,False
ZFIMVHtnMZ17F3bM,Alejandro Astola - Mi guitarra y yo,https://www.ticketmaster.pe/event/alejandro-astola-mi-guitarra-y-yo-venta-general,2026-08-26,21:00:00,America/Lima,onsale,,Z5uMVHtnMZAa1,ZGIMVHtnMZd7ak,Cocodrilo Verde,,,LIM,,PE,PE,-12.1206216,-77.0322187,Music,World,Flamenco,,,False,,,,,Ticketmaster Discovery API,2026,8,August,1,,,World,False,False
ZFIMVHtnMZ17Fb7a,Caetano Veloso - Cine Lido,https://www.ticketmaster.com.br/event/caetano-veloso-cine-lido,2026-08-26,22:00:00,America/Sao_Paulo,onsale,Caetano Veloso,K8vZ91751dV,ZGIMVHtnMZdd61,Cine Lido,,,PR,,BR,BR,-25.4297578,-49.2690632,Music,World,Latin,,,False,,,,,Ticketmaster Discovery API,2026,8,August,1,,,World,False,False
G5dVZbs13u-S4,Victor García Mi Regreso Tour,https://www.ticketmaster.com.mx/victor-garcia-mi-regreso-tour-ciudad-de-mexico-27-08-2026/event/3D00631292361CD5,2026-08-27,20:30:00,America/Mexico_City,onsale,Victor Garcia,K8vZ917qSJ0,KovZpZA6EkkA,Auditorio Nacional,Ciudad de México,Ciudad de México,CDMX,Mexico,MX,MX,19.424648,-99.19484,Music,Latin,Latin,Undefined,Undefined,False,MONDIAL PRICE 1,,,,Ticketmaster Discovery API,2026,8,August,1,Ciudad de México,Ciudad de México,Latin,False,False
G5dVZ_uxyqw-q,Le Quattro Stagioni Antonio Vivaldi,https://www.ticketmaster.com.mx/le-quattro-stagioni-antonio-vivaldi-mexico-27-08-2026/event/3D0064D8B977285D,2026-08-27,19:00:00,America/Mexico_City,onsale,Antonio Vivaldi,K8vZ9179t90,KovZpZAJt6vA,Capilla Gótica,México,Ciudad de México,CDMX,Mexico,MX,MX,19.35708050,-99.18988040,Music,Classical,Classical/Vocal,Undefined,Undefined,False,MONDIAL PRICE 1,,,,Ticketmaster Discovery API,2026,8,August,1,Ciudad de México,Ciudad de México,Classical,False,False
G5dVZ_uxyre-O,Le Quattro Stagioni Antonio Vivaldi,https://www.ticketmaster.com.mx/le-quattro-stagioni-antonio-vivaldi-mexico-27-08-2026/event/3D0064D8B9782860,2026-08-27,21:30:00,America/Mexico_City,onsale,Antonio Vivaldi,K8vZ9179t90,KovZpZAJt6vA,Capilla Gótica,México,Ciudad de México,CDMX,Mexico,MX,MX,19.35708050,-99.18988040,Music,Classical,Classical/Vocal,Undefined,Undefined,False,MONDIAL PRICE 1,,,,Ticketmaster Discovery API,2026,8,August,1,Ciudad de México,Ciudad de México,Classical,False,False
17AZv0G65CP5MDA,Madreperla,https://www.ticketmaster.com.mx/madreperla-mexico-27-08-2026/event/140064B3A52F7EC5,2026-08-27,20:30:00,America/Mexico_City,onsale,,,KovZpZA6JttA,Teatro Metropolitan,México,Ciudad de México,CDMX,Mexico,MX,MX,19.433457,-99.146811,Music,Other,Other,Undefined,Undefined,False,OCESA,,,,Ticketmaster Discovery API,2026,8,August,1,Ciudad de México,Ciudad de México,Other,False,False
G5dVZ_1Kd9Jub,Morir Poquito,https://www.ticketmaster.com.mx/morir-poquito-mexico-27-08-2026/event/3D0064A4C35E6358,2026-08-27,20:00:00,America/Mexico_City,onsale,,,KovZpZAEvvtA,TEATRO SERGIO MAGAÑA,México,Ciudad de México,CDMX,Mexico,MX,MX,19.44570730,-99.16066740,Music,Pop,Electro Pop,Undefined,Undefined,False,MONDIAL PRICE 3,,,,Ticketmaster Discovery API,2026,8,August,1,Ciudad de México,Ciudad de México,Pop,False,False
1Av8Z_6GkXLy42R,Nanpa Básico,https://www.ticketmaster.com.mx/nanpa-basico-zapopan-27-08-2026/event/1400647F9FE553EF,2026-08-27,21:00:00,America/Mexico_City,onsale,Nanpa Básico,K8vZ917__KV,KovZpZA6I7FA,Auditorio Telmex,Zapopan,Jalisco,JAL,Mexico,MX,MX,20.73324,-103.38112,Music,Hip-Hop/Rap,Trap,Undefined,Undefined,False,OCESA,,,,Ticketmaster Discovery API,2026,8,August,1,Zapopan,Jalisco,Hip-Hop/Rap,False,False
ZFIMVHtnMZ17Fb78,Marisa Monte - Cine Lido,https://www.ticketmaster.com.br/event/marisa-monte-cine-lido,2026-08-27,22:00:00,America/Sao_Paulo,onsale,Marisa Monte,K8vZ9171027,ZGIMVHtnMZdd61,Cine Lido,,,PR,,BR,BR,-25.4297578,-49.2690632,Music,World,World,,,False,,,,,Ticketmaster Discovery API,2026,8,August,1,,,World,False,False
G5dVZ_ukAE3GA,El Principe y El Divo - Pablo Marentes y Juilo Ponze,https://www.ticketmaster.com.mx/el-principe-y-el-divo-pablo-ciudad-de-mexico-28-08-2026/event/3D0064D1859D2305,2026-08-28,21:30:00,America/Mexico_City,onsale,El Príncipe y el Divo,K8vZ917hBbV,KovZ917AVGy,Foro Stelaris Fiesta Americana Reforma,Ciudad de México,Ciudad de México,CDMX,Mexico,MX,MX,19.43219600,-99.15473940,Music,Undefined,Undefined,Group,Tribute Band,False,MONDIAL PRICE 1,,,,Ticketmaster Discovery API,2026,8,August,1,Ciudad de México,Ciudad de México,Sin clasificar,False,False
1Av8ZbUGkMWi_6n,ROSALÍA: LUX TOUR 2026,https://www.ticketmaster.com.mx/rosalia-lux-tour-2026-ciudad-de-mexico-28-08-2026/event/1400636DFDB191EA,2026-08-28,20:00:00,America/Mexico_City,onsale,ROSALÍA,K8vZ917pJy7,KovZpZA77t6A,Palacio de los Deportes,Ciudad de México,Ciudad de México,CDMX,Mexico,MX,MX,19.40154080,-99.09806060,Music,Latin,Latin,Undefined,Undefined,False,OCESA,,,,Ticketmaster Discovery API,2026,8,August,1,Ciudad de México,Ciudad de México,Latin,False,False
17AZv0G61BGofcQ,Galas de mariachi voces de mi tierra,https://www.ticketmaster.com.mx/galas-de-mariachi-voces-de-mi-guadalajara-28-08-2026/event/140064AE8C454B5A,2026-08-28,20:00:00,America/Mexico_City,onsale,Galas De Mariachi,K8vZ917GGgf,KovZpZA6JnlA,Teatro De Degollado (GDL),Guadalajara,Jalisco,JAL,Mexico,MX,MX,20.677006,-103.344429,Music,Latin,Latin,Undefined,Undefined,False,MONDIAL PRICE 1,,,,Ticketmaster Discovery API,2026,8,August,1,Guadalajara,Jalisco,Latin,False,False
G5dVZ_G98rIv9,Orquesta Colorado Naranjo & la única internacional Sonora Santanera,https://www.ticketmaster.com.mx/orquesta-colorado-naranjo-la-unica-internacional-guadalajara-28-08-2026/event/3D0064C5D07A8057,2026-08-28,21:00:00,America/Mexico_City,onsale,,,KovZpZA6EFEA,Teatro Diana (GDL),Guadalajara,Jalisco,JAL,Mexico,MX,MX,20.665434,-103.349341,Music,Hip-Hop/Rap,Reggaeton,Undefined,Undefined,False,MONDIAL PRICE 1,,,,Ticketmaster Discovery API,2026,8,August,1,Guadalajara,Jalisco,Hip-Hop/Rap,False,False
G5dVZbzEGJUq8,Laureano Brizuela,https://www.ticketmaster.com.mx/laureano-brizuela-mexico-28-08-2026/event/3D006389CC9B6750,2026-08-28,21:30:00,America/Mexico_City,onsale,Laureano Brizuela,K8vZ9174rcf,KovZpZA7AJ6A,La Maraka,México,Ciudad de México,CDMX,Mexico,MX,MX,19.38651080,-99.16317750,Music,Rock,Alternative Rock,Undefined,Undefined,False,MONDIAL PRICE 1,,,,Ticketmaster Discovery API,2026,8,August,1,Ciudad de México,Ciudad de México,Rock,False,False
G5dVZ_1K7mJKm,Morir Poquito,https://www.ticketmaster.com.mx/morir-poquito-mexico-28-08-2026/event/3D0064A4C4BA64EE,2026-08-28,20:00:00,America/Mexico_City,onsale,,,KovZpZAEvvtA,TEATRO SERGIO MAGAÑA,México,Ciudad de México,CDMX,Mexico,MX,MX,19.44570730,-99.16066740,Music,Pop,Electro Pop,Undefined,Undefined,False,MONDIAL PRICE 3,,,,Ticketmaster Discovery API,2026,8,August,1,Ciudad de México,Ciudad de México,Pop,False,False
G5dVZ_1SdaDag,"Sinfónica de Minería, Gala de Clausura",https://www.ticketmaster.com.mx/sinfonica-de-mineria-gala-de-clausura-mexico-28-08-2026/event/3D0064ACC327B275,2026-08-28,20:00:00,America/Mexico_City,onsale,Sinfónica de Minería,K8vZ917Oa9V,KovZpZAEvekA,Sala Silvestre Revueltas,México,Ciudad de México,CDMX,Mexico,MX,MX,19.30254940,-99.17327880,Music,Classical,Classical/Vocal,Undefined,Undefined,False,MONDIAL PRICE 1,,,,Ticketmaster Discovery API,2026,8,August,1,Ciudad de México,Ciudad de México,Classical,False,False
17AZv0G61MSMsAu,Surfistas del Sistema,https://www.ticketmaster.com.mx/surfistas-del-sistema-mexico-28-08-2026/event/140064ADF3DF114D,2026-08-28,20:30:00,America/Mexico_City,onsale,Surfistas del Sistema,K8vZ917q4gf,KovZpZAJllnA,Pepsi Center,México,Ciudad de México,CDMX,Mexico,MX,MX,19.39340970,-99.17581180,Music,Rock,Pop,Undefined,Undefined,False,OCESA,,,,Ticketmaster Discovery API,2026,8,August,1,Ciudad de México,Ciudad de México,Rock,False,False
1Av8Z_7GkSHpbRJ,Cristian Castro,https://www.ticketmaster.com.mx/cristian-castro-zapopan-28-08-2026/event/1400644CFC598BE6,2026-08-28,21:00:00,America/Mexico_City,onsale,Cristian Castro,K8vZ9175rm0,KovZpZA6I7FA,Auditorio Telmex,Zapopan,Jalisco,JAL,Mexico,MX,MX,20.73324,-103.38112,Music,Latin,Latin,Undefined,Undefined,False,MONDIAL PRICE 1,,,,Ticketmaster Discovery API,2026,8,August,1,Zapopan,Jalisco,Latin,False,False
ZFIMVHtnMZ17FbCA,Daniela Araújo - A Turnê - Teatro da Ilha,https://www.ticketmaster.com.br/event/daniela-araujo-a-turne-teatro-da-ilha,2026-08-28,20:00:00,America/Sao_Paulo,onsale,,Z5uMVHtnMZkFF,ZGIMVHtnMZeakd,Teatro da Ilha,,,RJ,,BR,BR,-22.8324052,-43.23799830000001,Music,Religious,Gospel,,,False,,,,,Ticketmaster Discovery API,2026,8,August,1,,,Religious,False,False
ZFIMVHtnMZ17k4jy,Suhai Festival Interlagos 2026 Edição Auto,https://www.ticketmaster.com.br/event/suhai-festival-de-interlagos-2026-edicao-auto,2026-08-28,07:00:00,America/Sao_Paulo,onsale,Matuê,K8vZ917QpdV,Z5IMVHtnMZ1dv,Autódromo de Interlagos,,,SP,,BR,BR,-23.7033489,-46.7002579,Music,Dance/Electronic,Dance/Electronic,,,False,,,,,Ticketmaster Discovery API,2026,8,August,1,,,Dance/Electronic,True,False
16v8Z_FxbG7yPia,Enjambre,https://www.ticketmaster.com.mx/enjambre-ciudad-de-mexico-29-08-2026/event/1400648898E65B09,2026-08-29,21:00:00,America/Mexico_City,onsale,Enjambre,K8vZ9175RK7,KovZpZAd1IaA,Estadio GNP Seguros,Ciudad de México,Ciudad de México,CDMX,Mexico,MX,MX,19.405199,-99.095618,Music,Latin,Latin,Undefined,Undefined,False,OCESA,,,,Ticketmaster Discovery API,2026,8,August,1,Ciudad de México,Ciudad de México,Latin,False,False
G5dVZ_5e3hk4R,Prisma 40 años después...,https://www.ticketmaster.com.mx/prisma-40-anos-despues-ciudad-de-mexico-29-08-2026/event/3D0064B0926C656F,2026-08-29,20:00:00,America/Mexico_City,onsale,Prisma,K8vZ917Qy8V,KovZpZA6EtdA,El Lunario del Auditorio Nacional,Ciudad de México,Ciudad de México,CDMX,Mexico,MX,MX,19.424682,-99.1954,Music,Ballads/Romantic,Ballads/Romantic,Undefined,Undefined,False,MONDIAL PRICE 1,,,,Ticketmaster Discovery API,2026,8,August,1,Ciudad de México,Ciudad de México,Ballads/Romantic,False,False
1Av8ZbUGkMWit6U,ROSALÍA: LUX TOUR 2026,https://www.ticketmaster.com.mx/rosalia-lux-tour-2026-ciudad-de-mexico-29-08-2026/event/1400636DFDB291F6,2026-08-29,20:00:00,America/Mexico_City,onsale,ROSALÍA,K8vZ917pJy7,KovZpZA77t6A,Palacio de los Deportes,Ciudad de México,Ciudad de México,CDMX,Mexico,MX,MX,19.40154080,-99.09806060,Music,Latin,Latin,Undefined,Undefined,False,OCESA,,,,Ticketmaster Discovery API,2026,8,August,1,Ciudad de México,Ciudad de México,Latin,False,False
G5dVZ_6wo8wI5,Alter Una Noche Más,https://www.ticketmaster.com.mx/alter-una-noche-mas-col-centro-monterrey-29-08-2026/event/3D00647C91432A0B,2026-08-29,21:00:00,America/Mexico_City,onsale,,,KovZpZAEvelA,Foro Corona Monterrey,Col. Centro Monterrey,Nuevo León,NL,Mexico,MX,MX,25.66646204,-100.31681661,Music,Rock,Alternative Rock,Undefined,Undefined,False,MONDIAL PRICE 1,,,,Ticketmaster Discovery API,2026,8,August,1,Monterrey,Nuevo León,Rock,False,False
17AZv0G651pa05z,"Galas de mariachi ""canta corazón",https://www.ticketmaster.com.mx/galas-de-mariachi-canta-corazon-guadalajara-29-08-2026/event/140064B2962642F8,2026-08-29,20:00:00,America/Mexico_City,onsale,Galas De Mariachi,K8vZ917GGgf,KovZpZA6JnlA,Teatro De Degollado (GDL),Guadalajara,Jalisco,JAL,Mexico,MX,MX,20.677006,-103.344429,Music,Latin,Latin,Undefined,Undefined,False,MONDIAL PRICE 1,,,,Ticketmaster Discovery API,2026,8,August,1,Guadalajara,Jalisco,Latin,False,False
G5dVZ_5374N_D,Una noche con JazzMx,https://www.ticketmaster.com.mx/una-noche-con-jazzmx-mexico-29-08-2026/event/3D0064B48456367B,2026-08-29,17:00:00,America/Mexico_City,onsale,,,KovZpZA6teaA,El Cantoral ,Mexico,Ciudad de México,CDMX,Mexico,MX,MX,19.361737,-99.166137,Music,Jazz,Jazz,Undefined,Undefined,False,MONDIAL PRICE 1,,,,Ticketmaster Discovery API,2026,8,August,1,Ciudad de México,Ciudad de México,Jazz,False,False
1Av8Z_kGkBIGCe9,Mijares Sinfónico,https://www.ticketmaster.com.mx/mijares-sinfonico-monterrey-29-08-2026/event/1400646EA830E097,2026-08-29,21:00:00,America/Mexico_City,onsale,Mijares,K8vZ91711K7,KovZpZAIln6A,Escenario GNP Seguros,Monterrey,Nuevo León,NL,Mexico,MX,MX,25.666135,-100.316726,Music,Latin,Latin,Undefined,Undefined,False,MONDIAL PRICE 1,,,,Ticketmaster Discovery API,2026,8,August,1,Monterrey,Nuevo León,Latin,False,False
1Av8Z_6GknVK54z,Nanpa Básico,https://www.ticketmaster.com.mx/nanpa-basico-monterrey-29-08-2026/event/1400647AB44CB578,2026-08-29,21:00:00,America/Mexico_City,onsale,Nanpa Básico,K8vZ917__KV,KovZpZAJt1kA,Auditorio Banamex,Monterrey,Nuevo León,NL,Mexico,MX,MX,25.67765795,-100.28085777,Music,Hip-Hop/Rap,Trap,Undefined,Undefined,False,OCESA,,,,Ticketmaster Discovery API,2026,8,August,1,Monterrey,Nuevo León,Hip-Hop/Rap,False,False
1kAZv0qbGACdK6T,Ladrones,https://www.ticketmaster.com.mx/ladrones-mexico-29-08-2026/event/140064758E0D31FF,2026-08-29,20:30:00,America/Mexico_City,onsale,Ladrones,K8vZ917o9c7,KovZpZAJtkJA,Pabellón del Palacio de los Deportes,México,Ciudad de México,CDMX,Mexico,MX,MX,19.40154080,-99.09806060,Music,Rock,Punk,Undefined,Undefined,False,OCESA,,,,Ticketmaster Discovery API,2026,8,August,1,Ciudad de México,Ciudad de México,Rock,False,False
1afZk8YOzjtZeG5,No Te Va Gustar,https://www.ticketmaster.com.mx/no-te-va-gustar-mexico-29-08-2026/event/14006430838729BA,2026-08-29,20:30:00,America/Mexico_City,onsale,No Te Va Gustar,K8vZ917uSl7,KovZpZAJllnA,Pepsi Center,México,Ciudad de México,CDMX,Mexico,MX,MX,19.39340970,-99.17581180,Music,Latin,Latin,Undefined,Undefined,False,OCESA,,,,Ticketmaster Discovery API,2026,8,August,1,Ciudad de México,Ciudad de México,Latin,False,False
1Av8Z_dGkw9ozeZ,Paloma Morphy,https://www.ticketmaster.com.mx/paloma-morphy-mexico-29-08-2026/event/1400643C97478080,2026-08-29,20:30:00,America/Mexico_City,onsale,Paloma Morphy,K8vZ917r4b0,KovZpZAEvvIA,Auditorio BB,México,Ciudad de México,CDMX,Mexico,MX,MX,19.40806960,-99.16787720,Music,Pop,Pop,Undefined,Undefined,False,OCESA,,,,Ticketmaster Discovery API,2026,8,August,1,Ciudad de México,Ciudad de México,Pop,False,False
G5dVZ_1S7dh2_,"Sinfónica de Minería, Gala de Clausura",https://www.ticketmaster.com.mx/sinfonica-de-mineria-gala-de-clausura-mexico-29-08-2026/event/3D0064ACC40DB3D9,2026-08-29,20:00:00,America/Mexico_City,onsale,Sinfónica de Minería,K8vZ917Oa9V,KovZpZAEvekA,Sala Silvestre Revueltas,México,Ciudad de México,CDMX,Mexico,MX,MX,19.30254940,-99.17327880,Music,Classical,Classical/Vocal,Undefined,Undefined,False,MONDIAL PRICE 1,,,,Ticketmaster Discovery API,2026,8,August,1,Ciudad de México,Ciudad de México,Classical,False,False
1Av8Z_7GkSxH02O,Sr. Bikini,https://www.ticketmaster.com.mx/sr-bikini-mexico-29-08-2026/event/1400644CE2F243E0,2026-08-29,20:00:00,America/Mexico_City,onsale,Sr. Bikini,K8vZ917Lfg0,KovZpZA6JttA,Teatro Metropolitan,México,Ciudad de México,CDMX,Mexico,MX,MX,19.433457,-99.146811,Music,Rock,Pop,Undefined,Undefined,False,OCESA,,,,Ticketmaster Discovery API,2026,8,August,1,Ciudad de México,Ciudad de México,Rock,False,False
ZFIMVHtnMZ17Fb1A,Jorge Aragão no Qualistage - RJ,https://www.ticketmaster.com.br/event/jorge-aragao-no-qualistage-rj-2026,2026-08-29,21:30:00,America/Sao_Paulo,onsale,Jorge Aragao,K8vZ917C0kV,KovZ917ARjF,Qualistage,Rio de Janeiro,Rio de Janeiro,RJ,Brazil,BR,BR,-22.98135949,-43.36089723,Music,World,Latin,,,False,,,,,Ticketmaster Discovery API,2026,8,August,1,Rio de Janeiro,Rio de Janeiro,World,False,False
1Av8Z_7GkSWEIXN,Cristian Castro,https://www.ticketmaster.com.mx/cristian-castro-zapopan-29-08-2026/event/1400644CFD9E8FA3,2026-08-29,21:00:00,America/Mexico_City,onsale,Cristian Castro,K8vZ9175rm0,KovZpZA6I7FA,Auditorio Telmex,Zapopan,Jalisco,JAL,Mexico,MX,MX,20.73324,-103.38112,Music,Latin,Latin,Undefined,Undefined,False,MONDIAL PRICE 1,,,,Ticketmaster Discovery API,2026,8,August,1,Zapopan,Jalisco,Latin,False,False
ZFIMVHtnMZ17AFPS,Djavan - Florianópolis,https://www.ticketmaster.com.br/event/djavan-venda-geral-florianopolis,2026-08-29,21:00:00,America/Sao_Paulo,onsale,Djavan,K8vZ91715cf,ZGIMVHtnMZev7d,Arena Opus,,,SC,,BR,BR,-27.6097062,-48.6566223,Music,R&B,R&B,,,False,,,,,Ticketmaster Discovery API,2026,8,August,1,,,R&B,False,False
ZFIMVHtnMZ17Fb7o,Fresno	- Cine Lido,https://www.ticketmaster.com.br/event/fresno-cine-lido,2026-08-29,22:00:00,America/Sao_Paulo,onsale,Fresno,K8vZ917jBL0,ZGIMVHtnMZdd61,Cine Lido,,,PR,,BR,BR,-25.4297578,-49.2690632,Music,World,Brazil,,,False,,,,,Ticketmaster Discovery API,2026,8,August,1,,,World,False,False
ZFIMVHtnMZ17k8vy,Sidney Magal - Tokio Marine Hall,https://www.ticketmaster.com.br/event/sidney-magal-tokio-marine-hall,2026-08-29,21:00:00,America/Sao_Paulo,onsale,Sidney Magal,K8vZ917rKb7,Z5IMVHtnMZ1FA,Tokio Marine Hall,,,SP,,BR,BR,-23.63847,-46.71997469999999,Music,Latin,Latin,,,False,,,,,Ticketmaster Discovery API,2026,8,August,1,,,Latin,False,False
ZFIMVHtnMZ17k4qZ,Suhai Festival Interlagos 2026 Edição Auto,https://www.ticketmaster.com.br/event/suhai-festival-de-interlagos-2026-edicao-auto,2026-08-29,07:00:00,America/Sao_Paulo,onsale,Ja Rule,K8vZ9171iff,Z5IMVHtnMZ1dv,Autódromo de Interlagos,,,SP,,BR,BR,-23.7033489,-46.7002579,Music,Hip-Hop/Rap,Urban,,,False,,,,,Ticketmaster Discovery API,2026,8,August,1,,,Hip-Hop/Rap,True,False
ZFIMVHtnMZ17FArp,This is Michael - Suhai Music Hall,https://www.ticketmaster.com.br/event/this-is-michael-suhai-music-hall,2026-08-29,22:00:00,America/Sao_Paulo,onsale,This Is Michael,K8vZ917jBif,ZGIMVHtnMZeFaa,Suhai Music Hall,,,SP,,BR,BR,-23.6761714,-46.6992381,Music,Pop,Pop,,,False,,,,,Ticketmaster Discovery API,2026,8,August,1,,,Pop,False,False
ZFIMVHtnMZ17kK7t,Tiago Iorc - Rio de Janeiro,https://www.ticketmaster.com.br/event/tiago-iorc-rio-de-janeiro,2026-08-29,22:00:00,America/Sao_Paulo,onsale,Tiago Iorc,K8vZ917j2z0,Z5IMVHtnMZFad,Vivo Rio,,,RJ,,BR,BR,-22.9435656,-43.1741997,Music,Pop,Brazilian Pop,,,False,,,,,Ticketmaster Discovery API,2026,8,August,1,,,Pop,False,False
1AfZk3oGkdBdI3E,Enjambre,https://www.ticketmaster.com.mx/enjambre-ciudad-de-mexico-30-08-2026/event/14006491FA0E84A7,2026-08-30,20:00:00,America/Mexico_City,onsale,Enjambre,K8vZ9175RK7,KovZpZAd1IaA,Estadio GNP Seguros,Ciudad de México,Ciudad de México,CDMX,Mexico,MX,MX,19.405199,-99.095618,Music,Latin,Latin,Undefined,Undefined,False,OCESA,,,,Ticketmaster Discovery API,2026,8,August,1,Ciudad de México,Ciudad de México,Latin,False,False
G5dVZ_aMqNHBB,Fey,https://www.ticketmaster.com.mx/fey-ciudad-de-mexico-30-08-2026/event/3D00649DDD8FCEBA,2026-08-30,18:00:00,America/Mexico_City,onsale,Fey,K8vZ9171jZf,KovZpZA6EkkA,Auditorio Nacional,Ciudad de México,Ciudad de México,CDMX,Mexico,MX,MX,19.424648,-99.19484,Music,Latin,Latin,Undefined,Undefined,False,MONDIAL PRICE 1,,,,Ticketmaster Discovery API,2026,8,August,1,Ciudad de México,Ciudad de México,Latin,False,False
1Av8Z_6Gkmd77Vr,Nanpa Básico,https://www.ticketmaster.com.mx/nanpa-basico-ciudad-de-mexico-30-08-2026/event/1400647B83104D1E,2026-08-30,19:00:00,America/Mexico_City,onsale,Nanpa Básico,K8vZ917__KV,KovZpZA77t6A,Palacio de los Deportes,Ciudad de México,Ciudad de México,CDMX,Mexico,MX,MX,19.40154080,-99.09806060,Music,Hip-Hop/Rap,Trap,Undefined,Undefined,False,OCESA,,,,Ticketmaster Discovery API,2026,8,August,1,Ciudad de México,Ciudad de México,Hip-Hop/Rap,False,False
G5dVZ_GxzpxtO,"HÉCTOR INFANZÓN, 50 Aniversario ANDANDO.",https://www.ticketmaster.com.mx/hector-infanzon-50-aniversario-andando-mexico-30-08-2026/event/3D0064C8B85A2A60,2026-08-30,18:00:00,America/Mexico_City,onsale,Héctor Infanzón,K8vZ917qd67,KovZpZA6EkIA,Teatro de la Ciudad Esperanza Iris,Mexico,Ciudad de México,CDMX,Mexico,MX,MX,19.43669360,-99.13943750,Music,Jazz,Jazz,Undefined,Undefined,False,MONDIAL PRICE 1,,,,Ticketmaster Discovery API,2026,8,August,1,Ciudad de México,Ciudad de México,Jazz,False,False
1Av8Z_6Gkwqe9qg,Sarai Rivera Inquebrantable Tour,https://www.ticketmaster.com.mx/sarai-rivera-inquebrantable-tour-monterrey-30-08-2026/event/1400647C9D097775,2026-08-30,18:00:00,America/Mexico_City,onsale,Sarai Rivera,K8vZ917jc3f,KovZpZAIln6A,Escenario GNP Seguros,Monterrey,Nuevo León,NL,Mexico,MX,MX,25.666135,-100.316726,Music,Religious,Gospel,Undefined,Undefined,False,MONDIAL PRICE 1,,,,Ticketmaster Discovery API,2026,8,August,1,Monterrey,Nuevo León,Religious,False,False
17AZv0G6GKxGgsB, Elvis Epic Experience By Héctor Ortiz,https://www.ticketmaster.com.mx/elvis-epic-experience-by-hector-ortiz-mexico-30-08-2026/event/140064C4E2335C7A,2026-08-30,17:30:00,America/Mexico_City,onsale,Héctor Ortiz,K8vZ917rmRf,KovZpZA6JttA,Teatro Metropolitan,México,Ciudad de México,CDMX,Mexico,MX,MX,19.433457,-99.146811,Music,Latin,Latin,Undefined,Undefined,False,OCESA,,,,Ticketmaster Discovery API,2026,8,August,1,Ciudad de México,Ciudad de México,Latin,False,False
G5dVZ_1S7dh2r,"Sinfónica de Minería, Gala de Clausura",https://www.ticketmaster.com.mx/sinfonica-de-mineria-gala-de-clausura-mexico-30-08-2026/event/3D0064ACC40DB3DE,2026-08-30,12:00:00,America/Mexico_City,onsale,Sinfónica de Minería,K8vZ917Oa9V,KovZpZAEvekA,Sala Silvestre Revueltas,México,Ciudad de México,CDMX,Mexico,MX,MX,19.30254940,-99.17327880,Music,Classical,Classical/Vocal,Undefined,Undefined,False,MONDIAL PRICE 1,,,,Ticketmaster Discovery API,2026,8,August,1,Ciudad de México,Ciudad de México,Classical,False,False
ZFIMVHtnMZ17k4qv,Suhai Festival Interlagos 2026 Edição Auto,https://www.ticketmaster.com.br/event/suhai-festival-de-interlagos-2026-edicao-auto,2026-08-30,07:00:00,America/Sao_Paulo,onsale,Belo,K8vZ917Ckt0,Z5IMVHtnMZ1dv,Autódromo de Interlagos,,,SP,,BR,BR,-23.7033489,-46.7002579,Music,World,Latin,,,False,,,,,Ticketmaster Discovery API,2026,8,August,1,,,World,True,False
G5dVZ_a1GfeEJ,Helloween 40 Years Anniversary Tour,https://www.ticketmaster.com.mx/helloween-40-years-anniversary-tour-guadalajara-31-08-2026/event/3D0064928C5029E6,2026-08-31,21:00:00,America/Mexico_City,onsale,Helloween,K8vZ91715Lf,KovZpZA6EFEA,Teatro Diana (GDL),Guadalajara,Jalisco,JAL,Mexico,MX,MX,20.665434,-103.349341,Music,Metal,Nu-Metal,Undefined,Undefined,False,MONDIAL PRICE 1,,,,Ticketmaster Discovery API,2026,8,August,1,Guadalajara,Jalisco,Metal,False,False
G5dVZ_uxyr3-x,Le Quattro Stagioni Antonio Vivaldi,https://www.ticketmaster.com.mx/le-quattro-stagioni-antonio-vivaldi-mexico-31-08-2026/event/3D0064D8B9792862,2026-08-31,19:00:00,America/Mexico_City,onsale,Antonio Vivaldi,K8vZ9179t90,KovZpZAJt6vA,Capilla Gótica,México,Ciudad de México,CDMX,Mexico,MX,MX,19.35708050,-99.18988040,Music,Classical,Classical/Vocal,Undefined,Undefined,False,MONDIAL PRICE 1,,,,Ticketmaster Discovery API,2026,8,August,1,Ciudad de México,Ciudad de México,Classical,False,False
G5dVZbzmaroTv,Mario Aguilar: 10 Aniversario,https://www.ticketmaster.com.mx/mario-aguilar-10-aniversario-ciudad-de-mexico-01-09-2026/event/3D00638B89791FC1,2026-09-01,20:30:00,America/Mexico_City,onsale,Mario Aguilar,K8vZ917pOjV,KovZpZA6EkkA,Auditorio Nacional,Ciudad de México,Ciudad de México,CDMX,Mexico,MX,MX,19.424648,-99.19484,Music,Other,Other,Undefined,Undefined,False,MONDIAL PRICE 1,,,,Ticketmaster Discovery API,2026,9,September,1,Ciudad de México,Ciudad de México,Other,False,False
G5dVZ_u1Ai-9l,Un Muerto  más,https://www.ticketmaster.com.mx/un-muerto-mas-col-centro-monterrey-02-09-2026/event/3D0064D285B215EB,2026-09-02,21:00:00,America/Mexico_City,onsale,Un muerto más,K8vZ917OioV,KovZpZAEvelA,Foro Corona Monterrey,Col. Centro Monterrey,Nuevo León,NL,Mexico,MX,MX,25.66646204,-100.31681661,Music,Latin,Latin,Undefined,Undefined,False,MONDIAL PRICE 1,,,,Ticketmaster Discovery API,2026,9,September,1,Monterrey,Nuevo León,Latin,False,False
17AZv0G651aZ3XQ,"Galas de mariachi ""íconos de hoy""",https://www.ticketmaster.com.mx/galas-de-mariachi-iconos-de-hoy-guadalajara-02-09-2026/event/140064B289012F9A,2026-09-02,20:00:00,America/Mexico_City,onsale,Galas De Mariachi,K8vZ917GGgf,KovZpZA6JnlA,Teatro De Degollado (GDL),Guadalajara,Jalisco,JAL,Mexico,MX,MX,20.677006,-103.344429,Music,Latin,Latin,Undefined,Undefined,False,MONDIAL PRICE 1,,,,Ticketmaster Discovery API,2026,9,September,1,Guadalajara,Jalisco,Latin,False,False
G5dVZ_FJhPScC,"Majo Cornejo presenta: ""Gallo Drito""",https://www.ticketmaster.com.mx/majo-cornejo-presenta-gallo-drito-mexico-02-09-2026/event/3D0064899B973B4E,2026-09-02,20:00:00,America/Mexico_City,onsale,Majo Cornejo,K8vZ917Lzvf,KovZpZA6EkIA,Teatro de la Ciudad Esperanza Iris,Mexico,Ciudad de México,CDMX,Mexico,MX,MX,19.43669360,-99.13943750,Music,Latin,Latin,Undefined,Undefined,False,MONDIAL PRICE 1,,,,Ticketmaster Discovery API,2026,9,September,1,Ciudad de México,Ciudad de México,Latin,False,False
1Av8ZbzGkwOGq6T,Siddhartha,https://www.ticketmaster.com.mx/siddhartha-ciudad-de-mexico-03-09-2026/event/1400638CA031D1FF,2026-09-03,20:00:00,America/Mexico_City,onsale,Siddhartha,K8vZ917CUD0,KovZpZA77t6A,Palacio de los Deportes,Ciudad de México,Ciudad de México,CDMX,Mexico,MX,MX,19.40154080,-99.09806060,Music,Rock,Alternative Rock,Undefined,Undefined,False,OCESA,,,,Ticketmaster Discovery API,2026,9,September,1,Ciudad de México,Ciudad de México,Rock,False,False
17AZv0G61QUIGI9,"Yuridia, Las Cartas Sobre La Mesa Tour",https://www.ticketmaster.com.mx/yuridia-las-cartas-sobre-la-mesa-ciudad-de-mexico-03-09-2026/event/140064A6B6A0CA17,2026-09-03,21:00:00,America/Mexico_City,onsale,Yuridia,K8vZ917Gdu7,KovZpZAd1IaA,Estadio GNP Seguros,Ciudad de México,Ciudad de México,CDMX,Mexico,MX,MX,19.405199,-99.095618,Music,Latin,Latin,Undefined,Undefined,False,OCESA,,,,Ticketmaster Discovery API,2026,9,September,1,Ciudad de México,Ciudad de México,Latin,False,False
G5dVZ_FEL66p3,La Santa Cecilia,https://www.ticketmaster.com.mx/la-santa-cecilia-col-centro-monterrey-03-09-2026/event/3D006489DF1C7592,2026-09-03,21:00:00,America/Mexico_City,onsale,La Santa Cecilia,K8vZ917C_A0,KovZpZAEvelA,Foro Corona Monterrey,Col. Centro Monterrey,Nuevo León,NL,Mexico,MX,MX,25.66646204,-100.31681661,Music,Latin,Latin,Undefined,Undefined,False,MONDIAL PRICE 1,,,,Ticketmaster Discovery API,2026,9,September,1,Monterrey,Nuevo León,Latin,False,False
17AZv0G651kuwmA,"Galas de mariachi ""época dorada""",https://www.ticketmaster.com.mx/galas-de-mariachi-epoca-dorada-guadalajara-03-09-2026/event/140064B286372B85,2026-09-03,20:00:00,America/Mexico_City,onsale,Galas De Mariachi,K8vZ917GGgf,KovZpZA6JnlA,Teatro De Degollado (GDL),Guadalajara,Jalisco,JAL,Mexico,MX,MX,20.677006,-103.344429,Music,Latin,Latin,Undefined,Undefined,False,MONDIAL PRICE 1,,,,Ticketmaster Discovery API,2026,9,September,1,Guadalajara,Jalisco,Latin,False,False
1Av8Z_AGkmkx4Zt,Iván Ferreiro,https://www.ticketmaster.com.mx/ivan-ferreiro-mexico-03-09-2026/event/1400645B86895029,2026-09-03,20:30:00,America/Mexico_City,onsale,Iván Ferreiro,K8vZ917G4U7,KovZpZA6JttA,Teatro Metropolitan,México,Ciudad de México,CDMX,Mexico,MX,MX,19.433457,-99.146811,Music,Rock,Pop,Undefined,Undefined,False,OCESA,,,,Ticketmaster Discovery API,2026,9,September,1,Ciudad de México,Ciudad de México,Rock,False,False
G5dVZ_1K7mJKY,Morir Poquito,https://www.ticketmaster.com.mx/morir-poquito-mexico-03-09-2026/event/3D0064A4C4BA64F0,2026-09-03,20:00:00,America/Mexico_City,onsale,,,KovZpZAEvvtA,TEATRO SERGIO MAGAÑA,México,Ciudad de México,CDMX,Mexico,MX,MX,19.44570730,-99.16066740,Music,Pop,Electro Pop,Undefined,Undefined,False,MONDIAL PRICE 3,,,,Ticketmaster Discovery API,2026,9,September,1,Ciudad de México,Ciudad de México,Pop,False,False
1AfZkCaGkd8Xqx4,Siddhartha,https://www.ticketmaster.com.mx/siddhartha-ciudad-de-mexico-04-09-2026/event/14006389D0F9D895,2026-09-04,20:00:00,America/Mexico_City,onsale,Siddhartha,K8vZ917CUD0,KovZpZA77t6A,Palacio de los Deportes,Ciudad de México,Ciudad de México,CDMX,Mexico,MX,MX,19.40154080,-99.09806060,Music,Rock,Alternative Rock,Undefined,Undefined,False,OCESA,,,,Ticketmaster Discovery API,2026,9,September,1,Ciudad de México,Ciudad de México,Rock,False,False
1AfZk39GkdJ_xhE,"Yuridia, Las Cartas Sobre La Mesa Tour",https://www.ticketmaster.com.mx/yuridia-las-cartas-sobre-la-mesa-ciudad-de-mexico-04-09-2026/event/14006497E66626E7,2026-09-04,21:00:00,America/Mexico_City,onsale,Yuridia,K8vZ917Gdu7,KovZpZAd1IaA,Estadio GNP Seguros,Ciudad de México,Ciudad de México,CDMX,Mexico,MX,MX,19.405199,-99.095618,Music,Latin,Latin,Undefined,Undefined,False,OCESA,,,,Ticketmaster Discovery API,2026,9,September,1,Ciudad de México,Ciudad de México,Latin,False,False
G5dVZ_aDNlrwB,Paloma Morphy,https://www.ticketmaster.com.mx/paloma-morphy-col-centro-monterrey-04-09-2026/event/3D00649EE3ADECBA,2026-09-04,21:00:00,America/Mexico_City,onsale,Paloma Morphy,K8vZ917r4b0,KovZpZAEvelA,Foro Corona Monterrey,Col. Centro Monterrey,Nuevo León,NL,Mexico,MX,MX,25.66646204,-100.31681661,Music,Pop,Pop,Undefined,Undefined,False,MONDIAL PRICE 1,,,,Ticketmaster Discovery API,2026,9,September,1,Monterrey,Nuevo León,Pop,False,False
G5dVZ_1wnJb7x,Alberto Barros,https://www.ticketmaster.com.mx/alberto-barros-guadalajara-04-09-2026/event/3D0064ACAA998122,2026-09-04,21:00:00,America/Mexico_City,onsale,Alberto Barros,K8vZ9179kx7,KovZpZA6EFEA,Teatro Diana (GDL),Guadalajara,Jalisco,JAL,Mexico,MX,MX,20.665434,-103.349341,Music,Latin,Latin,Undefined,Undefined,False,MONDIAL PRICE 1,,,,Ticketmaster Discovery API,2026,9,September,1,Guadalajara,Jalisco,Latin,False,False
G5dVZ_ACqbxs9,Alexander Acha,https://www.ticketmaster.com.mx/alexander-acha-mexico-04-09-2026/event/3D0064539D622C57,2026-09-04,21:30:00,America/Mexico_City,onsale,Alexander Acha,K8vZ917G4j0,KovZpZA7AJ6A,La Maraka,México,Ciudad de México,CDMX,Mexico,MX,MX,19.38651080,-99.16317750,Music,Pop,Pop,Undefined,Undefined,False,MONDIAL PRICE 1,,,,Ticketmaster Discovery API,2026,9,September,1,Ciudad de México,Ciudad de México,Pop,False,False
16v8Z_axAG7sdbQ,David Byrne - Who is the Sky Tour  ,https://www.ticketmaster.com.mx/david-byrne-who-is-the-sky-mexico-04-09-2026/event/1400649885C4361A,2026-09-04,21:00:00,America/Mexico_City,onsale,David Byrne,K8vZ91718R0,KovZpZA6JttA,Teatro Metropolitan,México,Ciudad de México,CDMX,Mexico,MX,MX,19.433457,-99.146811,Music,Rock,Alternative Rock,Undefined,Undefined,False,OCESA,,,,Ticketmaster Discovery API,2026,9,September,1,Ciudad de México,Ciudad de México,Rock,False,False
G5dVZ_1K7mUKS,Morir Poquito,https://www.ticketmaster.com.mx/morir-poquito-mexico-04-09-2026/event/3D0064A4C4BB64F3,2026-09-04,20:00:00,America/Mexico_City,onsale,,,KovZpZAEvvtA,TEATRO SERGIO MAGAÑA,México,Ciudad de México,CDMX,Mexico,MX,MX,19.44570730,-99.16066740,Music,Pop,Electro Pop,Undefined,Undefined,False,MONDIAL PRICE 3,,,,Ticketmaster Discovery API,2026,9,September,1,Ciudad de México,Ciudad de México,Pop,False,False
17AZv0G65meAAUF,Natalia Jimenez y el Mariachi CHG con la Orquesta Filarmonica de Jal,https://www.ticketmaster.com.mx/natalia-jimenez-y-el-mariachi-chg-zapopan-04-09-2026/event/140064BB82145D88,2026-09-04,21:00:00,America/Mexico_City,onsale,Galas De Mariachi,K8vZ917GGgf,KovZpZA6I7FA,Auditorio Telmex,Zapopan,Jalisco,JAL,Mexico,MX,MX,20.73324,-103.38112,Music,Latin,Latin,Undefined,Undefined,False,MONDIAL PRICE 1,,,,Ticketmaster Discovery API,2026,9,September,1,Zapopan,Jalisco,Latin,False,False
ZFIMVHtnMZ17F34p,Elton John Diamonds - Teatro Ruth Escobar,https://www.ticketmaster.com.br/event/elton-john-diamonds-teatro-ruth-escobar,2026-09-04,21:00:00,America/Sao_Paulo,onsale,,Z5uMVHtnMZkFa,ZGIMVHtnMZdeaA,Teatro Ruth Escobar,,,SP,,BR,BR,-23.5597676,-46.6467362,Music,World,World,,,False,,,,,Ticketmaster Discovery API,2026,9,September,1,,,World,False,False
ZFIMVHtnMZ17A6xv,Rock in Rio 2026,https://www.ticketmaster.com.br/event/rockinrio,2026-09-04,12:00:00,America/Sao_Paulo,onsale,"Rock In Rio, Foo Fighters, Rise Against, The Hives, Nova Twins","K8vZ9172rTf, K8vZ91713Y7, K8vZ9171zy0, K8vZ91757_7, K8vZ9174jvf",Z5IMVHtnMZ1Ad,Cidade do Rock,,,RJ,,BR,BR,-22.9758531,-43.4058787,Music,Undefined,Undefined,,,False,,,,,Ticketmaster Discovery API,2026,9,September,1,,,Sin clasificar,False,False
ZFIMVHtnMZ17FA-s,aespa LIVE TOUR - SYNK : COMPLæXITY -,https://www.ticketmaster.com.br/event/aespa-venda-geral,2026-09-04,20:00:00,America/Sao_Paulo,onsale,aespa,K8vZ917QQn7,ZGIMVHtnMZeaa1,Mercado Livre Arena Pacaembu,,,SP,,BR,BR,-23.5430813,-46.66506529999999,Music,Pop,K-Pop,,,False,,,,,Ticketmaster Discovery API,2026,9,September,1,,,Pop,False,False
G5dVZ_1QQ7fEe,Gustavo Lara Aliento Con Aliento,https://www.ticketmaster.com.mx/gustavo-lara-aliento-con-aliento-ciudad-de-mexico-05-09-2026/event/3D0064A69A1149C2,2026-09-05,21:30:00,America/Mexico_City,onsale,Gustavo Lara,K8vZ917qP-0,KovZ917AVGy,Foro Stelaris Fiesta Americana Reforma,Ciudad de México,Ciudad de México,CDMX,Mexico,MX,MX,19.43219600,-99.15473940,Music,Latin,Latin,Undefined,Undefined,False,MONDIAL PRICE 1,,,,Ticketmaster Discovery API,2026,9,September,1,Ciudad de México,Ciudad de México,Latin,False,False
G5dVZ_Am6tvUd,Pedro Fernández,https://www.ticketmaster.com.mx/pedro-fernandez-ciudad-de-mexico-05-09-2026/event/3D00645B87A41D83,2026-09-05,20:00:00,America/Mexico_City,onsale,Pedro Fernández,K8vZ9171pC0,KovZpZA6EkkA,Auditorio Nacional,Ciudad de México,Ciudad de México,CDMX,Mexico,MX,MX,19.424648,-99.19484,Music,Latin,Latin,Undefined,Undefined,False,MONDIAL PRICE 1,,,,Ticketmaster Discovery API,2026,9,September,1,Ciudad de México,Ciudad de México,Latin,False,False
G5dVZ_AkFio8M,Millonario,https://www.ticketmaster.com.mx/millonario-col-centro-monterrey-05-09-2026/event/3D00645188B11437,2026-09-05,21:00:00,America/Mexico_City,onsale,Millonario,K8vZ917_k30,KovZpZAEvelA,Foro Corona Monterrey,Col. Centro Monterrey,Nuevo León,NL,Mexico,MX,MX,25.66646204,-100.31681661,Music,Hip-Hop/Rap,Trap,Undefined,Undefined,False,MONDIAL PRICE 1,,,,Ticketmaster Discovery API,2026,9,September,1,Monterrey,Nuevo León,Hip-Hop/Rap,False,False
G5dVZ_klXwb1o,Aleks Syntek 35 aniversario,https://www.ticketmaster.com.mx/aleks-syntek-35-aniversario-guadalajara-05-09-2026/event/3D00646AFEC98291,2026-09-05,21:00:00,America/Mexico_City,onsale,Aleks Syntek,K8vZ9175dH7,KovZpZA6EFEA,Teatro Diana (GDL),Guadalajara,Jalisco,JAL,Mexico,MX,MX,20.665434,-103.349341,Music,Latin,Latin,Undefined,Undefined,False,MONDIAL PRICE 1,,,,Ticketmaster Discovery API,2026,9,September,1,Guadalajara,Jalisco,Latin,False,False
17AZv0G651GvNGW,"Galas de mariachi ""la última y nos vamos""",https://www.ticketmaster.com.mx/galas-de-mariachi-la-ultima-y-guadalajara-05-09-2026/event/140064B28C06333D,2026-09-05,20:00:00,America/Mexico_City,onsale,Galas De Mariachi,K8vZ917GGgf,KovZpZA6JnlA,Teatro De Degollado (GDL),Guadalajara,Jalisco,JAL,Mexico,MX,MX,20.677006,-103.344429,Music,Latin,Latin,Undefined,Undefined,False,MONDIAL PRICE 1,,,,Ticketmaster Discovery API,2026,9,September,1,Guadalajara,Jalisco,Latin,False,False
G5dVZ_expl-Oc,Alexa Tarantino Quartet,https://www.ticketmaster.com.mx/alexa-tarantino-quartet-mexico-05-09-2026/event/3D00642896AE182D,2026-09-05,19:30:00,America/Mexico_City,onsale,"Alexa Tarantino, Ciclo NY Jazz All Stars","K8vZ917O_c0, K8vZ917Ok37",KovZpZA6EkIA,Teatro de la Ciudad Esperanza Iris,Mexico,Ciudad de México,CDMX,Mexico,MX,MX,19.43669360,-99.13943750,Music,Jazz,Jazz,Undefined,Undefined,False,MONDIAL PRICE 1,,,,Ticketmaster Discovery API,2026,9,September,1,Ciudad de México,Ciudad de México,Jazz,False,False
1AfZk3_Gkdq_iZ-,Abono Comfort Arre Pepsi Black 2026,https://www.ticketmaster.com.mx/abono-comfort-arre-pepsi-black-2026-mexico-05-09-2026/event/14006499DD66C021,2026-09-05,,America/Mexico_City,onsale,Festival Arre,K8vZ917hhmV,KovZpZA6JlaA,Autodromo Hnos. Rodriguez,México,Ciudad de México,CDMX,Mexico,MX,MX,19.402829,-99.089247,Music,Undefined,Undefined,Event Style,Festival,False,OCESA,,,,Ticketmaster Discovery API,2026,9,September,1,Ciudad de México,Ciudad de México,Sin clasificar,True,False
1AfZk3_GkdQ3lnJ,Abono General Arre Pepsi Black 2026,https://www.ticketmaster.com.mx/abono-general-arre-pepsi-black-2026-mexico-05-09-2026/event/14006499DA4ABAA6,2026-09-05,,America/Mexico_City,onsale,Festival Arre,K8vZ917hhmV,KovZpZA6JlaA,Autodromo Hnos. Rodriguez,México,Ciudad de México,CDMX,Mexico,MX,MX,19.402829,-99.089247,Music,Undefined,Undefined,Event Style,Festival,False,OCESA,,,,Ticketmaster Discovery API,2026,9,September,1,Ciudad de México,Ciudad de México,Sin clasificar,True,False
1AfZk3_Gkenakj8,Abono Vip HSBC Premier Arre Pepsi Black 2026,https://www.ticketmaster.com.mx/abono-vip-hsbc-premier-arre-pepsi-mexico-05-09-2026/event/14006499AA246710,2026-09-05,,America/Mexico_City,onsale,Festival Arre,K8vZ917hhmV,KovZpZA6JlaA,Autodromo Hnos. Rodriguez,México,Ciudad de México,CDMX,Mexico,MX,MX,19.402829,-99.089247,Music,Undefined,Undefined,Event Style,Festival,False,OCESA,,,,Ticketmaster Discovery API,2026,9,September,1,Ciudad de México,Ciudad de México,Sin clasificar,True,False
1av8Z_axFfdZd5F6,David Byrne - Who is the Sky Tour  ,https://www.ticketmaster.com.mx/david-byrne-who-is-the-sky-mexico-05-09-2026/event/1400649888503A76,2026-09-05,21:00:00,America/Mexico_City,onsale,David Byrne,K8vZ91718R0,KovZpZA6JttA,Teatro Metropolitan,México,Ciudad de México,CDMX,Mexico,MX,MX,19.433457,-99.146811,Music,Rock,Alternative Rock,Undefined,Undefined,False,OCESA,,,,Ticketmaster Discovery API,2026,9,September,1,Ciudad de México,Ciudad de México,Rock,False,False
1AfZk3_GkeBabGY,Individual Comfort Arre Pepsi Black 2026,https://www.ticketmaster.com.mx/individual-comfort-arre-pepsi-black-2026-mexico-05-09-2026/event/14006499BA258330,2026-09-05,14:00:00,America/Mexico_City,onsale,Festival Arre,K8vZ917hhmV,KovZpZA6JlaA,Autodromo Hnos. Rodriguez,México,Ciudad de México,CDMX,Mexico,MX,MX,19.402829,-99.089247,Music,Undefined,Undefined,Event Style,Festival,False,OCESA,,,,Ticketmaster Discovery API,2026,9,September,1,Ciudad de México,Ciudad de México,Sin clasificar,True,False
1AfZk3_GkdJ9HDs,Individual General Arre Pepsi Black 2026,https://www.ticketmaster.com.mx/individual-general-arre-pepsi-black-2026-mexico-05-09-2026/event/14006499E65FCEF1,2026-09-05,14:00:00,America/Mexico_City,onsale,Festival Arre,K8vZ917hhmV,KovZpZA6JlaA,Autodromo Hnos. Rodriguez,México,Ciudad de México,CDMX,Mexico,MX,MX,19.402829,-99.089247,Music,Undefined,Undefined,Event Style,Festival,False,OCESA,,,,Ticketmaster Discovery API,2026,9,September,1,Ciudad de México,Ciudad de México,Sin clasificar,True,False
1AfZk3_GkdEzcFF,Individual Vip HSBC Premier Arre Pepsi Black 2026,https://www.ticketmaster.com.mx/individual-vip-hsbc-premier-arre-pepsi-mexico-05-09-2026/event/14006499E7E2D208,2026-09-05,14:00:00,America/Mexico_City,onsale,Festival Arre,K8vZ917hhmV,KovZpZA6JlaA,Autodromo Hnos. Rodriguez,México,Ciudad de México,CDMX,Mexico,MX,MX,19.402829,-99.089247,Music,Undefined,Undefined,Event Style,Festival,False,OCESA,,,,Ticketmaster Discovery API,2026,9,September,1,Ciudad de México,Ciudad de México,Sin clasificar,True,False
1AfZk3bGkd9lXVh,Triciclo Circus Band,https://www.ticketmaster.com.mx/triciclo-circus-band-mexico-05-09-2026/event/14006498D7AFED1B,2026-09-05,20:30:00,America/Mexico_City,onsale,Triciclo Circus Band,K8vZ9174nn7,KovZpZAJtkJA,Pabellón del Palacio de los Deportes,México,Ciudad de México,CDMX,Mexico,MX,MX,19.40154080,-99.09806060,Music,Other,Other,Undefined,Undefined,False,OCESA,,,,Ticketmaster Discovery API,2026,9,September,1,Ciudad de México,Ciudad de México,Other,False,False
G5dVZ_6BdBZS3,Iván Ferreiro,https://www.ticketmaster.com.mx/ivan-ferreiro-zapopan-05-09-2026/event/3D00647E83E80CD2,2026-09-05,20:00:00,America/Mexico_City,onsale,Iván Ferreiro,K8vZ917G4U7,KovZ917AYIQ,Conjunto de Artes Escenicas,Zapopan,Jalisco,JAL,Mexico,MX,MX,20.73703643,-103.38053030,Music,Rock,Pop,Undefined,Undefined,False,MONDIAL PRICE 1,,,,Ticketmaster Discovery API,2026,9,September,1,Zapopan,Jalisco,Rock,False,False
ZFIMVHtnMZ17FJ88,Jota.pê - Tokio Marine Hall,https://www.ticketmaster.com.br/event/jotape-tokio-marine-hall,2026-09-05,21:00:00,America/Sao_Paulo,onsale,Jota.pê,K8vZ917r_Z0,Z5IMVHtnMZ1FA,Tokio Marine Hall,,,SP,,BR,BR,-23.63847,-46.71997469999999,Music,World,Brazil,,,False,,,,,Ticketmaster Discovery API,2026,9,September,1,,,World,False,False
ZFIMVHtnMZ17kKfV,Revelação & Xande de Pilares - Florianópolis,https://www.ticketmaster.com.br/event/revelacao-xande-de-pilares-florianopolis,2026-09-05,20:00:00,America/Sao_Paulo,onsale,Xande De Pilares,"K8vZ917bQs7, Z5uMVHtnMZAee",ZGIMVHtnMZev7d,Arena Opus,,,SC,,BR,BR,-27.6097062,-48.6566223,Music,Other,Other,,,False,,,,,Ticketmaster Discovery API,2026,9,September,1,,,Other,False,False
ZFIMVHtnMZ17A6xd,Rock in Rio 2026,https://www.ticketmaster.com.br/event/rockinrio,2026-09-05,12:00:00,America/Sao_Paulo,onsale,"Rock In Rio, Avenged Sevenfold, Bring Me The Horizon, Sepultura, Poppy","K8vZ9172rTf, K8vZ91752Pf, K8vZ917Ge97, K8vZ9171GQ7, K8vZ917fae0",Z5IMVHtnMZ1Ad,Cidade do Rock,,,RJ,,BR,BR,-22.9758531,-43.4058787,Music,Undefined,Undefined,,,False,,,,,Ticketmaster Discovery API,2026,9,September,1,,,Sin clasificar,False,False
ZFIMVHtnMZ17kK7Y,Tiago Iorc - Porto Alegre,https://www.ticketmaster.com.br/event/tiago-iorc-porto-alegre,2026-09-05,21:30:00,America/Sao_Paulo,onsale,Tiago Iorc,K8vZ917j2z0,ZGIMVHtnMZek61,Auditório Araújo Vianna,,,RS,,BR,BR,-29.9778732,-51.1239128,Music,Pop,Brazilian Pop,,,False,,,,,Ticketmaster Discovery API,2026,9,September,1,,,Pop,False,False
G5dVZ_GGodQjt,Todos Vuelven Tour Ana Sofi W,https://www.ticketmaster.com.mx/todos-vuelven-tour-ana-sofi-w-ciudad-de-mexico-06-09-2026/event/3D0064C3110DA729,2026-09-06,20:00:00,America/Mexico_City,onsale,Ana Sofi W,K8vZ917jgY7,KovZpZA6EtdA,El Lunario del Auditorio Nacional,Ciudad de México,Ciudad de México,CDMX,Mexico,MX,MX,19.424682,-99.1954,Music,Pop,Pop,Undefined,Undefined,False,OCESA,,,,Ticketmaster Discovery API,2026,9,September,1,Ciudad de México,Ciudad de México,Pop,False,False
1Av8Z_kGkn72ezx,Mariachi Vargas,https://www.ticketmaster.com.mx/mariachi-vargas-monterrey-06-09-2026/event/1400646A843C2E22,2026-09-06,18:30:00,America/Mexico_City,onsale,Mariachi Vargas de Tecalitlán,K8vZ9171JGV,KovZpZAIln6A,Escenario GNP Seguros,Monterrey,Nuevo León,NL,Mexico,MX,MX,25.666135,-100.316726,Music,Latin,Latin,Undefined,Undefined,False,MONDIAL PRICE 1,,,,Ticketmaster Discovery API,2026,9,September,1,Monterrey,Nuevo León,Latin,False,False
1av8Z_axFfKZd5F1,David Byrne - Who is the Sky Tour  ,https://www.ticketmaster.com.mx/david-byrne-who-is-the-sky-mexico-06-09-2026/event/1400649888513A79,2026-09-06,21:00:00,America/Mexico_City,onsale,David Byrne,K8vZ91718R0,KovZpZA6JttA,Teatro Metropolitan,México,Ciudad de México,CDMX,Mexico,MX,MX,19.433457,-99.146811,Music,Rock,Alternative Rock,Undefined,Undefined,False,OCESA,,,,Ticketmaster Discovery API,2026,9,September,1,Ciudad de México,Ciudad de México,Rock,False,False
1AfZk3_GkeBWb3x,Individual Comfort Arre Pepsi Black 2026,https://www.ticketmaster.com.mx/individual-comfort-arre-pepsi-black-2026-mexico-06-09-2026/event/14006499BAF584A2,2026-09-06,14:00:00,America/Mexico_City,onsale,Festival Arre,K8vZ917hhmV,KovZpZA6JlaA,Autodromo Hnos. Rodriguez,México,Ciudad de México,CDMX,Mexico,MX,MX,19.402829,-99.089247,Music,Undefined,Undefined,Event Style,Festival,False,OCESA,,,,Ticketmaster Discovery API,2026,9,September,1,Ciudad de México,Ciudad de México,Sin clasificar,True,False
1AfZk3_GkdE3Wek,Individual General Arre Pepsi Black 2026,https://www.ticketmaster.com.mx/individual-general-arre-pepsi-black-2026-mexico-06-09-2026/event/14006499E74BD086,2026-09-06,14:00:00,America/Mexico_City,onsale,Festival Arre,K8vZ917hhmV,KovZpZA6JlaA,Autodromo Hnos. Rodriguez,México,Ciudad de México,CDMX,Mexico,MX,MX,19.402829,-99.089247,Music,Undefined,Undefined,Event Style,Festival,False,OCESA,,,,Ticketmaster Discovery API,2026,9,September,1,Ciudad de México,Ciudad de México,Sin clasificar,True,False
1AfZk3_GkdIOWuN,Individual Vip HSBC Premier Arre Pepsi Black 2026,https://www.ticketmaster.com.mx/individual-vip-hsbc-premier-arre-pepsi-mexico-06-09-2026/event/14006499E883D363,2026-09-06,14:00:00,America/Mexico_City,onsale,Festival Arre,K8vZ917hhmV,KovZpZA6JlaA,Autodromo Hnos. Rodriguez,México,Ciudad de México,CDMX,Mexico,MX,MX,19.402829,-99.089247,Music,Undefined,Undefined,Event Style,Festival,False,OCESA,,,,Ticketmaster Discovery API,2026,9,September,1,Ciudad de México,Ciudad de México,Sin clasificar,True,False
ZFIMVHtnMZ17F4Zg,Maroon 5: Love Is Like World Tour - São José do Rio Preto,https://www.ticketmaster.com.br/event/venda-geral-maroon-5-sao-jose-do-rio-preto,2026-09-06,20:30:00,America/Sao_Paulo,onsale,Maroon 5,K8vZ917544V,ZGIMVHtnMZdAv7,Recinto de Exposições Alberto Bertelli Lucatto,,,SP,,BR,BR,-20.8200617,-49.4219508,Music,Pop,Pop,,,False,,,,,Ticketmaster Discovery API,2026,9,September,1,,,Pop,False,False
ZFIMVHtnMZ17A6x7,Rock in Rio 2026,https://www.ticketmaster.com.br/event/rockinrio,2026-09-06,12:00:00,America/Sao_Paulo,onsale,"Rock In Rio, Elton John, Gilberto Gil, Laufey","K8vZ9172rTf, K8vZ9171G-7, K8vZ917Gps7, K8vZ917_Qv0",Z5IMVHtnMZ1Ad,Cidade do Rock,,,RJ,,BR,BR,-22.9758531,-43.4058787,Music,Undefined,Undefined,,,False,,,,,Ticketmaster Discovery API,2026,9,September,1,,,Sin clasificar,False,False
ZFIMVHtnMZ17Fx7Y,mgk - São Paulo,https://www.ticketmaster.com.br/event/mgk,2026-09-06,21:00:00,America/Sao_Paulo,onsale,mgk,K8vZ91784bf,Z5IMVHtnMZ61a,Espaço Unimed -  AVCB nº774465-Alvará de Funcionamento 2024/05734-00,,,SP,,BR,BR,-23.5306956,-46.6638359,Music,Rock,Pop,,,False,,,,,Ticketmaster Discovery API,2026,9,September,1,,,Rock,False,False
G5dVZ_dxV-S9k,Alberto Barros El Titan de la Salsa,https://www.ticketmaster.com.mx/alberto-barros-el-titan-de-la-ciudad-de-mexico-07-09-2026/event/3D006438B48735C6,2026-09-07,20:30:00,America/Mexico_City,onsale,Alberto Barros,K8vZ9179kx7,KovZpZA6EkkA,Auditorio Nacional,Ciudad de México,Ciudad de México,CDMX,Mexico,MX,MX,19.424648,-99.19484,Music,Latin,Latin,Undefined,Undefined,False,MONDIAL PRICE 1,,,,Ticketmaster Discovery API,2026,9,September,1,Ciudad de México,Ciudad de México,Latin,False,False
1Av8Z_aGkS0hmjW,Scorpions,https://www.ticketmaster.com.mx/scorpions-zapopan-07-09-2026/event/1400649CE46EE73D,2026-09-07,21:00:00,America/Mexico_City,onsale,Scorpions,K8vZ91712cf,KovZpZA6I7FA,Auditorio Telmex,Zapopan,Jalisco,JAL,Mexico,MX,MX,20.73324,-103.38112,Music,Rock,Pop,Undefined,Undefined,False,OCESA,,,,Ticketmaster Discovery API,2026,9,September,1,Zapopan,Jalisco,Rock,False,False
G5dVZ_A7OxE5f,Juntos,https://www.ticketmaster.com.mx/juntos-ciudad-de-mexico-08-09-2026/event/3D006451208A72D4,2026-09-08,20:30:00,America/Mexico_City,onsale,Jorge Medina y Josi Cuen - JUNTOS,K8vZ917qXe0,KovZpZA6EkkA,Auditorio Nacional,Ciudad de México,Ciudad de México,CDMX,Mexico,MX,MX,19.424648,-99.19484,Music,Latin,Latin,Undefined,Undefined,False,OCESA,,,,Ticketmaster Discovery API,2026,9,September,1,Ciudad de México,Ciudad de México,Latin,False,False
1AfZk3bGkdoOCvn,David Byrne Who is the sky tour,https://www.ticketmaster.com.mx/david-byrne-who-is-the-sky-zapopan-08-09-2026/event/14006498D180E06A,2026-09-08,21:00:00,America/Mexico_City,onsale,David Byrne,K8vZ91718R0,KovZpZA6I7FA,Auditorio Telmex,Zapopan,Jalisco,JAL,Mexico,MX,MX,20.73324,-103.38112,Music,Rock,Alternative Rock,Undefined,Undefined,False,OCESA,,,,Ticketmaster Discovery API,2026,9,September,1,Zapopan,Jalisco,Rock,False,False
ZFIMVHtnMZ17F4ZU,Maroon 5: Love Is Like World Tour - São Paulo,https://www.ticketmaster.com.br/event/venda-geral-maroon-5-sao-paulo,2026-09-08,20:30:00,America/Sao_Paulo,onsale,Maroon 5,K8vZ917544V,Z5IMVHtnMZaae,Allianz Parque,,,SP,,BR,BR,-23.5259385,-46.6789892,Music,Pop,Pop,,,False,,,,,Ticketmaster Discovery API,2026,9,September,1,,,Pop,False,False
1AfZkCkGkd4Yrvm,5 Seconds of Summer,https://www.ticketmaster.com.mx/5-seconds-of-summer-ciudad-de-mexico-09-09-2026/event/14006386D5C1E06E,2026-09-09,20:00:00,America/Mexico_City,onsale,5 Seconds of Summer,K8vZ9178oX0,KovZpZA77t6A,Palacio de los Deportes,Ciudad de México,Ciudad de México,CDMX,Mexico,MX,MX,19.40154080,-99.09806060,Music,Pop,Pop,Undefined,Undefined,False,OCESA,,,,Ticketmaster Discovery API,2026,9,September,1,Ciudad de México,Ciudad de México,Pop,False,False
1kAZvNx8GACP2Yb,5SOS - BITE THE APPLE UPGRADE (boleto de evento no inlcuido),https://www.ticketmaster.com.mx/5sos-bite-the-apple-upgrade-boleto-ciudad-de-mexico-09-09-2026/event/140063890E94FC18,2026-09-09,20:00:00,America/Mexico_City,onsale,5 Seconds of Summer,K8vZ9178oX0,KovZpZA77t6A,Palacio de los Deportes,Ciudad de México,Ciudad de México,CDMX,Mexico,MX,MX,19.40154080,-99.09806060,Music,Pop,Pop,Undefined,Undefined,False,MONDIAL PRICE 1,,,,Ticketmaster Discovery API,2026,9,September,1,Ciudad de México,Ciudad de México,Pop,False,False
G5dVZ_A7-H9uw,Juntos,https://www.ticketmaster.com.mx/juntos-ciudad-de-mexico-09-09-2026/event/3D00645121F17372,2026-09-09,20:30:00,America/Mexico_City,onsale,Jorge Medina y Josi Cuen - JUNTOS,K8vZ917qXe0,KovZpZA6EkkA,Auditorio Nacional,Ciudad de México,Ciudad de México,CDMX,Mexico,MX,MX,19.424648,-99.19484,Music,Latin,Latin,Undefined,Undefined,False,OCESA,,,,Ticketmaster Discovery API,2026,9,September,1,Ciudad de México,Ciudad de México,Latin,False,False
G5dVZ_5JNjV4B,Rod Stewart,https://www.ticketmaster.com.mx/rod-stewart-monterrey-09-09-2026/event/3D0064B9A373457A,2026-09-09,21:00:00,America/Mexico_City,onsale,Rod Stewart,K8vZ917135f,KovZpZAJna7A,Estadio Borregos,Monterrey,Nuevo León,NL,Mexico,MX,MX,25.65359730,-100.28543310,Music,Rock,Pop,Undefined,Undefined,False,MONDIAL PRICE 1,,,,Ticketmaster Discovery API,2026,9,September,1,Monterrey,Nuevo León,Rock,False,False
ZFIMVHtnMZ17F4ZM,Laufey: A Matter of Time Tour - The Final Shows,https://www.ticketmaster.com.br/event/vg-laufey,2026-09-09,21:00:00,America/Sao_Paulo,onsale,Laufey,K8vZ917_Qv0,Z5IMVHtnMZ61a,Espaço Unimed -  AVCB nº774465-Alvará de Funcionamento 2024/05734-00,,,SP,,BR,BR,-23.5306956,-46.6638359,Music,Jazz,Jazz,,,False,,,,,Ticketmaster Discovery API,2026,9,September,1,,,Jazz,False,False
G5dVZ_A7-H9uU,Juntos,https://www.ticketmaster.com.mx/juntos-ciudad-de-mexico-10-09-2026/event/3D00645121F17376,2026-09-10,20:30:00,America/Mexico_City,onsale,Jorge Medina y Josi Cuen - JUNTOS,K8vZ917qXe0,KovZpZA6EkkA,Auditorio Nacional,Ciudad de México,Ciudad de México,CDMX,Mexico,MX,MX,19.424648,-99.19484,Music,Latin,Latin,Undefined,Undefined,False,OCESA,,,,Ticketmaster Discovery API,2026,9,September,1,Ciudad de México,Ciudad de México,Latin,False,False
1av8Z_axK_fZdue5,Scorpions,https://www.ticketmaster.com.mx/scorpions-ciudad-de-mexico-10-09-2026/event/1400649893654C1A,2026-09-10,20:00:00,America/Mexico_City,onsale,Scorpions,K8vZ91712cf,KovZpZA77t6A,Palacio de los Deportes,Ciudad de México,Ciudad de México,CDMX,Mexico,MX,MX,19.40154080,-99.09806060,Music,Rock,Pop,Undefined,Undefined,False,OCESA,,,,Ticketmaster Discovery API,2026,9,September,1,Ciudad de México,Ciudad de México,Rock,False,False
16v8Z_axpG7cg59,David Byrne - Who is the Sky Tour  ,https://www.ticketmaster.com.mx/david-byrne-who-is-the-sky-monterrey-10-09-2026/event/1400649896B752D7,2026-09-10,21:00:00,America/Mexico_City,onsale,David Byrne,K8vZ91718R0,KovZpZAIln6A,Escenario GNP Seguros,Monterrey,Nuevo León,NL,Mexico,MX,MX,25.666135,-100.316726,Music,Rock,Alternative Rock,Undefined,Undefined,False,MONDIAL PRICE 1,,,,Ticketmaster Discovery API,2026,9,September,1,Monterrey,Nuevo León,Rock,False,False
G5dVZ_13E30PM,ERAUSO o la última increíble aventura de la monja Alférez.,https://www.ticketmaster.com.mx/erauso-o-la-ultima-increible-aventura-mexico-10-09-2026/event/3D0064A4A74A4977,2026-09-10,20:00:00,America/Mexico_City,onsale,,,KovZpZAEvvtA,TEATRO SERGIO MAGAÑA,México,Ciudad de México,CDMX,Mexico,MX,MX,19.44570730,-99.16066740,Music,Other,Other,Undefined,Undefined,False,MONDIAL PRICE 3,,,,Ticketmaster Discovery API,2026,9,September,1,Ciudad de México,Ciudad de México,Other,False,False
1Av8Z_dGkSft62v,La Bande-Son Imaginaire,https://www.ticketmaster.com.mx/la-bandeson-imaginaire-mexico-10-09-2026/event/1400643CD4A473C1,2026-09-10,20:30:00,America/Mexico_City,onsale,La bande-son imaginaire,K8vZ917r7HV,KovZpZAJllnA,Pepsi Center,México,Ciudad de México,CDMX,Mexico,MX,MX,19.39340970,-99.17581180,Music,Metal,Nu-Metal,Undefined,Undefined,False,OCESA,,,,Ticketmaster Discovery API,2026,9,September,1,Ciudad de México,Ciudad de México,Metal,False,False
G5dVZ_GCCz3R6,Maelo Ruiz & Willie González,https://www.ticketmaster.com.mx/maelo-ruiz-willie-gonzalez-mexico-10-09-2026/event/3D0064C38EE12BC7,2026-09-10,21:00:00,America/Mexico_City,onsale,"Willie González, Maelo Ruiz","K8vZ917Q0b7, K8vZ9178RF0",KovZpZAJllJA,Mambo Cafe Insurgentes,México,Ciudad de México,CDMX,Mexico,MX,MX,19.38312910,-99.17603300,Music,Latin,Latin,Undefined,Undefined,False,MONDIAL PRICE 1,,,,Ticketmaster Discovery API,2026,9,September,1,Ciudad de México,Ciudad de México,Latin,False,False
1AfZko3Gkemnn3l,Tan Biónica,https://www.ticketmaster.com.mx/tan-bionica-mexico-10-09-2026/event/14006452AEAAA4AB,2026-09-10,20:30:00,America/Mexico_City,onsale,Tan Biónica,K8vZ917jpJf,KovZpZA6JttA,Teatro Metropolitan,México,Ciudad de México,CDMX,Mexico,MX,MX,19.433457,-99.146811,Music,Rock,Pop,Undefined,Undefined,False,OCESA,,,,Ticketmaster Discovery API,2026,9,September,1,Ciudad de México,Ciudad de México,Rock,False,False
ZFIMVHtnMZ17FpZy,Maroon 5: Love Is Like World Tour - Salvador,https://www.ticketmaster.com.br/event/venda-geral-maroon-5-salvador,2026-09-10,21:00:00,America/Sao_Paulo,onsale,Maroon 5,K8vZ917544V,ZGIMVHtnMZevFk,Casa de Apostas Arena Fonte Nova,,,BA,,BR,BR,-12.97723,-38.5039171,Music,Pop,Pop,,,False,,,,,Ticketmaster Discovery API,2026,9,September,1,,,Pop,False,False
G5dVZ_GkVK0E1,Claudia Sierra presenta De despecho y de locura,https://www.ticketmaster.com.mx/claudia-sierra-presenta-de-despecho-y-ciudad-de-mexico-11-09-2026/event/3D0064C1B44E49CA,2026-09-11,21:30:00,America/Mexico_City,onsale,Claudia Sierra,K8vZ917hWX7,KovZ917AVGy,Foro Stelaris Fiesta Americana Reforma,Ciudad de México,Ciudad de México,CDMX,Mexico,MX,MX,19.43219600,-99.15473940,Music,Other,Other,Undefined,Undefined,False,MONDIAL PRICE 1,,,,Ticketmaster Discovery API,2026,9,September,1,Ciudad de México,Ciudad de México,Other,False,False
G5dVZ_A7-HMuz,Juntos,https://www.ticketmaster.com.mx/juntos-ciudad-de-mexico-11-09-2026/event/3D00645121F37378,2026-09-11,20:30:00,America/Mexico_City,onsale,Jorge Medina y Josi Cuen - JUNTOS,K8vZ917qXe0,KovZpZA6EkkA,Auditorio Nacional,Ciudad de México,Ciudad de México,CDMX,Mexico,MX,MX,19.424648,-99.19484,Music,Latin,Latin,Undefined,Undefined,False,OCESA,,,,Ticketmaster Discovery API,2026,9,September,1,Ciudad de México,Ciudad de México,Latin,False,False
1AfZkowGkdImmKd,aespa LIVE TOUR - SYNK : COMPLæXITY - in Mexico City,https://www.ticketmaster.com.mx/aespa-live-tour-synk-complxity-in-ciudad-de-mexico-11-09-2026/event/14006472E8BAE4C3,2026-09-11,20:00:00,America/Mexico_City,onsale,aespa,K8vZ917QQn7,KovZpZA77t6A,Palacio de los Deportes,Ciudad de México,Ciudad de México,CDMX,Mexico,MX,MX,19.40154080,-99.09806060,Music,Pop,K-Pop,Undefined,Undefined,False,OCESA,,,,Ticketmaster Discovery API,2026,9,September,1,Ciudad de México,Ciudad de México,Pop,False,False
G5dVZ_AEIYhBE,Pate De Fua,https://www.ticketmaster.com.mx/pate-de-fua-guadalajara-11-09-2026/event/3D006459E8C1BEA7,2026-09-11,20:30:00,America/Mexico_City,onsale,Pate De Fua,K8vZ917GPN7,KovZpZA6EFEA,Teatro Diana (GDL),Guadalajara,Jalisco,JAL,Mexico,MX,MX,20.665434,-103.349341,Music,Jazz,Jazz,Undefined,Undefined,False,OCESA,,,,Ticketmaster Discovery API,2026,9,September,1,Guadalajara,Jalisco,Jazz,False,False
1AfZk3FGkeyHhG0,Black Veil Brides,https://www.ticketmaster.com.mx/black-veil-brides-monterrey-11-09-2026/event/14006488B9F1B324,2026-09-11,21:00:00,America/Mexico_City,onsale,Black Veil Brides,K8vZ917GJC0,KovZpZAIln6A,Escenario GNP Seguros,Monterrey,Nuevo León,NL,Mexico,MX,MX,25.666135,-100.316726,Music,Metal,Nu-Metal,Undefined,Undefined,False,MONDIAL PRICE 1,,,,Ticketmaster Discovery API,2026,9,September,1,Monterrey,Nuevo León,Metal,False,False
G5dVZ_13VhgLO,ERAUSO o la última increíble aventura de la monja Alférez.,https://www.ticketmaster.com.mx/erauso-o-la-ultima-increible-aventura-mexico-11-09-2026/event/3D0064A4B46F57E0,2026-09-11,20:00:00,America/Mexico_City,onsale,,,KovZpZAEvvtA,TEATRO SERGIO MAGAÑA,México,Ciudad de México,CDMX,Mexico,MX,MX,19.44570730,-99.16066740,Music,Other,Other,Undefined,Undefined,False,MONDIAL PRICE 3,,,,Ticketmaster Discovery API,2026,9,September,1,Ciudad de México,Ciudad de México,Other,False,False
17AZv0G61kUHl9X,Nach,https://www.ticketmaster.com.mx/nach-mexico-11-09-2026/event/140064A1B6F2B5FE,2026-09-11,20:30:00,America/Mexico_City,onsale,Nach,K8vZ917G0s0,KovZpZAJllnA,Pepsi Center,México,Ciudad de México,CDMX,Mexico,MX,MX,19.39340970,-99.17581180,Music,Hip-Hop/Rap,Trap,Undefined,Undefined,False,OCESA,,,,Ticketmaster Discovery API,2026,9,September,1,Ciudad de México,Ciudad de México,Hip-Hop/Rap,False,False
1Av8Z_6GkwwelfE,Rosy Arango Por Primera Vez en Cdmx ¡Ven a Jugar Lotería! México ,https://www.ticketmaster.com.mx/rosy-arango-por-primera-vez-en-mexico-11-09-2026/event/1400647CB20AB527,2026-09-11,20:30:00,America/Mexico_City,onsale,Rosy Arango,K8vZ917_WAV,KovZpZA6JttA,Teatro Metropolitan,México,Ciudad de México,CDMX,Mexico,MX,MX,19.433457,-99.146811,Music,Latin,Latin,Undefined,Undefined,False,OCESA,,,,Ticketmaster Discovery API,2026,9,September,1,Ciudad de México,Ciudad de México,Latin,False,False
G5dVZ_am7IZD4,TrendLine,https://www.ticketmaster.com.mx/trendline-mexico-11-09-2026/event/3D00649B84A00ED5,2026-09-11,21:00:00,America/Mexico_City,onsale,TrendLine,K8vZ917hx67,KovZ917A8z0,Foro Red Access,México,Ciudad de México,CDMX,Mexico,MX,MX,19.35677,-99.163341,Music,Ballads/Romantic,Ballads/Romantic,Undefined,Undefined,False,MONDIAL PRICE 1,,,,Ticketmaster Discovery API,2026,9,September,1,Ciudad de México,Ciudad de México,Ballads/Romantic,False,False
1AfZkCAGkeiUqoO,5 Seconds of Summer,https://www.ticketmaster.com.mx/5-seconds-of-summer-zapopan-11-09-2026/event/14006385ACD9D460,2026-09-11,21:00:00,America/Mexico_City,onsale,5 Seconds of Summer,K8vZ9178oX0,KovZpZA6I7FA,Auditorio Telmex,Zapopan,Jalisco,JAL,Mexico,MX,MX,20.73324,-103.38112,Music,Pop,Pop,Undefined,Undefined,False,OCESA,,,,Ticketmaster Discovery API,2026,9,September,1,Zapopan,Jalisco,Pop,False,False
16v8Zbz08G7T-sy,5SOS - BITE THE APPLE UPGRADE (boleto de evento no inlcuido),https://www.ticketmaster.com.mx/5sos-bite-the-apple-upgrade-boleto-zapopan-11-09-2026/event/1400638910FE1C79,2026-09-11,21:00:00,America/Mexico_City,onsale,5 Seconds of Summer,K8vZ9178oX0,KovZpZA6I7FA,Auditorio Telmex,Zapopan,Jalisco,JAL,Mexico,MX,MX,20.73324,-103.38112,Music,Pop,Pop,Undefined,Undefined,False,MONDIAL PRICE 1,,,,Ticketmaster Discovery API,2026,9,September,1,Zapopan,Jalisco,Pop,False,False
G5dVZ_5hbO_3V,Rod Stewart,https://www.ticketmaster.com.mx/rod-stewart-zapopan-11-09-2026/event/3D0064B6D88194B4,2026-09-11,21:00:00,America/Mexico_City,onsale,Rod Stewart,K8vZ917135f,KovZpZA6JnFA,Coliseo GNP Seguros,Zapopan,Jalisco,JAL,Mexico,MX,MX,20.693768,-103.416177,Music,Rock,Pop,Undefined,Undefined,False,OCESA,,,,Ticketmaster Discovery API,2026,9,September,1,Zapopan,Jalisco,Rock,False,False
ZFIMVHtnMZ17F349,Elton John Diamonds - Teatro Ruth Escobar,https://www.ticketmaster.com.br/event/elton-john-diamonds-teatro-ruth-escobar,2026-09-11,21:00:00,America/Sao_Paulo,onsale,,Z5uMVHtnMZkFa,ZGIMVHtnMZdeaA,Teatro Ruth Escobar,,,SP,,BR,BR,-23.5597676,-46.6467362,Music,World,World,,,False,,,,,Ticketmaster Discovery API,2026,9,September,1,,,World,False,False
ZFIMVHtnMZ17A6xk,Rock in Rio 2026,https://www.ticketmaster.com.br/event/rockinrio,2026-09-11,12:00:00,America/Sao_Paulo,onsale,"Rock In Rio, Stray Kids, ALOK, Jamiroquai","K8vZ9172rTf, K8vZ9179Vpf, K8vZ917_-x7, K8vZ9171hN7",Z5IMVHtnMZ1Ad,Cidade do Rock,,,RJ,,BR,BR,-22.9758531,-43.4058787,Music,Undefined,Undefined,,,False,,,,,Ticketmaster Discovery API,2026,9,September,1,,,Sin clasificar,False,False
ZFIMVHtnMZ17Fb7F,Zé Ramalho - Cine Lido,https://www.ticketmaster.com.br/event/ze-ramalho-cine-lido,2026-09-11,22:00:00,America/Sao_Paulo,onsale,Zé Ramalho,K8vZ917qCs0,ZGIMVHtnMZdd61,Cine Lido,,,PR,,BR,BR,-25.4297578,-49.2690632,Music,World,Brazil,,,False,,,,,Ticketmaster Discovery API,2026,9,September,1,,,World,False,False
1AfZko_GkesMF9V,Laufey: A Matter of Time Tour: The Final Shows,https://www.ticketmaster.com.mx/laufey-a-matter-of-time-tour-ciudad-de-mexico-12-09-2026/event/14006459B1DC85F4,2026-09-12,20:00:00,America/Mexico_City,onsale,Laufey,K8vZ917_Qv0,KovZpZA77t6A,Palacio de los Deportes,Ciudad de México,Ciudad de México,CDMX,Mexico,MX,MX,19.40154080,-99.09806060,Music,Jazz,Jazz,Undefined,Undefined,False,MONDIAL PRICE 1,,,,Ticketmaster Discovery API,2026,9,September,1,Ciudad de México,Ciudad de México,Jazz,False,False
G5dVZ_1weA-zS,Natt Calma,https://www.ticketmaster.com.mx/natt-calma-ciudad-de-mexico-12-09-2026/event/3D0064AC82161E33,2026-09-12,21:00:00,America/Mexico_City,cancelled,Natt Calma,K8vZ917O1Z7,KovZpZA6EtdA,El Lunario del Auditorio Nacional,Ciudad de México,Ciudad de México,CDMX,Mexico,MX,MX,19.424682,-99.1954,Music,R&B,R&B,Undefined,Undefined,False,OCESA,,,,Ticketmaster Discovery API,2026,9,September,1,Ciudad de México,Ciudad de México,R&B,False,False
G5dVZ_upfCoUM,Visceral x Drama Theme - Solo Cadaver & Geassassin,https://www.ticketmaster.com.mx/visceral-x-drama-theme-solo-cadaver-col-centro-monterrey-12-09-2026/event/3D0064D594391DB7,2026-09-12,21:00:00,America/Mexico_City,onsale,,,KovZpZAEvelA,Foro Corona Monterrey,Col. Centro Monterrey,Nuevo León,NL,Mexico,MX,MX,25.66646204,-100.31681661,Music,R&B,R&B,Undefined,Undefined,False,MONDIAL PRICE 1,,,,Ticketmaster Discovery API,2026,9,September,1,Monterrey,Nuevo León,R&B,False,False
1AfZkCAGkd4sIKq,5 Seconds of Summer,https://www.ticketmaster.com.mx/5-seconds-of-summer-monterrey-12-09-2026/event/14006385D5C684DD,2026-09-12,21:00:00,America/Mexico_City,onsale,5 Seconds of Summer,K8vZ9178oX0,KovZpZAJt1kA,Auditorio Banamex,Monterrey,Nuevo León,NL,Mexico,MX,MX,25.67765795,-100.28085777,Music,Pop,Pop,Undefined,Undefined,False,OCESA,,,,Ticketmaster Discovery API,2026,9,September,1,Monterrey,Nuevo León,Pop,False,False
15v8Zbz0p1789,5SOS - BITE THE APPLE UPGRADE (boleto de evento no inlcuido),https://www.ticketmaster.com.mx/5sos-bite-the-apple-upgrade-boleto-monterrey-12-09-2026/event/1400638916284417,2026-09-12,21:00:00,America/Mexico_City,onsale,5 Seconds of Summer,K8vZ9178oX0,KovZpZAJt1kA,Auditorio Banamex,Monterrey,Nuevo León,NL,Mexico,MX,MX,25.67765795,-100.28085777,Music,Pop,Pop,Undefined,Undefined,False,MONDIAL PRICE 1,,,,Ticketmaster Discovery API,2026,9,September,1,Monterrey,Nuevo León,Pop,False,False
1Av8ZbwGkgXHOLr,Whiplash In Concert,https://www.ticketmaster.com.mx/whiplash-in-concert-monterrey-12-09-2026/event/1400632D7EF207DE,2026-09-12,20:00:00,America/Mexico_City,onsale,Whiplash,K8vZ917CDzf,KovZpZAIln6A,Escenario GNP Seguros,Monterrey,Nuevo León,NL,Mexico,MX,MX,25.666135,-100.316726,Music,Undefined,Undefined,Group,Tribute Band,False,MONDIAL PRICE 1,,,,Ticketmaster Discovery API,2026,9,September,1,Monterrey,Nuevo León,Sin clasificar,False,False
1AfZkuUGkemOdVL,Abono Banamex Plus 2 Días Vans Warped Tour 2026,https://www.ticketmaster.com.mx/abono-banamex-plus-2-dias-vans-mexico-12-09-2026/event/14006376AE803D1F,2026-09-12,,America/Mexico_City,onsale,Vans Warped Tour,K8vZ91714h7,KovZpZA6JlaA,Autodromo Hnos. Rodriguez,México,Ciudad de México,CDMX,Mexico,MX,MX,19.402829,-99.089247,Music,Undefined,Undefined,Event Style,Festival,False,OCESA,,,,Ticketmaster Discovery API,2026,9,September,1,Ciudad de México,Ciudad de México,Sin clasificar,True,False
1AfZkuUGkeiPx9z,Abono General 2 Días Vans Warped Tour 2026,https://www.ticketmaster.com.mx/abono-general-2-dias-vans-warped-mexico-12-09-2026/event/14006376AC9625F8,2026-09-12,,America/Mexico_City,onsale,Vans Warped Tour,K8vZ91714h7,KovZpZA6JlaA,Autodromo Hnos. Rodriguez,México,Ciudad de México,CDMX,Mexico,MX,MX,19.402829,-99.089247,Music,Undefined,Undefined,Event Style,Festival,False,OCESA,,,,Ticketmaster Discovery API,2026,9,September,1,Ciudad de México,Ciudad de México,Sin clasificar,True,False
G5dVZ_G1JMfaq,Angelo Diep 'Revolution Tour',https://www.ticketmaster.com.mx/angelo-diep-revolution-tour-mexico-12-09-2026/event/3D0064C2A6DD425D,2026-09-12,21:30:00,America/Mexico_City,onsale,Angelo Diep,K8vZ917j2Kf,KovZpZA7AJ6A,La Maraka,México,Ciudad de México,CDMX,Mexico,MX,MX,19.38651080,-99.16317750,Music,Ballads/Romantic,Ballads/Romantic,Undefined,Undefined,False,MONDIAL PRICE 3,,,,Ticketmaster Discovery API,2026,9,September,1,Ciudad de México,Ciudad de México,Ballads/Romantic,False,False
17AZv0G65eYfiVd,INSPECTOR: Only Fans,https://www.ticketmaster.com.mx/inspector-only-fans-mexico-12-09-2026/event/140064B0B052CD03,2026-09-12,20:30:00,America/Mexico_City,onsale,Inspector,K8vZ917hJO7,KovZpZAJllnA,Pepsi Center,México,Ciudad de México,CDMX,Mexico,MX,MX,19.39340970,-99.17581180,Music,Latin,Latin,Undefined,Undefined,False,MONDIAL PRICE 1,,,,Ticketmaster Discovery API,2026,9,September,1,Ciudad de México,Ciudad de México,Latin,False,False
1AfZkCAGkeIyjQ_,La Santa Cecilia,https://www.ticketmaster.com.mx/la-santa-cecilia-mexico-12-09-2026/event/14006385A8E5C699,2026-09-12,20:00:00,America/Mexico_City,onsale,La Santa Cecilia,K8vZ917C_A0,KovZpZA6JttA,Teatro Metropolitan,México,Ciudad de México,CDMX,Mexico,MX,MX,19.433457,-99.146811,Music,Latin,Latin,Undefined,Undefined,False,OCESA,,,,Ticketmaster Discovery API,2026,9,September,1,Ciudad de México,Ciudad de México,Latin,False,False
17AZv0G6GCZTxqP,Lagos,https://www.ticketmaster.com.mx/lagos-mexico-12-09-2026/event/140064C380FE2765,2026-09-12,21:00:00,America/Mexico_City,onsale,LAGOS,K8vZ917hFRV,KovZpZAEvvIA,Auditorio BB,México,Ciudad de México,CDMX,Mexico,MX,MX,19.40806960,-99.16787720,Music,Ballads/Romantic,Ballads/Romantic,Undefined,Undefined,False,OCESA,,,,Ticketmaster Discovery API,2026,9,September,1,Ciudad de México,Ciudad de México,Ballads/Romantic,False,False
G5dVZ_FnTjgC8,Black Veil Brides,https://www.ticketmaster.com.mx/black-veil-brides-zapopan-12-09-2026/event/3D00648ABF735390,2026-09-12,20:00:00,America/Mexico_City,onsale,Black Veil Brides,K8vZ917GJC0,KovZpZA6IedA,Teatro Estudio Cavaret,Zapopan,Jalisco,JAL,Mexico,MX,MX,20.736739,-103.378417,Music,Metal,Nu-Metal,Undefined,Undefined,False,OCESA,,,,Ticketmaster Discovery API,2026,9,September,1,Zapopan,Jalisco,Metal,False,False
ZFIMVHtnMZ17kAoM,Arcangel La 8va Maravilla World Tour,https://www.ticketmaster.pe/event/arcangel-la-8va-maravilla-world-tour-home,2026-09-12,21:00:00,America/Lima,onsale,Arcángel,K8vZ917okqf,Z5IMVHtnMZFF1,Estadio San Marcos,,,LIM,,PE,PE,-12.0550642,-77.0823504,Music,Hip-Hop/Rap,Reggaeton,,,False,,,,,Ticketmaster Discovery API,2026,9,September,1,,,Hip-Hop/Rap,False,False
ZFIMVHtnMZ17FFF7,"Pandora ""40 Años""",https://www.ticketmaster.pe/event/pandora-40-anios,2026-09-12,21:00:00,America/Lima,onsale,Pandora,K8vZ917orZ0,ZGIMVHtnMZd7ke,Explanada Parque de la Exposición,,,LIM,,PE,PE,-12.062327723007664,-77.0365271338379,Music,World,Latin,,,False,,,,,Ticketmaster Discovery API,2026,9,September,1,,,World,False,False
ZFIMVHtnMZ17kKfS,Revelação & Xande de Pilares - Curitiba,https://www.ticketmaster.com.br/event/revelacao-xande-de-pilares-curitiba,2026-09-12,20:00:00,America/Sao_Paulo,onsale,Xande De Pilares,"K8vZ917bQs7, Z5uMVHtnMZAee",ZGIMVHtnMZeeev,Pedreira Paulo Leminski,,,PR,,BR,BR,-25.387682,-49.2687985,Music,Other,Other,,,False,,,,,Ticketmaster Discovery API,2026,9,September,1,,,Other,False,False
ZFIMVHtnMZ17A6x6,Rock in Rio 2026,https://www.ticketmaster.com.br/event/rockinrio,2026-09-12,12:00:00,America/Sao_Paulo,onsale,"Rock In Rio, Maroon 5, Demi Lovato, J Balvin, Mumford & Sons","K8vZ9172rTf, K8vZ917544V, K8vZ917G47f, K8vZ917oIlV, K8vZ917GuKV",Z5IMVHtnMZ1Ad,Cidade do Rock,,,RJ,,BR,BR,-22.9758531,-43.4058787,Music,Undefined,Undefined,,,False,,,,,Ticketmaster Discovery API,2026,9,September,1,,,Sin clasificar,False,False
ZFIMVHtnMZ17kK7s,Tiago Iorc - Curitiba,https://www.ticketmaster.com.br/event/tiago-iorc-curitiba,2026-09-12,22:00:00,America/Sao_Paulo,onsale,Tiago Iorc,K8vZ917j2z0,ZGIMVHtnMZdd61,Cine Lido,,,PR,,BR,BR,-25.4297578,-49.2690632,Music,Pop,Brazilian Pop,,,False,,,,,Ticketmaster Discovery API,2026,9,September,1,,,Pop,False,False
G5dVZ_Fxl3NBX,Los Vaguens,https://www.ticketmaster.com.mx/los-vaguens-ciudad-de-mexico-13-09-2026/event/3D006488AB4A3EBE,2026-09-13,19:00:00,America/Mexico_City,onsale,Los Vaguens,K8vZ917r1pf,KovZpZA6EtdA,El Lunario del Auditorio Nacional,Ciudad de México,Ciudad de México,CDMX,Mexico,MX,MX,19.424682,-99.1954,Music,Rock,Alternative Rock,Undefined,Undefined,False,MONDIAL PRICE 1,,,,Ticketmaster Discovery API,2026,9,September,1,Ciudad de México,Ciudad de México,Rock,False,False
G5dVZ_FNPhU61,Los Vaguens VIP+Meet&Greet,https://www.ticketmaster.com.mx/los-vaguens-vipmeetgreet-ciudad-de-mexico-13-09-2026/event/3D006488E56F61CA,2026-09-13,19:00:00,America/Mexico_City,onsale,Los Vaguens,K8vZ917r1pf,KovZpZA6EtdA,El Lunario del Auditorio Nacional,Ciudad de México,Ciudad de México,CDMX,Mexico,MX,MX,19.424682,-99.1954,Music,Rock,Alternative Rock,Undefined,Undefined,False,MONDIAL PRICE 1,,,,Ticketmaster Discovery API,2026,9,September,1,Ciudad de México,Ciudad de México,Rock,False,False
17AZv0G65QwQ13v,Rod Stewart,https://www.ticketmaster.com.mx/rod-stewart-ciudad-de-mexico-13-09-2026/event/140064B6B268A481,2026-09-13,19:00:00,America/Mexico_City,onsale,Rod Stewart,K8vZ917135f,KovZpZA77t6A,Palacio de los Deportes,Ciudad de México,Ciudad de México,CDMX,Mexico,MX,MX,19.40154080,-99.09806060,Music,Rock,Pop,Undefined,Undefined,False,OCESA,,,,Ticketmaster Discovery API,2026,9,September,1,Ciudad de México,Ciudad de México,Rock,False,False
17AZv0G61Qs2hSa,Scorpions,https://www.ticketmaster.com.mx/scorpions-monterrey-13-09-2026/event/140064A6B13DBCC9,2026-09-13,20:00:00,America/Mexico_City,onsale,Scorpions,K8vZ91712cf,KovZpZAJt1kA,Auditorio Banamex,Monterrey,Nuevo León,NL,Mexico,MX,MX,25.67765795,-100.28085777,Music,Rock,Pop,Undefined,Undefined,False,OCESA,,,,Ticketmaster Discovery API,2026,9,September,1,Monterrey,Nuevo León,Rock,False,False
ZFIMVHtnMZ17A6xF,Rock in Rio 2026,https://www.ticketmaster.com.br/event/rockinrio,2026-09-13,12:00:00,America/Sao_Paulo,onsale,"Rock In Rio, Twenty One Pilots, Zara Larsson, Halsey, Lola Young","K8vZ9172rTf, K8vZ917ukw7, K8vZ917otRV, K8vZ9173YE7, K8vZ917_Njf",Z5IMVHtnMZ1Ad,Cidade do Rock,,,RJ,,BR,BR,-22.9758531,-43.4058787,Music,Undefined,Undefined,,,False,,,,,Ticketmaster Discovery API,2026,9,September,1,,,Sin clasificar,False,False
G5dVZ_5MmBlbM,Virus,https://www.ticketmaster.com.mx/virus-ciudad-de-mexico-14-09-2026/event/3D0064BDEEEAB637,2026-09-14,20:30:00,America/Mexico_City,onsale,Virus,K8vZ917fYDf,KovZpZA6EtdA,El Lunario del Auditorio Nacional,Ciudad de México,Ciudad de México,CDMX,Mexico,MX,MX,19.424682,-99.1954,Music,Metal,Nu-Metal,Undefined,Undefined,False,OCESA,,,,Ticketmaster Discovery API,2026,9,September,1,Ciudad de México,Ciudad de México,Metal,False,False
G5dVZ_GNIu75w,Orquesta Típica García Blanco presenta: ¡Esto es México!,https://www.ticketmaster.com.mx/orquesta-tipica-garcia-blanco-presenta-esto-mexico-15-09-2026/event/3D0064C8E83442F2,2026-09-15,19:00:00,America/Mexico_City,onsale,,,KovZpZA6EkIA,Teatro de la Ciudad Esperanza Iris,Mexico,Ciudad de México,CDMX,Mexico,MX,MX,19.43669360,-99.13943750,Music,Hip-Hop/Rap,Reggaeton,Undefined,Undefined,False,MONDIAL PRICE 1,,,,Ticketmaster Discovery API,2026,9,September,1,Ciudad de México,Ciudad de México,Hip-Hop/Rap,False,False
17AZv0G61QdHffu,wave to earth - the pieces tour,https://www.ticketmaster.com.mx/wave-to-earth-the-pieces-tour-mexico-15-09-2026/event/140064A683F1450D,2026-09-15,20:15:00,America/Mexico_City,onsale,Wave To Earth,K8vZ917h9Jf,KovZpZAJllnA,Pepsi Center,México,Ciudad de México,CDMX,Mexico,MX,MX,19.39340970,-99.17581180,Music,Pop,Pop,Undefined,Undefined,False,OCESA,,,,Ticketmaster Discovery API,2026,9,September,1,Ciudad de México,Ciudad de México,Pop,False,False
ZFIMVHtnMZ17F4vv,Demi Lovato: It's Not That Deep,https://www.ticketmaster.com.br/event/demi-lovato-venda-geral,2026-09-15,21:00:00,America/Sao_Paulo,onsale,Demi Lovato,K8vZ917G47f,ZGIMVHtnMZeFaa,Suhai Music Hall,,,SP,,BR,BR,-23.6761714,-46.6992381,Music,Pop,Pop,,,False,,,,,Ticketmaster Discovery API,2026,9,September,1,,,Pop,False,False
ZFIMVHtnMZ17Fp74,Demi Lovato: It's Not That Deep,https://www.ticketmaster.com.br/event/demi-lovato-venda-geral,2026-09-16,21:00:00,America/Sao_Paulo,onsale,Demi Lovato,K8vZ917G47f,ZGIMVHtnMZeFaa,Suhai Music Hall,,,SP,,BR,BR,-23.6761714,-46.6992381,Music,Pop,Pop,,,False,,,,,Ticketmaster Discovery API,2026,9,September,1,,,Pop,False,False
G5dVZ_AKKkPEd,Juntos,https://www.ticketmaster.com.mx/juntos-ciudad-de-mexico-17-09-2026/event/3D006454D31A59C3,2026-09-17,20:30:00,America/Mexico_City,onsale,Jorge Medina y Josi Cuen - JUNTOS,K8vZ917qXe0,KovZpZA6EkkA,Auditorio Nacional,Ciudad de México,Ciudad de México,CDMX,Mexico,MX,MX,19.424648,-99.19484,Music,Latin,Latin,Undefined,Undefined,False,OCESA,,,,Ticketmaster Discovery API,2026,9,September,1,Ciudad de México,Ciudad de México,Latin,False,False
G5dVZ_6rCdK4R,Anuel AA,https://www.ticketmaster.com.mx/anuel-aa-monterrey-17-09-2026/event/3D0064778E0D356F,2026-09-17,21:00:00,America/Mexico_City,onsale,Anuel AA,K8vZ9179r_f,KovZpZAJna7A,Estadio Borregos,Monterrey,Nuevo León,NL,Mexico,MX,MX,25.65359730,-100.28543310,Music,Hip-Hop/Rap,Trap,Undefined,Undefined,False,MONDIAL PRICE 1,,,,Ticketmaster Discovery API,2026,9,September,1,Monterrey,Nuevo León,Hip-Hop/Rap,False,False
1AfZkoVGkda-1NX,Ana Torroja,https://www.ticketmaster.com.mx/ana-torroja-mexico-17-09-2026/event/14006474C984A8FE,2026-09-17,21:00:00,America/Mexico_City,onsale,Ana Torroja,K8vZ917KmR7,KovZpZA6JttA,Teatro Metropolitan,México,Ciudad de México,CDMX,Mexico,MX,MX,19.433457,-99.146811,Music,Ballads/Romantic,Ballads/Romantic,Undefined,Undefined,False,OCESA,,,,Ticketmaster Discovery API,2026,9,September,1,Ciudad de México,Ciudad de México,Ballads/Romantic,False,False
1Av8Z_AGkn14S4T,Reyno,https://www.ticketmaster.com.mx/reyno-mexico-17-09-2026/event/1400645A8A57357F,2026-09-17,20:00:00,America/Mexico_City,onsale,Reyno,K8vZ9179g9f,KovZpZAJllnA,Pepsi Center,México,Ciudad de México,CDMX,Mexico,MX,MX,19.39340970,-99.17581180,Music,Latin,Latin,Undefined,Undefined,False,MONDIAL PRICE 1,,,,Ticketmaster Discovery API,2026,9,September,1,Ciudad de México,Ciudad de México,Latin,False,False
G5dVZ_7k-dxEV,Young Miko - Late Checkout Tour,https://www.ticketmaster.com.mx/young-miko-late-checkout-tour-tlajomulco-de-zuniga-17-09-2026/event/3D006441A10E29F4,2026-09-17,21:00:00,America/Mexico_City,onsale,Young Miko,K8vZ917hET7,KovZpZA6El6A,Arena VFG,Tlajomulco de Zuñiga,Jalisco,JAL,Mexico,MX,MX,20.467193,-103.263489,Music,Latin,Latin,Undefined,Undefined,False,OCESA,,,,Ticketmaster Discovery API,2026,9,September,1,Tlajomulco de Zuñiga,Jalisco,Latin,False,False
G5dVZ_G5veATo,LAGOS,https://www.ticketmaster.com.mx/lagos-zapopan-17-09-2026/event/3D0064C2C1085FD1,2026-09-17,21:00:00,America/Mexico_City,onsale,LAGOS,K8vZ917hFRV,KovZpZA6IedA,Teatro Estudio Cavaret,Zapopan,Jalisco,JAL,Mexico,MX,MX,20.736739,-103.378417,Music,Ballads/Romantic,Ballads/Romantic,Undefined,Undefined,False,OCESA,,,,Ticketmaster Discovery API,2026,9,September,1,Zapopan,Jalisco,Ballads/Romantic,False,False
17AZv0G61pvxK89,Nach,https://www.ticketmaster.com.mx/nach-zapopan-17-09-2026/event/140064A581893417,2026-09-17,21:00:00,America/Mexico_City,onsale,Nach,K8vZ917G0s0,KovZpZA6I7FA,Auditorio Telmex,Zapopan,Jalisco,JAL,Mexico,MX,MX,20.73324,-103.38112,Music,Hip-Hop/Rap,Trap,Undefined,Undefined,False,OCESA,,,,Ticketmaster Discovery API,2026,9,September,1,Zapopan,Jalisco,Hip-Hop/Rap,False,False
ZFIMVHtnMZ17FFos,Yami Safdie - Querida Yo Tour,https://www.ticketmaster.pe/event/yami-safdie-querida-yo-tour-home,2026-09-17,21:00:00,America/Lima,onsale,Yami Safdie,K8vZ917jR8f,Z5IMVHtnMZ1F7,Centro de Convenciones Barranco,,,LIM,,PE,PE,-12.140243133307788,-77.01759936074791,Music,Hip-Hop/Rap,Reggaeton,,,False,,,,,Ticketmaster Discovery API,2026,9,September,1,,,Hip-Hop/Rap,False,False
G5dVZ_km3isyQ,Bengala 20 Años,https://www.ticketmaster.com.mx/bengala-20-anos-ciudad-de-mexico-18-09-2026/event/3D00646B92B31E5A,2026-09-18,20:30:00,America/Mexico_City,onsale,Bengala,K8vZ9179ck0,KovZpZA6EtdA,El Lunario del Auditorio Nacional,Ciudad de México,Ciudad de México,CDMX,Mexico,MX,MX,19.424682,-99.1954,Music,Rock,Pop,Undefined,Undefined,False,OCESA,,,,Ticketmaster Discovery API,2026,9,September,1,Ciudad de México,Ciudad de México,Rock,False,False
G5dVZ_AK4ZAiH,Juntos,https://www.ticketmaster.com.mx/juntos-ciudad-de-mexico-18-09-2026/event/3D006454D5005B3C,2026-09-18,20:30:00,America/Mexico_City,onsale,Jorge Medina y Josi Cuen - JUNTOS,K8vZ917qXe0,KovZpZA6EkkA,Auditorio Nacional,Ciudad de México,Ciudad de México,CDMX,Mexico,MX,MX,19.424648,-99.19484,Music,Latin,Latin,Undefined,Undefined,False,OCESA,,,,Ticketmaster Discovery API,2026,9,September,1,Ciudad de México,Ciudad de México,Latin,False,False
16v8Z_aeoG7m45Y,Bratty,https://www.ticketmaster.com.mx/bratty-mexico-18-09-2026/event/1400649091B952F0,2026-09-18,20:30:00,America/Mexico_City,onsale,Bratty,K8vZ917QTW0,KovZpZA6JttA,Teatro Metropolitan,México,Ciudad de México,CDMX,Mexico,MX,MX,19.433457,-99.146811,Music,Pop,Pop,Undefined,Undefined,False,OCESA,,,,Ticketmaster Discovery API,2026,9,September,1,Ciudad de México,Ciudad de México,Pop,False,False
G5dVZ_GU5E-IM,Heavy Nopal 'Tributo a Rockdrigo González',https://www.ticketmaster.com.mx/heavy-nopal-tributo-a-rockdrigo-gonzalez-mexico-18-09-2026/event/3D0064CD8B9E1A37,2026-09-18,21:30:00,America/Mexico_City,onsale,Heavy Nopal,K8vZ917uCnf,KovZpZA7AJ6A,La Maraka,México,Ciudad de México,CDMX,Mexico,MX,MX,19.38651080,-99.16317750,Music,Latin,Latin,Undefined,Undefined,False,MONDIAL PRICE 1,,,,Ticketmaster Discovery API,2026,9,September,1,Ciudad de México,Ciudad de México,Latin,False,False
1Av8Z_aGkBz0Wjg,I Am Hardstyle,https://www.ticketmaster.com.mx/i-am-hardstyle-mexico-18-09-2026/event/1400649EB893D735,2026-09-18,20:30:00,America/Mexico_City,onsale,I Am Hardstyle,K8vZ917bWZf,KovZpZAJtkJA,Pabellón del Palacio de los Deportes,México,Ciudad de México,CDMX,Mexico,MX,MX,19.40154080,-99.09806060,Music,Pop,Electro Pop,Undefined,Undefined,False,OCESA,,,,Ticketmaster Discovery API,2026,9,September,1,Ciudad de México,Ciudad de México,Pop,False,False
G5dVZby6FRVeJ,Charles Ans,https://www.ticketmaster.com.mx/charles-ans-zapopan-18-09-2026/event/3D006391C8BF40A6,2026-09-18,21:00:00,America/Mexico_City,onsale,Charles Ans,K8vZ917QxB7,KovZpZA6IedA,Teatro Estudio Cavaret,Zapopan,Jalisco,JAL,Mexico,MX,MX,20.736739,-103.378417,Music,Hip-Hop/Rap,Trap,Undefined,Undefined,False,OCESA,,,,Ticketmaster Discovery API,2026,9,September,1,Zapopan,Jalisco,Hip-Hop/Rap,False,False
1kAZv0_FGAuuxgx,Myke Towers,https://www.ticketmaster.com.mx/myke-towers-zapopan-18-09-2026/event/140064648D362D62,2026-09-18,21:00:00,America/Mexico_City,onsale,Myke Towers,K8vZ917bvff,KovZpZA6I7FA,Auditorio Telmex,Zapopan,Jalisco,JAL,Mexico,MX,MX,20.73324,-103.38112,Music,Hip-Hop/Rap,Trap,Undefined,Undefined,False,OCESA,,,,Ticketmaster Discovery API,2026,9,September,1,Zapopan,Jalisco,Hip-Hop/Rap,False,False
ZFIMVHtnMZ17AK_e,5 Seconds Of Summer: Everyone's A Star World Tour - São Paulo,https://www.ticketmaster.com.br/event/5-seconds-of-summer-sao-paulo-venda-geral,2026-09-18,21:00:00,America/Sao_Paulo,onsale,5 Seconds of Summer,K8vZ9178oX0,ZGIMVHtnMZeFaa,Suhai Music Hall,,,SP,,BR,BR,-23.6761714,-46.6992381,Music,Pop,Pop,,,False,,,,,Ticketmaster Discovery API,2026,9,September,1,,,Pop,False,False
ZFIMVHtnMZ17F34b,Elton John Diamonds - Teatro Ruth Escobar,https://www.ticketmaster.com.br/event/elton-john-diamonds-teatro-ruth-escobar,2026-09-18,21:00:00,America/Sao_Paulo,onsale,,Z5uMVHtnMZkFa,ZGIMVHtnMZdeaA,Teatro Ruth Escobar,,,SP,,BR,BR,-23.5597676,-46.6467362,Music,World,World,,,False,,,,,Ticketmaster Discovery API,2026,9,September,1,,,World,False,False
G5dVZ_de1ZotB,Bengala 20 Años,https://www.ticketmaster.com.mx/bengala-20-anos-ciudad-de-mexico-19-09-2026/event/3D0064308A011A7A,2026-09-19,20:00:00,America/Mexico_City,onsale,Bengala,K8vZ9179ck0,KovZpZA6EtdA,El Lunario del Auditorio Nacional,Ciudad de México,Ciudad de México,CDMX,Mexico,MX,MX,19.424682,-99.1954,Music,Rock,Pop,Undefined,Undefined,False,OCESA,,,,Ticketmaster Discovery API,2026,9,September,1,Ciudad de México,Ciudad de México,Rock,False,False
1Av8Z_dGkmKf_qu,Robyn - The Sexistential Tour,https://www.ticketmaster.com.mx/robyn-the-sexistential-tour-ciudad-de-mexico-19-09-2026/event/1400643B9351974D,2026-09-19,20:00:00,America/Mexico_City,onsale,"Robyn, Lykke Li","K8vZ917GkEV, K8vZ917G1R0",KovZpZA77t6A,Palacio de los Deportes,Ciudad de México,Ciudad de México,CDMX,Mexico,MX,MX,19.40154080,-99.09806060,Music,Pop,Electro Pop,Undefined,Undefined,False,OCESA,,,,Ticketmaster Discovery API,2026,9,September,1,Ciudad de México,Ciudad de México,Pop,False,False
G5dVZ_GCdpsWW,"Ana Sofi W ""Todos Vuelven"" Tour 2026",https://www.ticketmaster.com.mx/ana-sofi-w-todos-vuelven-tour-col-centro-monterrey-19-09-2026/event/3D0064C3835B1F7D,2026-09-19,20:00:00,America/Mexico_City,onsale,Ana Sofi W,K8vZ917jgY7,KovZpZAEvelA,Foro Corona Monterrey,Col. Centro Monterrey,Nuevo León,NL,Mexico,MX,MX,25.66646204,-100.31681661,Music,Pop,Pop,Undefined,Undefined,False,MONDIAL PRICE 1,,,,Ticketmaster Discovery API,2026,9,September,1,Monterrey,Nuevo León,Pop,False,False
G5dVZ_GlcPghz,Dr. Pink! Amigxs Tour,https://www.ticketmaster.com.mx/dr-pink-amigxs-tour-guadalajara-19-09-2026/event/3D0064CAED9756F8,2026-09-19,18:30:00,America/Mexico_City,onsale,,,KovZpZA6I67A,Estudio Diana,Guadalajara,Jalisco,JAL,Mexico,MX,MX,20.665489,-103.349316,Music,Other,Other,Undefined,Undefined,False,MONDIAL PRICE 3,,,,Ticketmaster Discovery API,2026,9,September,1,Guadalajara,Jalisco,Other,False,False
17AZv0G61kDZhTK,Nach,https://www.ticketmaster.com.mx/nach-monterrey-19-09-2026/event/140064A1BB01BFD3,2026-09-19,20:30:00,America/Mexico_City,onsale,Nach,K8vZ917G0s0,KovZpZAIln6A,Escenario GNP Seguros,Monterrey,Nuevo León,NL,Mexico,MX,MX,25.666135,-100.316726,Music,Hip-Hop/Rap,Trap,Undefined,Undefined,False,MONDIAL PRICE 1,,,,Ticketmaster Discovery API,2026,9,September,1,Monterrey,Nuevo León,Hip-Hop/Rap,False,False
17AZv0G61pj_J-9,Son Rompe Pera,https://www.ticketmaster.com.mx/son-rompe-pera-mexico-19-09-2026/event/140064A59C666857,2026-09-19,20:30:00,America/Mexico_City,onsale,Son Rompe Pera,K8vZfZ7tA6k,KovZpZA6JttA,Teatro Metropolitan,México,Ciudad de México,CDMX,Mexico,MX,MX,19.433457,-99.146811,Music,Latin,Latin,Undefined,Undefined,False,OCESA,,,,Ticketmaster Discovery API,2026,9,September,1,Ciudad de México,Ciudad de México,Latin,False,False
17AZv0G61k-AMHU,Unreal,https://www.ticketmaster.com.mx/unreal-mexico-19-09-2026/event/140064A1A1177F36,2026-09-19,20:30:00,America/Mexico_City,onsale,The Unreal,K8vZ9173Fc7,KovZpZAJtkJA,Pabellón del Palacio de los Deportes,México,Ciudad de México,CDMX,Mexico,MX,MX,19.40154080,-99.09806060,Music,Rock,Pop,Undefined,Undefined,False,OCESA,,,,Ticketmaster Discovery API,2026,9,September,1,Ciudad de México,Ciudad de México,Rock,False,False
G5dVZ_6RAF6mD,Anuel AA,https://www.ticketmaster.com.mx/anuel-aa-zapopan-19-09-2026/event/3D00647BC5207BBB,2026-09-19,21:00:00,America/Mexico_City,onsale,Anuel AA,K8vZ9179r_f,KovZpZA6JnFA,Coliseo GNP Seguros,Zapopan,Jalisco,JAL,Mexico,MX,MX,20.693768,-103.416177,Music,Hip-Hop/Rap,Trap,Undefined,Undefined,False,OCESA,,,,Ticketmaster Discovery API,2026,9,September,1,Zapopan,Jalisco,Hip-Hop/Rap,False,False
ZFIMVHtnMZ17F40t,José Augusto - Tokio Marine Hall,https://www.ticketmaster.com.br/event/jose-augusto-tokio-marine-hall,2026-09-19,21:00:00,America/Sao_Paulo,onsale,,Z5uMVHtnMZkeF,Z5IMVHtnMZ1FA,Tokio Marine Hall,,,SP,,BR,BR,-23.63847,-46.71997469999999,Music,World,Brazil,,,False,,,,,Ticketmaster Discovery API,2026,9,September,1,,,World,False,False
ZFIMVHtnMZ17FEGb,Maurício Manieri - Ribeirão Preto,https://www.ticketmaster.com.br/event/mauricio-manieri-ribeirao-preto,2026-09-19,21:00:00,America/Sao_Paulo,onsale,Maurício Manieri,K8vZ917jyI7,ZGIMVHtnMZevAa,Multiplan Hall Ribeirão Shopping,,,SP,,BR,BR,-21.2119833,-47.815878,Music,World,Brazil,,,False,,,,,Ticketmaster Discovery API,2026,9,September,1,,,World,False,False
ZFIMVHtnMZ17kK7w,Tiago Iorc - Brasília,https://www.ticketmaster.com.br/event/tiago-iorc-brasilia,2026-09-19,21:00:00,America/Sao_Paulo,onsale,Tiago Iorc,K8vZ917j2z0,ZGIMVHtnMZed6d,Centro de Convenções Ulysses Guimarães,,,DF,,BR,BR,-15.7882292,-47.90059249999999,Music,Pop,Brazilian Pop,,,False,,,,,Ticketmaster Discovery API,2026,9,September,1,,,Pop,False,False
G5dVZ_5l3oIu0,Beach Fossils,https://www.ticketmaster.com.mx/beach-fossils-ciudad-de-mexico-20-09-2026/event/3D0064BAD2468364,2026-09-20,21:00:00,America/Mexico_City,onsale,Beach Fossils,K8vZ917GmVf,KovZpZA6EtdA,El Lunario del Auditorio Nacional,Ciudad de México,Ciudad de México,CDMX,Mexico,MX,MX,19.424682,-99.1954,Music,Rock,Pop,Undefined,Undefined,False,OCESA,,,,Ticketmaster Discovery API,2026,9,September,1,Ciudad de México,Ciudad de México,Rock,False,False
1AfZkoyGkeB42pX,MC Davo,https://www.ticketmaster.com.mx/mc-davo-mexico-20-09-2026/event/14006479BA54F5BE,2026-09-20,19:00:00,America/Mexico_City,onsale,MC Davo,K8vZ917QQL0,KovZpZAJllnA,Pepsi Center,México,Ciudad de México,CDMX,Mexico,MX,MX,19.39340970,-99.17581180,Music,Hip-Hop/Rap,Trap,Undefined,Undefined,False,OCESA,,,,Ticketmaster Discovery API,2026,9,September,1,Ciudad de México,Ciudad de México,Hip-Hop/Rap,False,False
ZFIMVHtnMZ17AK_E,5 Seconds Of Summer: Everyone's A Star World Tour - Belo Horizonte,https://www.ticketmaster.com.br/event/5-seconds-of-summer-belo-horizonte-venda-geral,2026-09-20,21:00:00,America/Sao_Paulo,onsale,5 Seconds of Summer,K8vZ9178oX0,ZGIMVHtnMZea61,BeFly Hall,,,MG,,BR,BR,-19.9911873,-43.96019200000001,Music,Pop,Pop,,,False,,,,,Ticketmaster Discovery API,2026,9,September,1,,,Pop,False,False
17AZv0G65rkkfF1,Blonde Redhead,https://www.ticketmaster.com.mx/blonde-redhead-mexico-21-09-2026/event/140064B78619420A,2026-09-21,21:00:00,America/Mexico_City,onsale,Blonde Redhead,K8vZ9171QKV,KovZpZA6JttA,Teatro Metropolitan,México,Ciudad de México,CDMX,Mexico,MX,MX,19.433457,-99.146811,Music,Rock,Alternative Rock,Undefined,Undefined,False,OCESA,,,,Ticketmaster Discovery API,2026,9,September,1,Ciudad de México,Ciudad de México,Rock,False,False
1kAZvNpFGA5-fI0,The Neighbourhood: THE WOURLD TOUR,https://www.ticketmaster.com.mx/the-neighbourhood-the-wourld-tour-zapopan-21-09-2026/event/140063588B854A24,2026-09-21,21:00:00,America/Mexico_City,onsale,The Neighbourhood,K8vZ917Kzef,KovZpZA6I7FA,Auditorio Telmex,Zapopan,Jalisco,JAL,Mexico,MX,MX,20.73324,-103.38112,Music,Rock,Pop,Undefined,Undefined,False,OCESA,,,,Ticketmaster Discovery API,2026,9,September,1,Zapopan,Jalisco,Rock,False,False
G5dVZ_1Mrhl0M,Gondwana & Quique Neira,https://www.ticketmaster.com.mx/gondwana-quique-neira-ciudad-de-mexico-22-09-2026/event/3D0064ADDE6EB937,2026-09-22,20:30:00,America/Mexico_City,onsale,Gondwana,K8vZ917CREf,KovZpZA6EkkA,Auditorio Nacional,Ciudad de México,Ciudad de México,CDMX,Mexico,MX,MX,19.424648,-99.19484,Music,Reggae,Reggae,Undefined,Undefined,False,MONDIAL PRICE 1,,,,Ticketmaster Discovery API,2026,9,September,1,Ciudad de México,Ciudad de México,Reggae,False,False
1Av8Z_6GkwY9De9,Young Miko - Late Checkout Tour,https://www.ticketmaster.com.mx/young-miko-late-checkout-tour-ciudad-de-mexico-22-09-2026/event/1400647CB05FB097,2026-09-22,20:00:00,America/Mexico_City,onsale,Young Miko,K8vZ917hET7,KovZpZA77t6A,Palacio de los Deportes,Ciudad de México,Ciudad de México,CDMX,Mexico,MX,MX,19.40154080,-99.09806060,Music,Latin,Latin,Undefined,Undefined,False,OCESA,,,,Ticketmaster Discovery API,2026,9,September,1,Ciudad de México,Ciudad de México,Latin,False,False
1AfZkubGkesfI7b,The Neighbourhood: THE WOURLD TOUR,https://www.ticketmaster.com.mx/the-neighbourhood-the-wourld-tour-monterrey-23-09-2026/event/14006358B1528118,2026-09-23,21:00:00,America/Mexico_City,onsale,The Neighbourhood,K8vZ917Kzef,KovZpZAJt1kA,Auditorio Banamex,Monterrey,Nuevo León,NL,Mexico,MX,MX,25.67765795,-100.28085777,Music,Rock,Pop,Undefined,Undefined,False,OCESA,,,,Ticketmaster Discovery API,2026,9,September,1,Monterrey,Nuevo León,Rock,False,False
1Av8Z_aGkUhpPm6,De La Rose,https://www.ticketmaster.com.mx/de-la-rose-mexico-23-09-2026/event/1400649D9B5A5B87,2026-09-23,21:00:00,America/Mexico_City,onsale,De La Rose,K8vZ917rajV,KovZpZA6JttA,Teatro Metropolitan,México,Ciudad de México,CDMX,Mexico,MX,MX,19.433457,-99.146811,Music,Latin,Latin,Undefined,Undefined,False,OCESA,,,,Ticketmaster Discovery API,2026,9,September,1,Ciudad de México,Ciudad de México,Latin,False,False
ZFIMVHtnMZ17kA3Z,Robbie Williams - Britpop World Tour,https://www.ticketmaster.pe/event/robbie-williams-home,2026-09-23,21:00:00,America/Lima,onsale,Robbie Williams,K8vZ9171qQ0,ZGIMVHtnMZdd71,Arena 1 Park,,,LIM,,PE,PE,-12.091280015549843,-77.08756916655653,Music,Rock,Pop,,,False,,,,,Ticketmaster Discovery API,2026,9,September,1,,,Rock,False,False
G5dVZ_ulXwUk4,GRTSCH,https://www.ticketmaster.com.mx/grtsch-ciudad-de-mexico-24-09-2026/event/3D0064DAFECB6195,2026-09-24,20:30:00,America/Mexico_City,offsale,,,KovZpZA6EtdA,El Lunario del Auditorio Nacional,Ciudad de México,Ciudad de México,CDMX,Mexico,MX,MX,19.424682,-99.1954,Music,Rock,Alternative Rock,Undefined,Undefined,False,OCESA,,,,Ticketmaster Discovery API,2026,9,September,1,Ciudad de México,Ciudad de México,Rock,False,False
G5dVZ_FXYNkqy,Lucero,https://www.ticketmaster.com.mx/lucero-ciudad-de-mexico-24-09-2026/event/3D00648FB08C6779,2026-09-24,20:30:00,America/Mexico_City,onsale,Lucero,K8vZ917rHif,KovZpZA6EkkA,Auditorio Nacional,Ciudad de México,Ciudad de México,CDMX,Mexico,MX,MX,19.424648,-99.19484,Music,Ballads/Romantic,Ballads/Romantic,Undefined,Undefined,False,OCESA,,,,Ticketmaster Discovery API,2026,9,September,1,Ciudad de México,Ciudad de México,Ballads/Romantic,False,False
11AZv0rbAMCkvC,Moenia,https://www.ticketmaster.com.mx/moenia-ciudad-de-mexico-24-09-2026/event/140064798177386D,2026-09-24,20:00:00,America/Mexico_City,onsale,Moenia,K8vZ9175eSV,KovZpZA77t6A,Palacio de los Deportes,Ciudad de México,Ciudad de México,CDMX,Mexico,MX,MX,19.40154080,-99.09806060,Music,Latin,Latin,Undefined,Undefined,False,OCESA,,,,Ticketmaster Discovery API,2026,9,September,1,Ciudad de México,Ciudad de México,Latin,False,False
1kAZv0ObGAuwKfU,Marco Mares,https://www.ticketmaster.com.mx/marco-mares-mexico-24-09-2026/event/140064818DC93536,2026-09-24,20:30:00,America/Mexico_City,onsale,Marco Mares,K8vZ917_9_7,KovZpZA6JttA,Teatro Metropolitan,México,Ciudad de México,CDMX,Mexico,MX,MX,19.433457,-99.146811,Music,Rock,Pop,Undefined,Undefined,False,OCESA,,,,Ticketmaster Discovery API,2026,9,September,1,Ciudad de México,Ciudad de México,Rock,False,False
17AZvxG6CxP_vvu,Alex Fernández,https://www.ticketmaster.com.mx/alex-fernandez-zapopan-24-09-2026/event/140062E8A564104D,2026-09-24,21:00:00,America/Mexico_City,onsale,Alex Fernandez,K8vZ917bsBV,KovZpZA6I7FA,Auditorio Telmex,Zapopan,Jalisco,JAL,Mexico,MX,MX,20.73324,-103.38112,Music,Latin,Latin,Undefined,Undefined,False,MONDIAL PRICE 1,,,,Ticketmaster Discovery API,2026,9,September,1,Zapopan,Jalisco,Latin,False,False
ZFIMVHtnMZ17kej_,Robbie Williams - Britpop World Tour,https://www.ticketmaster.pe/event/robbie-williams-home,2026-09-24,21:00:00,America/Lima,onsale,Robbie Williams,K8vZ9171qQ0,ZGIMVHtnMZdd71,Arena 1 Park,,,LIM,,PE,PE,-12.091280015549843,-77.08756916655653,Music,Rock,Pop,,,False,,,,,Ticketmaster Discovery API,2026,9,September,1,,,Rock,False,False
G5dVZ_AK4Z4cv,Juntos,https://www.ticketmaster.com.mx/juntos-ciudad-de-mexico-25-09-2026/event/3D006454D5015B41,2026-09-25,20:30:00,America/Mexico_City,onsale,Jorge Medina y Josi Cuen - JUNTOS,K8vZ917qXe0,KovZpZA6EkkA,Auditorio Nacional,Ciudad de México,Ciudad de México,CDMX,Mexico,MX,MX,19.424648,-99.19484,Music,Latin,Latin,Undefined,Undefined,False,OCESA,,,,Ticketmaster Discovery API,2026,9,September,1,Ciudad de México,Ciudad de México,Latin,False,False
G5dVZ_u5MyMhi,Nicho Hinojosa en Concierto,https://www.ticketmaster.com.mx/nicho-hinojosa-en-concierto-ciudad-de-mexico-25-09-2026/event/3D0064D2F7E776EC,2026-09-25,21:30:00,America/Mexico_City,onsale,Nicho Hinojosa,K8vZ9178wx7,KovZ917AVGy,Foro Stelaris Fiesta Americana Reforma,Ciudad de México,Ciudad de México,CDMX,Mexico,MX,MX,19.43219600,-99.15473940,Music,Latin,Latin,Undefined,Undefined,False,MONDIAL PRICE 1,,,,Ticketmaster Discovery API,2026,9,September,1,Ciudad de México,Ciudad de México,Latin,False,False
1Av8Z_aGkUJAMaa,STRAYCITY MEXICO CITY,https://www.ticketmaster.com.mx/straycity-mexico-city-ciudad-de-mexico-25-09-2026/event/1400649DA6177249,2026-09-25,18:30:00,America/Mexico_City,onsale,Stray Kids,K8vZ9179Vpf,KovZpZAd1IaA,Estadio GNP Seguros,Ciudad de México,Ciudad de México,CDMX,Mexico,MX,MX,19.405199,-99.095618,Music,Pop,K-Pop,Undefined,Undefined,False,OCESA,,,,Ticketmaster Discovery API,2026,9,September,1,Ciudad de México,Ciudad de México,Pop,False,False
16v8ZbgJ4G7H7RE,The Neighbourhood: THE WOURLD TOUR,https://www.ticketmaster.com.mx/the-neighbourhood-the-wourld-tour-ciudad-de-mexico-25-09-2026/event/1400635995F04BE7,2026-09-25,20:00:00,America/Mexico_City,onsale,The Neighbourhood,K8vZ917Kzef,KovZpZA77t6A,Palacio de los Deportes,Ciudad de México,Ciudad de México,CDMX,Mexico,MX,MX,19.40154080,-99.09806060,Music,Rock,Pop,Undefined,Undefined,False,OCESA,,,,Ticketmaster Discovery API,2026,9,September,1,Ciudad de México,Ciudad de México,Rock,False,False
G5dVZ_knXpVmb,Comisario Pantera y Pastilla,https://www.ticketmaster.com.mx/comisario-pantera-y-pastilla-col-centro-monterrey-25-09-2026/event/3D00646ABE5B4B98,2026-09-25,21:00:00,America/Mexico_City,onsale,,,KovZpZAEvelA,Foro Corona Monterrey,Col. Centro Monterrey,Nuevo León,NL,Mexico,MX,MX,25.66646204,-100.31681661,Music,Rock,Alternative Rock,Undefined,Undefined,False,MONDIAL PRICE 1,,,,Ticketmaster Discovery API,2026,9,September,1,Monterrey,Nuevo León,Rock,False,False
G5dVZ_6pAqeYe,Sentidos Opuestos,https://www.ticketmaster.com.mx/sentidos-opuestos-guadalajara-25-09-2026/event/3D00647585742C02,2026-09-25,21:00:00,America/Mexico_City,onsale,Sentidos Opuestos,K8vZ9171U2V,KovZpZA6EFEA,Teatro Diana (GDL),Guadalajara,Jalisco,JAL,Mexico,MX,MX,20.665434,-103.349341,Music,Latin,Latin,Undefined,Undefined,False,MONDIAL PRICE 1,,,,Ticketmaster Discovery API,2026,9,September,1,Guadalajara,Jalisco,Latin,False,False
G5dVZ_6pk_3wW,Winona Riders,https://www.ticketmaster.com.mx/winona-riders-mexico-25-09-2026/event/3D00647586652CBD,2026-09-25,21:00:00,America/Mexico_City,onsale,Winona Riders,K8vZ917rjP7,KovZpZAJIAIA,Foro Puebla,Mexico,Ciudad de México,CDMX,Mexico,MX,MX,19.422158,-99.164129,Music,Rock,Alternative Rock,Undefined,Undefined,False,OCESA,,,,Ticketmaster Discovery API,2026,9,September,1,Ciudad de México,Ciudad de México,Rock,False,False
11AZv0ObuE1ZvG,Chetes,https://www.ticketmaster.com.mx/chetes-mexico-25-09-2026/event/140064818367280B,2026-09-25,20:30:00,America/Mexico_City,onsale,Chetes,K8vZ917QiS0,KovZpZAJtkJA,Pabellón del Palacio de los Deportes,México,Ciudad de México,CDMX,Mexico,MX,MX,19.40154080,-99.09806060,Music,Latin,Latin,Undefined,Undefined,False,OCESA,,,,Ticketmaster Discovery API,2026,9,September,1,Ciudad de México,Ciudad de México,Latin,False,False
17AZv0G65n5f7Rp,Alvaro Diaz,https://www.ticketmaster.com.mx/alvaro-diaz-zapopan-25-09-2026/event/140064BA8B504BD6,2026-09-25,21:00:00,America/Mexico_City,onsale,Alvaro Diaz,K8vZ9173JU7,KovZpZA6I7FA,Auditorio Telmex,Zapopan,Jalisco,JAL,Mexico,MX,MX,20.73324,-103.38112,Music,Hip-Hop/Rap,Trap,Undefined,Undefined,False,OCESA,,,,Ticketmaster Discovery API,2026,9,September,1,Zapopan,Jalisco,Hip-Hop/Rap,False,False
ZFIMVHtnMZ17F34O,Elton John Diamonds - Teatro Ruth Escobar,https://www.ticketmaster.com.br/event/elton-john-diamonds-teatro-ruth-escobar,2026-09-25,21:00:00,America/Sao_Paulo,onsale,,Z5uMVHtnMZkFa,ZGIMVHtnMZdeaA,Teatro Ruth Escobar,,,SP,,BR,BR,-23.5597676,-46.6467362,Music,World,World,,,False,,,,,Ticketmaster Discovery API,2026,9,September,1,,,World,False,False
ZFIMVHtnMZ17ke8y,Sonata Arctica 30 años,https://www.ticketmaster.pe/event/sonata-arctica-30-anios-venta-general,2026-09-25,20:00:00,America/Lima,onsale,Sonata Arctica,K8vZ917G130,Z5IMVHtnMZad7,,,,LIM,,PE,PE,-12.072996373068609,-77.03645777146977,Music,Metal,Heavy Metal,,,False,,,,,Ticketmaster Discovery API,2026,9,September,1,,,Metal,False,False
ZFIMVHtnMZ17kK7V,Tiago Iorc - Natal,https://www.ticketmaster.com.br/event/tiago-iorc-natal,2026-09-25,22:00:00,America/Sao_Paulo,onsale,Tiago Iorc,K8vZ917j2z0,ZGIMVHtnMZddFv,Teatro Riachuelo,,,RN,,BR,BR,-5.807993,-35.2180655,Music,Pop,Brazilian Pop,,,False,,,,,Ticketmaster Discovery API,2026,9,September,1,,,Pop,False,False
G5dVZ_uOuf7L6,Cabaret Lunario Presenta:Estela Nuñez con Mariachi,https://www.ticketmaster.com.mx/cabaret-lunario-presentaestela-nunez-con-mariachi-ciudad-de-mexico-26-09-2026/event/3D0064D80D5047C7,2026-09-26,22:30:00,America/Mexico_City,onsale,Estela Nunez,K8vZ917GQUf,KovZpZA6EtdA,El Lunario del Auditorio Nacional,Ciudad de México,Ciudad de México,CDMX,Mexico,MX,MX,19.424682,-99.1954,Music,Ballads/Romantic,Ballads/Romantic,Undefined,Undefined,False,MONDIAL PRICE 1,,,,Ticketmaster Discovery API,2026,9,September,1,Ciudad de México,Ciudad de México,Ballads/Romantic,False,False
G5dVZ_AK4ZPcd,Juntos,https://www.ticketmaster.com.mx/juntos-ciudad-de-mexico-26-09-2026/event/3D006454D5025B43,2026-09-26,20:00:00,America/Mexico_City,onsale,Jorge Medina y Josi Cuen - JUNTOS,K8vZ917qXe0,KovZpZA6EkkA,Auditorio Nacional,Ciudad de México,Ciudad de México,CDMX,Mexico,MX,MX,19.424648,-99.19484,Music,Latin,Latin,Undefined,Undefined,False,OCESA,,,,Ticketmaster Discovery API,2026,9,September,1,Ciudad de México,Ciudad de México,Latin,False,False
1Av8Z_aGkUJT92c,STRAYCITY MEXICO CITY,https://www.ticketmaster.com.mx/straycity-mexico-city-ciudad-de-mexico-26-09-2026/event/1400649DA6FD73ED,2026-09-26,18:30:00,America/Mexico_City,onsale,Stray Kids,K8vZ9179Vpf,KovZpZAd1IaA,Estadio GNP Seguros,Ciudad de México,Ciudad de México,CDMX,Mexico,MX,MX,19.405199,-99.095618,Music,Pop,K-Pop,Undefined,Undefined,False,OCESA,,,,Ticketmaster Discovery API,2026,9,September,1,Ciudad de México,Ciudad de México,Pop,False,False
1AfZkuJGkdrlhIY,The Neighbourhood: THE WOURLD TOUR,https://www.ticketmaster.com.mx/the-neighbourhood-the-wourld-tour-ciudad-de-mexico-26-09-2026/event/14006366DEADBA30,2026-09-26,20:00:00,America/Mexico_City,onsale,The Neighbourhood,K8vZ917Kzef,KovZpZA77t6A,Palacio de los Deportes,Ciudad de México,Ciudad de México,CDMX,Mexico,MX,MX,19.40154080,-99.09806060,Music,Rock,Pop,Undefined,Undefined,False,OCESA,,,,Ticketmaster Discovery API,2026,9,September,1,Ciudad de México,Ciudad de México,Rock,False,False
G5dVZ_uxPp-qd,High On Fire,https://www.ticketmaster.com.mx/high-on-fire-col-centro-monterrey-26-09-2026/event/3D0064D8A55A1743,2026-09-26,21:00:00,America/Mexico_City,onsale,High On Fire,K8vZ917GkK0,KovZpZAEvelA,Foro Corona Monterrey,Col. Centro Monterrey,Nuevo León,NL,Mexico,MX,MX,25.66646204,-100.31681661,Music,Metal,Nu-Metal,Undefined,Undefined,False,MONDIAL PRICE 1,,,,Ticketmaster Discovery API,2026,9,September,1,Monterrey,Nuevo León,Metal,False,False
17AZv0G61Jd4gwD,Sentidos Opuestos,https://www.ticketmaster.com.mx/sentidos-opuestos-monterrey-26-09-2026/event/140064A983575CBB,2026-09-26,20:00:00,America/Mexico_City,onsale,Sentidos Opuestos,K8vZ9171U2V,KovZpZAIln6A,Escenario GNP Seguros,Monterrey,Nuevo León,NL,Mexico,MX,MX,25.666135,-100.316726,Music,Latin,Latin,Undefined,Undefined,False,MONDIAL PRICE 1,,,,Ticketmaster Discovery API,2026,9,September,1,Monterrey,Nuevo León,Latin,False,False
1Av8Z_aGkBHKcXd,AFI,https://www.ticketmaster.com.mx/afi-mexico-26-09-2026/event/1400649EBC4EDF83,2026-09-26,20:30:00,America/Mexico_City,onsale,AFI,K8vZ91719Wf,KovZpZAJtkJA,Pabellón del Palacio de los Deportes,México,Ciudad de México,CDMX,Mexico,MX,MX,19.40154080,-99.09806060,Music,Rock,Alternative Rock,Undefined,Undefined,False,OCESA,,,,Ticketmaster Discovery API,2026,9,September,1,Ciudad de México,Ciudad de México,Rock,False,False
G5dVZ_5UZ83Vn,La Garfield,https://www.ticketmaster.com.mx/la-garfield-mexico-26-09-2026/event/3D0064BD80412D2A,2026-09-26,21:30:00,America/Mexico_City,onsale,La Garfield,K8vZ917Qm2f,KovZpZA7AJ6A,La Maraka,México,Ciudad de México,CDMX,Mexico,MX,MX,19.38651080,-99.16317750,Music,Ballads/Romantic,Ballads/Romantic,Undefined,Undefined,False,MONDIAL PRICE 1,,,,Ticketmaster Discovery API,2026,9,September,1,Ciudad de México,Ciudad de México,Ballads/Romantic,False,False
G5dVZ_51_DwRT,Marconi en concierto,https://www.ticketmaster.com.mx/marconi-en-concierto-mexico-26-09-2026/event/3D0064B299EF2BFF,2026-09-26,21:00:00,America/Mexico_City,onsale,Marconi,K8vZ917GJof,KovZ917A8z0,Foro Red Access,México,Ciudad de México,CDMX,Mexico,MX,MX,19.35677,-99.163341,Music,Rock,Alternative Rock,Undefined,Undefined,False,MONDIAL PRICE 1,,,,Ticketmaster Discovery API,2026,9,September,1,Ciudad de México,Ciudad de México,Rock,False,False
17AZv0G61pd2d_q,Rebel Cats,https://www.ticketmaster.com.mx/rebel-cats-mexico-26-09-2026/event/140064A5833C365D,2026-09-26,20:00:00,America/Mexico_City,onsale,Rebel Cats,K8vZ917KlL0,KovZpZA6JttA,Teatro Metropolitan,México,Ciudad de México,CDMX,Mexico,MX,MX,19.433457,-99.146811,Music,Rock,Pop,Undefined,Undefined,False,OCESA,,,,Ticketmaster Discovery API,2026,9,September,1,Ciudad de México,Ciudad de México,Rock,False,False
ZFIMVHtnMZ17k8vo,Ben Howard 2026 Tour,https://www.ticketmaster.com.br/event/ben-howard,2026-09-26,21:00:00,America/Sao_Paulo,onsale,Ben Howard,K8vZ917Gi9V,Z5IMVHtnMZFd7,Audio,,,SP,,BR,BR,-23.5283715,-46.669667,Music,Rock,Pop,,,False,,,,,Ticketmaster Discovery API,2026,9,September,1,,,Rock,False,False
ZFIMVHtnMZ17k4O7,Kid Abelha - Porto Alegre,https://www.ticketmaster.com.br/event/venda-geral-kid-abelha-porto-alegre,2026-09-26,21:00:00,America/Sao_Paulo,onsale,,Z5uMVHtnMZ7a7,ZGIMVHtnMZdvva,Estádio Beira-Rio,,,RS,,BR,BR,-30.0600796,-51.2310372,Music,World,Brazil,,,False,,,,,Ticketmaster Discovery API,2026,9,September,1,,,World,False,False
ZFIMVHtnMZ17FZu9,Paulo Ricardo - Ribeirão Preto,https://www.ticketmaster.com.br/event/paulo-ricardo-ribeirao-preto,2026-09-26,21:00:00,America/Sao_Paulo,onsale,Paulo Ricardo,K8vZ9174TA7,ZGIMVHtnMZevAa,Multiplan Hall Ribeirão Shopping,,,SP,,BR,BR,-21.2119833,-47.815878,Music,World,Latin,,,False,,,,,Ticketmaster Discovery API,2026,9,September,1,,,World,False,False
ZFIMVHtnMZ17kKfz,Revelação & Xande de Pilares - Salvador,https://www.ticketmaster.com.br/event/revelacao-xande-de-pilares-salvador,2026-09-26,20:00:00,America/Sao_Paulo,onsale,Xande De Pilares,"K8vZ917bQs7, Z5uMVHtnMZAee",ZGIMVHtnMZevFk,Casa de Apostas Arena Fonte Nova,,,BA,,BR,BR,-12.97723,-38.5039171,Music,Other,Other,,,False,,,,,Ticketmaster Discovery API,2026,9,September,1,,,Other,False,False
ZFIMVHtnMZ17kK7S,Tiago Iorc - Recife,https://www.ticketmaster.com.br/event/tiago-iorc-recife,2026-09-26,21:00:00,America/Sao_Paulo,onsale,Tiago Iorc,K8vZ917j2z0,ZGIMVHtnMZdva7,Teatro Guararapes - Pernambuco Centro de Convenções,,,PE,,BR,BR,-8.0288735,-34.8684226,Music,Pop,Brazilian Pop,,,False,,,,,Ticketmaster Discovery API,2026,9,September,1,,,Pop,False,False
ZFIMVHtnMZ17ke-A,Robbie Williams - Britpop World Tour,https://www.ticketmaster.cl/event/robbie-williams-2026,2026-09-27,21:00:00,America/Santiago,onsale,Robbie Williams,K8vZ9171qQ0,Z5IMVHtnMZAFF,,,,RM,,CL,CL,-33.5403982,-70.5779927,Music,Rock,Pop,,,False,,,,,Ticketmaster Discovery API,2026,9,September,1,,,Rock,False,False
17AZv0G61BHDcZn,Greeicy,https://www.ticketmaster.com.mx/greeicy-mexico-29-09-2026/event/140064AEBCEED02A,2026-09-29,21:00:00,America/Mexico_City,onsale,Greeicy,K8vZ9179YP7,KovZpZA6JttA,Teatro Metropolitan,México,Ciudad de México,CDMX,Mexico,MX,MX,19.433457,-99.146811,Music,Latin,Latin,Undefined,Undefined,False,OCESA,,,,Ticketmaster Discovery API,2026,9,September,1,Ciudad de México,Ciudad de México,Latin,False,False
G5dVZ_5xH6aUH,Maroon 5,https://www.ticketmaster.com.mx/maroon-5-ciudad-de-mexico-30-09-2026/event/3D0064B8BC1C9DBC,2026-09-30,21:00:00,America/Mexico_City,onsale,Maroon 5,K8vZ917544V,KovZ917AOhe,Estadio Alfredo Harp Helú,Ciudad de México,Ciudad de México,CDMX,Mexico,MX,MX,19.403697,-99.08536,Music,Pop,Pop,Undefined,Undefined,False,OCESA,,,,Ticketmaster Discovery API,2026,9,September,1,Ciudad de México,Ciudad de México,Pop,False,False
17AZv0G61wJhk9U,Sébastien Tellier: Kiss The Beast Tour,https://www.ticketmaster.com.mx/sebastien-tellier-kiss-the-beast-tour-mexico-30-09-2026/event/140064ACA66C65F6,2026-09-30,20:30:00,America/Mexico_City,onsale,Sebastian Tellier,K8vZ9175B57,KovZpZAJtkJA,Pabellón del Palacio de los Deportes,México,Ciudad de México,CDMX,Mexico,MX,MX,19.40154080,-99.09806060,Music,Pop,Electro Pop,Undefined,Undefined,False,OCESA,,,,Ticketmaster Discovery API,2026,9,September,1,Ciudad de México,Ciudad de México,Pop,False,False
ZFIMVHtnMZ17F8Ao,Joshua Redman | Queremos! - Vivo Rio,https://www.ticketmaster.com.br/event/joshua-redman-queremos-no-vivo-rio-rj,2026-09-30,21:00:00,America/Sao_Paulo,onsale,Joshua Redman,K8vZ9171bYf,Z5IMVHtnMZFad,Vivo Rio,,,RJ,,BR,BR,-22.9435656,-43.1741997,Music,Jazz,Jazz,,,False,,,,,Ticketmaster Discovery API,2026,9,September,1,,,Jazz,False,False
G5dVZ_61iVVJq,Carlos Sadness,https://www.ticketmaster.com.mx/carlos-sadness-ciudad-de-mexico-01-10-2026/event/3D006472ACD3499D,2026-10-01,21:00:00,America/Mexico_City,onsale,Carlos Sadness,K8vZ917fBh0,KovZpZA6EtdA,El Lunario del Auditorio Nacional,Ciudad de México,Ciudad de México,CDMX,Mexico,MX,MX,19.424682,-99.1954,Music,Pop,Pop,Undefined,Undefined,False,MONDIAL PRICE 1,,,,Ticketmaster Discovery API,2026,10,October,1,Ciudad de México,Ciudad de México,Pop,False,False
G5dVZ_1JkOxte,Motorama,https://www.ticketmaster.com.mx/motorama-ciudad-de-mexico-01-10-2026/event/3D0064A986822A42,2026-10-01,21:00:00,America/Mexico_City,onsale,Motorama,K8vZ9178Bw0,KovZpZA6EkkA,Auditorio Nacional,Ciudad de México,Ciudad de México,CDMX,Mexico,MX,MX,19.424648,-99.19484,Music,Rock,Alternative Rock,Undefined,Undefined,False,MONDIAL PRICE 1,,,,Ticketmaster Discovery API,2026,10,October,1,Ciudad de México,Ciudad de México,Rock,False,False
17AZv0G6uKg5FRx,Cultura Profetica Presenta en Bucle,https://www.ticketmaster.com.mx/cultura-profetica-presenta-en-bucle-monterrey-01-10-2026/event/140064D4F52C8BE2,2026-10-01,21:00:00,America/Mexico_City,onsale,Cultura Profética,K8vZ917u1Mf,KovZpZAIln6A,Escenario GNP Seguros,Monterrey,Nuevo León,NL,Mexico,MX,MX,25.666135,-100.316726,Music,Reggae,Reggae,Undefined,Undefined,False,MONDIAL PRICE 1,,,,Ticketmaster Discovery API,2026,10,October,1,Monterrey,Nuevo León,Reggae,False,False
G5dVZ_1kcIEvw,Jessica Simpson,https://www.ticketmaster.com.mx/jessica-simpson-mexico-01-10-2026/event/3D0064A1ADA27072,2026-10-01,21:30:00,America/Mexico_City,onsale,Jessica Simpson,K8vZ9171ISV,KovZpZA7AJ6A,La Maraka,México,Ciudad de México,CDMX,Mexico,MX,MX,19.38651080,-99.16317750,Music,Rock,Pop,Undefined,Undefined,False,MONDIAL PRICE 1,,,,Ticketmaster Discovery API,2026,10,October,1,Ciudad de México,Ciudad de México,Rock,False,False
1AfZkoAGkd-urTg,Tove Lo - ESTRUS TOUR,https://www.ticketmaster.com.mx/tove-lo-estrus-tour-mexico-01-10-2026/event/14006445E135EFF5,2026-10-01,21:00:00,America/Mexico_City,onsale,Tove Lo,K8vZ9173pH7,KovZpZAJllnA,Pepsi Center,México,Ciudad de México,CDMX,Mexico,MX,MX,19.39340970,-99.17581180,Music,Pop,Pop,Undefined,Undefined,False,OCESA,,,,Ticketmaster Discovery API,2026,10,October,1,Ciudad de México,Ciudad de México,Pop,False,False
G5dVZ_61RV7YJ,Carlos Sadness,https://www.ticketmaster.com.mx/carlos-sadness-ciudad-de-mexico-02-10-2026/event/3D006472AFD04C26,2026-10-02,21:00:00,America/Mexico_City,onsale,Carlos Sadness,K8vZ917fBh0,KovZpZA6EtdA,El Lunario del Auditorio Nacional,Ciudad de México,Ciudad de México,CDMX,Mexico,MX,MX,19.424682,-99.1954,Music,Pop,Pop,Undefined,Undefined,False,MONDIAL PRICE 1,,,,Ticketmaster Discovery API,2026,10,October,1,Ciudad de México,Ciudad de México,Pop,False,False
1Av8ZbVGkUSdkWI,Iron Maiden,https://www.ticketmaster.com.mx/iron-maiden-ciudad-de-mexico-02-10-2026/event/1400634DB30C6F68,2026-10-02,21:00:00,America/Mexico_City,onsale,Iron Maiden,K8vZ9171G4V,KovZpZAd1IaA,Estadio GNP Seguros,Ciudad de México,Ciudad de México,CDMX,Mexico,MX,MX,19.405199,-99.095618,Music,Metal,Nu-Metal,Undefined,Undefined,False,OCESA,,,,Ticketmaster Discovery API,2026,10,October,1,Ciudad de México,Ciudad de México,Metal,False,False
G5dVZ_aDvADd1,Marco Mares,https://www.ticketmaster.com.mx/marco-mares-col-centro-monterrey-02-10-2026/event/3D00649EC117B0CA,2026-10-02,21:00:00,America/Mexico_City,onsale,Marco Mares,K8vZ917_9_7,KovZpZAEvelA,Foro Corona Monterrey,Col. Centro Monterrey,Nuevo León,NL,Mexico,MX,MX,25.66646204,-100.31681661,Music,Rock,Pop,Undefined,Undefined,False,MONDIAL PRICE 1,,,,Ticketmaster Discovery API,2026,10,October,1,Monterrey,Nuevo León,Rock,False,False
17AZv0G6uCNlPBC,Cultura Profética,https://www.ticketmaster.com.mx/cultura-profetica-mexico-02-10-2026/event/140064D3A3AE5E8E,2026-10-02,21:00:00,America/Mexico_City,onsale,Cultura Profética,K8vZ917u1Mf,KovZpZAJllnA,Pepsi Center,México,Ciudad de México,CDMX,Mexico,MX,MX,19.39340970,-99.17581180,Music,Reggae,Reggae,Undefined,Undefined,False,MONDIAL PRICE 1,,,,Ticketmaster Discovery API,2026,10,October,1,Ciudad de México,Ciudad de México,Reggae,False,False
G5dVZ_6kBL6Ge,Denisse de Kalafe,https://www.ticketmaster.com.mx/denisse-de-kalafe-mexico-02-10-2026/event/3D006471BA7C7302,2026-10-02,21:30:00,America/Mexico_City,onsale,Denisse de Kalafe,K8vZ917qe1f,KovZpZA7AJ6A,La Maraka,México,Ciudad de México,CDMX,Mexico,MX,MX,19.38651080,-99.16317750,Music,Pop,Pop,Undefined,Undefined,False,MONDIAL PRICE 1,,,,Ticketmaster Discovery API,2026,10,October,1,Ciudad de México,Ciudad de México,Pop,False,False
17AZv0G6uxA5w3r,Hija de la Luna Homenaje a Mecano,https://www.ticketmaster.com.mx/hija-de-la-luna-homenaje-a-mexico-02-10-2026/event/140064D8852F249E,2026-10-02,20:30:00,America/Mexico_City,offsale,"Hija de la Luna, Mecano","K8vZ91740af, K8vZ9171aq0",KovZpZA6JttA,Teatro Metropolitan,México,Ciudad de México,CDMX,Mexico,MX,MX,19.433457,-99.146811,Music,Pop,Pop,Undefined,Undefined,False,OCESA,,,,Ticketmaster Discovery API,2026,10,October,1,Ciudad de México,Ciudad de México,Pop,False,False
ZFIMVHtnMZ17F3jf,João Bosco no Qualistage - Rio de Janeiro - 02/10/2026,https://www.ticketmaster.com.br/event/joao-bosco-no-qualistage-rj,2026-10-02,19:30:00,America/Sao_Paulo,offsale,João Bosco,K8vZ9175ir0,KovZ917ARjF,Qualistage,Rio de Janeiro,Rio de Janeiro,RJ,Brazil,BR,BR,-22.98135949,-43.36089723,Music,World,World,,,False,,,,,Ticketmaster Discovery API,2026,10,October,1,Rio de Janeiro,Rio de Janeiro,World,False,False
16v8Z_dkpG7Hkdj,Siddhartha,https://www.ticketmaster.com.mx/siddhartha-zapopan-02-10-2026/event/1400643196F060DC,2026-10-02,21:00:00,America/Mexico_City,onsale,Siddhartha,K8vZ917CUD0,KovZpZA6I7FA,Auditorio Telmex,Zapopan,Jalisco,JAL,Mexico,MX,MX,20.73324,-103.38112,Music,Rock,Alternative Rock,Undefined,Undefined,False,MONDIAL PRICE 1,,,,Ticketmaster Discovery API,2026,10,October,1,Zapopan,Jalisco,Rock,False,False
ZFIMVHtnMZ17F3b7,Angra - Tokio Marine Hall,https://www.ticketmaster.com.br/event/angra-tokio-marine-hall,2026-10-02,22:00:00,America/Sao_Paulo,onsale,Angra,K8vZ917Gbn7,Z5IMVHtnMZ1FA,Tokio Marine Hall,,,SP,,BR,BR,-23.63847,-46.71997469999999,Music,Metal,Heavy Metal,,,False,,,,,Ticketmaster Discovery API,2026,10,October,1,,,Metal,False,False
G5dVZ_61RV7YI,Carlos Sadness,https://www.ticketmaster.com.mx/carlos-sadness-ciudad-de-mexico-03-10-2026/event/3D006472AFD04C28,2026-10-03,21:00:00,America/Mexico_City,onsale,Carlos Sadness,K8vZ917fBh0,KovZpZA6EtdA,El Lunario del Auditorio Nacional,Ciudad de México,Ciudad de México,CDMX,Mexico,MX,MX,19.424682,-99.1954,Music,Pop,Pop,Undefined,Undefined,False,MONDIAL PRICE 1,,,,Ticketmaster Discovery API,2026,10,October,1,Ciudad de México,Ciudad de México,Pop,False,False
G5dVZ_FDP_6Cn,NIC,https://www.ticketmaster.com.mx/nic-col-centro-monterrey-03-10-2026/event/3D00648EE56473AA,2026-10-03,20:00:00,America/Mexico_City,onsale,Nicole Zignago,K8vZ917hhTf,KovZpZAEvelA,Foro Corona Monterrey,Col. Centro Monterrey,Nuevo León,NL,Mexico,MX,MX,25.66646204,-100.31681661,Music,Pop,Pop,Undefined,Undefined,False,MONDIAL PRICE 1,,,,Ticketmaster Discovery API,2026,10,October,1,Monterrey,Nuevo León,Pop,False,False
ZFIMVHtnMZ17Apfw,Raphaelísimo Tour 2026,https://www.ticketmaster.pe/event/raphaelsimo-tour-2026-home,2026-10-03,21:00:00,America/Lima,onsale,Raphael,K8vZ9171yD0,Z5IMVHtnMZavF,Anfiteatro del Parque de la Exposición,Lima,Lima,LIM,Peru,PE,PE,-12.06296373863408,-77.0361599291748,Music,World,Latin,,,False,,,,,Ticketmaster Discovery API,2026,10,October,1,Lima,Lima,World,False,False
17AZv0G65ndFNIk,Alvaro Diaz,https://www.ticketmaster.com.mx/alvaro-diaz-monterrey-03-10-2026/event/140064BA83223A06,2026-10-03,21:00:00,America/Mexico_City,onsale,Alvaro Diaz,K8vZ9173JU7,KovZpZAJt1kA,Auditorio Banamex,Monterrey,Nuevo León,NL,Mexico,MX,MX,25.67765795,-100.28085777,Music,Hip-Hop/Rap,Trap,Undefined,Undefined,False,MONDIAL PRICE 1,,,,Ticketmaster Discovery API,2026,10,October,1,Monterrey,Nuevo León,Hip-Hop/Rap,False,False
17AZv0G61XSHuvC,Eslabón Armado,https://www.ticketmaster.com.mx/eslabon-armado-monterrey-03-10-2026/event/140064AFB3F0D04E,2026-10-03,21:00:00,America/Mexico_City,onsale,Eslabon Armado,K8vZ917_Wef,KovZpZAIln6A,Escenario GNP Seguros,Monterrey,Nuevo León,NL,Mexico,MX,MX,25.666135,-100.316726,Music,Latin,Latin,Undefined,Undefined,False,MONDIAL PRICE 1,,,,Ticketmaster Discovery API,2026,10,October,1,Monterrey,Nuevo León,Latin,False,False
G5dVZ_5JQqd8G,Maroon 5,https://www.ticketmaster.com.mx/maroon-5-monterrey-03-10-2026/event/3D0064B99A74340C,2026-10-03,21:00:00,America/Mexico_City,onsale,Maroon 5,K8vZ917544V,KovZpZAJna7A,Estadio Borregos,Monterrey,Nuevo León,NL,Mexico,MX,MX,25.65359730,-100.28543310,Music,Pop,Pop,Undefined,Undefined,False,MONDIAL PRICE 1,,,,Ticketmaster Discovery API,2026,10,October,1,Monterrey,Nuevo León,Pop,False,False
G5dVZ_FCS8VVD,Fiquet,https://www.ticketmaster.com.mx/fiquet-mexico-03-10-2026/event/3D006483B3434D3B,2026-10-03,18:00:00,America/Mexico_City,onsale,,,KovZpZAEvvtA,TEATRO SERGIO MAGAÑA,México,Ciudad de México,CDMX,Mexico,MX,MX,19.44570730,-99.16066740,Music,Rock,Alternative Rock,Undefined,Undefined,False,MONDIAL PRICE 3,,,,Ticketmaster Discovery API,2026,10,October,1,Ciudad de México,Ciudad de México,Rock,False,False
1AfZko_GkdtoORB,Lost Acapulco,https://www.ticketmaster.com.mx/lost-acapulco-mexico-03-10-2026/event/14006459E9460BFA,2026-10-03,20:30:00,America/Mexico_City,onsale,Lost Acapulco,K8vZ9172VC0,KovZpZA6JttA,Teatro Metropolitan,México,Ciudad de México,CDMX,Mexico,MX,MX,19.433457,-99.146811,Music,Rock,Pop,Undefined,Undefined,False,OCESA,,,,Ticketmaster Discovery API,2026,10,October,1,Ciudad de México,Ciudad de México,Rock,False,False
ZFIMVHtnMZ17Fb1k,Joelma no Qualistage - RJ,https://www.ticketmaster.com.br/event/joelma-no-qualistage-rj-2026,2026-10-03,21:30:00,America/Sao_Paulo,onsale,,Z1uMVHtnMZa6,KovZ917ARjF,Qualistage,Rio de Janeiro,Rio de Janeiro,RJ,Brazil,BR,BR,-22.98135949,-43.36089723,Music,World,World,,,False,,,,,Ticketmaster Discovery API,2026,10,October,1,Rio de Janeiro,Rio de Janeiro,World,False,False
G5dVZ_FnE7SgA,Alejandro Sanz,https://www.ticketmaster.com.mx/alejandro-sanz-zapopan-03-10-2026/event/3D00648AA7133D45,2026-10-03,21:00:00,America/Mexico_City,onsale,Alejandro Sanz,K8vZ9171_60,KovZpZA6JnFA,Coliseo GNP Seguros,Zapopan,Jalisco,JAL,Mexico,MX,MX,20.693768,-103.416177,Music,Latin,Latin,Undefined,Undefined,False,OCESA,,,,Ticketmaster Discovery API,2026,10,October,1,Zapopan,Jalisco,Latin,False,False
ZFIMVHtnMZ17F3bY,Angra - Tokio Marine Hall,https://www.ticketmaster.com.br/event/angra-tokio-marine-hall,2026-10-03,22:00:00,America/Sao_Paulo,onsale,Angra,K8vZ917Gbn7,Z5IMVHtnMZ1FA,Tokio Marine Hall,,,SP,,BR,BR,-23.63847,-46.71997469999999,Music,Metal,Heavy Metal,,,False,,,,,Ticketmaster Discovery API,2026,10,October,1,,,Metal,False,False
ZFIMVHtnMZ17FAqN,Jorge Vercillo - Ribeirão Preto,https://www.ticketmaster.com.br/event/jorge-vercillo-ribeirao-preto,2026-10-03,21:00:00,America/Sao_Paulo,onsale,Jorge Vercillo,K8vZ917qCw7,ZGIMVHtnMZevAa,Multiplan Hall Ribeirão Shopping,,,SP,,BR,BR,-21.2119833,-47.815878,Music,World,Brazil,,,False,,,,,Ticketmaster Discovery API,2026,10,October,1,,,World,False,False
G5dVZ_1RZvAkN,"Guillotina, Rock Mata Pop",https://www.ticketmaster.com.mx/guillotina-rock-mata-pop-ciudad-de-mexico-04-10-2026/event/3D0064ABC00451A3,2026-10-04,19:00:00,America/Mexico_City,onsale,Guillotina,K8vZ917GGFf,KovZpZA6EtdA,El Lunario del Auditorio Nacional,Ciudad de México,Ciudad de México,CDMX,Mexico,MX,MX,19.424682,-99.1954,Music,Rock,Alternative Rock,Undefined,Undefined,False,OCESA,,,,Ticketmaster Discovery API,2026,10,October,1,Ciudad de México,Ciudad de México,Rock,False,False
17AZv0G6GmwWm82,Alvaro Diaz,https://www.ticketmaster.com.mx/alvaro-diaz-monterrey-04-10-2026/event/140064CBB2F6E40F,2026-10-04,21:00:00,America/Mexico_City,onsale,Alvaro Diaz,K8vZ9173JU7,KovZpZAJt1kA,Auditorio Banamex,Monterrey,Nuevo León,NL,Mexico,MX,MX,25.67765795,-100.28085777,Music,Hip-Hop/Rap,Trap,Undefined,Undefined,False,OCESA,,,,Ticketmaster Discovery API,2026,10,October,1,Monterrey,Nuevo León,Hip-Hop/Rap,False,False
G5dVZ_ueoLwvm,Sonora Santanera con María Fernanda,https://www.ticketmaster.com.mx/sonora-santanera-con-maria-fernanda-mexico-04-10-2026/event/3D0064D0917F206E,2026-10-04,18:30:00,America/Mexico_City,onsale,Sonora Santanera,K8vZ9172b67,KovZpZA7AJ6A,La Maraka,México,Ciudad de México,CDMX,Mexico,MX,MX,19.38651080,-99.16317750,Music,Latin,Latin,Undefined,Undefined,False,MONDIAL PRICE 1,,,,Ticketmaster Discovery API,2026,10,October,1,Ciudad de México,Ciudad de México,Latin,False,False
1AfZk3_Gkeg3Etf,UNDERTALE: The Determination Symphony,https://www.ticketmaster.com.mx/undertale-the-determination-symphony-mexico-04-10-2026/event/14006499B54A7A54,2026-10-04,19:00:00,America/Mexico_City,onsale,UNDERTALE Symphony,K8vZ917LjhV,KovZpZA6JttA,Teatro Metropolitan,México,Ciudad de México,CDMX,Mexico,MX,MX,19.433457,-99.146811,Music,Other,Other,Undefined,Undefined,False,OCESA,,,,Ticketmaster Discovery API,2026,10,October,1,Ciudad de México,Ciudad de México,Other,False,False
17AZv0G6u2CQlvQ,Cultura Profética,https://www.ticketmaster.com.mx/cultura-profetica-zapopan-04-10-2026/event/140064D3CE6AB05A,2026-10-04,20:30:00,America/Mexico_City,onsale,Cultura Profética,K8vZ917u1Mf,KovZpZA6I7FA,Auditorio Telmex,Zapopan,Jalisco,JAL,Mexico,MX,MX,20.73324,-103.38112,Music,Reggae,Reggae,Undefined,Undefined,False,MONDIAL PRICE 1,,,,Ticketmaster Discovery API,2026,10,October,1,Zapopan,Jalisco,Reggae,False,False
ZFIMVHtnMZ17kp-e,AC/DC Tributo - Tokio Marine Hall,https://www.ticketmaster.com.br/event/acdc-tributo-tokio-marine-hall,2026-10-04,18:00:00,America/Sao_Paulo,onsale,Tributo a AC/DC,K8vZ9174g-0,Z5IMVHtnMZ1FA,Tokio Marine Hall,,,SP,,BR,BR,-23.63847,-46.71997469999999,Music,Metal,Metal,,,False,,,,,Ticketmaster Discovery API,2026,10,October,1,,,Metal,False,False
1kAZvNkpGA2r-7E,MXC Artist Page Event - DO NOT PURCHASE,https://www.ticketmaster.com.mx/mxc-artist-page-event-do-not-los-angeles-05-10-2026/event/140063196F7A1127,2026-10-05,19:08:00,America/Mexico_City,onsale,Test artist,K8vZ917pkj7,KovZpZA6EklA,Nenue test MTY,Los Angeles,Nuevo León,NL,Mexico,MX,MX,,,Music,Pop,Pop,Undefined,Undefined,False,MONDIAL PRICE 1,,,,Ticketmaster Discovery API,2026,10,October,1,Los Angeles,Nuevo León,Pop,False,False
G5dVZ_aLNRh_Y,Rosana,https://www.ticketmaster.com.mx/rosana-ciudad-de-mexico-06-10-2026/event/3D006497E3BDB670,2026-10-06,20:30:00,America/Mexico_City,onsale,Rosana,K8vZ917G6T0,KovZpZA6EkkA,Auditorio Nacional,Ciudad de México,Ciudad de México,CDMX,Mexico,MX,MX,19.424648,-99.19484,Music,Ballads/Romantic,Ballads/Romantic,Undefined,Undefined,False,OCESA,,,,Ticketmaster Discovery API,2026,10,October,1,Ciudad de México,Ciudad de México,Ballads/Romantic,False,False
1AfZk3oGkd9pv69,Geese - Getting Killed Again Tour ,https://www.ticketmaster.com.mx/geese-getting-killed-again-tour-mexico-06-10-2026/event/14006491D75811D7,2026-10-06,21:00:00,America/Mexico_City,onsale,Geese,K8vZ917_6ef,KovZpZA6JttA,Teatro Metropolitan,México,Ciudad de México,CDMX,Mexico,MX,MX,19.433457,-99.146811,Music,Rock,Alternative Rock,Undefined,Undefined,False,MONDIAL PRICE 1,,,,Ticketmaster Discovery API,2026,10,October,1,Ciudad de México,Ciudad de México,Rock,False,False
G5dVZ_FTJTaPs,NIC,https://www.ticketmaster.com.mx/nic-ciudad-de-mexico-07-10-2026/event/3D00648FE6FC9971,2026-10-07,21:00:00,America/Mexico_City,onsale,Nicole Zignago,K8vZ917hhTf,KovZpZA6EtdA,El Lunario del Auditorio Nacional,Ciudad de México,Ciudad de México,CDMX,Mexico,MX,MX,19.424682,-99.1954,Music,Pop,Pop,Undefined,Undefined,False,OCESA,,,,Ticketmaster Discovery API,2026,10,October,1,Ciudad de México,Ciudad de México,Pop,False,False
1Av8Z_7GkmnBF-0,Robbie Williams,https://www.ticketmaster.com.mx/robbie-williams-ciudad-de-mexico-07-10-2026/event/1400644BAAE88864,2026-10-07,20:00:00,America/Mexico_City,onsale,Robbie Williams,K8vZ9171qQ0,KovZpZA77t6A,Palacio de los Deportes,Ciudad de México,Ciudad de México,CDMX,Mexico,MX,MX,19.40154080,-99.09806060,Music,Rock,Pop,Undefined,Undefined,False,MONDIAL PRICE 1,,,,Ticketmaster Discovery API,2026,10,October,1,Ciudad de México,Ciudad de México,Rock,False,False
ZFIMVHtnMZ17kbCZ,BTS WORLD TOUR 'ARIRANG',https://www.ticketmaster.pe/event/bts-world-tour-arirang,2026-10-07,20:00:00,America/Lima,onsale,BTS,K8vZ917KpXV,Z5IMVHtnMZFF1,Estadio San Marcos,,,LIM,,PE,PE,-12.0550642,-77.0823504,Music,Pop,K-Pop,,,False,,,,,Ticketmaster Discovery API,2026,10,October,1,,,Pop,False,False
G5dVZ_1NXahLu,"Okills, 15 Años",https://www.ticketmaster.com.mx/okills-15-anos-ciudad-de-mexico-08-10-2026/event/3D0064A8FE25B7CD,2026-10-08,20:30:00,America/Mexico_City,onsale,Okills,K8vZ917jSo0,KovZpZA6EtdA,El Lunario del Auditorio Nacional,Ciudad de México,Ciudad de México,CDMX,Mexico,MX,MX,19.424682,-99.1954,Music,Rock,Alternative Rock,Undefined,Undefined,False,OCESA,,,,Ticketmaster Discovery API,2026,10,October,1,Ciudad de México,Ciudad de México,Rock,False,False
G5dVZ_AxH4dEB,Pablo Alborán,https://www.ticketmaster.com.mx/pablo-alboran-ciudad-de-mexico-08-10-2026/event/3D006458BC5439FA,2026-10-08,20:30:00,America/Mexico_City,onsale,Pablo Alboran,K8vZ9173e80,KovZpZA6EkkA,Auditorio Nacional,Ciudad de México,Ciudad de México,CDMX,Mexico,MX,MX,19.424648,-99.19484,Music,Latin,Latin,Undefined,Undefined,False,OCESA,,,,Ticketmaster Discovery API,2026,10,October,1,Ciudad de México,Ciudad de México,Latin,False,False
1Av8Z_AGklIJVsg,Robbie Williams,https://www.ticketmaster.com.mx/robbie-williams-ciudad-de-mexico-08-10-2026/event/1400645AE89B4C75,2026-10-08,20:00:00,America/Mexico_City,onsale,Robbie Williams,K8vZ9171qQ0,KovZpZA77t6A,Palacio de los Deportes,Ciudad de México,Ciudad de México,CDMX,Mexico,MX,MX,19.40154080,-99.09806060,Music,Rock,Pop,Undefined,Undefined,False,OCESA,,,,Ticketmaster Discovery API,2026,10,October,1,Ciudad de México,Ciudad de México,Rock,False,False
G5dVZ_G3INJ6R,Miami Horror,https://www.ticketmaster.com.mx/miami-horror-mexico-08-10-2026/event/3D0064C4A88E61EF,2026-10-08,21:00:00,America/Mexico_City,onsale,Miami Horror,K8vZ917uMNV,KovZpZAJIAIA,Foro Puebla,Mexico,Ciudad de México,CDMX,Mexico,MX,MX,19.422158,-99.164129,Music,Rock,Alternative Rock,Undefined,Undefined,False,OCESA,,,,Ticketmaster Discovery API,2026,10,October,1,Ciudad de México,Ciudad de México,Rock,False,False
1Av8Z_aGkwBX_Ok,Rosana,https://www.ticketmaster.com.mx/rosana-monterrey-08-10-2026/event/1400649CBAF99806,2026-10-08,21:00:00,America/Mexico_City,onsale,Rosana,K8vZ917G6T0,KovZpZAIln6A,Escenario GNP Seguros,Monterrey,Nuevo León,NL,Mexico,MX,MX,25.666135,-100.316726,Music,Ballads/Romantic,Ballads/Romantic,Undefined,Undefined,False,MONDIAL PRICE 1,,,,Ticketmaster Discovery API,2026,10,October,1,Monterrey,Nuevo León,Ballads/Romantic,False,False
G5dVZ_ue74s47,Grupo Galé y Diego Morán,https://www.ticketmaster.com.mx/grupo-gale-y-diego-moran-mexico-08-10-2026/event/3D0064D084571544,2026-10-08,21:30:00,America/Mexico_City,onsale,Grupo Galé,K8vZ917C4q7,KovZpZA7AJ6A,La Maraka,México,Ciudad de México,CDMX,Mexico,MX,MX,19.38651080,-99.16317750,Music,Latin,Latin,Undefined,Undefined,False,MONDIAL PRICE 1,,,,Ticketmaster Discovery API,2026,10,October,1,Ciudad de México,Ciudad de México,Latin,False,False
17AZv0G65nBYlyx,Alvaro Diaz,https://www.ticketmaster.com.mx/alvaro-diaz-ciudad-de-mexico-09-10-2026/event/140064BABAC2BE62,2026-10-09,20:00:00,America/Mexico_City,onsale,Alvaro Diaz,K8vZ9173JU7,KovZpZA77t6A,Palacio de los Deportes,Ciudad de México,Ciudad de México,CDMX,Mexico,MX,MX,19.40154080,-99.09806060,Music,Hip-Hop/Rap,Trap,Undefined,Undefined,False,OCESA,,,,Ticketmaster Discovery API,2026,10,October,1,Ciudad de México,Ciudad de México,Hip-Hop/Rap,False,False
G5dVZ_dDZBQZR,Pablo Alboran,https://www.ticketmaster.com.mx/pablo-alboran-ciudad-de-mexico-09-10-2026/event/3D00643EC0E9A02F,2026-10-09,20:30:00,America/Mexico_City,onsale,Pablo Alboran,K8vZ9173e80,KovZpZA6EkkA,Auditorio Nacional,Ciudad de México,Ciudad de México,CDMX,Mexico,MX,MX,19.424648,-99.19484,Music,Latin,Latin,Undefined,Undefined,False,OCESA,,,,Ticketmaster Discovery API,2026,10,October,1,Ciudad de México,Ciudad de México,Latin,False,False
G5dVZ_G1EW0GF,AQUIHAYAQUIHAY,https://www.ticketmaster.com.mx/aquihayaquihay-col-centro-monterrey-09-10-2026/event/3D0064C2A7F64308,2026-10-09,21:00:00,America/Mexico_City,onsale,AQUIHAYAQUIHAY,K8vZ917jrr0,KovZpZAEvelA,Foro Corona Monterrey,Col. Centro Monterrey,Nuevo León,NL,Mexico,MX,MX,25.66646204,-100.31681661,Music,Hip-Hop/Rap,Trap,Undefined,Undefined,False,MONDIAL PRICE 1,,,,Ticketmaster Discovery API,2026,10,October,1,Monterrey,Nuevo León,Hip-Hop/Rap,False,False
G5dVZ_aLJ1DNY,Rosana,https://www.ticketmaster.com.mx/rosana-guadalajara-09-10-2026/event/3D006497E62BB8F0,2026-10-09,21:00:00,America/Mexico_City,onsale,Rosana,K8vZ917G6T0,KovZpZA6EFEA,Teatro Diana (GDL),Guadalajara,Jalisco,JAL,Mexico,MX,MX,20.665434,-103.349341,Music,Ballads/Romantic,Ballads/Romantic,Undefined,Undefined,False,OCESA,,,,Ticketmaster Discovery API,2026,10,October,1,Guadalajara,Jalisco,Ballads/Romantic,False,False
G5dVZ_5QrQ4QA,Alcalá Norte,https://www.ticketmaster.com.mx/alcala-norte-mexico-09-10-2026/event/3D0064B69E695685,2026-10-09,21:00:00,America/Mexico_City,onsale,Alcalá Norte,K8vZ917jSF7,KovZpZAJIAIA,Foro Puebla,Mexico,Ciudad de México,CDMX,Mexico,MX,MX,19.422158,-99.164129,Music,Pop,Pop,Undefined,Undefined,False,OCESA,,,,Ticketmaster Discovery API,2026,10,October,1,Ciudad de México,Ciudad de México,Pop,False,False
G5dVZ_ueeAs1L,Grupo Galé y Diego Morán,https://www.ticketmaster.com.mx/grupo-gale-y-diego-moran-mexico-09-10-2026/event/3D0064D08217129F,2026-10-09,21:30:00,America/Mexico_City,onsale,Grupo Galé,K8vZ917C4q7,KovZpZA7AJ6A,La Maraka,México,Ciudad de México,CDMX,Mexico,MX,MX,19.38651080,-99.16317750,Music,Latin,Latin,Undefined,Undefined,False,MONDIAL PRICE 1,,,,Ticketmaster Discovery API,2026,10,October,1,Ciudad de México,Ciudad de México,Latin,False,False
17AZv0G65BdhVYd,Meme del Real,https://www.ticketmaster.com.mx/meme-del-real-mexico-09-10-2026/event/140064BE836F4C03,2026-10-09,20:30:00,America/Mexico_City,onsale,Meme del Real,K8vZ917r-90,KovZpZA6JttA,Teatro Metropolitan,México,Ciudad de México,CDMX,Mexico,MX,MX,19.433457,-99.146811,Music,Latin,Latin,Undefined,Undefined,False,OCESA,,,,Ticketmaster Discovery API,2026,10,October,1,Ciudad de México,Ciudad de México,Latin,False,False
17AZv0G6GhkWiIx,Yousuke Yukimatsu Autumn 2026 Tour,https://www.ticketmaster.com.mx/yousuke-yukimatsu-autumn-2026-tour-mexico-09-10-2026/event/140064C6C6F6CA22,2026-10-09,20:30:00,America/Mexico_City,onsale,Yousuke Yukimatsu (¥ØU$UK€ ¥UK1MAT$U),K8vZ917rdx0,KovZpZAJtkJA,Pabellón del Palacio de los Deportes,México,Ciudad de México,CDMX,Mexico,MX,MX,19.40154080,-99.09806060,Music,Pop,Electro Pop,Undefined,Undefined,False,OCESA,,,,Ticketmaster Discovery API,2026,10,October,1,Ciudad de México,Ciudad de México,Pop,False,False
ZFIMVHtnMZ17FFFF,ACDC UK no Qualistage,https://www.ticketmaster.com.br/event/acdc-uk-no-qualistage-rj,2026-10-09,21:30:00,America/Sao_Paulo,onsale,AC/DC UK,K8vZ917GNaV,KovZ917ARjF,Qualistage,Rio de Janeiro,Rio de Janeiro,RJ,Brazil,BR,BR,-22.98135949,-43.36089723,Music,Undefined,Undefined,,,False,,,,,Ticketmaster Discovery API,2026,10,October,1,Rio de Janeiro,Rio de Janeiro,Sin clasificar,False,False
ZFIMVHtnMZ17kfj0,BTS WORLD TOUR 'ARIRANG',https://www.ticketmaster.pe/event/bts-world-tour-arirang,2026-10-09,20:00:00,America/Lima,onsale,BTS,K8vZ917KpXV,Z5IMVHtnMZFF1,Estadio San Marcos,,,LIM,,PE,PE,-12.0550642,-77.0823504,Music,Pop,K-Pop,,,False,,,,,Ticketmaster Discovery API,2026,10,October,1,,,Pop,False,False
G5dVZ_5bAA5De,Akriila - El Tour de Lucy,https://www.ticketmaster.com.mx/akriila-el-tour-de-lucy-ciudad-de-mexico-10-10-2026/event/3D0064B60514BEC2,2026-10-10,21:00:00,America/Mexico_City,onsale,,,KovZ917AVOP,Foro Teambro,Ciudad de México,Ciudad de México,CDMX,Mexico,MX,MX,19.40984000,-99.10364500,Music,R&B,R&B,Undefined,Undefined,False,OCESA,,,,Ticketmaster Discovery API,2026,10,October,1,Ciudad de México,Ciudad de México,R&B,False,False
1Av8Z_FGknXglKt,Alejandro Sanz,https://www.ticketmaster.com.mx/alejandro-sanz-ciudad-de-mexico-10-10-2026/event/1400648ABED6B4E9,2026-10-10,21:00:00,America/Mexico_City,onsale,Alejandro Sanz,K8vZ9171_60,KovZpZAd1IaA,Estadio GNP Seguros,Ciudad de México,Ciudad de México,CDMX,Mexico,MX,MX,19.405199,-99.095618,Music,Latin,Latin,Undefined,Undefined,False,OCESA,,,,Ticketmaster Discovery API,2026,10,October,1,Ciudad de México,Ciudad de México,Latin,False,False
17AZv0G65nHDiGS,Alvaro Diaz,https://www.ticketmaster.com.mx/alvaro-diaz-ciudad-de-mexico-10-10-2026/event/140064BABCEEC333,2026-10-10,20:00:00,America/Mexico_City,onsale,Alvaro Diaz,K8vZ9173JU7,KovZpZA77t6A,Palacio de los Deportes,Ciudad de México,Ciudad de México,CDMX,Mexico,MX,MX,19.40154080,-99.09806060,Music,Hip-Hop/Rap,Trap,Undefined,Undefined,False,OCESA,,,,Ticketmaster Discovery API,2026,10,October,1,Ciudad de México,Ciudad de México,Hip-Hop/Rap,False,False
G5dVZ_1Jejxfo,Estelares,https://www.ticketmaster.com.mx/estelares-ciudad-de-mexico-10-10-2026/event/3D0064A982722511,2026-10-10,20:00:00,America/Mexico_City,onsale,Estelares,K8vZ917fJyV,KovZpZA6EtdA,El Lunario del Auditorio Nacional,Ciudad de México,Ciudad de México,CDMX,Mexico,MX,MX,19.424682,-99.1954,Music,Latin,Latin,Undefined,Undefined,False,OCESA,,,,Ticketmaster Discovery API,2026,10,October,1,Ciudad de México,Ciudad de México,Latin,False,False
G5dVZ_5EMy9md,La Barranca (Acústico),https://www.ticketmaster.com.mx/la-barranca-acustico-mexico-10-10-2026/event/3D0064B9F7E57B83,2026-10-10,19:00:00,America/Mexico_City,onsale,La Barranca,K8vZ917hOs0,KovZpZA6EkIA,Teatro de la Ciudad Esperanza Iris,Mexico,Ciudad de México,CDMX,Mexico,MX,MX,19.43669360,-99.13943750,Music,Rock,Alternative Rock,Undefined,Undefined,False,MONDIAL PRICE 1,,,,Ticketmaster Discovery API,2026,10,October,1,Ciudad de México,Ciudad de México,Rock,False,False
1FAZv0uyG_Z7C5eA,Rawayana,https://www.ticketmaster.com.mx/rawayana-monterrey-10-10-2026/event/140064379319DA14,2026-10-10,21:00:00,America/Mexico_City,onsale,Rawayana,K8vZ917p5tf,KovZpZAJt1kA,Auditorio Banamex,Monterrey,Nuevo León,NL,Mexico,MX,MX,25.67765795,-100.28085777,Music,Pop,Pop,Undefined,Undefined,False,OCESA,,,,Ticketmaster Discovery API,2026,10,October,1,Monterrey,Nuevo León,Pop,False,False
1AfZk39GkeJU9J7,Monsieur Periné,https://www.ticketmaster.com.mx/monsieur-perine-mexico-10-10-2026/event/14006497A6D97984,2026-10-10,20:00:00,America/Mexico_City,onsale,Monsieur Perine,K8vZ9172NOf,KovZpZA6JttA,Teatro Metropolitan,México,Ciudad de México,CDMX,Mexico,MX,MX,19.433457,-99.146811,Music,Jazz,Jazz,Undefined,Undefined,False,OCESA,,,,Ticketmaster Discovery API,2026,10,October,1,Ciudad de México,Ciudad de México,Jazz,False,False
ZFIMVHtnMZ17F4eb,Jorge Vercillo no Qualistage - RJ,https://www.ticketmaster.com.br/event/jorge-vercillo-no-qualistage-rj,2026-10-10,21:30:00,America/Sao_Paulo,onsale,Jorge Vercillo,K8vZ917qCw7,KovZ917ARjF,Qualistage,Rio de Janeiro,Rio de Janeiro,RJ,Brazil,BR,BR,-22.98135949,-43.36089723,Music,World,Brazil,,,False,,,,,Ticketmaster Discovery API,2026,10,October,1,Rio de Janeiro,Rio de Janeiro,World,False,False
ZFIMVHtnMZ17kp-Y,BTS WORLD TOUR 'ARIRANG',https://www.ticketmaster.pe/event/bts-world-tour-arirang,2026-10-10,20:00:00,America/Lima,onsale,BTS,K8vZ917KpXV,Z5IMVHtnMZFF1,Estadio San Marcos,,,LIM,,PE,PE,-12.0550642,-77.0823504,Music,Pop,K-Pop,,,False,,,,,Ticketmaster Discovery API,2026,10,October,1,,,Pop,False,False
ZFIMVHtnMZ17k4O8,Kid Abelha - Curitiba,https://www.ticketmaster.com.br/event/venda-geral-kid-abelha-curitiba,2026-10-10,21:00:00,America/Sao_Paulo,onsale,,Z5uMVHtnMZ7a7,ZGIMVHtnMZeeev,Pedreira Paulo Leminski,,,PR,,BR,BR,-25.387682,-49.2687985,Music,World,Brazil,,,False,,,,,Ticketmaster Discovery API,2026,10,October,1,,,World,False,False
ZFIMVHtnMZ17F3bP,Maria Rita: Redescobrir Vol. 2 - Rio de Janeiro,https://www.ticketmaster.com.br/event/maria-rita-rio-de-janeiro,2026-10-10,21:00:00,America/Sao_Paulo,onsale,Maria Rita,K8vZ917Gx3V,Z5IMVHtnMZFad,Vivo Rio,,,RJ,,BR,BR,-22.9435656,-43.1741997,Music,Undefined,Undefined,,,False,,,,,Ticketmaster Discovery API,2026,10,October,1,,,Sin clasificar,False,False
ZFIMVHtnMZ17kKfg,Revelação & Xande de Pilares - Fortaleza,https://www.ticketmaster.com.br/event/revelacao-xande-de-pilares-fortaleza,2026-10-10,20:00:00,America/Sao_Paulo,onsale,Xande De Pilares,"K8vZ917bQs7, Z5uMVHtnMZAee",ZGIMVHtnMZdd66,Marina Park,,,CE,,BR,BR,-3.7226443,-38.5229201,Music,Other,Other,,,False,,,,,Ticketmaster Discovery API,2026,10,October,1,,,Other,False,False
ZFIMVHtnMZ17kvq9,ZAYN: The Konnakol Tour - São Paulo,https://www.ticketmaster.com.br/event/venda-geral-zayn-the-konnakol-tour-sao-paulo,2026-10-10,20:00:00,America/Sao_Paulo,onsale,ZAYN,K8vZ917fNP0,Z5IMVHtnMZaae,Allianz Parque,,,SP,,BR,BR,-23.5259385,-46.6789892,Music,Pop,Pop,,,False,,,,,Ticketmaster Discovery API,2026,10,October,1,,,Pop,False,False
G5dVZ_Gh7qt5A,AQUIHAYAQUIHAY,https://www.ticketmaster.com.mx/aquihayaquihay-ciudad-de-mexico-11-10-2026/event/3D0064C6C47692C5,2026-10-11,20:00:00,America/Mexico_City,onsale,AQUIHAYAQUIHAY,K8vZ917jrr0,KovZpZA6EtdA,El Lunario del Auditorio Nacional,Ciudad de México,Ciudad de México,CDMX,Mexico,MX,MX,19.424682,-99.1954,Music,Hip-Hop/Rap,Trap,Undefined,Undefined,False,MONDIAL PRICE 1,,,,Ticketmaster Discovery API,2026,10,October,1,Ciudad de México,Ciudad de México,Hip-Hop/Rap,False,False
17AZv0G6GmNI_qa,Alvaro Diaz,https://www.ticketmaster.com.mx/alvaro-diaz-ciudad-de-mexico-11-10-2026/event/140064CBA3A19749,2026-10-11,19:00:00,America/Mexico_City,onsale,Alvaro Diaz,K8vZ9173JU7,KovZpZA77t6A,Palacio de los Deportes,Ciudad de México,Ciudad de México,CDMX,Mexico,MX,MX,19.40154080,-99.09806060,Music,Hip-Hop/Rap,Trap,Undefined,Undefined,False,OCESA,,,,Ticketmaster Discovery API,2026,10,October,1,Ciudad de México,Ciudad de México,Hip-Hop/Rap,False,False
G5dVZ_GNNGKXU,Aquihayaquihay VIP+MEET&GREET,https://www.ticketmaster.com.mx/aquihayaquihay-vipmeetgreet-ciudad-de-mexico-11-10-2026/event/3D0064C8E3313FB6,2026-10-11,20:00:00,America/Mexico_City,onsale,AQUIHAYAQUIHAY,K8vZ917jrr0,KovZpZA6EtdA,El Lunario del Auditorio Nacional,Ciudad de México,Ciudad de México,CDMX,Mexico,MX,MX,19.424682,-99.1954,Music,Hip-Hop/Rap,Trap,Undefined,Undefined,False,MONDIAL PRICE 1,,,,Ticketmaster Discovery API,2026,10,October,1,Ciudad de México,Ciudad de México,Hip-Hop/Rap,False,False
G5dVZ_FxwRVf5,La Única Internacional Sonora Santanera Concierto Sinfónico,https://www.ticketmaster.com.mx/la-unica-internacional-sonora-santanera-concierto-ciudad-de-mexico-11-10-2026/event/3D006488B2BF450B,2026-10-11,18:00:00,America/Mexico_City,onsale,La Sonora Santanera,K8vZ917GaQ7,KovZpZA6EkkA,Auditorio Nacional,Ciudad de México,Ciudad de México,CDMX,Mexico,MX,MX,19.424648,-99.19484,Music,Folk,Indie Folk,Undefined,Undefined,False,MONDIAL PRICE 1,,,,Ticketmaster Discovery API,2026,10,October,1,Ciudad de México,Ciudad de México,Folk,False,False
G5dVZ_FXCnxqy,NIC,https://www.ticketmaster.com.mx/nic-guadalajara-11-10-2026/event/3D00648F8EAA2779,2026-10-11,19:00:00,America/Mexico_City,onsale,Nicole Zignago,K8vZ917hhTf,KovZpZAd1l6A,C3 Stage GDL,Guadalajara,Jalisco,JAL,Mexico,MX,MX,20.674799,-103.369551,Music,Pop,Pop,Undefined,Undefined,False,OCESA,,,,Ticketmaster Discovery API,2026,10,October,1,Guadalajara,Jalisco,Pop,False,False
G5dVZ_aLYWj9Q,Leon Chavez Teixeiro,https://www.ticketmaster.com.mx/leon-chavez-teixeiro-mexico-11-10-2026/event/3D006497F0F5C5DA,2026-10-11,18:00:00,America/Mexico_City,onsale,,,KovZpZA6EkIA,Teatro de la Ciudad Esperanza Iris,Mexico,Ciudad de México,CDMX,Mexico,MX,MX,19.43669360,-99.13943750,Music,R&B,R&B,Undefined,Undefined,False,MONDIAL PRICE 3,,,,Ticketmaster Discovery API,2026,10,October,1,Ciudad de México,Ciudad de México,R&B,False,False
17AZv0G61p5U0KS,Natalia Lafourcade,https://www.ticketmaster.com.mx/natalia-lafourcade-mexico-11-10-2026/event/140064A58BDA44F3,2026-10-11,20:30:00,America/Mexico_City,onsale,Natalia Lafourcade,K8vZ917ueX7,KovZpZA6JttA,Teatro Metropolitan,México,Ciudad de México,CDMX,Mexico,MX,MX,19.433457,-99.146811,Music,Latin,Latin,Undefined,Undefined,False,OCESA,,,,Ticketmaster Discovery API,2026,10,October,1,Ciudad de México,Ciudad de México,Latin,False,False
G5dVZ_GlP14CG,AQUIHAYAQUIHAY,https://www.ticketmaster.com.mx/aquihayaquihay-ciudad-de-mexico-12-10-2026/event/3D0064CAE529538C,2026-10-12,20:00:00,America/Mexico_City,onsale,AQUIHAYAQUIHAY,K8vZ917jrr0,KovZpZA6EtdA,El Lunario del Auditorio Nacional,Ciudad de México,Ciudad de México,CDMX,Mexico,MX,MX,19.424682,-99.1954,Music,Hip-Hop/Rap,Trap,Undefined,Undefined,False,MONDIAL PRICE 1,,,,Ticketmaster Discovery API,2026,10,October,1,Ciudad de México,Ciudad de México,Hip-Hop/Rap,False,False
G5dVZ_GmkFsZD,Aquihayaquihay VIP+MEET&GREET,https://www.ticketmaster.com.mx/aquihayaquihay-vipmeetgreet-ciudad-de-mexico-12-10-2026/event/3D0064CB8623103B,2026-10-12,20:00:00,America/Mexico_City,onsale,AQUIHAYAQUIHAY,K8vZ917jrr0,KovZpZA6EtdA,El Lunario del Auditorio Nacional,Ciudad de México,Ciudad de México,CDMX,Mexico,MX,MX,19.424682,-99.1954,Music,Hip-Hop/Rap,Trap,Undefined,Undefined,False,MONDIAL PRICE 1,,,,Ticketmaster Discovery API,2026,10,October,1,Ciudad de México,Ciudad de México,Hip-Hop/Rap,False,False
G5dVZ_73Lmx3O,Enrique Bunbury,https://www.ticketmaster.com.mx/enrique-bunbury-ciudad-de-mexico-12-10-2026/event/3D0064449FBA24A0,2026-10-12,20:30:00,America/Mexico_City,onsale,Bunbury,K8vZ9171BQ0,KovZpZA6EkkA,Auditorio Nacional,Ciudad de México,Ciudad de México,CDMX,Mexico,MX,MX,19.424648,-99.19484,Music,Latin,Latin,Undefined,Undefined,False,OCESA,,,,Ticketmaster Discovery API,2026,10,October,1,Ciudad de México,Ciudad de México,Latin,False,False
1AfZk38Gkd-ilAI,Travis,https://www.ticketmaster.com.mx/travis-monterrey-12-10-2026/event/14006490E1B2B168,2026-10-12,21:00:00,America/Mexico_City,onsale,Travis,K8vZ9171x47,KovZpZAIln6A,Escenario GNP Seguros,Monterrey,Nuevo León,NL,Mexico,MX,MX,25.666135,-100.316726,Music,Rock,Pop,Undefined,Undefined,False,MONDIAL PRICE 1,,,,Ticketmaster Discovery API,2026,10,October,1,Monterrey,Nuevo León,Rock,False,False
17AZv0G61pGX7Q9,Natalia Lafourcade,https://www.ticketmaster.com.mx/natalia-lafourcade-mexico-12-10-2026/event/140064A58CF84697,2026-10-12,20:30:00,America/Mexico_City,onsale,Natalia Lafourcade,K8vZ917ueX7,KovZpZA6JttA,Teatro Metropolitan,México,Ciudad de México,CDMX,Mexico,MX,MX,19.433457,-99.146811,Music,Latin,Latin,Undefined,Undefined,False,OCESA,,,,Ticketmaster Discovery API,2026,10,October,1,Ciudad de México,Ciudad de México,Latin,False,False
G5dVZ_GS3kAgd,AQUIHAYAQUIHAY,https://www.ticketmaster.com.mx/aquihayaquihay-ciudad-de-mexico-13-10-2026/event/3D0064CCD2185D43,2026-10-13,20:00:00,America/Mexico_City,onsale,AQUIHAYAQUIHAY,K8vZ917jrr0,KovZpZA6EtdA,El Lunario del Auditorio Nacional,Ciudad de México,Ciudad de México,CDMX,Mexico,MX,MX,19.424682,-99.1954,Music,Hip-Hop/Rap,Trap,Undefined,Undefined,False,MONDIAL PRICE 1,,,,Ticketmaster Discovery API,2026,10,October,1,Ciudad de México,Ciudad de México,Hip-Hop/Rap,False,False
G5dVZ_GStmMde,Aquihayaquihay VIP + MEET&GREET,https://www.ticketmaster.com.mx/aquihayaquihay-vip-meetgreet-ciudad-de-mexico-13-10-2026/event/3D0064CCE9BB70C2,2026-10-13,20:00:00,America/Mexico_City,onsale,AQUIHAYAQUIHAY,K8vZ917jrr0,KovZpZA6EtdA,El Lunario del Auditorio Nacional,Ciudad de México,Ciudad de México,CDMX,Mexico,MX,MX,19.424682,-99.1954,Music,Hip-Hop/Rap,Trap,Undefined,Undefined,False,MONDIAL PRICE 1,,,,Ticketmaster Discovery API,2026,10,October,1,Ciudad de México,Ciudad de México,Hip-Hop/Rap,False,False
G5dVZ_drvRvxL,Hombres G,https://www.ticketmaster.com.mx/hombres-g-ciudad-de-mexico-13-10-2026/event/3D00643781BC189F,2026-10-13,20:30:00,America/Mexico_City,onsale,Hombres G,K8vZ9171sp7,KovZpZA6EkkA,Auditorio Nacional,Ciudad de México,Ciudad de México,CDMX,Mexico,MX,MX,19.424648,-99.19484,Music,Pop,Pop,Undefined,Undefined,False,OCESA,,,,Ticketmaster Discovery API,2026,10,October,1,Ciudad de México,Ciudad de México,Pop,False,False
1AfZkoPGkez0t06,Two Door Cinema Club,https://www.ticketmaster.com.mx/two-door-cinema-club-monterrey-13-10-2026/event/14006465B8929907,2026-10-13,21:00:00,America/Mexico_City,onsale,Two Door Cinema Club,K8vZ917GL50,KovZpZAIln6A,Escenario GNP Seguros,Monterrey,Nuevo León,NL,Mexico,MX,MX,25.666135,-100.316726,Music,Rock,Pop,Undefined,Undefined,False,MONDIAL PRICE 1,,,,Ticketmaster Discovery API,2026,10,October,1,Monterrey,Nuevo León,Rock,False,False
17AZv0G6G34Y4ux,Rhye en Ciudad de México,https://www.ticketmaster.com.mx/rhye-en-ciudad-de-mexico-mexico-13-10-2026/event/140064C495C15362,2026-10-13,21:00:00,America/Mexico_City,onsale,Rhye,K8vZ9178SO0,KovZpZAJllnA,Pepsi Center,México,Ciudad de México,CDMX,Mexico,MX,MX,19.39340970,-99.17581180,Music,Rock,Pop,Undefined,Undefined,False,MONDIAL PRICE 1,,,,Ticketmaster Discovery API,2026,10,October,1,Ciudad de México,Ciudad de México,Rock,False,False
G5dVZ_dr7Dvl0,Hombres G,https://www.ticketmaster.com.mx/hombres-g-ciudad-de-mexico-14-10-2026/event/3D00643784EC1AE4,2026-10-14,20:30:00,America/Mexico_City,onsale,Hombres G,K8vZ9171sp7,KovZpZA6EkkA,Auditorio Nacional,Ciudad de México,Ciudad de México,CDMX,Mexico,MX,MX,19.424648,-99.19484,Music,Pop,Pop,Undefined,Undefined,False,OCESA,,,,Ticketmaster Discovery API,2026,10,October,1,Ciudad de México,Ciudad de México,Pop,False,False
G5dVZ_GnRMd7l,Karen Souza: The Biggest Latin Jazz Diva is Back,https://www.ticketmaster.com.mx/karen-souza-the-biggest-latin-jazz-ciudad-de-mexico-14-10-2026/event/3D0064CAAFDC312B,2026-10-14,21:00:00,America/Mexico_City,onsale,Karen Souza,K8vZ917pYWf,KovZpZA6EtdA,El Lunario del Auditorio Nacional,Ciudad de México,Ciudad de México,CDMX,Mexico,MX,MX,19.424682,-99.1954,Music,Jazz,Jazz,Undefined,Undefined,False,MONDIAL PRICE 1,,,,Ticketmaster Discovery API,2026,10,October,1,Ciudad de México,Ciudad de México,Jazz,False,False
1AfZk38GkdBtYYk,Travis,https://www.ticketmaster.com.mx/travis-mexico-14-10-2026/event/14006490FAA70C06,2026-10-14,21:00:00,America/Mexico_City,onsale,Travis,K8vZ9171x47,KovZpZAJllnA,Pepsi Center,México,Ciudad de México,CDMX,Mexico,MX,MX,19.39340970,-99.17581180,Music,Rock,Pop,Undefined,Undefined,False,OCESA,,,,Ticketmaster Discovery API,2026,10,October,1,Ciudad de México,Ciudad de México,Rock,False,False
1AfZkodGkdO7p30,Pablo Alboran,https://www.ticketmaster.com.mx/pablo-alboran-zapopan-14-10-2026/event/14006443E01164A4,2026-10-14,21:00:00,America/Mexico_City,onsale,Pablo Alboran,K8vZ9173e80,KovZpZA6I7FA,Auditorio Telmex,Zapopan,Jalisco,JAL,Mexico,MX,MX,20.73324,-103.38112,Music,Latin,Latin,Undefined,Undefined,False,OCESA,,,,Ticketmaster Discovery API,2026,10,October,1,Zapopan,Jalisco,Latin,False,False
ZFIMVHtnMZ17kb8J,BTS - World Tour ARIRANG in Santiago,https://www.ticketmaster.cl/event/bts-world-tour-arirang-live-2026-scl,2026-10-14,20:00:00,America/Santiago,onsale,BTS,K8vZ917KpXV,Z5IMVHtnMZAed,,,,RM,,CL,CL,-33.4623913,-70.6113274,Music,Pop,K-Pop,,,False,,,,,Ticketmaster Discovery API,2026,10,October,1,,,Pop,False,False
G5dVZ_73-we__,Enrique Bunbury,https://www.ticketmaster.com.mx/enrique-bunbury-ciudad-de-mexico-15-10-2026/event/3D006444A1C82659,2026-10-15,20:30:00,America/Mexico_City,onsale,Bunbury,K8vZ9171BQ0,KovZpZA6EkkA,Auditorio Nacional,Ciudad de México,Ciudad de México,CDMX,Mexico,MX,MX,19.424648,-99.19484,Music,Latin,Latin,Undefined,Undefined,False,OCESA,,,,Ticketmaster Discovery API,2026,10,October,1,Ciudad de México,Ciudad de México,Latin,False,False
G5dVZ_5304pHc,ADÉLA: The Red Bottoms Tour,https://www.ticketmaster.com.mx/adela-the-red-bottoms-tour-mexico-15-10-2026/event/3D0064B4A4556F2D,2026-10-15,21:00:00,America/Mexico_City,onsale,ADÉLA,K8vZ917rmt7,KovZpZAJIAIA,Foro Puebla,Mexico,Ciudad de México,CDMX,Mexico,MX,MX,19.422158,-99.164129,Music,Pop,Pop,Undefined,Undefined,False,OCESA,,,,Ticketmaster Discovery API,2026,10,October,1,Ciudad de México,Ciudad de México,Pop,False,False
1Av8Z_dGkD357VU,Pablo Alboran,https://www.ticketmaster.com.mx/pablo-alboran-monterrey-15-10-2026/event/1400643ED22C4D36,2026-10-15,21:00:00,America/Mexico_City,onsale,Pablo Alboran,K8vZ9173e80,KovZpZAJt1kA,Auditorio Banamex,Monterrey,Nuevo León,NL,Mexico,MX,MX,25.67765795,-100.28085777,Music,Latin,Latin,Undefined,Undefined,False,OCESA,,,,Ticketmaster Discovery API,2026,10,October,1,Monterrey,Nuevo León,Latin,False,False
1AfZkoPGkew4IVC,Two Door Cinema Club,https://www.ticketmaster.com.mx/two-door-cinema-club-mexico-15-10-2026/event/14006465B2568D0E,2026-10-15,21:00:00,America/Mexico_City,onsale,Two Door Cinema Club,K8vZ917GL50,KovZpZAJllnA,Pepsi Center,México,Ciudad de México,CDMX,Mexico,MX,MX,19.39340970,-99.17581180,Music,Rock,Pop,Undefined,Undefined,False,OCESA,,,,Ticketmaster Discovery API,2026,10,October,1,Ciudad de México,Ciudad de México,Rock,False,False
G5dVZ_GmyPP7w,Meme del Real,https://www.ticketmaster.com.mx/meme-del-real-zapopan-15-10-2026/event/3D0064CBB9965132,2026-10-15,21:00:00,America/Mexico_City,onsale,Meme del Real,K8vZ917r-90,KovZ917AYIQ,Conjunto de Artes Escenicas,Zapopan,Jalisco,JAL,Mexico,MX,MX,20.73703643,-103.38053030,Music,Latin,Latin,Undefined,Undefined,False,MONDIAL PRICE 3,,,,Ticketmaster Discovery API,2026,10,October,1,Zapopan,Jalisco,Latin,False,False
G5dVZ_1NpFFDk,OMD,https://www.ticketmaster.com.mx/omd-zapopan-15-10-2026/event/3D0064A8D6208EC6,2026-10-15,21:00:00,America/Mexico_City,onsale,OMD,K8vZ917CD4V,KovZpZA6IedA,Teatro Estudio Cavaret,Zapopan,Jalisco,JAL,Mexico,MX,MX,20.736739,-103.378417,Music,Pop,Pop,Undefined,Undefined,False,OCESA,,,,Ticketmaster Discovery API,2026,10,October,1,Zapopan,Jalisco,Pop,False,False
G5dVZ_dr7DolJ,Hombres G,https://www.ticketmaster.com.mx/hombres-g-ciudad-de-mexico-16-10-2026/event/3D00643784ED1AE6,2026-10-16,20:30:00,America/Mexico_City,onsale,Hombres G,K8vZ9171sp7,KovZpZA6EkkA,Auditorio Nacional,Ciudad de México,Ciudad de México,CDMX,Mexico,MX,MX,19.424648,-99.19484,Music,Pop,Pop,Undefined,Undefined,False,OCESA,,,,Ticketmaster Discovery API,2026,10,October,1,Ciudad de México,Ciudad de México,Pop,False,False
1AfZkuyGkdZEXZj,Martin Garrix,https://www.ticketmaster.com.mx/martin-garrix-ciudad-de-mexico-16-10-2026/event/14006379C09FE01C,2026-10-16,20:00:00,America/Mexico_City,onsale,Martin Garrix,K8vZ917owjf,KovZpZA77t6A,Palacio de los Deportes,Ciudad de México,Ciudad de México,CDMX,Mexico,MX,MX,19.40154080,-99.09806060,Music,Pop,Electro Pop,Undefined,Undefined,False,OCESA,,,,Ticketmaster Discovery API,2026,10,October,1,Ciudad de México,Ciudad de México,Pop,False,False
G5dVZ_AwilNj3,Regios Country Fest,https://www.ticketmaster.com.mx/regios-country-fest-col-centro-monterrey-16-10-2026/event/3D00645CACAE3712,2026-10-16,21:00:00,America/Mexico_City,onsale,,,KovZpZAEvelA,Foro Corona Monterrey,Col. Centro Monterrey,Nuevo León,NL,Mexico,MX,MX,25.66646204,-100.31681661,Music,Hip-Hop/Rap,Reggaeton,Undefined,Undefined,False,MONDIAL PRICE 3,,,,Ticketmaster Discovery API,2026,10,October,1,Monterrey,Nuevo León,Hip-Hop/Rap,True,False
G5dVZ_53PLM6Y,ADÉLA: The Red Bottoms Tour,https://www.ticketmaster.com.mx/adela-the-red-bottoms-tour-mexico-16-10-2026/event/3D0064B4A57F71F0,2026-10-16,21:00:00,America/Mexico_City,onsale,ADÉLA,K8vZ917rmt7,KovZpZAJIAIA,Foro Puebla,Mexico,Ciudad de México,CDMX,Mexico,MX,MX,19.422158,-99.164129,Music,Pop,Pop,Undefined,Undefined,False,OCESA,,,,Ticketmaster Discovery API,2026,10,October,1,Ciudad de México,Ciudad de México,Pop,False,False
1Av8ZbzGkmp05Uu,Enjambre,https://www.ticketmaster.com.mx/enjambre-monterrey-16-10-2026/event/1400638B9690BD8D,2026-10-16,21:00:00,America/Mexico_City,onsale,Enjambre,K8vZ9175RK7,KovZpZAJt1kA,Auditorio Banamex,Monterrey,Nuevo León,NL,Mexico,MX,MX,25.67765795,-100.28085777,Music,Latin,Latin,Undefined,Undefined,False,MONDIAL PRICE 1,,,,Ticketmaster Discovery API,2026,10,October,1,Monterrey,Nuevo León,Latin,False,False
17AZv0G65m_wBtD,Angélica María y Enrique Guzmán: La Despedida,https://www.ticketmaster.com.mx/angelica-maria-y-enrique-guzman-la-mexico-16-10-2026/event/140064BB99CBAA7B,2026-10-16,20:00:00,America/Mexico_City,onsale,Angélica María y Enrique Guzmán,K8vZ917Gu80,KovZpZA6JttA,Teatro Metropolitan,México,Ciudad de México,CDMX,Mexico,MX,MX,19.433457,-99.146811,Music,Ballads/Romantic,Ballads/Romantic,Undefined,Undefined,False,OCESA,,,,Ticketmaster Discovery API,2026,10,October,1,Ciudad de México,Ciudad de México,Ballads/Romantic,False,False
17AZv0G65hfvrMD,Dabeull,https://www.ticketmaster.com.mx/dabeull-mexico-16-10-2026/event/140064B6D405EDFB,2026-10-16,21:00:00,America/Mexico_City,onsale,Dabeull,K8vZ917QIw0,KovZpZAEvvIA,Auditorio BB,México,Ciudad de México,CDMX,Mexico,MX,MX,19.40806960,-99.16787720,Music,Pop,Electro Pop,Undefined,Undefined,False,MONDIAL PRICE 1,,,,Ticketmaster Discovery API,2026,10,October,1,Ciudad de México,Ciudad de México,Pop,False,False
G5dVZ_knzH7LU,Edén Muñoz,https://www.ticketmaster.com.mx/eden-munoz-mexico-16-10-2026/event/3D00646AB8F047F6,2026-10-16,21:00:00,America/Mexico_City,onsale,Edén Muñoz,K8vZ917Q93f,KovZpZA6JneA,Monumental Plaza De Toros México,México,Ciudad de México,CDMX,Mexico,MX,MX,19.382954,-99.180087,Music,Latin,Latin,Undefined,Undefined,False,MONDIAL PRICE 1,,,,Ticketmaster Discovery API,2026,10,October,1,Ciudad de México,Ciudad de México,Latin,False,False
G5dVZ_am7IZD9,TrendLine,https://www.ticketmaster.com.mx/trendline-mexico-16-10-2026/event/3D00649B84A00ED7,2026-10-16,21:00:00,America/Mexico_City,onsale,TrendLine,K8vZ917hx67,KovZ917A8z0,Foro Red Access,México,Ciudad de México,CDMX,Mexico,MX,MX,19.35677,-99.163341,Music,Ballads/Romantic,Ballads/Romantic,Undefined,Undefined,False,MONDIAL PRICE 1,,,,Ticketmaster Discovery API,2026,10,October,1,Ciudad de México,Ciudad de México,Ballads/Romantic,False,False
1AfZkoPGkeSQFHt,Two Door Cinema Club,https://www.ticketmaster.com.mx/two-door-cinema-club-mexico-16-10-2026/event/14006465B3688F29,2026-10-16,21:00:00,America/Mexico_City,onsale,Two Door Cinema Club,K8vZ917GL50,KovZpZAJllnA,Pepsi Center,México,Ciudad de México,CDMX,Mexico,MX,MX,19.39340970,-99.17581180,Music,Rock,Pop,Undefined,Undefined,False,OCESA,,,,Ticketmaster Discovery API,2026,10,October,1,Ciudad de México,Ciudad de México,Rock,False,False
16fZkoN-dZAGd77v,Caifanes,https://www.ticketmaster.com.mx/caifanes-zapopan-16-10-2026/event/14006463843B2330,2026-10-16,21:00:00,America/Mexico_City,onsale,Caifanes,K8vZ917112V,KovZpZA6I7FA,Auditorio Telmex,Zapopan,Jalisco,JAL,Mexico,MX,MX,20.73324,-103.38112,Music,Latin,Latin,Undefined,Undefined,False,OCESA,,,,Ticketmaster Discovery API,2026,10,October,1,Zapopan,Jalisco,Latin,False,False
ZFIMVHtnMZ17kv0K,After Forever - Tokio Marine Hall,https://www.ticketmaster.com.br/event/after-forever-tokio-marine-hall,2026-10-16,22:00:00,America/Sao_Paulo,onsale,After Forever,K8vZ917qoRf,Z5IMVHtnMZ1FA,Tokio Marine Hall,,,SP,,BR,BR,-23.63847,-46.71997469999999,Music,Metal,Death Metal/Black Metal,,,False,,,,,Ticketmaster Discovery API,2026,10,October,1,,,Metal,False,False
ZFIMVHtnMZ17kK8-,BTS - World Tour ARIRANG in Santiago,https://www.ticketmaster.cl/event/bts-world-tour-arirang-live-2026-scl,2026-10-16,20:00:00,America/Santiago,onsale,BTS,K8vZ917KpXV,Z5IMVHtnMZAed,,,,RM,,CL,CL,-33.4623913,-70.6113274,Music,Pop,K-Pop,,,False,,,,,Ticketmaster Discovery API,2026,10,October,1,,,Pop,False,False
ZFIMVHtnMZ17kb8I,CPM 22 DVL Rock Festival - Pato Branco,https://www.ticketmaster.com.br/event/cpm-22-dvl-rock-festival-pato-branco,2026-10-16,23:00:00,America/Sao_Paulo,onsale,CPM22,K8vZ917jyt7,ZGIMVHtnMZd7va,Garden Eventos,,,PR,,BR,BR,-26.2429468,-52.6562792,Music,Rock,Hardcore Punk,,,False,,,,,Ticketmaster Discovery API,2026,10,October,1,,,Rock,True,False
G5dVZ_73-we_h,Enrique Bunbury,https://www.ticketmaster.com.mx/enrique-bunbury-ciudad-de-mexico-17-10-2026/event/3D006444A1C8265B,2026-10-17,20:30:00,America/Mexico_City,onsale,Bunbury,K8vZ9171BQ0,KovZpZA6EkkA,Auditorio Nacional,Ciudad de México,Ciudad de México,CDMX,Mexico,MX,MX,19.424648,-99.19484,Music,Latin,Latin,Undefined,Undefined,False,OCESA,,,,Ticketmaster Discovery API,2026,10,October,1,Ciudad de México,Ciudad de México,Latin,False,False
G5dVZ_5Qmakll,Juan Solo Salvavidas,https://www.ticketmaster.com.mx/juan-solo-salvavidas-ciudad-de-mexico-17-10-2026/event/3D0064B6AE246AEB,2026-10-17,20:00:00,America/Mexico_City,onsale,Juan Solo,K8vZ917hay0,KovZpZA6EtdA,El Lunario del Auditorio Nacional,Ciudad de México,Ciudad de México,CDMX,Mexico,MX,MX,19.424682,-99.1954,Music,Ballads/Romantic,Ballads/Romantic,Undefined,Undefined,False,MONDIAL PRICE 1,,,,Ticketmaster Discovery API,2026,10,October,1,Ciudad de México,Ciudad de México,Ballads/Romantic,False,False
1AfZkuyGkdvxr1A,Martin Garrix,https://www.ticketmaster.com.mx/martin-garrix-ciudad-de-mexico-17-10-2026/event/14006379C189E285,2026-10-17,20:00:00,America/Mexico_City,onsale,Martin Garrix,K8vZ917owjf,KovZpZA77t6A,Palacio de los Deportes,Ciudad de México,Ciudad de México,CDMX,Mexico,MX,MX,19.40154080,-99.09806060,Music,Pop,Electro Pop,Undefined,Undefined,False,OCESA,,,,Ticketmaster Discovery API,2026,10,October,1,Ciudad de México,Ciudad de México,Pop,False,False
G5dVZ_G1JIVFX,Mike Lamadrid,https://www.ticketmaster.com.mx/mike-lamadrid-col-centro-monterrey-17-10-2026/event/3D0064C2A6A3423E,2026-10-17,21:00:00,America/Mexico_City,onsale,Mike Lamadrid,K8vZ917OQ_f,KovZpZAEvelA,Foro Corona Monterrey,Col. Centro Monterrey,Nuevo León,NL,Mexico,MX,MX,25.66646204,-100.31681661,Music,Hip-Hop/Rap,Trap,Undefined,Undefined,False,MONDIAL PRICE 1,,,,Ticketmaster Discovery API,2026,10,October,1,Monterrey,Nuevo León,Hip-Hop/Rap,False,False
ZFIMVHtnMZ17Afaz,Iron Maiden,https://www.ticketmaster.pe/event/iron-maiden-home,2026-10-17,20:30:00,America/Lima,onsale,Iron Maiden,K8vZ9171G4V,Z5IMVHtnMZF1A,Estadio Nacional del Peru,Lima,Lima,LIM,Peru,PE,PE,-12.06728990702073,-77.03372900462884,Music,Metal,Heavy Metal,,,False,,,,,Ticketmaster Discovery API,2026,10,October,1,Lima,Lima,Metal,False,False
G5dVZ_eJdNoOs,Melissa Aldana Quartet,https://www.ticketmaster.com.mx/melissa-aldana-quartet-mexico-17-10-2026/event/3D006429838D1831,2026-10-17,19:30:00,America/Mexico_City,onsale,"Melissa Aldana, Ciclo NY Jazz All Stars","K8vZ9173Wsf, K8vZ917Ok37",KovZpZA6EkIA,Teatro de la Ciudad Esperanza Iris,Mexico,Ciudad de México,CDMX,Mexico,MX,MX,19.43669360,-99.13943750,Music,Jazz,Jazz,Undefined,Undefined,False,MONDIAL PRICE 1,,,,Ticketmaster Discovery API,2026,10,October,1,Ciudad de México,Ciudad de México,Jazz,False,False
G5dVZ_FUetYzn,Alejandro Sanz,https://www.ticketmaster.com.mx/alejandro-sanz-monterrey-17-10-2026/event/3D00648D82A70E2A,2026-10-17,21:00:00,America/Mexico_City,onsale,Alejandro Sanz,K8vZ9171_60,KovZpZAJna7A,Estadio Borregos,Monterrey,Nuevo León,NL,Mexico,MX,MX,25.65359730,-100.28543310,Music,Latin,Latin,Undefined,Undefined,False,MONDIAL PRICE 1,,,,Ticketmaster Discovery API,2026,10,October,1,Monterrey,Nuevo León,Latin,False,False
17AZv0G61pC17xh,"Serbia ""No me sueltes tour""",https://www.ticketmaster.com.mx/serbia-no-me-sueltes-tour-monterrey-17-10-2026/event/140064A58E28489B,2026-10-17,20:00:00,America/Mexico_City,onsale,Serbia,K8vZ917_p07,KovZpZAIln6A,Escenario GNP Seguros,Monterrey,Nuevo León,NL,Mexico,MX,MX,25.666135,-100.316726,Music,Rock,Alternative Rock,Undefined,Undefined,False,MONDIAL PRICE 1,,,,Ticketmaster Discovery API,2026,10,October,1,Monterrey,Nuevo León,Rock,False,False
G5dVZ_516z-tG,Alejandro Filio,https://www.ticketmaster.com.mx/alejandro-filio-mexico-17-10-2026/event/3D0064B287E21A4C,2026-10-17,21:00:00,America/Mexico_City,onsale,Alejandro Filio,K8vZ9175Hv7,KovZ917A8z0,Foro Red Access,México,Ciudad de México,CDMX,Mexico,MX,MX,19.35677,-99.163341,Music,World,Trova,Undefined,Undefined,False,MONDIAL PRICE 1,,,,Ticketmaster Discovery API,2026,10,October,1,Ciudad de México,Ciudad de México,World,False,False
G5dVZ_eJwz48O,Edén Muñoz,https://www.ticketmaster.com.mx/eden-munoz-mexico-17-10-2026/event/3D006429B2E15420,2026-10-17,21:00:00,America/Mexico_City,onsale,Edén Muñoz,K8vZ917Q93f,KovZpZA6JneA,Monumental Plaza De Toros México,México,Ciudad de México,CDMX,Mexico,MX,MX,19.382954,-99.180087,Music,Latin,Latin,Undefined,Undefined,False,MONDIAL PRICE 1,,,,Ticketmaster Discovery API,2026,10,October,1,Ciudad de México,Ciudad de México,Latin,False,False
G5dVZ_a156x-i,"Mariana Ochoa ""Amiga Tour""",https://www.ticketmaster.com.mx/mariana-ochoa-amiga-tour-mexico-17-10-2026/event/3D0064928B1E286C,2026-10-17,21:30:00,America/Mexico_City,onsale,Mariana Ochoa,K8vZ917qkXV,KovZpZA7AJ6A,La Maraka,México,Ciudad de México,CDMX,Mexico,MX,MX,19.38651080,-99.16317750,Music,Latin,Latin,Undefined,Undefined,False,MONDIAL PRICE 1,,,,Ticketmaster Discovery API,2026,10,October,1,Ciudad de México,Ciudad de México,Latin,False,False
1Av8Z_kGkTQ6QWq,"Yolanda del Rio, El Gran Regreso",https://www.ticketmaster.com.mx/yolanda-del-rio-el-gran-regreso-mexico-17-10-2026/event/1400646FDA1DAF5D,2026-10-17,20:00:00,America/Mexico_City,onsale,Yolanda Del Rio,K8vZ9172Myf,KovZpZA6JttA,Teatro Metropolitan,México,Ciudad de México,CDMX,Mexico,MX,MX,19.433457,-99.146811,Music,Latin,Latin,Undefined,Undefined,False,OCESA,,,,Ticketmaster Discovery API,2026,10,October,1,Ciudad de México,Ciudad de México,Latin,False,False
1Av8Z_aGkSxgXGM,Festival Nescafé Vaiven 2026 Banamex VIP,https://www.ticketmaster.com.mx/festival-nescafe-vaiven-2026-banamex-vip-tehuixtla-17-10-2026/event/1400649CE2D7E337,2026-10-17,15:00:00,America/Mexico_City,onsale,Festival Nescafé Vaivén 2026,K8vZ9179IC7,KovZpZAJFtFA,Jardines de México,Tehuixtla,Morelos,MOR,Mexico,MX,MX,18.607629,-99.291045,Music,Undefined,Undefined,Event Style,Festival,False,OCESA,,,,Ticketmaster Discovery API,2026,10,October,1,Tehuixtla,Morelos,Sin clasificar,True,False
1Av8Z_aGkwXmtTs,Festival Nescafé Vaiven 2026 Comfort,https://www.ticketmaster.com.mx/festival-nescafe-vaiven-2026-comfort-tehuixtla-17-10-2026/event/1400649CBEBA9FF1,2026-10-17,15:00:00,America/Mexico_City,onsale,Festival Nescafé Vaivén 2026,K8vZ9179IC7,KovZpZAJFtFA,Jardines de México,Tehuixtla,Morelos,MOR,Mexico,MX,MX,18.607629,-99.291045,Music,Undefined,Undefined,Event Style,Festival,False,OCESA,,,,Ticketmaster Discovery API,2026,10,October,1,Tehuixtla,Morelos,Sin clasificar,True,False
1Av8Z_aGkS-OXZ1,Festival Nescafé Vaiven 2026 General,https://www.ticketmaster.com.mx/festival-nescafe-vaiven-2026-general-tehuixtla-17-10-2026/event/1400649CE183E00A,2026-10-17,15:00:00,America/Mexico_City,onsale,Festival Nescafé Vaivén 2026,K8vZ9179IC7,KovZpZAJFtFA,Jardines de México,Tehuixtla,Morelos,MOR,Mexico,MX,MX,18.607629,-99.291045,Music,Undefined,Undefined,Event Style,Festival,False,OCESA,,,,Ticketmaster Discovery API,2026,10,October,1,Tehuixtla,Morelos,Sin clasificar,True,False
16v8Z_AC7G7IKSO,Caifanes,https://www.ticketmaster.com.mx/caifanes-zapopan-17-10-2026/event/1400645384A13CE0,2026-10-17,21:00:00,America/Mexico_City,onsale,Caifanes,K8vZ917112V,KovZpZA6I7FA,Auditorio Telmex,Zapopan,Jalisco,JAL,Mexico,MX,MX,20.73324,-103.38112,Music,Latin,Latin,Undefined,Undefined,False,OCESA,,,,Ticketmaster Discovery API,2026,10,October,1,Zapopan,Jalisco,Latin,False,False
ZFIMVHtnMZ17kb8P,BTS - World Tour ARIRANG in Santiago,https://www.ticketmaster.cl/event/bts-world-tour-arirang-live-2026-scl,2026-10-17,20:00:00,America/Santiago,onsale,BTS,K8vZ917KpXV,Z5IMVHtnMZAed,,,,RM,,CL,CL,-33.4623913,-70.6113274,Music,Pop,K-Pop,,,False,,,,,Ticketmaster Discovery API,2026,10,October,1,,,Pop,False,False
ZFIMVHtnMZ17kpOS,CPM 22 DVL Rock Festival - Cascavel,https://www.ticketmaster.com.br/event/cpm-22-dvl-rock-festival-cascavel,2026-10-17,23:00:00,America/Sao_Paulo,onsale,CPM22,K8vZ917jyt7,ZGIMVHtnMZddka,Black Cap Eventos,,,PR,,BR,BR,-24.9399849,-53.4683481,Music,Rock,Hardcore Punk,,,False,,,,,Ticketmaster Discovery API,2026,10,October,1,,,Rock,True,False
ZFIMVHtnMZ17FEoe,Jorge Vercillo - Tokio Marine Hall,https://www.ticketmaster.com.br/event/jorge-vercillo-tokio-marine-hall,2026-10-17,21:00:00,America/Sao_Paulo,onsale,Jorge Vercillo,K8vZ917qCw7,Z5IMVHtnMZ1FA,Tokio Marine Hall,,,SP,,BR,BR,-23.63847,-46.71997469999999,Music,World,Brazil,,,False,,,,,Ticketmaster Discovery API,2026,10,October,1,,,World,False,False
ZFIMVHtnMZ17k4Oa,Kid Abelha - Florianópolis,https://www.ticketmaster.com.br/event/venda-geral-kid-abelha-florianopolis,2026-10-17,21:00:00,America/Sao_Paulo,onsale,,Z5uMVHtnMZ7a7,ZGIMVHtnMZev7d,Arena Opus,,,SC,,BR,BR,-27.6097062,-48.6566223,Music,World,Brazil,,,False,,,,,Ticketmaster Discovery API,2026,10,October,1,,,World,False,False
G5dVZ_dr7D-li,Hombres G,https://www.ticketmaster.com.mx/hombres-g-ciudad-de-mexico-18-10-2026/event/3D00643784EE1AEC,2026-10-18,19:00:00,America/Mexico_City,onsale,Hombres G,K8vZ9171sp7,KovZpZA6EkkA,Auditorio Nacional,Ciudad de México,Ciudad de México,CDMX,Mexico,MX,MX,19.424648,-99.19484,Music,Pop,Pop,Undefined,Undefined,False,OCESA,,,,Ticketmaster Discovery API,2026,10,October,1,Ciudad de México,Ciudad de México,Pop,False,False
G5dVZ_urdiZgY,Pavel Loaria Big Band 10 Años,https://www.ticketmaster.com.mx/pavel-loaria-big-band-10-anos-ciudad-de-mexico-18-10-2026/event/3D0064D783B00D70,2026-10-18,13:00:00,America/Mexico_City,onsale,Pavel Loaria,K8vZ917hfLV,KovZpZA6EtdA,El Lunario del Auditorio Nacional,Ciudad de México,Ciudad de México,CDMX,Mexico,MX,MX,19.424682,-99.1954,Music,Other,Other,Undefined,Undefined,False,MONDIAL PRICE 1,,,,Ticketmaster Discovery API,2026,10,October,1,Ciudad de México,Ciudad de México,Other,False,False
1Av8ZbMGknWKu-3,Consorcio En Concierto,https://www.ticketmaster.com.mx/consorcio-en-concierto-mexico-18-10-2026/event/1400637ABD4CD852,2026-10-18,17:00:00,America/Mexico_City,onsale,Consorcio En Concierto,K8vZ9175ajV,KovZpZA6JttA,Teatro Metropolitan,México,Ciudad de México,CDMX,Mexico,MX,MX,19.433457,-99.146811,Music,Latin,Latin,Undefined,Undefined,False,OCESA,,,,Ticketmaster Discovery API,2026,10,October,1,Ciudad de México,Ciudad de México,Latin,False,False
G5dVZ_aUbOdw-,La Onda Vaselina,https://www.ticketmaster.com.mx/la-onda-vaselina-mexico-18-10-2026/event/3D00649D98803CA1,2026-10-18,13:00:00,America/Mexico_City,onsale,La Onda Vaselina,K8vZ917jUq7,KovZ917A8z0,Foro Red Access,México,Ciudad de México,CDMX,Mexico,MX,MX,19.35677,-99.163341,Music,Other,Other,Undefined,Undefined,False,MONDIAL PRICE 1,,,,Ticketmaster Discovery API,2026,10,October,1,Ciudad de México,Ciudad de México,Other,False,False
17AZv0G61NaSPa5,OMD,https://www.ticketmaster.com.mx/omd-mexico-18-10-2026/event/140064A8C9CE524B,2026-10-18,19:00:00,America/Mexico_City,onsale,OMD,K8vZ917CD4V,KovZpZAJllnA,Pepsi Center,México,Ciudad de México,CDMX,Mexico,MX,MX,19.39340970,-99.17581180,Music,Pop,Pop,Undefined,Undefined,False,OCESA,,,,Ticketmaster Discovery API,2026,10,October,1,Ciudad de México,Ciudad de México,Pop,False,False
17AZv0G65pX_L4R,Def Leppard,https://www.ticketmaster.com.mx/def-leppard-ciudad-de-mexico-19-10-2026/event/140064B5BE65F56F,2026-10-19,20:00:00,America/Mexico_City,onsale,"Def Leppard, Extreme","K8vZ9171CY7, K8vZ9171Caf",KovZpZA77t6A,Palacio de los Deportes,Ciudad de México,Ciudad de México,CDMX,Mexico,MX,MX,19.40154080,-99.09806060,Music,Rock,Pop,Undefined,Undefined,False,OCESA,,,,Ticketmaster Discovery API,2026,10,October,1,Ciudad de México,Ciudad de México,Rock,False,False
G5dVZ_73-ww_N,Enrique Bunbury,https://www.ticketmaster.com.mx/enrique-bunbury-ciudad-de-mexico-19-10-2026/event/3D006444A1CB2663,2026-10-19,20:30:00,America/Mexico_City,onsale,Bunbury,K8vZ9171BQ0,KovZpZA6EkkA,Auditorio Nacional,Ciudad de México,Ciudad de México,CDMX,Mexico,MX,MX,19.424648,-99.19484,Music,Latin,Latin,Undefined,Undefined,False,OCESA,,,,Ticketmaster Discovery API,2026,10,October,1,Ciudad de México,Ciudad de México,Latin,False,False
17AZv0G61B3vgEH,The Midnight: Time Machines,https://www.ticketmaster.com.mx/the-midnight-time-machines-monterrey-19-10-2026/event/140064AE920759FC,2026-10-19,20:00:00,America/Mexico_City,onsale,The Midnight,K8vZ917pDpV,KovZpZAIln6A,Escenario GNP Seguros,Monterrey,Nuevo León,NL,Mexico,MX,MX,25.666135,-100.316726,Music,Pop,Pop,Undefined,Undefined,False,MONDIAL PRICE 1,,,,Ticketmaster Discovery API,2026,10,October,1,Monterrey,Nuevo León,Pop,False,False
1AfZk8MGke0P9c7,Hombres G,https://www.ticketmaster.com.mx/hombres-g-zapopan-20-10-2026/event/14006437A4957B44,2026-10-20,21:00:00,America/Mexico_City,onsale,Hombres G,K8vZ9171sp7,KovZpZA6I7FA,Auditorio Telmex,Zapopan,Jalisco,JAL,Mexico,MX,MX,20.73324,-103.38112,Music,Pop,Pop,Undefined,Undefined,False,OCESA,,,,Ticketmaster Discovery API,2026,10,October,1,Zapopan,Jalisco,Pop,False,False
G5dVZ_u3ZQsdy,Jesse & Joy,https://www.ticketmaster.com.mx/jesse-joy-ciudad-de-mexico-21-10-2026/event/3D0064D4806B10F9,2026-10-21,20:30:00,America/Mexico_City,onsale,Jesse & Joy,K8vZ917G1wV,KovZpZA6EkkA,Auditorio Nacional,Ciudad de México,Ciudad de México,CDMX,Mexico,MX,MX,19.424648,-99.19484,Music,Ballads/Romantic,Ballads/Romantic,Undefined,Undefined,False,MONDIAL PRICE 1,,,,Ticketmaster Discovery API,2026,10,October,1,Ciudad de México,Ciudad de México,Ballads/Romantic,False,False
1AfZk34GkecTCB2,SLAYER: Reign In Blood 40th Anniversary 2026,https://www.ticketmaster.com.mx/slayer-reign-in-blood-40th-anniversary-ciudad-de-mexico-21-10-2026/event/14006495ADFCEE8F,2026-10-21,20:00:00,America/Mexico_City,onsale,"Slayer, Power Trip","K8vZ9171G_0, K8vZ917uBif",KovZpZA77t6A,Palacio de los Deportes,Ciudad de México,Ciudad de México,CDMX,Mexico,MX,MX,19.40154080,-99.09806060,Music,Metal,Nu-Metal,Undefined,Undefined,False,OCESA,,,,Ticketmaster Discovery API,2026,10,October,1,Ciudad de México,Ciudad de México,Metal,False,False
1AfZk36GkeBD2eF,La Casetera 2026,https://www.ticketmaster.com.mx/la-casetera-2026-mexico-21-10-2026/event/14006487BAECF088,2026-10-21,20:30:00,America/Mexico_City,onsale,La Casetera,K8vZ917rCNV,KovZpZA6JttA,Teatro Metropolitan,México,Ciudad de México,CDMX,Mexico,MX,MX,19.433457,-99.146811,Music,Latin,Latin,Undefined,Undefined,False,OCESA,,,,Ticketmaster Discovery API,2026,10,October,1,Ciudad de México,Ciudad de México,Latin,False,False
G5dVZ_5361KlA,Def Leppard,https://www.ticketmaster.com.mx/def-leppard-tlajomulco-de-zuniga-21-10-2026/event/3D0064B487293AC5,2026-10-21,21:00:00,America/Mexico_City,onsale,"Def Leppard, Extreme","K8vZ9171CY7, K8vZ9171Caf",KovZpZA6El6A,Arena VFG,Tlajomulco de Zuñiga,Jalisco,JAL,Mexico,MX,MX,20.467193,-103.263489,Music,Rock,Pop,Undefined,Undefined,False,OCESA,,,,Ticketmaster Discovery API,2026,10,October,1,Tlajomulco de Zuñiga,Jalisco,Rock,False,False
1AfZko7GkeiLthO,Enrique Bunbury,https://www.ticketmaster.com.mx/enrique-bunbury-zapopan-21-10-2026/event/14006444AC7E96E0,2026-10-21,21:00:00,America/Mexico_City,onsale,Bunbury,K8vZ9171BQ0,KovZpZA6I7FA,Auditorio Telmex,Zapopan,Jalisco,JAL,Mexico,MX,MX,20.73324,-103.38112,Music,Latin,Latin,Undefined,Undefined,False,OCESA,,,,Ticketmaster Discovery API,2026,10,October,1,Zapopan,Jalisco,Latin,False,False
16v8Z_kQeG7UxfM,Bad Gyal,https://www.ticketmaster.com.mx/bad-gyal-ciudad-de-mexico-22-10-2026/event/1400646682DA2537,2026-10-22,20:00:00,America/Mexico_City,onsale,Bad Gyal,K8vZ917pq9f,KovZpZA77t6A,Palacio de los Deportes,Ciudad de México,Ciudad de México,CDMX,Mexico,MX,MX,19.40154080,-99.09806060,Music,Reggae,Reggae,Undefined,Undefined,False,OCESA,,,,Ticketmaster Discovery API,2026,10,October,1,Ciudad de México,Ciudad de México,Reggae,False,False
G5dVZ_1TKZcgl,Edith Márquez,https://www.ticketmaster.com.mx/edith-marquez-ciudad-de-mexico-22-10-2026/event/3D0064AFD302DD6B,2026-10-22,20:30:00,America/Mexico_City,onsale,Edith Marquez,K8vZ917GGo7,KovZpZA6EkkA,Auditorio Nacional,Ciudad de México,Ciudad de México,CDMX,Mexico,MX,MX,19.424648,-99.19484,Music,Latin,Latin,Undefined,Undefined,False,MONDIAL PRICE 1,,,,Ticketmaster Discovery API,2026,10,October,1,Ciudad de México,Ciudad de México,Latin,False,False
G5dVZ_uQCGYWO,"Flamencura ""El Latido de la Tradición""",https://www.ticketmaster.com.mx/flamencura-el-latido-de-la-tradicion-ciudad-de-mexico-22-10-2026/event/3D0064D68E330F60,2026-10-22,20:30:00,America/Mexico_City,onsale,Flamencura,K8vZ917Oco7,KovZ917AVGy,Foro Stelaris Fiesta Americana Reforma,Ciudad de México,Ciudad de México,CDMX,Mexico,MX,MX,19.43219600,-99.15473940,Music,World,Flamenco,Undefined,Undefined,False,MONDIAL PRICE 1,,,,Ticketmaster Discovery API,2026,10,October,1,Ciudad de México,Ciudad de México,World,False,False
1Av8Z_kGkwbOUPR,Jessie Ware: The Superbloom Tour,https://www.ticketmaster.com.mx/jessie-ware-the-superbloom-tour-mexico-22-10-2026/event/1400646C9883696F,2026-10-22,21:00:00,America/Mexico_City,onsale,"Jessie Ware, dhruv","K8vZ9172rxV, K8vZ917QfR0",KovZpZA6JttA,Teatro Metropolitan,México,Ciudad de México,CDMX,Mexico,MX,MX,19.433457,-99.146811,Music,Rock,Pop,Undefined,Undefined,False,OCESA,,,,Ticketmaster Discovery API,2026,10,October,1,Ciudad de México,Ciudad de México,Rock,False,False
1AfZk8MGkeEfIIC,Hombres G,https://www.ticketmaster.com.mx/hombres-g-zapopan-22-10-2026/event/14006437A7528A0E,2026-10-22,21:00:00,America/Mexico_City,onsale,Hombres G,K8vZ9171sp7,KovZpZA6I7FA,Auditorio Telmex,Zapopan,Jalisco,JAL,Mexico,MX,MX,20.73324,-103.38112,Music,Pop,Pop,Undefined,Undefined,False,OCESA,,,,Ticketmaster Discovery API,2026,10,October,1,Zapopan,Jalisco,Pop,False,False
G5dVZ_5hQttQi,Panteon Rococo y Los Autenticos Caligaris,https://www.ticketmaster.com.mx/panteon-rococo-y-los-autenticos-caligaris-zapopan-22-10-2026/event/3D0064B6DAA696AC,2026-10-22,21:00:00,America/Mexico_City,onsale,"Panteon Rococo, Los Autenticos Caligaris, Los Caligaris, Los Auténticos Decadentes","K8vZ9175I9V, K8vZ917OatV, K8vZ917rCdf, K8vZ917G697",KovZpZA6JnFA,Coliseo GNP Seguros,Zapopan,Jalisco,JAL,Mexico,MX,MX,20.693768,-103.416177,Music,Latin,Latin,Undefined,Undefined,False,OCESA,,,,Ticketmaster Discovery API,2026,10,October,1,Zapopan,Jalisco,Latin,False,False
G5dVZ_axecdcZ,Andres Obregon M&G y Palomazo acustico (boleto de evento no incluido),https://www.ticketmaster.com.mx/andres-obregon-mg-y-palomazo-acustico-ciudad-de-mexico-23-10-2026/event/3D00649882B43B40,2026-10-23,20:30:00,America/Mexico_City,onsale,Andrés Obregón,K8vZ917hQo7,KovZpZA6EkkA,Auditorio Nacional,Ciudad de México,Ciudad de México,CDMX,Mexico,MX,MX,19.424648,-99.19484,Miscellaneous,Undefined,Undefined,Upsell,Merchandise Voucher,False,MONDIAL PRICE 1,,,,Ticketmaster Discovery API,2026,10,October,1,Ciudad de México,Ciudad de México,Sin clasificar,False,False
G5dVZ_FXVYkUo,Andrés Obregón,https://www.ticketmaster.com.mx/andres-obregon-ciudad-de-mexico-23-10-2026/event/3D00648FB4C06D91,2026-10-23,20:30:00,America/Mexico_City,onsale,Andrés Obregón,K8vZ917hQo7,KovZpZA6EkkA,Auditorio Nacional,Ciudad de México,Ciudad de México,CDMX,Mexico,MX,MX,19.424648,-99.19484,Music,Ballads/Romantic,Ballads/Romantic,Undefined,Undefined,False,OCESA,,,,Ticketmaster Discovery API,2026,10,October,1,Ciudad de México,Ciudad de México,Ballads/Romantic,False,False
1AfZk3pGkd0Stij,Fobia,https://www.ticketmaster.com.mx/fobia-ciudad-de-mexico-23-10-2026/event/14006496E4CE9B1C,2026-10-23,20:00:00,America/Mexico_City,onsale,Fobia,K8vZ91714uV,KovZpZA77t6A,Palacio de los Deportes,Ciudad de México,Ciudad de México,CDMX,Mexico,MX,MX,19.40154080,-99.09806060,Music,World,World,Undefined,Undefined,False,OCESA,,,,Ticketmaster Discovery API,2026,10,October,1,Ciudad de México,Ciudad de México,World,False,False
G5dVZ_akJW4Jx,Belako,https://www.ticketmaster.com.mx/belako-mexico-23-10-2026/event/3D006491A6F559A2,2026-10-23,20:30:00,America/Mexico_City,cancelled,Belako,K8vZ9174OS7,KovZpZAJIAIA,Foro Puebla,Mexico,Ciudad de México,CDMX,Mexico,MX,MX,19.422158,-99.164129,Music,Pop,Pop,Undefined,Undefined,False,OCESA,,,,Ticketmaster Discovery API,2026,10,October,1,Ciudad de México,Ciudad de México,Pop,False,False
1AfZkoJGkdF7hya,Bad Gyal,https://www.ticketmaster.com.mx/bad-gyal-monterrey-23-10-2026/event/14006466C811BE49,2026-10-23,21:00:00,America/Mexico_City,onsale,Bad Gyal,K8vZ917pq9f,KovZpZAJt1kA,Auditorio Banamex,Monterrey,Nuevo León,NL,Mexico,MX,MX,25.67765795,-100.28085777,Music,Reggae,Reggae,Undefined,Undefined,False,OCESA,,,,Ticketmaster Discovery API,2026,10,October,1,Monterrey,Nuevo León,Reggae,False,False
1Av8Z_kGkw__pcE,Jessie Ware: The Superbloom Tour,https://www.ticketmaster.com.mx/jessie-ware-the-superbloom-tour-mexico-23-10-2026/event/1400646C99656B67,2026-10-23,21:00:00,America/Mexico_City,onsale,"Jessie Ware, dhruv","K8vZ9172rxV, K8vZ917QfR0",KovZpZA6JttA,Teatro Metropolitan,México,Ciudad de México,CDMX,Mexico,MX,MX,19.433457,-99.146811,Music,Rock,Pop,Undefined,Undefined,False,OCESA,,,,Ticketmaster Discovery API,2026,10,October,1,Ciudad de México,Ciudad de México,Rock,False,False
1AfZko7Gkec_aNS,Enrique Bunbury,https://www.ticketmaster.com.mx/enrique-bunbury-zapopan-23-10-2026/event/14006444AD6498F3,2026-10-23,21:00:00,America/Mexico_City,onsale,Bunbury,K8vZ9171BQ0,KovZpZA6I7FA,Auditorio Telmex,Zapopan,Jalisco,JAL,Mexico,MX,MX,20.73324,-103.38112,Music,Latin,Latin,Undefined,Undefined,False,OCESA,,,,Ticketmaster Discovery API,2026,10,October,1,Zapopan,Jalisco,Latin,False,False
ZFIMVHtnMZ17Fb7k,Maiara & Maraisa - Cine Lido,https://www.ticketmaster.com.br/event/maiara-e-maraisa-cine-lido,2026-10-23,22:00:00,America/Sao_Paulo,onsale,Maiara & Maraisa,K8vZ917jsr7,ZGIMVHtnMZdd61,Cine Lido,,,PR,,BR,BR,-25.4297578,-49.2690632,Music,Latin,Latin,,,False,,,,,Ticketmaster Discovery API,2026,10,October,1,,,Latin,False,False
1AfZkoSGkdgaJGa,Fobia,https://www.ticketmaster.com.mx/fobia-ciudad-de-mexico-24-10-2026/event/14006473F5266309,2026-10-24,20:00:00,America/Mexico_City,onsale,Fobia,K8vZ91714uV,KovZpZA77t6A,Palacio de los Deportes,Ciudad de México,Ciudad de México,CDMX,Mexico,MX,MX,19.40154080,-99.09806060,Music,World,World,Undefined,Undefined,False,OCESA,,,,Ticketmaster Discovery API,2026,10,October,1,Ciudad de México,Ciudad de México,World,False,False
G5dVZ_uKvY4SE,Gloria Trevi Celebration,https://www.ticketmaster.com.mx/gloria-trevi-celebration-ciudad-de-mexico-24-10-2026/event/3D0064D4C1C15CE7,2026-10-24,20:00:00,America/Mexico_City,onsale,Gloria Trevi,K8vZ9175YN7,KovZpZA6EkkA,Auditorio Nacional,Ciudad de México,Ciudad de México,CDMX,Mexico,MX,MX,19.424648,-99.19484,Music,Latin,Latin,Undefined,Undefined,False,MONDIAL PRICE 1,,,,Ticketmaster Discovery API,2026,10,October,1,Ciudad de México,Ciudad de México,Latin,False,False
G5dVZ_adicjFn,Allison,https://www.ticketmaster.com.mx/allison-monterrey-24-10-2026/event/3D006490ECB5C22A,2026-10-24,21:00:00,America/Mexico_City,onsale,Allison,K8vZ917GbV7,KovZpZA6E1JA,Café Iguana,Monterrey,Nuevo León,NL,Mexico,MX,MX,25.666714,-100.307407,Music,Rock,Alternative Rock,Undefined,Undefined,False,MONDIAL PRICE 1,,,,Ticketmaster Discovery API,2026,10,October,1,Monterrey,Nuevo León,Rock,False,False
1Av8Z_6Gkwus7Tv,Los Angeles Azules,https://www.ticketmaster.com.mx/los-angeles-azules-monterrey-24-10-2026/event/1400647C8DC44FC1,2026-10-24,21:00:00,America/Mexico_City,onsale,Los Angeles Azules,K8vZ9175pMV,KovZpZAIln6A,Escenario GNP Seguros,Monterrey,Nuevo León,NL,Mexico,MX,MX,25.666135,-100.316726,Music,Latin,Latin,Undefined,Undefined,False,MONDIAL PRICE 1,,,,Ticketmaster Discovery API,2026,10,October,1,Monterrey,Nuevo León,Latin,False,False
17AZv0G65ICuWJN,Abel Pintos,https://www.ticketmaster.com.mx/abel-pintos-mexico-24-10-2026/event/140064BA0E37D9A3,2026-10-24,20:00:00,America/Mexico_City,onsale,Abel Pintos,K8vZ9174Uk0,KovZpZA6JttA,Teatro Metropolitan,México,Ciudad de México,CDMX,Mexico,MX,MX,19.433457,-99.146811,Music,Pop,Pop,Undefined,Undefined,False,OCESA,,,,Ticketmaster Discovery API,2026,10,October,1,Ciudad de México,Ciudad de México,Pop,False,False
17AZv0G61xsqm6c,Cannons: The Everything Glows Tour,https://www.ticketmaster.com.mx/cannons-the-everything-glows-tour-mexico-24-10-2026/event/140064A8B176E1ED,2026-10-24,20:30:00,America/Mexico_City,onsale,Cannons,K8vZ917C2p7,KovZpZAJtkJA,Pabellón del Palacio de los Deportes,México,Ciudad de México,CDMX,Mexico,MX,MX,19.40154080,-99.09806060,Music,Rock,Punk,Undefined,Undefined,False,OCESA,,,,Ticketmaster Discovery API,2026,10,October,1,Ciudad de México,Ciudad de México,Rock,False,False
G5dVZ_669VzON,"Tatiana ""Retro Pop""",https://www.ticketmaster.com.mx/tatiana-retro-pop-mexico-24-10-2026/event/3D006471D7D38823,2026-10-24,21:30:00,America/Mexico_City,onsale,Tatiana,K8vZ917G6i0,KovZpZA7AJ6A,La Maraka,México,Ciudad de México,CDMX,Mexico,MX,MX,19.38651080,-99.16317750,Music,Pop,Pop,Undefined,Undefined,False,MONDIAL PRICE 1,,,,Ticketmaster Discovery API,2026,10,October,1,Ciudad de México,Ciudad de México,Pop,False,False
ZFIMVHtnMZ17kfjM,Oswaldo Montenegro no Qualistage - RJ,https://www.ticketmaster.com.br/event/oswaldo-montenegro-no-qualistage-rj,2026-10-24,21:30:00,America/Sao_Paulo,onsale,Oswaldo Montenegro,K8vZ917rKbf,KovZ917ARjF,Qualistage,Rio de Janeiro,Rio de Janeiro,RJ,Brazil,BR,BR,-22.98135949,-43.36089723,Music,World,Brazil,,,False,,,,,Ticketmaster Discovery API,2026,10,October,1,Rio de Janeiro,Rio de Janeiro,World,False,False
ZFIMVHtnMZ17AFPo,Djavan - Belém,https://www.ticketmaster.com.br/event/djavan-venda-geral-belem,2026-10-24,21:00:00,America/Sao_Paulo,onsale,Djavan,K8vZ91715cf,ZGIMVHtnMZevFd,Hangar,,,PA,,BR,BR,-1.4267074,-48.4544214,Music,R&B,R&B,,,False,,,,,Ticketmaster Discovery API,2026,10,October,1,,,R&B,False,False
G5dVZ_aQgopBb,Pimpinela,https://www.ticketmaster.com.mx/pimpinela-ciudad-de-mexico-25-10-2026/event/3D006496B5456E98,2026-10-25,19:00:00,America/Mexico_City,onsale,Pimpinela,K8vZ917Gpm7,KovZpZA6EkkA,Auditorio Nacional,Ciudad de México,Ciudad de México,CDMX,Mexico,MX,MX,19.424648,-99.19484,Music,Latin,Latin,Undefined,Undefined,False,MONDIAL PRICE 1,,,,Ticketmaster Discovery API,2026,10,October,1,Ciudad de México,Ciudad de México,Latin,False,False
1Av8Z_7Gkl7_wwo,Romeo Santos & Prince Royce,https://www.ticketmaster.com.mx/romeo-santos-prince-royce-ciudad-de-mexico-25-10-2026/event/1400644AC4672C91,2026-10-25,19:00:00,America/Mexico_City,onsale,"Romeo Santos, Prince Royce","K8vZ9172820, K8vZ917Gzdf",KovZpZA77t6A,Palacio de los Deportes,Ciudad de México,Ciudad de México,CDMX,Mexico,MX,MX,19.40154080,-99.09806060,Music,Latin,Latin,Undefined,Undefined,False,OCESA,,,,Ticketmaster Discovery API,2026,10,October,1,Ciudad de México,Ciudad de México,Latin,False,False
G5dVZ_FmK2e3r,Transmetal 40 Aniversario,https://www.ticketmaster.com.mx/transmetal-40-aniversario-ciudad-de-mexico-25-10-2026/event/3D00648B933C249E,2026-10-25,19:00:00,America/Mexico_City,onsale,Transmetal,K8vZ917LSH7,KovZpZA6EtdA,El Lunario del Auditorio Nacional,Ciudad de México,Ciudad de México,CDMX,Mexico,MX,MX,19.424682,-99.1954,Music,Metal,Nu-Metal,Undefined,Undefined,False,MONDIAL PRICE 1,,,,Ticketmaster Discovery API,2026,10,October,1,Ciudad de México,Ciudad de México,Metal,False,False
17AZv0G6G3eVxU9,Adolescentes & Friends,https://www.ticketmaster.com.mx/adolescentes-friends-mexico-25-10-2026/event/140064C482D22D97,2026-10-25,18:00:00,America/Mexico_City,onsale,,,KovZpZA6JttA,Teatro Metropolitan,México,Ciudad de México,CDMX,Mexico,MX,MX,19.433457,-99.146811,Music,World,Trova,Undefined,Undefined,False,OCESA,,,,Ticketmaster Discovery API,2026,10,October,1,Ciudad de México,Ciudad de México,World,False,False
G5dVZ_1klnpzw,Liquits,https://www.ticketmaster.com.mx/liquits-mexico-25-10-2026/event/3D0064A1ABA96E32,2026-10-25,17:30:00,America/Mexico_City,onsale,Liquits,K8vZ917Gu2V,KovZpZA7AJ6A,La Maraka,México,Ciudad de México,CDMX,Mexico,MX,MX,19.38651080,-99.16317750,Music,Rock,Alternative Rock,Undefined,Undefined,False,MONDIAL PRICE 1,,,,Ticketmaster Discovery API,2026,10,October,1,Ciudad de México,Ciudad de México,Rock,False,False
16fZkoJ0JZAG7Ga1,Bad Gyal,https://www.ticketmaster.com.mx/bad-gyal-zapopan-25-10-2026/event/14006466926B3B89,2026-10-25,20:00:00,America/Mexico_City,onsale,Bad Gyal,K8vZ917pq9f,KovZpZA6I7FA,Auditorio Telmex,Zapopan,Jalisco,JAL,Mexico,MX,MX,20.73324,-103.38112,Music,Reggae,Reggae,Undefined,Undefined,False,OCESA,,,,Ticketmaster Discovery API,2026,10,October,1,Zapopan,Jalisco,Reggae,False,False
1Av8Z_7GklkkKut,Romeo Santos & Prince Royce,https://www.ticketmaster.com.mx/romeo-santos-prince-royce-ciudad-de-mexico-26-10-2026/event/1400644AC6193369,2026-10-26,20:00:00,America/Mexico_City,onsale,"Romeo Santos, Prince Royce","K8vZ9172820, K8vZ917Gzdf",KovZpZA77t6A,Palacio de los Deportes,Ciudad de México,Ciudad de México,CDMX,Mexico,MX,MX,19.40154080,-99.09806060,Music,Latin,Latin,Undefined,Undefined,False,OCESA,,,,Ticketmaster Discovery API,2026,10,October,1,Ciudad de México,Ciudad de México,Latin,False,False
G5dVZ_GJfYvjT,"Eterno Marcos Vidal, Marcos Witt, Marco Barrientos",https://www.ticketmaster.com.mx/eterno-marcos-vidal-marcos-witt-marco-ciudad-de-mexico-27-10-2026/event/3D0064C994C0173F,2026-10-27,20:30:00,America/Mexico_City,onsale,"Marcos Vidal, Marcos Witt, Marco Barrientos","K8vZ917G6qV, K8vZ9175Kv0, K8vZ917GfSf",KovZpZA6EkkA,Auditorio Nacional,Ciudad de México,Ciudad de México,CDMX,Mexico,MX,MX,19.424648,-99.19484,Music,Religious,Gospel,Undefined,Undefined,False,MONDIAL PRICE 1,,,,Ticketmaster Discovery API,2026,10,October,1,Ciudad de México,Ciudad de México,Religious,False,False
1Av8Z_kGkBAXgcv,Aitana,https://www.ticketmaster.com.mx/aitana-monterrey-28-10-2026/event/1400646E85FB5B41,2026-10-28,21:00:00,America/Mexico_City,onsale,Aitana,K8vZ917bZ-V,KovZpZAJt1kA,Auditorio Banamex,Monterrey,Nuevo León,NL,Mexico,MX,MX,25.67765795,-100.28085777,Music,Pop,Pop,Undefined,Undefined,False,OCESA,,,,Ticketmaster Discovery API,2026,10,October,1,Monterrey,Nuevo León,Pop,False,False
17AZv0G6GQv4wzn,"ETERNO Marcos Vidal, Marcos Witt, Marco Barrientos",https://www.ticketmaster.com.mx/eterno-marcos-vidal-marcos-witt-marco-monterrey-28-10-2026/event/140064C681572E2A,2026-10-28,20:00:00,America/Mexico_City,onsale,,,KovZpZAIln6A,Escenario GNP Seguros,Monterrey,Nuevo León,NL,Mexico,MX,MX,25.666135,-100.316726,Music,Other,Other,Undefined,Undefined,False,MONDIAL PRICE 1,,,,Ticketmaster Discovery API,2026,10,October,1,Monterrey,Nuevo León,Other,False,False
15v8Z_617AeOk,JIMMY SEA - AVOCEAN PHOTO (Boleto de evento no incluido),https://www.ticketmaster.com.mx/jimmy-sea-avocean-photo-boleto-de-mexico-28-10-2026/event/1400647284142806,2026-10-28,21:00:00,America/Mexico_City,onsale,Jimmy Sea,K8vZ917qARV,KovZpZA6JttA,Teatro Metropolitan,México,Ciudad de México,CDMX,Mexico,MX,MX,19.433457,-99.146811,Miscellaneous,Undefined,Undefined,Upsell,Merchandise Voucher,False,MONDIAL PRICE 1,,,,Ticketmaster Discovery API,2026,10,October,1,Ciudad de México,Ciudad de México,Sin clasificar,False,False
16fZkow-fZAud1Gd,JIMMY SEA - HI TOUCH JIMMY SEA (Boleto de evento no incluido),https://www.ticketmaster.com.mx/jimmy-sea-hi-touch-jimmy-sea-mexico-28-10-2026/event/14006472854C29B2,2026-10-28,21:00:00,America/Mexico_City,onsale,Jimmy Sea,K8vZ917qARV,KovZpZA6JttA,Teatro Metropolitan,México,Ciudad de México,CDMX,Mexico,MX,MX,19.433457,-99.146811,Miscellaneous,Undefined,Undefined,Upsell,Merchandise Voucher,False,MONDIAL PRICE 1,,,,Ticketmaster Discovery API,2026,10,October,1,Ciudad de México,Ciudad de México,Sin clasificar,False,False
16v8Z_616G7gxVD,JIMMY SEA - HI-BYE AVOCEAN (Boleto de evento no incluido),https://www.ticketmaster.com.mx/jimmy-sea-hibye-avocean-boleto-de-mexico-28-10-2026/event/1400647287D62D3B,2026-10-28,21:00:00,America/Mexico_City,onsale,Jimmy Sea,K8vZ917qARV,KovZpZA6JttA,Teatro Metropolitan,México,Ciudad de México,CDMX,Mexico,MX,MX,19.433457,-99.146811,Miscellaneous,Undefined,Undefined,Upsell,Merchandise Voucher,False,MONDIAL PRICE 1,,,,Ticketmaster Discovery API,2026,10,October,1,Ciudad de México,Ciudad de México,Sin clasificar,False,False
1AfZkosGkdzcd_1,JIMMY SEA FAMILY PRE-SIGNED POLAROID (Boleto de evento no incluido),https://www.ticketmaster.com.mx/jimmy-sea-family-presigned-polaroid-boleto-mexico-28-10-2026/event/14006471F8B4364A,2026-10-28,21:00:00,America/Mexico_City,onsale,Jimmy Sea,K8vZ917qARV,KovZpZA6JttA,Teatro Metropolitan,México,Ciudad de México,CDMX,Mexico,MX,MX,19.433457,-99.146811,Miscellaneous,Undefined,Undefined,Upsell,Merchandise Voucher,False,MONDIAL PRICE 1,,,,Ticketmaster Discovery API,2026,10,October,1,Ciudad de México,Ciudad de México,Sin clasificar,False,False
16fZkosZpZAuA2ed,JIMMY SEA PRE-SIGNED POLAROID (Boleto de evento no incluido),https://www.ticketmaster.com.mx/jimmy-sea-presigned-polaroid-boleto-de-mexico-28-10-2026/event/14006471016C4E12,2026-10-28,21:00:00,America/Mexico_City,onsale,Jimmy Sea,K8vZ917qARV,KovZpZA6JttA,Teatro Metropolitan,México,Ciudad de México,CDMX,Mexico,MX,MX,19.433457,-99.146811,Miscellaneous,Undefined,Undefined,Upsell,Merchandise Voucher,False,MONDIAL PRICE 1,,,,Ticketmaster Discovery API,2026,10,October,1,Ciudad de México,Ciudad de México,Sin clasificar,False,False
1Av8Z_kGkndR3gD,Jimmy Sea,https://www.ticketmaster.com.mx/jimmy-sea-mexico-28-10-2026/event/1400646A83BD2D7B,2026-10-28,21:00:00,America/Mexico_City,onsale,Jimmy Sea,K8vZ917qARV,KovZpZA6JttA,Teatro Metropolitan,México,Ciudad de México,CDMX,Mexico,MX,MX,19.433457,-99.146811,Music,Pop,Pop,Undefined,Undefined,False,OCESA,,,,Ticketmaster Discovery API,2026,10,October,1,Ciudad de México,Ciudad de México,Pop,False,False
ZFIMVHtnMZ17kfjN,BTS WORLD TOUR ARIRANG,https://www.ticketmaster.com.br/event/venda-geral-bts-world-tour-arirang-28-10,2026-10-28,20:00:00,America/Sao_Paulo,onsale,BTS,K8vZ917KpXV,ZGIMVHtnMZeede,MorumBis,,,SP,,BR,BR,-23.6002654,-46.7210506,Music,Pop,K-Pop,,,False,,,,,Ticketmaster Discovery API,2026,10,October,1,,,Pop,False,False
G5dVZ_aJ1Yg9K,Entre Panas,https://www.ticketmaster.com.mx/entre-panas-ciudad-de-mexico-29-10-2026/event/3D0064998AC355D3,2026-10-29,20:30:00,America/Mexico_City,onsale,"Carlos Vallarino, Mar María","K8vZ917O_FV, K8vZ917O_a7",KovZpZA6EtdA,El Lunario del Auditorio Nacional,Ciudad de México,Ciudad de México,CDMX,Mexico,MX,MX,19.424682,-99.1954,Music,Latin,Latin,Undefined,Undefined,False,OCESA,,,,Ticketmaster Discovery API,2026,10,October,1,Ciudad de México,Ciudad de México,Latin,False,False
G5dVZ_1pDZUtD,Jacinto,https://www.ticketmaster.com.mx/jacinto-col-centro-monterrey-29-10-2026/event/3D0064A5BB036A7B,2026-10-29,21:00:00,America/Mexico_City,onsale,Jacinto,K8vZ917rCiV,KovZpZAEvelA,Foro Corona Monterrey,Col. Centro Monterrey,Nuevo León,NL,Mexico,MX,MX,25.66646204,-100.31681661,Music,Pop,Pop,Undefined,Undefined,False,MONDIAL PRICE 1,,,,Ticketmaster Discovery API,2026,10,October,1,Monterrey,Nuevo León,Pop,False,False
17AZvxG6C5rzNRV,Las Voces Más Arrolladoras,https://www.ticketmaster.com.mx/las-voces-mas-arrolladoras-mexico-29-10-2026/event/140062E2DEE23BF4,2026-10-29,20:30:00,America/Mexico_City,cancelled,,,KovZpZA6JttA,Teatro Metropolitan,México,Ciudad de México,CDMX,Mexico,MX,MX,19.433457,-99.146811,Music,Other,Other,Undefined,Undefined,False,OCESA,,,,Ticketmaster Discovery API,2026,10,October,1,Ciudad de México,Ciudad de México,Other,False,False
16v8Z_ax_G7cAxx,TIMO,https://www.ticketmaster.com.mx/timo-mexico-29-10-2026/event/1400649899B458A2,2026-10-29,21:00:00,America/Mexico_City,onsale,TIMO,K8vZ917hvgf,KovZpZAJllnA,Pepsi Center,México,Ciudad de México,CDMX,Mexico,MX,MX,19.39340970,-99.17581180,Music,Pop,Pop,Undefined,Undefined,False,OCESA,,,,Ticketmaster Discovery API,2026,10,October,1,Ciudad de México,Ciudad de México,Pop,False,False
G5dVZ_1xfyVG-,Los Pericos,https://www.ticketmaster.com.mx/los-pericos-zapopan-29-10-2026/event/3D0064A894E74321,2026-10-29,21:00:00,America/Mexico_City,onsale,Los Pericos,K8vZ9175owf,KovZpZA6IedA,Teatro Estudio Cavaret,Zapopan,Jalisco,JAL,Mexico,MX,MX,20.736739,-103.378417,Music,Latin,Latin,Undefined,Undefined,False,OCESA,,,,Ticketmaster Discovery API,2026,10,October,1,Zapopan,Jalisco,Latin,False,False
ZFIMVHtnMZ17F-f8,Blessd,https://www.ticketmaster.pe/event/blessd-home,2026-10-29,21:00:00,America/Lima,onsale,BLESSD,K8vZ917Q5n7,Z5IMVHtnMZavA,Arena 1,,,LIMA,,PE,PE,-12.0888056,-77.0924289,Music,Hip-Hop/Rap,Hip-Hop/Rap,,,False,,,,,Ticketmaster Discovery API,2026,10,October,1,,,Hip-Hop/Rap,False,False
1afZk3FxkjwZe2C,Lng/SHT,https://www.ticketmaster.com.mx/lngsht-mexico-30-10-2026/event/14006488886732ED,2026-10-30,20:30:00,America/Mexico_City,onsale,LNG/SHT,K8vZ917KWm0,KovZpZAJllnA,Pepsi Center,México,Ciudad de México,CDMX,Mexico,MX,MX,19.39340970,-99.17581180,Music,Hip-Hop/Rap,Trap,Undefined,Undefined,False,OCESA,,,,Ticketmaster Discovery API,2026,10,October,1,Ciudad de México,Ciudad de México,Hip-Hop/Rap,False,False
1Av8Z_kGkBQ3nqN,Aitana,https://www.ticketmaster.com.mx/aitana-zapopan-30-10-2026/event/1400646E9A4AA763,2026-10-30,21:00:00,America/Mexico_City,onsale,Aitana,K8vZ917bZ-V,KovZpZA6I7FA,Auditorio Telmex,Zapopan,Jalisco,JAL,Mexico,MX,MX,20.73324,-103.38112,Music,Pop,Pop,Undefined,Undefined,False,OCESA,,,,Ticketmaster Discovery API,2026,10,October,1,Zapopan,Jalisco,Pop,False,False
G5dVZ_amcMd6z,SOFI TUKKER Presents: ANIMAL TALK,https://www.ticketmaster.com.mx/sofi-tukker-presents-animal-talk-zapopan-30-10-2026/event/3D00649BADDC31F8,2026-10-30,20:00:00,America/Mexico_City,onsale,SOFI TUKKER,K8vZ917fATV,KovZpZA6IedA,Teatro Estudio Cavaret,Zapopan,Jalisco,JAL,Mexico,MX,MX,20.736739,-103.378417,Music,Pop,Electro Pop,Undefined,Undefined,False,OCESA,,,,Ticketmaster Discovery API,2026,10,October,1,Zapopan,Jalisco,Pop,False,False
G5dVZ_aUq6Van,"Yolanda del Río, El Gran Regreso",https://www.ticketmaster.com.mx/yolanda-del-rio-el-gran-regreso-zapopan-30-10-2026/event/3D00649D9D1F426A,2026-10-30,20:00:00,America/Mexico_City,onsale,Yolanda Del Rio,K8vZ9172Myf,KovZpZA6IFJA,Teatro Galerías,Zapopan,Jalisco,JAL,Mexico,MX,MX,20.64614400,-103.40480900,Music,Latin,Latin,Undefined,Undefined,False,MONDIAL PRICE 1,,,,Ticketmaster Discovery API,2026,10,October,1,Zapopan,Jalisco,Latin,False,False
ZFIMVHtnMZ17k4GA,BTS WORLD TOUR ARIRANG,https://www.ticketmaster.com.br/event/venda-geral-bts-world-tour-arirang-30-10,2026-10-30,20:00:00,America/Sao_Paulo,onsale,BTS,K8vZ917KpXV,ZGIMVHtnMZeede,MorumBis,,,SP,,BR,BR,-23.6002654,-46.7210506,Music,Pop,K-Pop,,,False,,,,,Ticketmaster Discovery API,2026,10,October,1,,,Pop,False,False
ZFIMVHtnMZ17Fb76,Capital Inicial - Cine Lido,https://www.ticketmaster.com.br/event/capital-inicial-cine-lido,2026-10-30,22:00:00,America/Sao_Paulo,onsale,Capital Inicial,K8vZ917KfQ7,ZGIMVHtnMZdd61,Cine Lido,,,PR,,BR,BR,-25.4297578,-49.2690632,Music,Rock,Pop,,,False,,,,,Ticketmaster Discovery API,2026,10,October,1,,,Rock,False,False
G5dVZ_urdsZgy,José María Napoleón & Mocedades,https://www.ticketmaster.com.mx/jose-maria-napoleon-mocedades-ciudad-de-mexico-31-10-2026/event/3D0064D783C40D79,2026-10-31,20:00:00,America/Mexico_City,offsale,"Jose Maria Napoleon, Mocedades","K8vZ917CAS0, K8vZ9172em0",KovZpZA6EkkA,Auditorio Nacional,Ciudad de México,Ciudad de México,CDMX,Mexico,MX,MX,19.424648,-99.19484,Music,Latin,Latin,Undefined,Undefined,False,OCESA,,,,Ticketmaster Discovery API,2026,10,October,1,Ciudad de México,Ciudad de México,Latin,False,False
G5dVZ_7nifd0m,Versos Compartidos Fernando Delgadillo y Alejandro Filio,https://www.ticketmaster.com.mx/versos-compartidos-fernando-delgadillo-y-alejandro-guadalajara-31-10-2026/event/3D00644AAC50392E,2026-10-31,20:30:00,America/Mexico_City,onsale,"Fernando Delgadillo, Alejandro Filio","K8vZ9175HMf, K8vZ9175Hv7",KovZpZA6EFEA,Teatro Diana (GDL),Guadalajara,Jalisco,JAL,Mexico,MX,MX,20.665434,-103.349341,Music,World,Trova,Undefined,Undefined,False,MONDIAL PRICE 1,,,,Ticketmaster Discovery API,2026,10,October,1,Guadalajara,Jalisco,World,False,False
G5dVZ_Gm2GsjX,"PIM PAU, gira internacional 2026.",https://www.ticketmaster.com.mx/pim-pau-gira-internacional-2026-mexico-31-10-2026/event/3D0064CB8F33173E,2026-10-31,13:00:00,America/Mexico_City,onsale,Pim Pau,K8vZ917qJy0,KovZpZA6teaA,El Cantoral ,Mexico,Ciudad de México,CDMX,Mexico,MX,MX,19.361737,-99.166137,Music,Children's Music,Children's Music,Undefined,Undefined,False,MONDIAL PRICE 1,,,,Ticketmaster Discovery API,2026,10,October,1,Ciudad de México,Ciudad de México,Children's Music,False,False
1AfZkaEGkd_lepK,Panteon Rococo,https://www.ticketmaster.com.mx/panteon-rococo-monterrey-31-10-2026/event/14006267D9AC2593,2026-10-31,21:00:00,America/Mexico_City,onsale,Panteon Rococo,K8vZ9175I9V,KovZpZAJt1kA,Auditorio Banamex,Monterrey,Nuevo León,NL,Mexico,MX,MX,25.67765795,-100.28085777,Music,Latin,Latin,Undefined,Undefined,False,OCESA,,,,Ticketmaster Discovery API,2026,10,October,1,Monterrey,Nuevo León,Latin,False,False
1Av8Z_kGkn8F7dF,"Ídolos del Corazón con los Terrícolas, Los Bryos y Los Solitarios",https://www.ticketmaster.com.mx/idolos-del-corazon-con-los-terricolas-monterrey-31-10-2026/event/1400646A902040C8,2026-10-31,20:00:00,America/Mexico_City,onsale,,,KovZpZAIln6A,Escenario GNP Seguros,Monterrey,Nuevo León,NL,Mexico,MX,MX,25.666135,-100.316726,Music,Ballads/Romantic,Ballads/Romantic,Undefined,Undefined,False,MONDIAL PRICE 1,,,,Ticketmaster Discovery API,2026,10,October,1,Monterrey,Nuevo León,Ballads/Romantic,False,False
17AZv0G6ux71xC3,Alex Fernandez,https://www.ticketmaster.com.mx/alex-fernandez-mexico-31-10-2026/event/140064D8842A2392,2026-10-31,20:00:00,America/Mexico_City,offsale,Alex Fernandez,K8vZ917bsBV,KovZpZA6JttA,Teatro Metropolitan,México,Ciudad de México,CDMX,Mexico,MX,MX,19.433457,-99.146811,Music,Latin,Latin,Undefined,Undefined,False,OCESA,,,,Ticketmaster Discovery API,2026,10,October,1,Ciudad de México,Ciudad de México,Latin,False,False
1Av8Z_aGkREq1TD,SOFI TUKKER Presents: ANIMAL TALK,https://www.ticketmaster.com.mx/sofi-tukker-presents-animal-talk-mexico-31-10-2026/event/1400649BE774AFFB,2026-10-31,20:00:00,America/Mexico_City,onsale,SOFI TUKKER,K8vZ917fATV,KovZpZAJllnA,Pepsi Center,México,Ciudad de México,CDMX,Mexico,MX,MX,19.39340970,-99.17581180,Music,Pop,Electro Pop,Undefined,Undefined,False,OCESA,,,,Ticketmaster Discovery API,2026,10,October,1,Ciudad de México,Ciudad de México,Pop,False,False
ZFIMVHtnMZ17k4Gk,BTS WORLD TOUR ARIRANG,https://www.ticketmaster.com.br/event/venda-geral-bts-world-tour-arirang-31-10,2026-10-31,20:00:00,America/Sao_Paulo,onsale,BTS,K8vZ917KpXV,ZGIMVHtnMZeede,MorumBis,,,SP,,BR,BR,-23.6002654,-46.7210506,Music,Pop,K-Pop,,,False,,,,,Ticketmaster Discovery API,2026,10,October,1,,,Pop,False,False
ZFIMVHtnMZ17AFPw,Djavan - Recife,https://www.ticketmaster.com.br/event/djavan-venda-geral-recife,2026-10-31,21:00:00,America/Sao_Paulo,onsale,Djavan,K8vZ91715cf,ZGIMVHtnMZevd1,Classic Hall,,,PE,,BR,BR,-8.0288698,-34.8659699,Music,R&B,R&B,,,False,,,,,Ticketmaster Discovery API,2026,10,October,1,,,R&B,False,False
ZFIMVHtnMZ17AK-w,Iron Maiden - Run For Your Lives World Tour 2026,https://www.ticketmaster.cl/event/iron-maiden-run-for-your-lives-scl-2026,2026-10-31,21:00:00,America/Santiago,onsale,Iron Maiden,K8vZ9171G4V,Z5IMVHtnMZAed,,,,RM,,CL,CL,-33.4623913,-70.6113274,Music,Metal,Heavy Metal,,,False,,,,,Ticketmaster Discovery API,2026,10,October,1,,,Metal,False,False
G5dVZ_ak-WA2o,Lila Downs,https://www.ticketmaster.com.mx/lila-downs-ciudad-de-mexico-01-11-2026/event/3D006491A1F453D1,2026-11-01,19:00:00,America/Mexico_City,onsale,Lila Downs,K8vZ9171sw0,KovZpZA6EkkA,Auditorio Nacional,Ciudad de México,Ciudad de México,CDMX,Mexico,MX,MX,19.424648,-99.19484,Music,World,World,Undefined,Undefined,False,OCESA,,,,Ticketmaster Discovery API,2026,11,November,1,Ciudad de México,Ciudad de México,World,False,False
17AZvxG6G9u63W6,CCPER-2839 Event to check Allianz Insurance,https://www.ticketmaster.com.mx/ccper2839-event-to-check-allianz-insurance-los-angeles-01-11-2026/event/140062C5CD1D2F47,2026-11-01,21:00:00,America/Mexico_City,onsale,,,KovZpZA6EklA,Nenue test MTY,Los Angeles,Nuevo León,NL,Mexico,MX,MX,,,Music,Rock,Pop,Undefined,Undefined,False,,,,,Ticketmaster Discovery API,2026,11,November,1,Los Angeles,Nuevo León,Rock,False,False
17AZv0G6G2x_mPr,Yolanda Del Rio,https://www.ticketmaster.com.mx/yolanda-del-rio-monterrey-01-11-2026/event/140064C3E266E95E,2026-11-01,19:00:00,America/Mexico_City,onsale,Yolanda Del Rio,K8vZ9172Myf,KovZpZAIln6A,Escenario GNP Seguros,Monterrey,Nuevo León,NL,Mexico,MX,MX,25.666135,-100.316726,Music,Latin,Latin,Undefined,Undefined,False,MONDIAL PRICE 1,,,,Ticketmaster Discovery API,2026,11,November,1,Monterrey,Nuevo León,Latin,False,False
17AZv0G65VII66G,Akira Yamaoka,https://www.ticketmaster.com.mx/akira-yamaoka-mexico-01-11-2026/event/140064BD28A071CC,2026-11-01,21:00:00,America/Mexico_City,onsale,Akira Yamaoka,K8vZ917KXv7,KovZpZA6JttA,Teatro Metropolitan,México,Ciudad de México,CDMX,Mexico,MX,MX,19.433457,-99.146811,Music,Rock,Alternative Rock,Undefined,Undefined,False,OCESA,,,,Ticketmaster Discovery API,2026,11,November,1,Ciudad de México,Ciudad de México,Rock,False,False
ZFIMVHtnMZ17A93A,Iron Maiden - Run For Your Lives World Tour 2026,https://www.ticketmaster.cl/event/iron-maiden-run-for-your-lives-scl-2026,2026-11-01,21:00:00,America/Santiago,onsale,Iron Maiden,K8vZ9171G4V,Z5IMVHtnMZAed,,,,RM,,CL,CL,-33.4623913,-70.6113274,Music,Metal,Heavy Metal,,,False,,,,,Ticketmaster Discovery API,2026,11,November,1,,,Metal,False,False
ZFIMVHtnMZ17Fbeb,Victor & Leo - Cine Lido,https://www.ticketmaster.com.br/event/victor-e-leo-cine-lido,2026-11-01,22:00:00,America/Sao_Paulo,onsale,Victor & Leo,K8vZ91724O0,ZGIMVHtnMZdd61,Cine Lido,,,PR,,BR,BR,-25.4297578,-49.2690632,Music,World,Latin,,,False,,,,,Ticketmaster Discovery API,2026,11,November,1,,,World,False,False
G5dVZ_urGc-v4,Liana Flores,https://www.ticketmaster.com.mx/liana-flores-ciudad-de-mexico-03-11-2026/event/3D0064D78CB61055,2026-11-03,21:00:00,America/Mexico_City,onsale,Liana Flores,K8vZ917Qts0,KovZpZA6EtdA,El Lunario del Auditorio Nacional,Ciudad de México,Ciudad de México,CDMX,Mexico,MX,MX,19.424682,-99.1954,Music,Folk,Indie Folk,Undefined,Undefined,False,OCESA,,,,Ticketmaster Discovery API,2026,11,November,1,Ciudad de México,Ciudad de México,Folk,False,False
17AZv0G65m7JJhL,Leire Martínez,https://www.ticketmaster.com.mx/leire-martinez-mexico-03-11-2026/event/140064BB849A66DF,2026-11-03,21:00:00,America/Mexico_City,onsale,Leire Martínez,K8vZ917LZL7,KovZpZA6JttA,Teatro Metropolitan,México,Ciudad de México,CDMX,Mexico,MX,MX,19.433457,-99.146811,Music,Pop,Pop,Undefined,Undefined,False,OCESA,,,,Ticketmaster Discovery API,2026,11,November,1,Ciudad de México,Ciudad de México,Pop,False,False
17AZv0G61BDXiSr,EMJAY,https://www.ticketmaster.com.mx/emjay-mexico-05-11-2026/event/140064AEBBFACCDE,2026-11-05,20:30:00,America/Mexico_City,onsale,EMJAY,K8vZ917_fQf,KovZpZAJtkJA,Pabellón del Palacio de los Deportes,México,Ciudad de México,CDMX,Mexico,MX,MX,19.40154080,-99.09806060,Music,Pop,Electro Pop,Undefined,Undefined,False,OCESA,,,,Ticketmaster Discovery API,2026,11,November,1,Ciudad de México,Ciudad de México,Pop,False,False
17AZv0G65MXuXzA,Puma Blue,https://www.ticketmaster.com.mx/puma-blue-mexico-05-11-2026/event/140064BDFE37EE05,2026-11-05,21:00:00,America/Mexico_City,onsale,Puma Blue,K8vZ917poh0,KovZpZA6JttA,Teatro Metropolitan,México,Ciudad de México,CDMX,Mexico,MX,MX,19.433457,-99.146811,Music,Rock,Alternative Rock,Undefined,Undefined,False,OCESA,,,,Ticketmaster Discovery API,2026,11,November,1,Ciudad de México,Ciudad de México,Rock,False,False
G5dVZ_6kLyAIB,Aitana,https://www.ticketmaster.com.mx/aitana-ciudad-de-mexico-06-11-2026/event/3D0064719FE45A3A,2026-11-06,20:30:00,America/Mexico_City,onsale,Aitana,K8vZ917bZ-V,KovZpZA6EkkA,Auditorio Nacional,Ciudad de México,Ciudad de México,CDMX,Mexico,MX,MX,19.424648,-99.19484,Music,Pop,Pop,Undefined,Undefined,False,OCESA,,,,Ticketmaster Discovery API,2026,11,November,1,Ciudad de México,Ciudad de México,Pop,False,False
1AfZk3eGkeBi9id,Morat,https://www.ticketmaster.com.mx/morat-ciudad-de-mexico-06-11-2026/event/14006482BAB17B03,2026-11-06,20:00:00,America/Mexico_City,onsale,Morat,K8vZ9174edf,KovZpZA77t6A,Palacio de los Deportes,Ciudad de México,Ciudad de México,CDMX,Mexico,MX,MX,19.40154080,-99.09806060,Music,Pop,Pop,Undefined,Undefined,False,MONDIAL PRICE 1,,,,Ticketmaster Discovery API,2026,11,November,1,Ciudad de México,Ciudad de México,Pop,False,False
G5dVZ_5peBAf1,Jeanette Gira 50 Aniversario,https://www.ticketmaster.com.mx/jeanette-gira-50-aniversario-guadalajara-06-11-2026/event/3D0064B582E8550A,2026-11-06,21:00:00,America/Mexico_City,onsale,,,KovZpZA6EFEA,Teatro Diana (GDL),Guadalajara,Jalisco,JAL,Mexico,MX,MX,20.665434,-103.349341,Music,Ballads/Romantic,Ballads/Romantic,Undefined,Undefined,False,MONDIAL PRICE 1,,,,Ticketmaster Discovery API,2026,11,November,1,Guadalajara,Jalisco,Ballads/Romantic,False,False
G5dVZ_FD0l9GE,"Karol G, Viajando por el mundo, Tropitour",https://www.ticketmaster.com.mx/karol-g-viajando-por-el-mundo-guadalupe-06-11-2026/event/3D00648EE4AD7327,2026-11-06,21:00:00,America/Mexico_City,onsale,Karol G,K8vZ917p3-V,KovZpZAEeI7A,Estadio BBVA,Guadalupe,Nuevo León,NL,Mexico,MX,MX,25.669187,-100.24442,Music,Latin,Latin,Undefined,Undefined,False,OCESA,,,,Ticketmaster Discovery API,2026,11,November,1,Guadalupe,Nuevo León,Latin,False,False
G5dVZ_5ew8BAw,Los de Aguilera 'Recordando al Divo de México',https://www.ticketmaster.com.mx/los-de-aguilera-recordando-al-divo-mexico-06-11-2026/event/3D0064B0B243A172,2026-11-06,21:30:00,America/Mexico_City,onsale,Los De Aguilera,K8vZ917Lv70,KovZpZA7AJ6A,La Maraka,México,Ciudad de México,CDMX,Mexico,MX,MX,19.38651080,-99.16317750,Music,Latin,Latin,Undefined,Undefined,False,MONDIAL PRICE 1,,,,Ticketmaster Discovery API,2026,11,November,1,Ciudad de México,Ciudad de México,Latin,False,False
1AfZk8YGkeYdM9k,Rubio,https://www.ticketmaster.com.mx/rubio-mexico-06-11-2026/event/14006430B00F75C6,2026-11-06,20:00:00,America/Mexico_City,onsale,Rubio,K8vZ917hE_f,KovZpZAEvvIA,Auditorio BB,México,Ciudad de México,CDMX,Mexico,MX,MX,19.40806960,-99.16787720,Music,Latin,Latin,Undefined,Undefined,False,OCESA,,,,Ticketmaster Discovery API,2026,11,November,1,Ciudad de México,Ciudad de México,Latin,False,False
1Av8Z_aGkUjPgMJ,Serbia en CDMX,https://www.ticketmaster.com.mx/serbia-en-cdmx-mexico-06-11-2026/event/1400649D9C975DE6,2026-11-06,21:00:00,America/Mexico_City,onsale,Serbia,K8vZ917_p07,KovZpZA6JttA,Teatro Metropolitan,México,Ciudad de México,CDMX,Mexico,MX,MX,19.433457,-99.146811,Music,Rock,Alternative Rock,Undefined,Undefined,False,OCESA,,,,Ticketmaster Discovery API,2026,11,November,1,Ciudad de México,Ciudad de México,Rock,False,False
ZFIMVHtnMZ17Fb7A,Ana Carolina - Cine Lido,https://www.ticketmaster.com.br/event/ana-carolina-cine-lido,2026-11-06,22:00:00,America/Sao_Paulo,onsale,Ana Carolina,K8vZ917ooj7,ZGIMVHtnMZdd61,Cine Lido,,,PR,,BR,BR,-25.4297578,-49.2690632,Music,World,Latin,,,False,,,,,Ticketmaster Discovery API,2026,11,November,1,,,World,False,False
G5dVZ_6k-2AV4,Aitana,https://www.ticketmaster.com.mx/aitana-ciudad-de-mexico-07-11-2026/event/3D006471A13C5D15,2026-11-07,20:00:00,America/Mexico_City,onsale,Aitana,K8vZ917bZ-V,KovZpZA6EkkA,Auditorio Nacional,Ciudad de México,Ciudad de México,CDMX,Mexico,MX,MX,19.424648,-99.19484,Music,Pop,Pop,Undefined,Undefined,False,OCESA,,,,Ticketmaster Discovery API,2026,11,November,1,Ciudad de México,Ciudad de México,Pop,False,False
1AfZk3eGkeDJEUx,Morat,https://www.ticketmaster.com.mx/morat-ciudad-de-mexico-07-11-2026/event/14006482BB9A7DA2,2026-11-07,20:00:00,America/Mexico_City,onsale,Morat,K8vZ9174edf,KovZpZA77t6A,Palacio de los Deportes,Ciudad de México,Ciudad de México,CDMX,Mexico,MX,MX,19.40154080,-99.09806060,Music,Pop,Pop,Undefined,Undefined,False,MONDIAL PRICE 1,,,,Ticketmaster Discovery API,2026,11,November,1,Ciudad de México,Ciudad de México,Pop,False,False
G5dVZ_5BFISwp,Trex: Al Sabor y al Estilo,https://www.ticketmaster.com.mx/trex-al-sabor-y-al-estilo-ciudad-de-mexico-07-11-2026/event/3D0064BE88A33C96,2026-11-07,20:00:00,America/Mexico_City,onsale,Trex,K8vZ917KM7f,KovZpZA6EtdA,El Lunario del Auditorio Nacional,Ciudad de México,Ciudad de México,CDMX,Mexico,MX,MX,19.424682,-99.1954,Music,Rock,Pop,Undefined,Undefined,False,MONDIAL PRICE 1,,,,Ticketmaster Discovery API,2026,11,November,1,Ciudad de México,Ciudad de México,Rock,False,False
G5dVZ_1MSNu7U,Yng Naz,https://www.ticketmaster.com.mx/yng-naz-col-centro-monterrey-07-11-2026/event/3D0064ADF38CD136,2026-11-07,21:00:00,America/Mexico_City,offsale,Yng Naz,K8vZ917O6zf,KovZpZAEvelA,Foro Corona Monterrey,Col. Centro Monterrey,Nuevo León,NL,Mexico,MX,MX,25.66646204,-100.31681661,Music,Latin,Latin,Undefined,Undefined,False,MONDIAL PRICE 1,,,,Ticketmaster Discovery API,2026,11,November,1,Monterrey,Nuevo León,Latin,False,False
G5dVZ_FDJAM8C,"Karol G, Viajando por el mundo, Tropitour",https://www.ticketmaster.com.mx/karol-g-viajando-por-el-mundo-guadalupe-07-11-2026/event/3D00648EE617740E,2026-11-07,21:00:00,America/Mexico_City,onsale,Karol G,K8vZ917p3-V,KovZpZAEeI7A,Estadio BBVA,Guadalupe,Nuevo León,NL,Mexico,MX,MX,25.669187,-100.24442,Music,Latin,Latin,Undefined,Undefined,False,OCESA,,,,Ticketmaster Discovery API,2026,11,November,1,Guadalupe,Nuevo León,Latin,False,False
17AZv0G613ToQTM,Elías Medina,https://www.ticketmaster.com.mx/elias-medina-monterrey-07-11-2026/event/140064A4BF45AFF7,2026-11-07,21:00:00,America/Mexico_City,onsale,Elías Medina,K8vZ917hy0f,KovZpZAIln6A,Escenario GNP Seguros,Monterrey,Nuevo León,NL,Mexico,MX,MX,25.666135,-100.316726,Music,Pop,Pop,Undefined,Undefined,False,MONDIAL PRICE 1,,,,Ticketmaster Discovery API,2026,11,November,1,Monterrey,Nuevo León,Pop,False,False
G5dVZ_aR-yAvz,Intocable,https://www.ticketmaster.com.mx/intocable-monterrey-07-11-2026/event/3D00649BE1E45078,2026-11-07,21:00:00,America/Mexico_City,onsale,Intocable,K8vZ9171WO7,KovZpZAJna7A,Estadio Borregos,Monterrey,Nuevo León,NL,Mexico,MX,MX,25.65359730,-100.28543310,Music,Latin,Latin,Undefined,Undefined,False,MONDIAL PRICE 1,,,,Ticketmaster Discovery API,2026,11,November,1,Monterrey,Nuevo León,Latin,False,False
G5dVZ_FmDm0iJ,"Tragico Ballet ""25 Aniversario""",https://www.ticketmaster.com.mx/tragico-ballet-25-aniversario-mexico-07-11-2026/event/3D00648BBBBA4B26,2026-11-07,21:00:00,America/Mexico_City,onsale,,,KovZpZA7AJ6A,La Maraka,México,Ciudad de México,CDMX,Mexico,MX,MX,19.38651080,-99.16317750,Music,Rock,Alternative Rock,Undefined,Undefined,False,MONDIAL PRICE 1,,,,Ticketmaster Discovery API,2026,11,November,1,Ciudad de México,Ciudad de México,Rock,False,False
G5dVZ_1DVFPLb,EMJAY,https://www.ticketmaster.com.mx/emjay-zapopan-07-11-2026/event/3D0064AEF42257D8,2026-11-07,21:00:00,America/Mexico_City,onsale,EMJAY,K8vZ917_fQf,KovZ917AmXF,C4 CONCERT HOUSE,Zapopan,Jalisco,JAL,Mexico,MX,MX,20.64400132,-103.42132000,Music,Pop,Electro Pop,Undefined,Undefined,False,MONDIAL PRICE 1,,,,Ticketmaster Discovery API,2026,11,November,1,Zapopan,Jalisco,Pop,False,False
17AZv0G65BssDT8,Pedro Fernandez,https://www.ticketmaster.com.mx/pedro-fernandez-zapopan-07-11-2026/event/140064BEB1C7BFD0,2026-11-07,21:00:00,America/Mexico_City,onsale,Pedro Fernández,K8vZ9171pC0,KovZpZA6I7FA,Auditorio Telmex,Zapopan,Jalisco,JAL,Mexico,MX,MX,20.73324,-103.38112,Music,Latin,Latin,Undefined,Undefined,False,MONDIAL PRICE 1,,,,Ticketmaster Discovery API,2026,11,November,1,Zapopan,Jalisco,Latin,False,False
ZFIMVHtnMZ177bOO,Marco Antonio Solis,https://www.ticketmaster.pe/event/marco-antonio-solis-2025,2026-11-07,21:00:00,America/Lima,onsale,Marco Antonio Solis,K8vZ9171hn0,Z5IMVHtnMZavA,Arena 1,,,LIMA,,PE,PE,-12.0888056,-77.0924289,Music,World,Latin,,,False,,,,,Ticketmaster Discovery API,2026,11,November,1,,,World,False,False
ZFIMVHtnMZ17Fbe_,Os Garotin - Cine Lido,https://www.ticketmaster.com.br/event/os-garotin-cine-lido,2026-11-07,22:00:00,America/Sao_Paulo,onsale,Os Garotin,K8vZ917LJi7,ZGIMVHtnMZdd61,Cine Lido,,,PR,,BR,BR,-25.4297578,-49.2690632,Music,R&B,R&B,,,False,,,,,Ticketmaster Discovery API,2026,11,November,1,,,R&B,False,False
ZFIMVHtnMZ17F4Zy,Sepultura: Celebrating Life Through Death,https://www.ticketmaster.com.br/event/sepultura-sao-paulo,2026-11-07,20:30:00,America/Sao_Paulo,onsale,Sepultura,K8vZ9171GQ7,ZGIMVHtnMZeaa1,Mercado Livre Arena Pacaembu,,,SP,,BR,BR,-23.5430813,-46.66506529999999,Music,Metal,Heavy Metal,,,False,,,,,Ticketmaster Discovery API,2026,11,November,1,,,Metal,False,False
G5dVZ_1DSPPbX,José y El Toro en CDMX,https://www.ticketmaster.com.mx/jose-y-el-toro-en-cdmx-ciudad-de-mexico-08-11-2026/event/3D0064AEF396563E,2026-11-08,19:00:00,America/Mexico_City,onsale,José y el Toro,K8vZ917O6D0,KovZpZA6EtdA,El Lunario del Auditorio Nacional,Ciudad de México,Ciudad de México,CDMX,Mexico,MX,MX,19.424682,-99.1954,Music,Ballads/Romantic,Ballads/Romantic,Undefined,Undefined,False,MONDIAL PRICE 1,,,,Ticketmaster Discovery API,2026,11,November,1,Ciudad de México,Ciudad de México,Ballads/Romantic,False,False
1AfZk3eGkeDJMU0,Morat,https://www.ticketmaster.com.mx/morat-ciudad-de-mexico-08-11-2026/event/14006482BB9B7DA4,2026-11-08,19:00:00,America/Mexico_City,onsale,Morat,K8vZ9174edf,KovZpZA77t6A,Palacio de los Deportes,Ciudad de México,Ciudad de México,CDMX,Mexico,MX,MX,19.40154080,-99.09806060,Music,Pop,Pop,Undefined,Undefined,False,MONDIAL PRICE 1,,,,Ticketmaster Discovery API,2026,11,November,1,Ciudad de México,Ciudad de México,Pop,False,False
G5dVZ_FDJk688,"Karol G, Viajando por el mundo, Tropitour",https://www.ticketmaster.com.mx/karol-g-viajando-por-el-mundo-guadalupe-08-11-2026/event/3D00648EE6187410,2026-11-08,20:00:00,America/Mexico_City,onsale,Karol G,K8vZ917p3-V,KovZpZAEeI7A,Estadio BBVA,Guadalupe,Nuevo León,NL,Mexico,MX,MX,25.669187,-100.24442,Music,Latin,Latin,Undefined,Undefined,False,OCESA,,,,Ticketmaster Discovery API,2026,11,November,1,Guadalupe,Nuevo León,Latin,False,False
G5dVZ_1Xwhn1i,"Sin Fronteras Presenta: su album ""Va por ustedes"".",https://www.ticketmaster.com.mx/sin-fronteras-presenta-su-album-va-mexico-08-11-2026/event/3D0064AFB26EA2AC,2026-11-08,18:00:00,America/Mexico_City,onsale,Sin Fronteras,K8vZ917Ot1V,KovZpZA6teaA,El Cantoral ,Mexico,Ciudad de México,CDMX,Mexico,MX,MX,19.361737,-99.166137,Music,Ballads/Romantic,Ballads/Romantic,Undefined,Undefined,False,MONDIAL PRICE 1,,,,Ticketmaster Discovery API,2026,11,November,1,Ciudad de México,Ciudad de México,Ballads/Romantic,False,False
16v8Z_6peG7Rw_9,ZZ Top,https://www.ticketmaster.com.mx/zz-top-zapopan-09-11-2026/event/1400647582BF2657,2026-11-09,21:00:00,America/Mexico_City,onsale,ZZ Top,K8vZ91718N0,KovZpZA6I7FA,Auditorio Telmex,Zapopan,Jalisco,JAL,Mexico,MX,MX,20.73324,-103.38112,Music,Rock,Pop,Undefined,Undefined,False,OCESA,,,,Ticketmaster Discovery API,2026,11,November,1,Zapopan,Jalisco,Rock,False,False
17AZv0G6G5-oOJ-,Leire Martínez,https://www.ticketmaster.com.mx/leire-martinez-monterrey-10-11-2026/event/140064C2E14609A1,2026-11-10,21:00:00,America/Mexico_City,onsale,Leire Martínez,K8vZ917LZL7,KovZpZAIln6A,Escenario GNP Seguros,Monterrey,Nuevo León,NL,Mexico,MX,MX,25.666135,-100.316726,Music,Pop,Pop,Undefined,Undefined,False,MONDIAL PRICE 1,,,,Ticketmaster Discovery API,2026,11,November,1,Monterrey,Nuevo León,Pop,False,False
G5dVZ_6p7b3c_,ZZ Top,https://www.ticketmaster.com.mx/zz-top-ciudad-de-mexico-11-11-2026/event/3D00647584612B59,2026-11-11,21:00:00,America/Mexico_City,onsale,ZZ Top,K8vZ91718N0,KovZpZA6EkkA,Auditorio Nacional,Ciudad de México,Ciudad de México,CDMX,Mexico,MX,MX,19.424648,-99.19484,Music,Rock,Pop,Undefined,Undefined,False,OCESA,,,,Ticketmaster Discovery API,2026,11,November,1,Ciudad de México,Ciudad de México,Rock,False,False
G5dVZ_dQ5rx44,Elefante: 30 Aniversario,https://www.ticketmaster.com.mx/elefante-30-aniversario-ciudad-de-mexico-12-11-2026/event/3D0064368B7A2555,2026-11-12,20:30:00,America/Mexico_City,onsale,Elefante,K8vZ9174_ef,KovZpZA6EkkA,Auditorio Nacional,Ciudad de México,Ciudad de México,CDMX,Mexico,MX,MX,19.424648,-99.19484,Music,Latin,Latin,Undefined,Undefined,False,MONDIAL PRICE 1,,,,Ticketmaster Discovery API,2026,11,November,1,Ciudad de México,Ciudad de México,Latin,False,False
1AfZk3eGkeDJMUJ,Morat,https://www.ticketmaster.com.mx/morat-ciudad-de-mexico-12-11-2026/event/14006482BB9B7DA6,2026-11-12,20:00:00,America/Mexico_City,onsale,Morat,K8vZ9174edf,KovZpZA77t6A,Palacio de los Deportes,Ciudad de México,Ciudad de México,CDMX,Mexico,MX,MX,19.40154080,-99.09806060,Music,Pop,Pop,Undefined,Undefined,False,MONDIAL PRICE 1,,,,Ticketmaster Discovery API,2026,11,November,1,Ciudad de México,Ciudad de México,Pop,False,False
G5dVZ_ueWDfLg,Pancho Varona en México,https://www.ticketmaster.com.mx/pancho-varona-en-mexico-ciudad-de-mexico-12-11-2026/event/3D0064D0BDED47F5,2026-11-12,20:00:00,America/Mexico_City,onsale,Pancho Varona,K8vZ917_b6f,KovZpZA6EtdA,El Lunario del Auditorio Nacional,Ciudad de México,Ciudad de México,CDMX,Mexico,MX,MX,19.424682,-99.1954,Music,Pop,Pop,Undefined,Undefined,False,MONDIAL PRICE 1,,,,Ticketmaster Discovery API,2026,11,November,1,Ciudad de México,Ciudad de México,Pop,False,False
16v8Z_kQAG7Bx0e,Siddhartha,https://www.ticketmaster.com.mx/siddhartha-monterrey-12-11-2026/event/1400646685EA2902,2026-11-12,21:00:00,America/Mexico_City,onsale,Siddhartha,K8vZ917CUD0,KovZpZAJt1kA,Auditorio Banamex,Monterrey,Nuevo León,NL,Mexico,MX,MX,25.67765795,-100.28085777,Music,Rock,Alternative Rock,Undefined,Undefined,False,MONDIAL PRICE 1,,,,Ticketmaster Discovery API,2026,11,November,1,Monterrey,Nuevo León,Rock,False,False
G5dVZ_5euaAi3,Lifehouse,https://www.ticketmaster.com.mx/lifehouse-mexico-12-11-2026/event/3D0064B08D245B12,2026-11-12,21:30:00,America/Mexico_City,onsale,Lifehouse,K8vZ9171lTV,KovZpZA7AJ6A,La Maraka,México,Ciudad de México,CDMX,Mexico,MX,MX,19.38651080,-99.16317750,Music,Rock,Alternative Rock,Undefined,Undefined,False,MONDIAL PRICE 1,,,,Ticketmaster Discovery API,2026,11,November,1,Ciudad de México,Ciudad de México,Rock,False,False
ZFIMVHtnMZ17kv0O,The Cat Empire na Audio - SP,https://www.ticketmaster.com.br/event/the-cat-empire-na-audio-sp,2026-11-12,21:30:00,America/Sao_Paulo,onsale,The Cat Empire,K8vZ9175BuV,Z5IMVHtnMZFd7,Audio,,,SP,,BR,BR,-23.5283715,-46.669667,Music,Rock,Pop,,,False,,,,,Ticketmaster Discovery API,2026,11,November,1,,,Rock,False,False
1Av8Z_kGknv53IF,"Karol G, Viajando por el mundo, Tropitour",https://www.ticketmaster.com.mx/karol-g-viajando-por-el-mundo-ciudad-de-mexico-13-11-2026/event/1400646A812D2A08,2026-11-13,21:00:00,America/Mexico_City,onsale,Karol G,K8vZ917p3-V,KovZpZAd1IaA,Estadio GNP Seguros,Ciudad de México,Ciudad de México,CDMX,Mexico,MX,MX,19.405199,-99.095618,Music,Latin,Latin,Undefined,Undefined,False,OCESA,,,,Ticketmaster Discovery API,2026,11,November,1,Ciudad de México,Ciudad de México,Latin,False,False
G5dVZ_A1YCxRq,Majo Aguilar,https://www.ticketmaster.com.mx/majo-aguilar-ciudad-de-mexico-13-11-2026/event/3D006452B03A2BDD,2026-11-13,20:30:00,America/Mexico_City,onsale,Majo Aguilar,K8vZ917hdIf,KovZpZA6EkkA,Auditorio Nacional,Ciudad de México,Ciudad de México,CDMX,Mexico,MX,MX,19.424648,-99.19484,Music,Hip-Hop/Rap,Reggaeton,Undefined,Undefined,False,OCESA,,,,Ticketmaster Discovery API,2026,11,November,1,Ciudad de México,Ciudad de México,Hip-Hop/Rap,False,False
1AfZk3eGkeDtEUW,Morat,https://www.ticketmaster.com.mx/morat-ciudad-de-mexico-13-11-2026/event/14006482BBA67DBD,2026-11-13,20:00:00,America/Mexico_City,onsale,Morat,K8vZ9174edf,KovZpZA77t6A,Palacio de los Deportes,Ciudad de México,Ciudad de México,CDMX,Mexico,MX,MX,19.40154080,-99.09806060,Music,Pop,Pop,Undefined,Undefined,False,MONDIAL PRICE 1,,,,Ticketmaster Discovery API,2026,11,November,1,Ciudad de México,Ciudad de México,Pop,False,False
G5dVZ_53LYU3K,Eslabon Armado,https://www.ticketmaster.com.mx/eslabon-armado-guadalajara-13-11-2026/event/3D0064B49FC36493,2026-11-13,21:00:00,America/Mexico_City,onsale,Eslabon Armado,K8vZ917_Wef,KovZpZA6EFEA,Teatro Diana (GDL),Guadalajara,Jalisco,JAL,Mexico,MX,MX,20.665434,-103.349341,Music,Latin,Latin,Undefined,Undefined,False,MONDIAL PRICE 1,,,,Ticketmaster Discovery API,2026,11,November,1,Guadalajara,Jalisco,Latin,False,False
1AfZkoVGkdOeqr8,ZZ Top,https://www.ticketmaster.com.mx/zz-top-monterrey-13-11-2026/event/14006474E009D790,2026-11-13,21:00:00,America/Mexico_City,onsale,ZZ Top,K8vZ91718N0,KovZpZAJt1kA,Auditorio Banamex,Monterrey,Nuevo León,NL,Mexico,MX,MX,25.67765795,-100.28085777,Music,Rock,Pop,Undefined,Undefined,False,OCESA,,,,Ticketmaster Discovery API,2026,11,November,1,Monterrey,Nuevo León,Rock,False,False
G5dVZ_5pxC_p5,DLD,https://www.ticketmaster.com.mx/dld-mexico-13-11-2026/event/3D0064B5A239958B,2026-11-13,21:30:00,America/Mexico_City,onsale,DLD,K8vZ9178Kpf,KovZpZA7AJ6A,La Maraka,México,Ciudad de México,CDMX,Mexico,MX,MX,19.38651080,-99.16317750,Music,Rock,Pop,Undefined,Undefined,False,MONDIAL PRICE 1,,,,Ticketmaster Discovery API,2026,11,November,1,Ciudad de México,Ciudad de México,Rock,False,False
16fZkoo-IZAG7Aae,El Kanka,https://www.ticketmaster.com.mx/el-kanka-mexico-13-11-2026/event/14006451868B3481,2026-11-13,20:30:00,America/Mexico_City,onsale,El Kanka,K8vZ917pwJ7,KovZpZA6JttA,Teatro Metropolitan,México,Ciudad de México,CDMX,Mexico,MX,MX,19.433457,-99.146811,Music,Pop,Pop,Undefined,Undefined,False,OCESA,,,,Ticketmaster Discovery API,2026,11,November,1,Ciudad de México,Ciudad de México,Pop,False,False
G5dVZ_am7I8Dj,TrendLine,https://www.ticketmaster.com.mx/trendline-mexico-13-11-2026/event/3D00649B84A10EDC,2026-11-13,21:00:00,America/Mexico_City,onsale,TrendLine,K8vZ917hx67,KovZ917A8z0,Foro Red Access,México,Ciudad de México,CDMX,Mexico,MX,MX,19.35677,-99.163341,Music,Ballads/Romantic,Ballads/Romantic,Undefined,Undefined,False,MONDIAL PRICE 1,,,,Ticketmaster Discovery API,2026,11,November,1,Ciudad de México,Ciudad de México,Ballads/Romantic,False,False
ZFIMVHtnMZ17F40Y,Nando Reis no Qualistage - RJ,https://www.ticketmaster.com.br/event/nando-reis-no-qualistage---rj,2026-11-13,21:30:00,America/Sao_Paulo,onsale,Nando Reis,K8vZ9179gJ7,KovZ917ARjF,Qualistage,Rio de Janeiro,Rio de Janeiro,RJ,Brazil,BR,BR,-22.98135949,-43.36089723,Music,Rock,Pop,,,False,,,,,Ticketmaster Discovery API,2026,11,November,1,Rio de Janeiro,Rio de Janeiro,Rock,False,False
1Av8Z_aGkBP3B2T,Daniel Boaventura,https://www.ticketmaster.com.mx/daniel-boaventura-zapopan-13-11-2026/event/1400649EA54BA3FF,2026-11-13,21:00:00,America/Mexico_City,onsale,Daniele di Bonaventura,K8vZ917poK7,KovZpZA6I7FA,Auditorio Telmex,Zapopan,Jalisco,JAL,Mexico,MX,MX,20.73324,-103.38112,Music,Jazz,Jazz,Undefined,Undefined,False,MONDIAL PRICE 1,,,,Ticketmaster Discovery API,2026,11,November,1,Zapopan,Jalisco,Jazz,False,False
ZFIMVHtnMZ17kv0-,The Cat Empire no Circo Voador - RJ,https://www.ticketmaster.com.br/event/the-cat-empire-no-circo-voador-rj,2026-11-13,21:30:00,America/Sao_Paulo,onsale,The Cat Empire,K8vZ9175BuV,Z5IMVHtnMZ17k,Circo Voador,,,RJ,,BR,BR,-22.9068467,-43.1728965,Music,Rock,Pop,,,False,,,,,Ticketmaster Discovery API,2026,11,November,1,,,Rock,False,False
1Av8Z_kGknefxRa,"Karol G, Viajando por el mundo, Tropitour",https://www.ticketmaster.com.mx/karol-g-viajando-por-el-mundo-ciudad-de-mexico-14-11-2026/event/1400646A82522BC9,2026-11-14,21:00:00,America/Mexico_City,onsale,Karol G,K8vZ917p3-V,KovZpZAd1IaA,Estadio GNP Seguros,Ciudad de México,Ciudad de México,CDMX,Mexico,MX,MX,19.405199,-99.095618,Music,Latin,Latin,Undefined,Undefined,False,OCESA,,,,Ticketmaster Discovery API,2026,11,November,1,Ciudad de México,Ciudad de México,Latin,False,False
1AfZk3eGkeDtEUT,Morat,https://www.ticketmaster.com.mx/morat-ciudad-de-mexico-14-11-2026/event/14006482BBA67DBF,2026-11-14,20:00:00,America/Mexico_City,onsale,Morat,K8vZ9174edf,KovZpZA77t6A,Palacio de los Deportes,Ciudad de México,Ciudad de México,CDMX,Mexico,MX,MX,19.40154080,-99.09806060,Music,Pop,Pop,Undefined,Undefined,False,MONDIAL PRICE 1,,,,Ticketmaster Discovery API,2026,11,November,1,Ciudad de México,Ciudad de México,Pop,False,False
G5dVZ_5muixzo,"Miguel Inzunza, noctournos en concierto ""La noche que soñamos juntos""",https://www.ticketmaster.com.mx/miguel-inzunza-noctournos-en-concierto-la-mexico-14-11-2026/event/3D0064BB8DB22E11,2026-11-14,20:00:00,America/Mexico_City,onsale,Miguel Inzunza,K8vZ917O_cV,KovZpZA6teaA,El Cantoral ,Mexico,Ciudad de México,CDMX,Mexico,MX,MX,19.361737,-99.166137,Music,Ballads/Romantic,Ballads/Romantic,Undefined,Undefined,False,MONDIAL PRICE 1,,,,Ticketmaster Discovery API,2026,11,November,1,Ciudad de México,Ciudad de México,Ballads/Romantic,False,False
15v8Z_7QbF43b,Matute - Disco Stereo Tour,https://www.ticketmaster.com.mx/matute-disco-stereo-tour-monterrey-14-11-2026/event/1400644698215498,2026-11-14,21:00:00,America/Mexico_City,onsale,Matute,K8vZ917urLV,KovZpZAIln6A,Escenario GNP Seguros,Monterrey,Nuevo León,NL,Mexico,MX,MX,25.666135,-100.316726,Music,Other,Other,Undefined,Undefined,False,MONDIAL PRICE 1,,,,Ticketmaster Discovery API,2026,11,November,1,Monterrey,Nuevo León,Other,False,False
G5dVZ_1kyjEzA,Daniel Boaventura Sinfónico,https://www.ticketmaster.com.mx/daniel-boaventura-sinfonico-ciudad-de-mexico-15-11-2026/event/3D0064A1B9727E05,2026-11-15,19:00:00,America/Mexico_City,onsale,Daniel Boaventura,K8vZ917hNsf,KovZpZA6EkkA,Auditorio Nacional,Ciudad de México,Ciudad de México,CDMX,Mexico,MX,MX,19.424648,-99.19484,Music,Ballads/Romantic,Ballads/Romantic,Undefined,Undefined,False,MONDIAL PRICE 1,,,,Ticketmaster Discovery API,2026,11,November,1,Ciudad de México,Ciudad de México,Ballads/Romantic,False,False
1Av8Z_kGknefwR5,"Karol G, Viajando por el mundo, Tropitour",https://www.ticketmaster.com.mx/karol-g-viajando-por-el-mundo-ciudad-de-mexico-15-11-2026/event/1400646A82532BCB,2026-11-15,21:00:00,America/Mexico_City,onsale,Karol G,K8vZ917p3-V,KovZpZAd1IaA,Estadio GNP Seguros,Ciudad de México,Ciudad de México,CDMX,Mexico,MX,MX,19.405199,-99.095618,Music,Latin,Latin,Undefined,Undefined,False,OCESA,,,,Ticketmaster Discovery API,2026,11,November,1,Ciudad de México,Ciudad de México,Latin,False,False
1Av8Z_7GkmWWnsy,La Caravana del Amor,https://www.ticketmaster.com.mx/la-caravana-del-amor-monterrey-15-11-2026/event/1400644BBDF6AC79,2026-11-15,19:00:00,America/Mexico_City,onsale,La Caravana del Amor,K8vZ917qJg7,KovZpZAIln6A,Escenario GNP Seguros,Monterrey,Nuevo León,NL,Mexico,MX,MX,25.666135,-100.316726,Music,Ballads/Romantic,Ballads/Romantic,Undefined,Undefined,False,MONDIAL PRICE 1,,,,Ticketmaster Discovery API,2026,11,November,1,Monterrey,Nuevo León,Ballads/Romantic,False,False
17AZv0G6upqGf62,"Yolanda del Rio, El Gran Regreso",https://www.ticketmaster.com.mx/yolanda-del-rio-el-gran-regreso-mexico-15-11-2026/event/140064D59D3141CF,2026-11-15,19:00:00,America/Mexico_City,onsale,Yolanda Del Rio,K8vZ9172Myf,KovZpZA6JttA,Teatro Metropolitan,México,Ciudad de México,CDMX,Mexico,MX,MX,19.433457,-99.146811,Music,Latin,Latin,Undefined,Undefined,False,MONDIAL PRICE 1,,,,Ticketmaster Discovery API,2026,11,November,1,Ciudad de México,Ciudad de México,Latin,False,False
17AZv0G65m1f60K,Estela Nuñez y Jorge Muñiz,https://www.ticketmaster.com.mx/estela-nunez-y-jorge-muniz-mexico-16-11-2026/event/140064BB8A507913,2026-11-16,18:00:00,America/Mexico_City,onsale,Estela Nuñez y Jorge Muñiz,K8vZ917hR1f,KovZpZA6JttA,Teatro Metropolitan,México,Ciudad de México,CDMX,Mexico,MX,MX,19.433457,-99.146811,Music,Ballads/Romantic,Ballads/Romantic,Undefined,Undefined,False,OCESA,,,,Ticketmaster Discovery API,2026,11,November,1,Ciudad de México,Ciudad de México,Ballads/Romantic,False,False
G5dVZ_akOa4k3,Jerry Rivera.,https://www.ticketmaster.com.mx/jerry-rivera-ciudad-de-mexico-17-11-2026/event/3D006491A0255192,2026-11-17,20:30:00,America/Mexico_City,onsale,Jerry Rivera,K8vZ9171haf,KovZpZA6EkkA,Auditorio Nacional,Ciudad de México,Ciudad de México,CDMX,Mexico,MX,MX,19.424648,-99.19484,Music,Latin,Latin,Undefined,Undefined,False,MONDIAL PRICE 1,,,,Ticketmaster Discovery API,2026,11,November,1,Ciudad de México,Ciudad de México,Latin,False,False
17AZv0G61M-Mqwh,Mon Laferte,https://www.ticketmaster.com.mx/mon-laferte-monterrey-17-11-2026/event/140064ADE1DDDC9B,2026-11-17,21:00:00,America/Mexico_City,onsale,Mon Laferte,K8vZ917Kit0,KovZpZAJt1kA,Auditorio Banamex,Monterrey,Nuevo León,NL,Mexico,MX,MX,25.67765795,-100.28085777,Music,Pop,Pop,Undefined,Undefined,False,MONDIAL PRICE 1,,,,Ticketmaster Discovery API,2026,11,November,1,Monterrey,Nuevo León,Pop,False,False
ZFIMVHtnMZ17kKFI,CA7RIEL & Paco Amoroso: Free Spirits World Tour - São Paulo,https://www.ticketmaster.com.br/event/venda-geral-ca7riel-e-paco-amoroso-sao-paulo,2026-11-18,21:00:00,America/Sao_Paulo,onsale,CA7RIEL & Paco Amoroso,K8vZ917qOL7,Z5IMVHtnMZ61a,Espaço Unimed -  AVCB nº774465-Alvará de Funcionamento 2024/05734-00,,,SP,,BR,BR,-23.5306956,-46.6638359,Music,Latin,Latin,,,False,,,,,Ticketmaster Discovery API,2026,11,November,1,,,Latin,False,False
G5dVZ_1Me6trr,Cafres y Estrambóticos,https://www.ticketmaster.com.mx/cafres-y-estramboticos-ciudad-de-mexico-19-11-2026/event/3D0064ADC21E979E,2026-11-19,20:30:00,America/Mexico_City,onsale,"Los Cafres, Los Estramboticos","K8vZ917KfMf, K8vZ917G6Wf",KovZpZA6EkkA,Auditorio Nacional,Ciudad de México,Ciudad de México,CDMX,Mexico,MX,MX,19.424648,-99.19484,Music,Reggae,Reggae,Undefined,Undefined,False,OCESA,,,,Ticketmaster Discovery API,2026,11,November,1,Ciudad de México,Ciudad de México,Reggae,False,False
G5dVZ_G3UZMGb,"María San Felipe ""Por si Volvieras""",https://www.ticketmaster.com.mx/maria-san-felipe-por-si-volvieras-ciudad-de-mexico-19-11-2026/event/3D0064C4B6037318,2026-11-19,21:00:00,America/Mexico_City,onsale,María San Felipe,K8vZ917q5Y7,KovZpZA6EtdA,El Lunario del Auditorio Nacional,Ciudad de México,Ciudad de México,CDMX,Mexico,MX,MX,19.424682,-99.1954,Music,Pop,Pop,Undefined,Undefined,False,MONDIAL PRICE 1,,,,Ticketmaster Discovery API,2026,11,November,1,Ciudad de México,Ciudad de México,Pop,False,False
17AZv0G65B1mPwd,Arde Bogota,https://www.ticketmaster.com.mx/arde-bogota-mexico-19-11-2026/event/140064BE8ABA5C83,2026-11-19,20:30:00,America/Mexico_City,onsale,Arde Bogota,K8vZ917qBwf,KovZpZA6JttA,Teatro Metropolitan,México,Ciudad de México,CDMX,Mexico,MX,MX,19.433457,-99.146811,Music,Rock,Pop,Undefined,Undefined,False,OCESA,,,,Ticketmaster Discovery API,2026,11,November,1,Ciudad de México,Ciudad de México,Rock,False,False
17AZv0G61BNAIx1,David Bisbal Tour Eternos 2026,https://www.ticketmaster.com.mx/david-bisbal-tour-eternos-2026-zapopan-19-11-2026/event/140064AEA316888A,2026-11-19,21:00:00,America/Mexico_City,onsale,David Bisbal,K8vZ9175Taf,KovZpZA6I7FA,Auditorio Telmex,Zapopan,Jalisco,JAL,Mexico,MX,MX,20.73324,-103.38112,Music,Pop,Pop,Undefined,Undefined,False,OCESA,,,,Ticketmaster Discovery API,2026,11,November,1,Zapopan,Jalisco,Pop,False,False
ZFIMVHtnMZ17Fb77,Gilsons - Cine Lido,https://www.ticketmaster.com.br/event/gilsons-cine-lido,2026-11-19,22:00:00,America/Sao_Paulo,onsale,Gilsons,K8vZ917hEgV,ZGIMVHtnMZdd61,Cine Lido,,,PR,,BR,BR,-25.4297578,-49.2690632,Music,World,Brazil,,,False,,,,,Ticketmaster Discovery API,2026,11,November,1,,,World,False,False
G5dVZ_5prEIUP,Francisca Valenzuela MALDITA Tour,https://www.ticketmaster.com.mx/francisca-valenzuela-maldita-tour-mexico-20-11-2026/event/3D0064B59E9E8DA5,2026-11-20,21:00:00,America/Mexico_City,onsale,Francisca Valenzuela,K8vZ917C_IV,KovZpZAJIAIA,Foro Puebla,Mexico,Ciudad de México,CDMX,Mexico,MX,MX,19.422158,-99.164129,Music,Latin,Latin,Undefined,Undefined,False,MONDIAL PRICE 1,,,,Ticketmaster Discovery API,2026,11,November,1,Ciudad de México,Ciudad de México,Latin,False,False
17AZv0G61xwSC9x,LP,https://www.ticketmaster.com.mx/lp-monterrey-20-11-2026/event/140064A8B2CCE5E2,2026-11-20,21:00:00,America/Mexico_City,onsale,LP,K8vZ9172MA0,KovZpZAIln6A,Escenario GNP Seguros,Monterrey,Nuevo León,NL,Mexico,MX,MX,25.666135,-100.316726,Music,Rock,Alternative Rock,Undefined,Undefined,False,MONDIAL PRICE 1,,,,Ticketmaster Discovery API,2026,11,November,1,Monterrey,Nuevo León,Rock,False,False
1Av8Z_kGkU6hVzv,Los Auténticos Caligaris,https://www.ticketmaster.com.mx/los-autenticos-caligaris-monterrey-20-11-2026/event/1400646D876F4E01,2026-11-20,21:00:00,America/Mexico_City,onsale,"Los Autenticos Caligaris, Los Auténticos Decadentes, Los Caligaris","K8vZ917OatV, K8vZ917G697, K8vZ917rCdf",KovZpZAJt1kA,Auditorio Banamex,Monterrey,Nuevo León,NL,Mexico,MX,MX,25.67765795,-100.28085777,Music,Rock,Pop,Undefined,Undefined,False,MONDIAL PRICE 1,,,,Ticketmaster Discovery API,2026,11,November,1,Monterrey,Nuevo León,Rock,False,False
1AfZk3_Gkdt_WKw,Abono Banamex Plus Corona Capital 2026,https://www.ticketmaster.com.mx/abono-banamex-plus-corona-capital-2026-mexico-20-11-2026/event/14006499E967D4F2,2026-11-20,,America/Mexico_City,onsale,Corona Capital,K8vZ917CIm7,KovZpZA6JlaA,Autodromo Hnos. Rodriguez,México,Ciudad de México,CDMX,Mexico,MX,MX,19.402829,-99.089247,Music,Undefined,Undefined,Event Style,Festival,False,OCESA,,,,Ticketmaster Discovery API,2026,11,November,1,Ciudad de México,Ciudad de México,Sin clasificar,True,False
1AfZk3bGkdb4mzY,Abono Banamex Stage Vip Time Warp,https://www.ticketmaster.com.mx/abono-banamex-stage-vip-time-warp-mexico-20-11-2026/event/14006498D856EE30,2026-11-20,,America/Mexico_City,onsale,Time Warp,K8vZ917CcN0,KovZpZAJnd1A,Expo Santa Fe,México,Ciudad de México,CDMX,Mexico,MX,MX,19.36337191,-99.26287561,Music,Undefined,Undefined,Group,Tribute Band,False,OCESA,,,,Ticketmaster Discovery API,2026,11,November,1,Ciudad de México,Ciudad de México,Sin clasificar,False,False
1AfZk3_GkdbihLj,Abono Comfort Pass Banamex Corona Capital 2026,https://www.ticketmaster.com.mx/abono-comfort-pass-banamex-corona-capital-mexico-20-11-2026/event/14006499D8B1B7DC,2026-11-20,,America/Mexico_City,onsale,Corona Capital,K8vZ917CIm7,KovZpZA6JlaA,Autodromo Hnos. Rodriguez,México,Ciudad de México,CDMX,Mexico,MX,MX,19.402829,-99.089247,Music,Undefined,Undefined,Event Style,Festival,False,OCESA,,,,Ticketmaster Discovery API,2026,11,November,1,Ciudad de México,Ciudad de México,Sin clasificar,True,False
1AfZk3_Gkd9Z5fS,Abono General 3 días Corona Capital 2026,https://www.ticketmaster.com.mx/abono-general-3-dias-corona-capital-mexico-20-11-2026/event/14006499D700B533,2026-11-20,,America/Mexico_City,onsale,Corona Capital,K8vZ917CIm7,KovZpZA6JlaA,Autodromo Hnos. Rodriguez,México,Ciudad de México,CDMX,Mexico,MX,MX,19.402829,-99.089247,Music,Undefined,Undefined,Event Style,Festival,False,OCESA,,,,Ticketmaster Discovery API,2026,11,November,1,Ciudad de México,Ciudad de México,Sin clasificar,True,False
1AfZk39Gkdm8Smh,Abono General Time Warp,https://www.ticketmaster.com.mx/abono-general-time-warp-mexico-20-11-2026/event/14006497EE433B9B,2026-11-20,,America/Mexico_City,onsale,Time Warp,K8vZ917CcN0,KovZpZAJnd1A,Expo Santa Fe,México,Ciudad de México,CDMX,Mexico,MX,MX,19.36337191,-99.26287561,Music,Undefined,Undefined,Group,Tribute Band,False,OCESA,,,,Ticketmaster Discovery API,2026,11,November,1,Ciudad de México,Ciudad de México,Sin clasificar,False,False
1AfZk3_Gkdw1XuQ,Individual Banamex Plus Corona Capital 2026,https://www.ticketmaster.com.mx/individual-banamex-plus-corona-capital-2026-mexico-20-11-2026/event/14006499F22BE35A,2026-11-20,14:00:00,America/Mexico_City,onsale,Corona Capital,K8vZ917CIm7,KovZpZA6JlaA,Autodromo Hnos. Rodriguez,México,Ciudad de México,CDMX,Mexico,MX,MX,19.402829,-99.089247,Music,Undefined,Undefined,Event Style,Festival,False,OCESA,,,,Ticketmaster Discovery API,2026,11,November,1,Ciudad de México,Ciudad de México,Sin clasificar,True,False
1AfZk3_GkdBHRFj,Individual Comfort Pass Banamex Corona Capital 2026,https://www.ticketmaster.com.mx/individual-comfort-pass-banamex-corona-capital-mexico-20-11-2026/event/14006499FAF2F21C,2026-11-20,14:00:00,America/Mexico_City,onsale,Corona Capital,K8vZ917CIm7,KovZpZA6JlaA,Autodromo Hnos. Rodriguez,México,Ciudad de México,CDMX,Mexico,MX,MX,19.402829,-99.089247,Music,Undefined,Undefined,Event Style,Festival,False,OCESA,,,,Ticketmaster Discovery API,2026,11,November,1,Ciudad de México,Ciudad de México,Sin clasificar,True,False
1AfZk3_GkdB4TdH,Individual General Corona Capital 2026,https://www.ticketmaster.com.mx/individual-general-corona-capital-2026-mexico-20-11-2026/event/14006499FA57F0FC,2026-11-20,14:00:00,America/Mexico_City,onsale,Corona Capital,K8vZ917CIm7,KovZpZA6JlaA,Autodromo Hnos. Rodriguez,México,Ciudad de México,CDMX,Mexico,MX,MX,19.402829,-99.089247,Music,Undefined,Undefined,Event Style,Festival,False,OCESA,,,,Ticketmaster Discovery API,2026,11,November,1,Ciudad de México,Ciudad de México,Sin clasificar,True,False
G5dVZ_F6tnUA-,Morat,https://www.ticketmaster.com.mx/morat-tlajomulco-de-zuniga-20-11-2026/event/3D006481E9AB6161,2026-11-20,21:00:00,America/Mexico_City,onsale,Morat,K8vZ9174edf,KovZpZA6El6A,Arena VFG,Tlajomulco de Zuñiga,Jalisco,JAL,Mexico,MX,MX,20.467193,-103.263489,Music,Pop,Pop,Undefined,Undefined,False,OCESA,,,,Ticketmaster Discovery API,2026,11,November,1,Tlajomulco de Zuñiga,Jalisco,Pop,False,False
16v8Z_FJ_G7Yp70,Enjambre,https://www.ticketmaster.com.mx/enjambre-zapopan-20-11-2026/event/1400648999C16124,2026-11-20,21:00:00,America/Mexico_City,onsale,Enjambre,K8vZ9175RK7,KovZpZA6I7FA,Auditorio Telmex,Zapopan,Jalisco,JAL,Mexico,MX,MX,20.73324,-103.38112,Music,Latin,Latin,Undefined,Undefined,False,MONDIAL PRICE 1,,,,Ticketmaster Discovery API,2026,11,November,1,Zapopan,Jalisco,Latin,False,False
ZFIMVHtnMZ17kKFE,CA7RIEL & Paco Amoroso: Free Spirits World Tour - Rio de Janeiro,https://www.ticketmaster.com.br/event/venda-geral-ca7riel-e-paco-amoroso-rio-de-janeiro,2026-11-20,21:00:00,America/Sao_Paulo,onsale,CA7RIEL & Paco Amoroso,K8vZ917qOL7,Z5IMVHtnMZFad,Vivo Rio,,,RJ,,BR,BR,-22.9435656,-43.1741997,Music,Latin,Latin,,,False,,,,,Ticketmaster Discovery API,2026,11,November,1,,,Latin,False,False
ZFIMVHtnMZ17FoAa,The Strokes,https://www.ticketmaster.pe/event/the-strokes,2026-11-20,19:00:00,America/Lima,onsale,The Strokes,K8vZ9171UUf,Z5IMVHtnMZFF1,Estadio San Marcos,,,LIM,,PE,PE,-12.0550642,-77.0823504,Music,Rock,Alternative Rock,,,False,,,,,Ticketmaster Discovery API,2026,11,November,1,,,Rock,False,False
G5dVZ_1p0IgFJ,Luisa Vox,https://www.ticketmaster.com.mx/luisa-vox-col-centro-monterrey-21-11-2026/event/3D0064A5A4A35226,2026-11-21,21:00:00,America/Mexico_City,onsale,Luisa Vox,K8vZ917O7Hf,KovZpZAEvelA,Foro Corona Monterrey,Col. Centro Monterrey,Nuevo León,NL,Mexico,MX,MX,25.66646204,-100.31681661,Music,Rock,Pop,Undefined,Undefined,False,MONDIAL PRICE 3,,,,Ticketmaster Discovery API,2026,11,November,1,Monterrey,Nuevo León,Rock,False,False
G5dVZ_1Nv26Rz,Abono Ciclo De Jazz,https://www.ticketmaster.com.mx/abono-ciclo-de-jazz-mexico-21-11-2026/event/3D0064A8C13C7BF8,2026-11-21,19:30:00,America/Mexico_City,onsale,Ciclo NY Jazz All Stars,K8vZ917Ok37,KovZpZA6EkIA,Teatro de la Ciudad Esperanza Iris,Mexico,Ciudad de México,CDMX,Mexico,MX,MX,19.43669360,-99.13943750,Music,Jazz,Jazz,Undefined,Undefined,False,MONDIAL PRICE 3,,,,Ticketmaster Discovery API,2026,11,November,1,Ciudad de México,Ciudad de México,Jazz,False,False
G5dVZ_eJ3nx0r,Christian Sands Quartet,https://www.ticketmaster.com.mx/christian-sands-quartet-mexico-21-11-2026/event/3D00642992AA291E,2026-11-21,19:30:00,America/Mexico_City,onsale,"Christian Sands, Ciclo NY Jazz All Stars","K8vZ917ohU0, K8vZ917Ok37",KovZpZA6EkIA,Teatro de la Ciudad Esperanza Iris,Mexico,Ciudad de México,CDMX,Mexico,MX,MX,19.43669360,-99.13943750,Music,Jazz,Jazz,Undefined,Undefined,False,MONDIAL PRICE 1,,,,Ticketmaster Discovery API,2026,11,November,1,Ciudad de México,Ciudad de México,Jazz,False,False
G5dVZ_5JnU7Dw,"Playa Limbo en El Cantoral, Donde Quiero Estar Tour Acustico",https://www.ticketmaster.com.mx/playa-limbo-en-el-cantoral-donde-mexico-21-11-2026/event/3D0064B9AAD84EF2,2026-11-21,21:00:00,America/Mexico_City,onsale,Playa Limbo,K8vZ917GG27,KovZpZA6teaA,El Cantoral ,Mexico,Ciudad de México,CDMX,Mexico,MX,MX,19.361737,-99.166137,Music,Pop,Pop,Undefined,Undefined,False,MONDIAL PRICE 1,,,,Ticketmaster Discovery API,2026,11,November,1,Ciudad de México,Ciudad de México,Pop,False,False
17AZv0G61B5d70u,David Bisbal Tour Eternos 2026,https://www.ticketmaster.com.mx/david-bisbal-tour-eternos-2026-monterrey-21-11-2026/event/140064AE8B0C490D,2026-11-21,21:00:00,America/Mexico_City,onsale,David Bisbal,K8vZ9175Taf,KovZpZAJt1kA,Auditorio Banamex,Monterrey,Nuevo León,NL,Mexico,MX,MX,25.67765795,-100.28085777,Music,Pop,Pop,Undefined,Undefined,False,OCESA,,,,Ticketmaster Discovery API,2026,11,November,1,Monterrey,Nuevo León,Pop,False,False
1AfZk3FGkdL1R2G,Molotov,https://www.ticketmaster.com.mx/molotov-monterrey-21-11-2026/event/14006488DF2AF3CC,2026-11-21,21:00:00,America/Mexico_City,onsale,Molotov,K8vZ9171EX7,KovZpZAIln6A,Escenario GNP Seguros,Monterrey,Nuevo León,NL,Mexico,MX,MX,25.666135,-100.316726,Music,Latin,Latin,Undefined,Undefined,False,MONDIAL PRICE 1,,,,Ticketmaster Discovery API,2026,11,November,1,Monterrey,Nuevo León,Latin,False,False
1AfZk3_Gkdg2X-1,Individual Banamex Plus Corona Capital 2026,https://www.ticketmaster.com.mx/individual-banamex-plus-corona-capital-2026-mexico-21-11-2026/event/14006499F53FE84A,2026-11-21,14:00:00,America/Mexico_City,onsale,Corona Capital,K8vZ917CIm7,KovZpZA6JlaA,Autodromo Hnos. Rodriguez,México,Ciudad de México,CDMX,Mexico,MX,MX,19.402829,-99.089247,Music,Undefined,Undefined,Event Style,Festival,False,OCESA,,,,Ticketmaster Discovery API,2026,11,November,1,Ciudad de México,Ciudad de México,Sin clasificar,True,False
1AfZk3_GkdHLRfB,Individual Comfort Pass Banamex Corona Capital 2026,https://www.ticketmaster.com.mx/individual-comfort-pass-banamex-corona-capital-mexico-21-11-2026/event/14006499FC7EF53A,2026-11-21,14:00:00,America/Mexico_City,onsale,Corona Capital,K8vZ917CIm7,KovZpZA6JlaA,Autodromo Hnos. Rodriguez,México,Ciudad de México,CDMX,Mexico,MX,MX,19.402829,-99.089247,Music,Undefined,Undefined,Event Style,Festival,False,OCESA,,,,Ticketmaster Discovery API,2026,11,November,1,Ciudad de México,Ciudad de México,Sin clasificar,True,False
1AfZk3_GkdD5L1C,Individual General Corona Capital 2026,https://www.ticketmaster.com.mx/individual-general-corona-capital-2026-mexico-21-11-2026/event/14006499FB2DF28E,2026-11-21,14:00:00,America/Mexico_City,onsale,Corona Capital,K8vZ917CIm7,KovZpZA6JlaA,Autodromo Hnos. Rodriguez,México,Ciudad de México,CDMX,Mexico,MX,MX,19.402829,-99.089247,Music,Undefined,Undefined,Event Style,Festival,False,OCESA,,,,Ticketmaster Discovery API,2026,11,November,1,Ciudad de México,Ciudad de México,Sin clasificar,True,False
1AfZk3FGkexqMxD,Malcriada,https://www.ticketmaster.com.mx/malcriada-mexico-21-11-2026/event/14006488A27778BB,2026-11-21,20:30:00,America/Mexico_City,onsale,Malcriada,K8vZ917r_kV,KovZpZAJtkJA,Pabellón del Palacio de los Deportes,México,Ciudad de México,CDMX,Mexico,MX,MX,19.40154080,-99.09806060,Music,Rock,Punk,Undefined,Undefined,False,OCESA,,,,Ticketmaster Discovery API,2026,11,November,1,Ciudad de México,Ciudad de México,Rock,False,False
G5dVZ_F6iVJ5r,Morat,https://www.ticketmaster.com.mx/morat-tlajomulco-de-zuniga-21-11-2026/event/3D006481ECD262DE,2026-11-21,21:00:00,America/Mexico_City,onsale,Morat,K8vZ9174edf,KovZpZA6El6A,Arena VFG,Tlajomulco de Zuñiga,Jalisco,JAL,Mexico,MX,MX,20.467193,-103.263489,Music,Pop,Pop,Undefined,Undefined,False,OCESA,,,,Ticketmaster Discovery API,2026,11,November,1,Tlajomulco de Zuñiga,Jalisco,Pop,False,False
G5dVZ_1XsG1vX,LP,https://www.ticketmaster.com.mx/lp-ciudad-de-mexico-22-11-2026/event/3D0064AFB130A07E,2026-11-22,19:00:00,America/Mexico_City,onsale,LP,K8vZ9172MA0,KovZpZA6EkkA,Auditorio Nacional,Ciudad de México,Ciudad de México,CDMX,Mexico,MX,MX,19.424648,-99.19484,Music,Rock,Alternative Rock,Undefined,Undefined,False,OCESA,,,,Ticketmaster Discovery API,2026,11,November,1,Ciudad de México,Ciudad de México,Rock,False,False
1AfZk3_Gkdg2X-G,Individual Banamex Plus Corona Capital 2026,https://www.ticketmaster.com.mx/individual-banamex-plus-corona-capital-2026-mexico-22-11-2026/event/14006499F53FE84C,2026-11-22,14:00:00,America/Mexico_City,onsale,Corona Capital,K8vZ917CIm7,KovZpZA6JlaA,Autodromo Hnos. Rodriguez,México,Ciudad de México,CDMX,Mexico,MX,MX,19.402829,-99.089247,Music,Undefined,Undefined,Event Style,Festival,False,OCESA,,,,Ticketmaster Discovery API,2026,11,November,1,Ciudad de México,Ciudad de México,Sin clasificar,True,False
1AfZk3_GkdHLTfH,Individual Comfort Pass Banamex Corona Capital 2026,https://www.ticketmaster.com.mx/individual-comfort-pass-banamex-corona-capital-mexico-22-11-2026/event/14006499FC7FF53C,2026-11-22,14:00:00,America/Mexico_City,onsale,Corona Capital,K8vZ917CIm7,KovZpZA6JlaA,Autodromo Hnos. Rodriguez,México,Ciudad de México,CDMX,Mexico,MX,MX,19.402829,-99.089247,Music,Undefined,Undefined,Event Style,Festival,False,OCESA,,,,Ticketmaster Discovery API,2026,11,November,1,Ciudad de México,Ciudad de México,Sin clasificar,True,False
1AfZk3_GkdD5R18,Individual General Corona Capital 2026,https://www.ticketmaster.com.mx/individual-general-corona-capital-2026-mexico-22-11-2026/event/14006499FB2EF290,2026-11-22,14:00:00,America/Mexico_City,onsale,Corona Capital,K8vZ917CIm7,KovZpZA6JlaA,Autodromo Hnos. Rodriguez,México,Ciudad de México,CDMX,Mexico,MX,MX,19.402829,-99.089247,Music,Undefined,Undefined,Event Style,Festival,False,OCESA,,,,Ticketmaster Discovery API,2026,11,November,1,Ciudad de México,Ciudad de México,Sin clasificar,True,False
ZFIMVHtnMZ17FJ-x,Rodrigo Teaser - Ribeirão Preto,https://www.ticketmaster.com.br/event/rodrigo-teaser-ribeirao-preto,2026-11-22,19:30:00,America/Sao_Paulo,onsale,Rodrigo Teaser,K8vZ917blA0,ZGIMVHtnMZevAa,Multiplan Hall Ribeirão Shopping,,,SP,,BR,BR,-21.2119833,-47.815878,Music,Pop,Pop,,,False,,,,,Ticketmaster Discovery API,2026,11,November,1,,,Pop,False,False
17AZv0G65wU4X_s,Soda Stereo,https://www.ticketmaster.com.mx/soda-stereo-ciudad-de-mexico-23-11-2026/event/140064BCB657E671,2026-11-23,20:00:00,America/Mexico_City,onsale,Soda Stereo,K8vZ917G7y7,KovZpZA77t6A,Palacio de los Deportes,Ciudad de México,Ciudad de México,CDMX,Mexico,MX,MX,19.40154080,-99.09806060,Music,Rock,Pop,Undefined,Undefined,False,OCESA,,,,Ticketmaster Discovery API,2026,11,November,1,Ciudad de México,Ciudad de México,Rock,False,False
ZFIMVHtnMZ17kAux,Gorillaz,https://www.ticketmaster.pe/event/pe6gorillaz-659-home-tw-5678,2026-11-23,21:00:00,America/Lima,onsale,Gorillaz,K8vZ9171zxV,ZGIMVHtnMZdd71,Arena 1 Park,,,LIM,,PE,PE,-12.091280015549843,-77.08756916655653,Music,Rock,Alternative Rock,,,False,,,,,Ticketmaster Discovery API,2026,11,November,1,,,Rock,False,False
17AZv0G61Be2dQU,Trueno,https://www.ticketmaster.com.mx/trueno-zapopan-24-11-2026/event/140064AE823C36B6,2026-11-24,21:00:00,America/Mexico_City,onsale,Trueno,K8vZ9174dY7,KovZpZA6I7FA,Auditorio Telmex,Zapopan,Jalisco,JAL,Mexico,MX,MX,20.73324,-103.38112,Music,Hip-Hop/Rap,Trap,Undefined,Undefined,False,OCESA,,,,Ticketmaster Discovery API,2026,11,November,1,Zapopan,Jalisco,Hip-Hop/Rap,False,False
1AfZk39GkeB4nU2,Babasonicos,https://www.ticketmaster.com.mx/babasonicos-ciudad-de-mexico-25-11-2026/event/14006497BA56AD8F,2026-11-25,20:00:00,America/Mexico_City,onsale,Babasonicos,K8vZ917G6ff,KovZpZA77t6A,Palacio de los Deportes,Ciudad de México,Ciudad de México,CDMX,Mexico,MX,MX,19.40154080,-99.09806060,Music,Rock,Pop,Undefined,Undefined,False,OCESA,,,,Ticketmaster Discovery API,2026,11,November,1,Ciudad de México,Ciudad de México,Rock,False,False
G5dVZ_62sUa_c,Love of Lesbian,https://www.ticketmaster.com.mx/love-of-lesbian-ciudad-de-mexico-25-11-2026/event/3D006473F1D8966D,2026-11-25,20:30:00,America/Mexico_City,onsale,Love of Lesbian,K8vZ917Gref,KovZpZA6EkkA,Auditorio Nacional,Ciudad de México,Ciudad de México,CDMX,Mexico,MX,MX,19.424648,-99.19484,Music,Pop,Pop,Undefined,Undefined,False,OCESA,,,,Ticketmaster Discovery API,2026,11,November,1,Ciudad de México,Ciudad de México,Pop,False,False
17AZv0G61C4nf6d,Giant Rooks,https://www.ticketmaster.com.mx/giant-rooks-mexico-25-11-2026/event/140064A395A941C3,2026-11-25,21:00:00,America/Mexico_City,onsale,Giant Rooks,K8vZ917pj27,KovZpZA6JttA,Teatro Metropolitan,México,Ciudad de México,CDMX,Mexico,MX,MX,19.433457,-99.146811,Music,Pop,Pop,Undefined,Undefined,False,OCESA,,,,Ticketmaster Discovery API,2026,11,November,1,Ciudad de México,Ciudad de México,Pop,False,False
17AZv0G65e4hpwt,LP,https://www.ticketmaster.com.mx/lp-zapopan-25-11-2026/event/140064B0956D6CA9,2026-11-25,21:00:00,America/Mexico_City,onsale,LP,K8vZ9172MA0,KovZpZA6I7FA,Auditorio Telmex,Zapopan,Jalisco,JAL,Mexico,MX,MX,20.73324,-103.38112,Music,Rock,Alternative Rock,Undefined,Undefined,False,MONDIAL PRICE 1,,,,Ticketmaster Discovery API,2026,11,November,1,Zapopan,Jalisco,Rock,False,False
G5dVZ_1QIkpG4,"""The Hayley Williams Show"" (General de pie)",https://www.ticketmaster.com.mx/the-hayley-williams-show-general-de-ciudad-de-mexico-26-11-2026/event/3D0064A6A8196315,2026-11-26,19:00:00,America/Mexico_City,onsale,"Hayley Williams, Annie DiRusso","K8vZ917bV3f, K8vZ917_NsV",KovZpZA6EkkA,Auditorio Nacional,Ciudad de México,Ciudad de México,CDMX,Mexico,MX,MX,19.424648,-99.19484,Music,Pop,Pop,Undefined,Undefined,False,OCESA,,,,Ticketmaster Discovery API,2026,11,November,1,Ciudad de México,Ciudad de México,Pop,False,False
G5dVZ_1Q0Q4BC,"""The Hayley Williams Show"" (Numerado) ",https://www.ticketmaster.com.mx/the-hayley-williams-show-numerado-ciudad-de-mexico-26-11-2026/event/3D0064A6A4695E8E,2026-11-26,19:00:00,America/Mexico_City,onsale,"Hayley Williams, Annie DiRusso","K8vZ917bV3f, K8vZ917_NsV",KovZpZA6EkkA,Auditorio Nacional,Ciudad de México,Ciudad de México,CDMX,Mexico,MX,MX,19.424648,-99.19484,Music,Pop,Pop,Undefined,Undefined,False,OCESA,,,,Ticketmaster Discovery API,2026,11,November,1,Ciudad de México,Ciudad de México,Pop,False,False
G5dVZ_u5YPEGw,Helado Tropical (Helado Negro & Reyna Tropical),https://www.ticketmaster.com.mx/helado-tropical-helado-negro-reyna-tropical-ciudad-de-mexico-26-11-2026/event/3D0064D2F0967332,2026-11-26,20:30:00,America/Mexico_City,onsale,Helado Negro,K8vZ917u000,KovZpZA6EtdA,El Lunario del Auditorio Nacional,Ciudad de México,Ciudad de México,CDMX,Mexico,MX,MX,19.424682,-99.1954,Music,Latin,Latin,Undefined,Undefined,False,MONDIAL PRICE 1,,,,Ticketmaster Discovery API,2026,11,November,1,Ciudad de México,Ciudad de México,Latin,False,False
G5dVZ_u5sU92u,Helado Tropical (Helado Negro & Reyna Tropical) VIP + MEET&GREET,https://www.ticketmaster.com.mx/helado-tropical-helado-negro-reyna-tropical-ciudad-de-mexico-26-11-2026/event/3D0064D2F1D973CD,2026-11-26,20:30:00,America/Mexico_City,onsale,Helado Negro,K8vZ917u000,KovZpZA6EtdA,El Lunario del Auditorio Nacional,Ciudad de México,Ciudad de México,CDMX,Mexico,MX,MX,19.424682,-99.1954,Music,Latin,Latin,Undefined,Undefined,False,MONDIAL PRICE 1,,,,Ticketmaster Discovery API,2026,11,November,1,Ciudad de México,Ciudad de México,Latin,False,False
G5dVZ_6nj8KMj,Festival Fado México | Sara Correia,https://www.ticketmaster.com.mx/festival-fado-mexico-sara-correia-mexico-26-11-2026/event/3D00647A9C413DDC,2026-11-26,20:00:00,America/Mexico_City,onsale,Fado,K8vZ9175-f7,KovZpZA6EkIA,Teatro de la Ciudad Esperanza Iris,Mexico,Ciudad de México,CDMX,Mexico,MX,MX,19.43669360,-99.13943750,Film,Music,Music,Undefined,Undefined,False,MONDIAL PRICE 1,,,,Ticketmaster Discovery API,2026,11,November,1,Ciudad de México,Ciudad de México,Music,True,False
1AfZk3oGketOzz0,Trueno,https://www.ticketmaster.com.mx/trueno-monterrey-26-11-2026/event/14006491A9838E24,2026-11-26,21:00:00,America/Mexico_City,onsale,Trueno,K8vZ9174dY7,KovZpZAJt1kA,Auditorio Banamex,Monterrey,Nuevo León,NL,Mexico,MX,MX,25.67765795,-100.28085777,Music,Hip-Hop/Rap,Trap,Undefined,Undefined,False,MONDIAL PRICE 1,,,,Ticketmaster Discovery API,2026,11,November,1,Monterrey,Nuevo León,Hip-Hop/Rap,False,False
G5dVZ_GQfv7Qx,Beto Cuevas,https://www.ticketmaster.com.mx/beto-cuevas-mexico-26-11-2026/event/3D0064C6940446A2,2026-11-26,21:30:00,America/Mexico_City,onsale,Beto Cuevas,K8vZ9178Vi0,KovZpZA7AJ6A,La Maraka,México,Ciudad de México,CDMX,Mexico,MX,MX,19.38651080,-99.16317750,Music,Latin,Latin,Undefined,Undefined,False,MONDIAL PRICE 1,,,,Ticketmaster Discovery API,2026,11,November,1,Ciudad de México,Ciudad de México,Latin,False,False
16v8Z_FxvG7cxPc,Nacho Vegas,https://www.ticketmaster.com.mx/nacho-vegas-mexico-26-11-2026/event/1400648881B6296D,2026-11-26,20:30:00,America/Mexico_City,onsale,Nacho Vegas,K8vZ9172aSf,KovZpZA6JttA,Teatro Metropolitan,México,Ciudad de México,CDMX,Mexico,MX,MX,19.433457,-99.146811,Music,World,Trova,Undefined,Undefined,False,OCESA,,,,Ticketmaster Discovery API,2026,11,November,1,Ciudad de México,Ciudad de México,World,False,False
G5dVZbMQ4IKvp,Babasonicos,https://www.ticketmaster.com.mx/babasonicos-zapopan-26-11-2026/event/3D00637695A13056,2026-11-26,21:00:00,America/Mexico_City,onsale,Babasonicos,K8vZ917G6ff,KovZpZA6IedA,Teatro Estudio Cavaret,Zapopan,Jalisco,JAL,Mexico,MX,MX,20.736739,-103.378417,Music,Rock,Pop,Undefined,Undefined,False,MONDIAL PRICE 1,,,,Ticketmaster Discovery API,2026,11,November,1,Zapopan,Jalisco,Rock,False,False
G5dVZ_6BIpxVB,Caloncho,https://www.ticketmaster.com.mx/caloncho-ciudad-de-mexico-27-11-2026/event/3D00647EA85A2D3A,2026-11-27,20:30:00,America/Mexico_City,onsale,Caloncho,K8vZ917f0v7,KovZpZA6EkkA,Auditorio Nacional,Ciudad de México,Ciudad de México,CDMX,Mexico,MX,MX,19.424648,-99.19484,Music,Rock,Alternative Rock,Undefined,Undefined,False,MONDIAL PRICE 1,,,,Ticketmaster Discovery API,2026,11,November,1,Ciudad de México,Ciudad de México,Rock,False,False
G5dVZ_6B-jxEU,Caloncho (General de pie),https://www.ticketmaster.com.mx/caloncho-general-de-pie-ciudad-de-mexico-27-11-2026/event/3D00647EA17229F6,2026-11-27,20:30:00,America/Mexico_City,onsale,Caloncho,K8vZ917f0v7,KovZpZA6EkkA,Auditorio Nacional,Ciudad de México,Ciudad de México,CDMX,Mexico,MX,MX,19.424648,-99.19484,Music,Rock,Alternative Rock,Undefined,Undefined,False,MONDIAL PRICE 1,,,,Ticketmaster Discovery API,2026,11,November,1,Ciudad de México,Ciudad de México,Rock,False,False
17AZv0G61muJeVj,KATSEYE:  THE WILDWORLD TOUR ,https://www.ticketmaster.com.mx/katseye-the-wildworld-tour-ciudad-de-mexico-27-11-2026/event/140064AB8D982D1C,2026-11-27,20:00:00,America/Mexico_City,onsale,KATSEYE,K8vZ917q517,KovZpZA77t6A,Palacio de los Deportes,Ciudad de México,Ciudad de México,CDMX,Mexico,MX,MX,19.40154080,-99.09806060,Music,Pop,Pop,Undefined,Undefined,False,OCESA,,,,Ticketmaster Discovery API,2026,11,November,1,Ciudad de México,Ciudad de México,Pop,False,False
1Av8Z_aGkBsbG4a,Los Autenticos Caligaris,https://www.ticketmaster.com.mx/los-autenticos-caligaris-ciudad-de-mexico-27-11-2026/event/1400649EB160C549,2026-11-27,21:00:00,America/Mexico_City,onsale,"Los Autenticos Caligaris, Los Caligaris, Los Auténticos Decadentes","K8vZ917OatV, K8vZ917rCdf, K8vZ917G697",KovZpZAd1IaA,Estadio GNP Seguros,Ciudad de México,Ciudad de México,CDMX,Mexico,MX,MX,19.405199,-99.095618,Music,Rock,Pop,Undefined,Undefined,False,OCESA,,,,Ticketmaster Discovery API,2026,11,November,1,Ciudad de México,Ciudad de México,Rock,False,False
G5dVZ_AezpfEx,Porter,https://www.ticketmaster.com.mx/porter-guadalajara-27-11-2026/event/3D006450B85949E2,2026-11-27,21:00:00,America/Mexico_City,onsale,Porter,K8vZ917oNef,KovZpZA6EFEA,Teatro Diana (GDL),Guadalajara,Jalisco,JAL,Mexico,MX,MX,20.665434,-103.349341,Music,Rock,Alternative Rock,Undefined,Undefined,False,MONDIAL PRICE 1,,,,Ticketmaster Discovery API,2026,11,November,1,Guadalajara,Jalisco,Rock,False,False
1Av8ZbzGkUlfFw6,Nasa Histoires,https://www.ticketmaster.com.mx/nasa-histoires-mexico-27-11-2026/event/1400638DAB508C87,2026-11-27,20:30:00,America/Mexico_City,onsale,Nasa Histoires,K8vZ917j_uf,KovZpZA6JttA,Teatro Metropolitan,México,Ciudad de México,CDMX,Mexico,MX,MX,19.433457,-99.146811,Music,Other,Other,Undefined,Undefined,False,OCESA,,,,Ticketmaster Discovery API,2026,11,November,1,Ciudad de México,Ciudad de México,Other,False,False
G5dVZ_GNyp0VJ,Nikki Clan y Kudai,https://www.ticketmaster.com.mx/nikki-clan-y-kudai-mexico-27-11-2026/event/3D0064C8F95A4D26,2026-11-27,21:30:00,America/Mexico_City,onsale,"Kudai, Nikki Clan","K8vZ917q7sV, K8vZ917OgP0",KovZpZA7AJ6A,La Maraka,México,Ciudad de México,CDMX,Mexico,MX,MX,19.38651080,-99.16317750,Music,Rock,Pop,Undefined,Undefined,False,MONDIAL PRICE 1,,,,Ticketmaster Discovery API,2026,11,November,1,Ciudad de México,Ciudad de México,Rock,False,False
17AZv0G61CIypf-,Røz,https://www.ticketmaster.com.mx/rz-mexico-27-11-2026/event/140064A3A8E56521,2026-11-27,20:00:00,America/Mexico_City,onsale,Røz,K8vZ917rpkf,KovZpZAJllnA,Pepsi Center,México,Ciudad de México,CDMX,Mexico,MX,MX,19.39340970,-99.17581180,Music,Pop,Electro Pop,Undefined,Undefined,False,OCESA,,,,Ticketmaster Discovery API,2026,11,November,1,Ciudad de México,Ciudad de México,Pop,False,False
17AZv0G61m2A3XE,KATSEYE:  THE WILDWORLD TOUR,https://www.ticketmaster.com.mx/katseye-the-wildworld-tour-ciudad-de-mexico-28-11-2026/event/140064AB8F152FA7,2026-11-28,20:00:00,America/Mexico_City,onsale,KATSEYE,K8vZ917q517,KovZpZA77t6A,Palacio de los Deportes,Ciudad de México,Ciudad de México,CDMX,Mexico,MX,MX,19.40154080,-99.09806060,Music,Pop,Pop,Undefined,Undefined,False,OCESA,,,,Ticketmaster Discovery API,2026,11,November,1,Ciudad de México,Ciudad de México,Pop,False,False
17AZv0G61pb9PDa,La Gusana Ciega - Claroscuro ,https://www.ticketmaster.com.mx/la-gusana-ciega-claroscuro-monterrey-28-11-2026/event/140064A5985E5EC9,2026-11-28,21:00:00,America/Mexico_City,onsale,La Gusana Ciega,K8vZ917GCbf,KovZpZAIln6A,Escenario GNP Seguros,Monterrey,Nuevo León,NL,Mexico,MX,MX,25.666135,-100.316726,Music,Rock,Pop,Undefined,Undefined,False,MONDIAL PRICE 1,,,,Ticketmaster Discovery API,2026,11,November,1,Monterrey,Nuevo León,Rock,False,False
17AZv0G61wfR01c,Abono Banamex Plus 2 Días Coca Cola Flow Fest 2026,https://www.ticketmaster.com.mx/abono-banamex-plus-2-dias-coca-mexico-28-11-2026/event/140064AC94BE42AD,2026-11-28,,America/Mexico_City,onsale,Flow Fest,K8vZ917G080,KovZpZA6JlaA,Autodromo Hnos. Rodriguez,México,Ciudad de México,CDMX,Mexico,MX,MX,19.402829,-99.089247,Music,Undefined,Undefined,Event Style,Festival,False,OCESA,,,,Ticketmaster Discovery API,2026,11,November,1,Ciudad de México,Ciudad de México,Sin clasificar,True,False
17AZv0G61w-jARc,Abono Comfort Pass Banamex Pase de 2 Días Coca Cola Flow Fest 2026,https://www.ticketmaster.com.mx/abono-comfort-pass-banamex-pase-de-mexico-28-11-2026/event/140064ACA1705BED,2026-11-28,,America/Mexico_City,onsale,Flow Fest,K8vZ917G080,KovZpZA6JlaA,Autodromo Hnos. Rodriguez,México,Ciudad de México,CDMX,Mexico,MX,MX,19.402829,-99.089247,Music,Undefined,Undefined,Event Style,Festival,False,OCESA,,,,Ticketmaster Discovery API,2026,11,November,1,Ciudad de México,Ciudad de México,Sin clasificar,True,False
17AZv0G61wfKfd5,Abono General Pase de 2 Días Coca Cola Flow Fest 2026,https://www.ticketmaster.com.mx/abono-general-pase-de-2-dias-mexico-28-11-2026/event/140064AC944D40CB,2026-11-28,,America/Mexico_City,onsale,Flow Fest,K8vZ917G080,KovZpZA6JlaA,Autodromo Hnos. Rodriguez,México,Ciudad de México,CDMX,Mexico,MX,MX,19.402829,-99.089247,Music,Undefined,Undefined,Event Style,Festival,False,OCESA,,,,Ticketmaster Discovery API,2026,11,November,1,Ciudad de México,Ciudad de México,Sin clasificar,True,False
17AZv0G61TwRHk7,Disco Bahía - El rey del Glam,https://www.ticketmaster.com.mx/disco-bahia-el-rey-del-glam-mexico-28-11-2026/event/140064AFF2BFC184,2026-11-28,20:00:00,America/Mexico_City,onsale,Disco Bahía,K8vZ917jDpV,KovZpZAEvvIA,Auditorio BB,México,Ciudad de México,CDMX,Mexico,MX,MX,19.40806960,-99.16787720,Music,Pop,Pop,Undefined,Undefined,False,OCESA,,,,Ticketmaster Discovery API,2026,11,November,1,Ciudad de México,Ciudad de México,Pop,False,False
17AZv0G61wsY6Ma,Individual Banamex Plus Coca Flow Fest 2026,https://www.ticketmaster.com.mx/individual-banamex-plus-coca-flow-fest-mexico-28-11-2026/event/140064ACB1C07DC9,2026-11-28,14:00:00,America/Mexico_City,onsale,Flow Fest,K8vZ917G080,KovZpZA6JlaA,Autodromo Hnos. Rodriguez,México,Ciudad de México,CDMX,Mexico,MX,MX,19.402829,-99.089247,Music,Undefined,Undefined,Event Style,Festival,False,OCESA,,,,Ticketmaster Discovery API,2026,11,November,1,Ciudad de México,Ciudad de México,Sin clasificar,True,False
17AZv0G61wbDfEw,Individual Comfort Pass Banamex Coca Flow Fest 2026,https://www.ticketmaster.com.mx/individual-comfort-pass-banamex-coca-flow-mexico-28-11-2026/event/140064AC98ED49F2,2026-11-28,14:00:00,America/Mexico_City,onsale,Flow Fest,K8vZ917G080,KovZpZA6JlaA,Autodromo Hnos. Rodriguez,México,Ciudad de México,CDMX,Mexico,MX,MX,19.402829,-99.089247,Music,Undefined,Undefined,Event Style,Festival,False,OCESA,,,,Ticketmaster Discovery API,2026,11,November,1,Ciudad de México,Ciudad de México,Sin clasificar,True,False
17AZv0G61wmPE_e,Individual General Coca Flow Fest 2026,https://www.ticketmaster.com.mx/individual-general-coca-flow-fest-2026-mexico-28-11-2026/event/140064ACAE967642,2026-11-28,14:00:00,America/Mexico_City,onsale,Flow Fest,K8vZ917G080,KovZpZA6JlaA,Autodromo Hnos. Rodriguez,México,Ciudad de México,CDMX,Mexico,MX,MX,19.402829,-99.089247,Music,Undefined,Undefined,Event Style,Festival,False,OCESA,,,,Ticketmaster Discovery API,2026,11,November,1,Ciudad de México,Ciudad de México,Sin clasificar,True,False
17AZv0G6GnU8b_Y,Menudo,https://www.ticketmaster.com.mx/menudo-mexico-28-11-2026/event/140064CAB6418670,2026-11-28,20:00:00,America/Mexico_City,onsale,Menudo,K8vZ9171aqV,KovZpZA6JttA,Teatro Metropolitan,México,Ciudad de México,CDMX,Mexico,MX,MX,19.433457,-99.146811,Music,Latin,Latin,Undefined,Undefined,False,OCESA,,,,Ticketmaster Discovery API,2026,11,November,1,Ciudad de México,Ciudad de México,Latin,False,False
G5dVZ_emz5JY8,Nicho Hinojosa & Platanito,https://www.ticketmaster.com.mx/nicho-hinojosa-platanito-mexico-28-11-2026/event/3D00642BB82E6C10,2026-11-28,21:30:00,America/Mexico_City,onsale,Nicho Hinojosa,K8vZ9178wx7,KovZpZA7AJ6A,La Maraka,México,Ciudad de México,CDMX,Mexico,MX,MX,19.38651080,-99.16317750,Music,Latin,Latin,Undefined,Undefined,False,MONDIAL PRICE 1,,,,Ticketmaster Discovery API,2026,11,November,1,Ciudad de México,Ciudad de México,Latin,False,False
17AZv0G65Mv9H4s,Ruido Ibérico,https://www.ticketmaster.com.mx/ruido-iberico-mexico-28-11-2026/event/140064BDC15FC571,2026-11-28,19:00:00,America/Mexico_City,onsale,,,KovZpZAJtkJA,Pabellón del Palacio de los Deportes,México,Ciudad de México,CDMX,Mexico,MX,MX,19.40154080,-99.09806060,Music,Rock,Alternative Rock,Undefined,Undefined,False,OCESA,,,,Ticketmaster Discovery API,2026,11,November,1,Ciudad de México,Ciudad de México,Rock,False,False
1Av8Z_aGkzv92ov,Amanda Miguel,https://www.ticketmaster.com.mx/amanda-miguel-zapopan-28-11-2026/event/1400649E015CF441,2026-11-28,21:00:00,America/Mexico_City,onsale,Amanda Miguel,K8vZ9175gZ0,KovZpZA6I7FA,Auditorio Telmex,Zapopan,Jalisco,JAL,Mexico,MX,MX,20.73324,-103.38112,Music,Latin,Latin,Undefined,Undefined,False,MONDIAL PRICE 1,,,,Ticketmaster Discovery API,2026,11,November,1,Zapopan,Jalisco,Latin,False,False
G5dVZ_Fl3QU7v,Nacho Vegas,https://www.ticketmaster.com.mx/nacho-vegas-zapopan-28-11-2026/event/3D00648AD26B6101,2026-11-28,20:30:00,America/Mexico_City,onsale,Nacho Vegas,K8vZ9172aSf,KovZ917AYIQ,Conjunto de Artes Escenicas,Zapopan,Jalisco,JAL,Mexico,MX,MX,20.73703643,-103.38053030,Music,World,Trova,Undefined,Undefined,False,MONDIAL PRICE 1,,,,Ticketmaster Discovery API,2026,11,November,1,Zapopan,Jalisco,World,False,False
G5dVZ_aUJLAek,Electrify y Los Daniels,https://www.ticketmaster.com.mx/electrify-y-los-daniels-ciudad-de-mexico-29-11-2026/event/3D00649DA67C5086,2026-11-29,19:00:00,America/Mexico_City,onsale,"Electrify, Los Daniels","K8vZ917Od97, K8vZ9178pS0",KovZpZA6EtdA,El Lunario del Auditorio Nacional,Ciudad de México,Ciudad de México,CDMX,Mexico,MX,MX,19.424682,-99.1954,Music,Rock,Pop,Undefined,Undefined,False,OCESA,,,,Ticketmaster Discovery API,2026,11,November,1,Ciudad de México,Ciudad de México,Rock,False,False
G5dVZ_1rkFd_U,Rodrigo de la Cadena La Sinfonía de la Memoria II,https://www.ticketmaster.com.mx/rodrigo-de-la-cadena-la-sinfonia-ciudad-de-mexico-29-11-2026/event/3D0064A786203676,2026-11-29,18:00:00,America/Mexico_City,onsale,Rodrigo De La Cadena,K8vZ9178-Gf,KovZpZA6EkkA,Auditorio Nacional,Ciudad de México,Ciudad de México,CDMX,Mexico,MX,MX,19.424648,-99.19484,Music,Ballads/Romantic,Ballads/Romantic,Undefined,Undefined,False,MONDIAL PRICE 1,,,,Ticketmaster Discovery API,2026,11,November,1,Ciudad de México,Ciudad de México,Ballads/Romantic,False,False
G5dVZbMmRaJjc,Los Angeles Negros,https://www.ticketmaster.com.mx/los-angeles-negros-guadalajara-29-11-2026/event/3D00637BAF26672D,2026-11-29,18:00:00,America/Mexico_City,onsale,Los Angeles Negros,K8vZ917GaFV,KovZpZA6EFEA,Teatro Diana (GDL),Guadalajara,Jalisco,JAL,Mexico,MX,MX,20.665434,-103.349341,Music,Latin,Latin,Undefined,Undefined,False,MONDIAL PRICE 1,,,,Ticketmaster Discovery API,2026,11,November,1,Guadalajara,Jalisco,Latin,False,False
G5dVZ_7mdNvPf,Silvio Rodríguez en la voz y guitarra de Manuel García,https://www.ticketmaster.com.mx/silvio-rodriguez-en-la-voz-y-mexico-29-11-2026/event/3D00644B838C1954,2026-11-29,18:00:00,America/Mexico_City,onsale,Manuel Garcia,K8vZ9173L80,KovZpZA6EkIA,Teatro de la Ciudad Esperanza Iris,Mexico,Ciudad de México,CDMX,Mexico,MX,MX,19.43669360,-99.13943750,Music,Latin,Latin,Undefined,Undefined,False,MONDIAL PRICE 1,,,,Ticketmaster Discovery API,2026,11,November,1,Ciudad de México,Ciudad de México,Latin,False,False
17AZv0G61wVcz15,Individual Banamex Plus Coca Flow Fest 2026,https://www.ticketmaster.com.mx/individual-banamex-plus-coca-flow-fest-mexico-29-11-2026/event/140064ACB4B7828B,2026-11-29,14:00:00,America/Mexico_City,onsale,Flow Fest,K8vZ917G080,KovZpZA6JlaA,Autodromo Hnos. Rodriguez,México,Ciudad de México,CDMX,Mexico,MX,MX,19.402829,-99.089247,Music,Undefined,Undefined,Event Style,Festival,False,OCESA,,,,Ticketmaster Discovery API,2026,11,November,1,Ciudad de México,Ciudad de México,Sin clasificar,True,False
17AZv0G61wQl7SE,Individual Comfort Pass Banamex Coca Flow Fest 2026,https://www.ticketmaster.com.mx/individual-comfort-pass-banamex-coca-flow-mexico-29-11-2026/event/140064AC9AAC4CE7,2026-11-29,14:00:00,America/Mexico_City,onsale,Flow Fest,K8vZ917G080,KovZpZA6JlaA,Autodromo Hnos. Rodriguez,México,Ciudad de México,CDMX,Mexico,MX,MX,19.402829,-99.089247,Music,Undefined,Undefined,Event Style,Festival,False,OCESA,,,,Ticketmaster Discovery API,2026,11,November,1,Ciudad de México,Ciudad de México,Sin clasificar,True,False
17AZv0G61wgOzod,Individual General Coca Flow Fest 2026,https://www.ticketmaster.com.mx/individual-general-coca-flow-fest-2026-mexico-29-11-2026/event/140064ACB5838443,2026-11-29,14:00:00,America/Mexico_City,onsale,Flow Fest,K8vZ917G080,KovZpZA6JlaA,Autodromo Hnos. Rodriguez,México,Ciudad de México,CDMX,Mexico,MX,MX,19.402829,-99.089247,Music,Undefined,Undefined,Event Style,Festival,False,OCESA,,,,Ticketmaster Discovery API,2026,11,November,1,Ciudad de México,Ciudad de México,Sin clasificar,True,False
ZFIMVHtnMZ17k8ao,Chayanne - Bailemos Otra Vez Tour 2026,https://www.ticketmaster.pe/event/chayanne-bailemos-otra-vez-tour-2026-home,2026-12-02,21:00:00,America/Lima,onsale,Chayanne,K8vZ9171a90,Z5IMVHtnMZF1A,Estadio Nacional del Peru,Lima,Lima,LIM,Peru,PE,PE,-12.06728990702073,-77.03372900462884,Music,World,Latin,,,False,,,,,Ticketmaster Discovery API,2026,12,December,1,Lima,Lima,World,False,False
17AZv0G65fpF2uq,Kali Uchis,https://www.ticketmaster.com.mx/kali-uchis-zapopan-02-12-2026/event/140064B51620F35D,2026-12-02,21:00:00,America/Mexico_City,onsale,Kali Uchis,K8vZ917K490,KovZpZA6I7FA,Auditorio Telmex,Zapopan,Jalisco,JAL,Mexico,MX,MX,20.73324,-103.38112,Music,Pop,Pop,Undefined,Undefined,False,OCESA,,,,Ticketmaster Discovery API,2026,12,December,1,Zapopan,Jalisco,Pop,False,False
1AfZkoKGkeSyi9M,Bruno Mars - The Romantic Tour,https://www.ticketmaster.com.mx/bruno-mars-the-romantic-tour-ciudad-de-mexico-03-12-2026/event/14006453B3E6C5F7,2026-12-03,21:00:00,America/Mexico_City,onsale,"Bruno Mars, DJ Pee .Wee","K8vZ917GJc7, K8vZ917QDEf",KovZpZAd1IaA,Estadio GNP Seguros,Ciudad de México,Ciudad de México,CDMX,Mexico,MX,MX,19.405199,-99.095618,Music,Pop,Pop,Undefined,Undefined,False,LIVE NATION MUSIC,,,,Ticketmaster Discovery API,2026,12,December,1,Ciudad de México,Ciudad de México,Pop,False,False
1AfZkoKGkeHFcxU,Bruno Mars - The Romantic Tour,https://www.ticketmaster.com.mx/bruno-mars-the-romantic-tour-ciudad-de-mexico-04-12-2026/event/14006453BC22D8B6,2026-12-04,21:00:00,America/Mexico_City,onsale,"Bruno Mars, DJ Pee .Wee","K8vZ917GJc7, K8vZ917QDEf",KovZpZAd1IaA,Estadio GNP Seguros,Ciudad de México,Ciudad de México,CDMX,Mexico,MX,MX,19.405199,-99.095618,Music,Pop,Pop,Undefined,Undefined,False,LIVE NATION MUSIC,,,,Ticketmaster Discovery API,2026,12,December,1,Ciudad de México,Ciudad de México,Pop,False,False
G5dVZ_1B3mUAF,David Bisbal,https://www.ticketmaster.com.mx/david-bisbal-ciudad-de-mexico-04-12-2026/event/3D0064AE92BB6148,2026-12-04,20:30:00,America/Mexico_City,onsale,David Bisbal,K8vZ9175Taf,KovZpZA6EkkA,Auditorio Nacional,Ciudad de México,Ciudad de México,CDMX,Mexico,MX,MX,19.424648,-99.19484,Music,Pop,Pop,Undefined,Undefined,False,OCESA,,,,Ticketmaster Discovery API,2026,12,December,1,Ciudad de México,Ciudad de México,Pop,False,False
G5dVZ_k9Tr6y5,Ana Torroja,https://www.ticketmaster.com.mx/ana-torroja-guadalajara-04-12-2026/event/3D006465FF787E4B,2026-12-04,21:00:00,America/Mexico_City,onsale,Ana Torroja,K8vZ917KmR7,KovZpZA6EFEA,Teatro Diana (GDL),Guadalajara,Jalisco,JAL,Mexico,MX,MX,20.665434,-103.349341,Music,Ballads/Romantic,Ballads/Romantic,Undefined,Undefined,False,MONDIAL PRICE 1,,,,Ticketmaster Discovery API,2026,12,December,1,Guadalajara,Jalisco,Ballads/Romantic,False,False
17AZv0G651E4kKd,I Love Dance 2026,https://www.ticketmaster.com.mx/i-love-dance-2026-monterrey-04-12-2026/event/140064B2A75464C3,2026-12-04,21:00:00,America/Mexico_City,onsale,I Love Dance,K8vZ917h4Q7,KovZpZAJt1kA,Auditorio Banamex,Monterrey,Nuevo León,NL,Mexico,MX,MX,25.67765795,-100.28085777,Music,Undefined,Undefined,Event Style,Festival,False,OCESA,,,,Ticketmaster Discovery API,2026,12,December,1,Monterrey,Nuevo León,Sin clasificar,True,False
ZFIMVHtnMZ17kA0J,GORILLAZ - The Mountain Tour 2026,https://www.ticketmaster.cl/event/gorillaz-live-2026-scl,2026-12-04,21:00:00,America/Santiago,onsale,Gorillaz,K8vZ9171zxV,Z5IMVHtnMZAFF,,,,RM,,CL,CL,-33.5403982,-70.5779927,Music,Rock,Alternative Rock,,,False,,,,,Ticketmaster Discovery API,2026,12,December,1,,,Rock,False,False
ZFIMVHtnMZ17FOqy,Happy Music Live,https://www.ticketmaster.pe/event/happy-music-live-home,2026-12-04,19:00:00,America/Lima,onsale,"Marc Anthony, Manuel Turizo, Kapo, Fonseca","K8vZ9171h9V, K8vZ9179kF0, K8vZ917rQhf, K8vZ917fhof",Z5IMVHtnMZFF1,Estadio San Marcos,,,LIM,,PE,PE,-12.0550642,-77.0823504,Music,World,Latin,,,False,,,,,Ticketmaster Discovery API,2026,12,December,1,,,World,False,False
G5dVZ_uxCtZwV,Inspector,https://www.ticketmaster.com.mx/inspector-guadalajara-05-12-2026/event/3D0064D88EA40CB4,2026-12-05,21:00:00,America/Mexico_City,onsale,Inspector,K8vZ917hJO7,KovZpZA6EFEA,Teatro Diana (GDL),Guadalajara,Jalisco,JAL,Mexico,MX,MX,20.665434,-103.349341,Music,Latin,Latin,Undefined,Undefined,False,MONDIAL PRICE 1,,,,Ticketmaster Discovery API,2026,12,December,1,Guadalajara,Jalisco,Latin,False,False
G5dVZ_dK-RAvy,"Kalimba ""Hits Tour""",https://www.ticketmaster.com.mx/kalimba-hits-tour-mexico-05-12-2026/event/3D006434E1BC5079,2026-12-05,21:30:00,America/Mexico_City,onsale,Kalimba,K8vZ917bGP7,KovZpZA7AJ6A,La Maraka,México,Ciudad de México,CDMX,Mexico,MX,MX,19.38651080,-99.16317750,Music,Latin,Latin,Undefined,Undefined,False,MONDIAL PRICE 1,,,,Ticketmaster Discovery API,2026,12,December,1,Ciudad de México,Ciudad de México,Latin,False,False
G5dVZ_arBEb2C,Motel,https://www.ticketmaster.com.mx/motel-zapopan-05-12-2026/event/3D006497BA9D83CE,2026-12-05,20:30:00,America/Mexico_City,onsale,Motel,K8vZ917G1-f,KovZpZA6IedA,Teatro Estudio Cavaret,Zapopan,Jalisco,JAL,Mexico,MX,MX,20.736739,-103.378417,Music,Pop,Pop,Undefined,Undefined,False,OCESA,,,,Ticketmaster Discovery API,2026,12,December,1,Zapopan,Jalisco,Pop,False,False
G5dVZ_aiA5kvD,Yuridia Las cartas sobre la mesa Tour,https://www.ticketmaster.com.mx/yuridia-las-cartas-sobre-la-mesa-zapopan-05-12-2026/event/3D00649B052C607B,2026-12-05,21:00:00,America/Mexico_City,onsale,Yuridia,K8vZ917Gdu7,KovZpZA6JnFA,Coliseo GNP Seguros,Zapopan,Jalisco,JAL,Mexico,MX,MX,20.693768,-103.416177,Music,Latin,Latin,Undefined,Undefined,False,OCESA,,,,Ticketmaster Discovery API,2026,12,December,1,Zapopan,Jalisco,Latin,False,False
ZFIMVHtnMZ17k6_7,Djavan - Maceió,https://www.ticketmaster.com.br/event/djavan-venda-geral-maceio,2026-12-05,21:00:00,America/Sao_Paulo,onsale,Djavan,K8vZ91715cf,ZGIMVHtnMZddkd,Estacionamento do Jaraguá,,,AL,,BR,BR,-9.6715131,-35.7250355,Music,R&B,R&B,,,False,,,,,Ticketmaster Discovery API,2026,12,December,1,,,R&B,False,False
G5dVZ_deLrxSC,"Big Band Experience-Tributo a Frank Sinatra, Ray Connif y Gleen Miller",https://www.ticketmaster.com.mx/big-band-experiencetributo-a-frank-sinatra-mexico-06-12-2026/event/3D0064309F7A2CCE,2026-12-06,18:30:00,America/Mexico_City,onsale,The Big Band Experience ¨Tributo a Ray Conniff y Gleen Miller¨,K8vZ9173wI0,KovZpZA7AJ6A,La Maraka,México,Ciudad de México,CDMX,Mexico,MX,MX,19.38651080,-99.16317750,Music,Other,Other,Undefined,Undefined,False,MONDIAL PRICE 1,,,,Ticketmaster Discovery API,2026,12,December,1,Ciudad de México,Ciudad de México,Other,False,False
ZFIMVHtnMZ17F8_Z,Giant Rooks,https://www.ticketmaster.pe/event/giant-rooks-home,2026-12-06,21:00:00,America/Lima,onsale,Giant Rooks,K8vZ917pj27,Z5IMVHtnMZ1F7,Centro de Convenciones Barranco,,,LIM,,PE,PE,-12.140243133307788,-77.01759936074791,Music,Alternative,Indie Pop,,,False,,,,,Ticketmaster Discovery API,2026,12,December,1,,,Alternative,False,False
1AfZkoKGkeHFWxy,Bruno Mars - The Romantic Tour,https://www.ticketmaster.com.mx/bruno-mars-the-romantic-tour-ciudad-de-mexico-07-12-2026/event/14006453BC23D8B9,2026-12-07,21:00:00,America/Mexico_City,onsale,"Bruno Mars, DJ Pee .Wee","K8vZ917GJc7, K8vZ917QDEf",KovZpZAd1IaA,Estadio GNP Seguros,Ciudad de México,Ciudad de México,CDMX,Mexico,MX,MX,19.405199,-99.095618,Music,Pop,Pop,Undefined,Undefined,False,LIVE NATION MUSIC,,,,Ticketmaster Discovery API,2026,12,December,1,Ciudad de México,Ciudad de México,Pop,False,False
G5dVZ_1Ja3eYr,ATARASHII GAKKO!,https://www.ticketmaster.com.mx/atarashii-gakko-ciudad-de-mexico-08-12-2026/event/3D0064A989482C1E,2026-12-08,21:00:00,America/Mexico_City,onsale,ATARASHII GAKKO!,K8vZ917hI7V,KovZ917ARPn,Velodromo,Ciudad de México,Ciudad de México,CDMX,Mexico,MX,MX,19.40984039,-99.10364330,Music,Pop,Pop,Undefined,Undefined,False,OCESA,,,,Ticketmaster Discovery API,2026,12,December,1,Ciudad de México,Ciudad de México,Pop,False,False
1AfZkoKGkeHFWxD,Bruno Mars - The Romantic Tour,https://www.ticketmaster.com.mx/bruno-mars-the-romantic-tour-ciudad-de-mexico-08-12-2026/event/14006453BC23D8BB,2026-12-08,21:00:00,America/Mexico_City,onsale,"Bruno Mars, DJ Pee .Wee","K8vZ917GJc7, K8vZ917QDEf",KovZpZAd1IaA,Estadio GNP Seguros,Ciudad de México,Ciudad de México,CDMX,Mexico,MX,MX,19.405199,-99.095618,Music,Pop,Pop,Undefined,Undefined,False,LIVE NATION MUSIC,,,,Ticketmaster Discovery API,2026,12,December,1,Ciudad de México,Ciudad de México,Pop,False,False
G5dVZ_uh9yNMv,Adolescentes Orquesta y Tony Vega,https://www.ticketmaster.com.mx/adolescentes-orquesta-y-tony-vega-mexico-08-12-2026/event/3D0064D6D7E63DC1,2026-12-08,21:30:00,America/Mexico_City,onsale,"Tony Vega, Adolescent's Orquesta","K8vZ917KkAV, K8vZ9172ggV",KovZpZA7AJ6A,La Maraka,México,Ciudad de México,CDMX,Mexico,MX,MX,19.38651080,-99.16317750,Music,Latin,Latin,Undefined,Undefined,False,MONDIAL PRICE 1,,,,Ticketmaster Discovery API,2026,12,December,1,Ciudad de México,Ciudad de México,Latin,False,False
G5dVZ_uhE9V3L,Adolescentes Orquesta y Tony Vega,https://www.ticketmaster.com.mx/adolescentes-orquesta-y-tony-vega-mexico-09-12-2026/event/3D0064D6E75F449F,2026-12-09,21:30:00,America/Mexico_City,onsale,"Tony Vega, Adolescent's Orquesta","K8vZ917KkAV, K8vZ9172ggV",KovZpZA7AJ6A,La Maraka,México,Ciudad de México,CDMX,Mexico,MX,MX,19.38651080,-99.16317750,Music,Latin,Latin,Undefined,Undefined,False,MONDIAL PRICE 1,,,,Ticketmaster Discovery API,2026,12,December,1,Ciudad de México,Ciudad de México,Latin,False,False
G5dVZ_kC51er8,Francisco Cespedes,https://www.ticketmaster.com.mx/francisco-cespedes-mexico-11-12-2026/event/3D0064638B282790,2026-12-11,21:30:00,America/Mexico_City,onsale,Francisco Cespedes,K8vZ917Cbq0,KovZpZA7AJ6A,La Maraka,México,Ciudad de México,CDMX,Mexico,MX,MX,19.38651080,-99.16317750,Music,Latin,Latin,Undefined,Undefined,False,MONDIAL PRICE 1,,,,Ticketmaster Discovery API,2026,12,December,1,Ciudad de México,Ciudad de México,Latin,False,False
17AZv0G651ITJrB,Caifanes,https://www.ticketmaster.com.mx/caifanes-monterrey-12-12-2026/event/140064B2A8FE67BA,2026-12-12,21:00:00,America/Mexico_City,onsale,Caifanes,K8vZ917112V,KovZpZAJt1kA,Auditorio Banamex,Monterrey,Nuevo León,NL,Mexico,MX,MX,25.67765795,-100.28085777,Music,Latin,Latin,Undefined,Undefined,False,MONDIAL PRICE 1,,,,Ticketmaster Discovery API,2026,12,December,1,Monterrey,Nuevo León,Latin,False,False
16v8Z_arfG7nfSB,Motel,https://www.ticketmaster.com.mx/motel-mexico-12-12-2026/event/1400649794A94CFA,2026-12-12,20:30:00,America/Mexico_City,onsale,Motel,K8vZ917G1-f,KovZpZA6JttA,Teatro Metropolitan,México,Ciudad de México,CDMX,Mexico,MX,MX,19.433457,-99.146811,Music,Pop,Pop,Undefined,Undefined,False,OCESA,,,,Ticketmaster Discovery API,2026,12,December,1,Ciudad de México,Ciudad de México,Pop,False,False
ZFIMVHtnMZ17FoA8,Djavan: 50 Anos Só Sucessos - São Paulo,https://www.ticketmaster.com.br/event/venda-geral-djavan-50-anos-so-sucessos-sao-paulo,2026-12-12,20:00:00,America/Sao_Paulo,onsale,Djavan,K8vZ91715cf,ZGIMVHtnMZeaa1,Mercado Livre Arena Pacaembu,,,SP,,BR,BR,-23.5430813,-46.66506529999999,Music,R&B,R&B,,,False,,,,,Ticketmaster Discovery API,2026,12,December,1,,,R&B,False,False
ZFIMVHtnMZ17F3pb,Djavan: 50 Anos Só Sucessos - São Paulo,https://www.ticketmaster.com.br/event/pre-venda-bb-djavan-50-anos-so-sucessos-sao-paulo-13,2026-12-13,20:00:00,America/Sao_Paulo,onsale,Djavan,K8vZ91715cf,ZGIMVHtnMZeaa1,Mercado Livre Arena Pacaembu,,,SP,,BR,BR,-23.5430813,-46.66506529999999,Music,R&B,R&B,,,False,,,,,Ticketmaster Discovery API,2026,12,December,1,,,R&B,False,False
17AZv0G6Glh8Hre,MANÁ,https://www.ticketmaster.com.mx/mana-ciudad-de-mexico-16-12-2026/event/140064CADB43C782,2026-12-16,21:00:00,America/Mexico_City,onsale,MANÁ,K8vZ9171Kyf,KovZpZAd1IaA,Estadio GNP Seguros,Ciudad de México,Ciudad de México,CDMX,Mexico,MX,MX,19.405199,-99.095618,Music,Latin,Latin,Undefined,Undefined,False,OCESA,,,,Ticketmaster Discovery API,2026,12,December,1,Ciudad de México,Ciudad de México,Latin,False,False
17AZv0G6GCz4aX4,MANÁ,https://www.ticketmaster.com.mx/mana-ciudad-de-mexico-17-12-2026/event/140064C3B8549F95,2026-12-17,21:00:00,America/Mexico_City,onsale,MANÁ,K8vZ9171Kyf,KovZpZAd1IaA,Estadio GNP Seguros,Ciudad de México,Ciudad de México,CDMX,Mexico,MX,MX,19.405199,-99.095618,Music,Latin,Latin,Undefined,Undefined,False,OCESA,,,,Ticketmaster Discovery API,2026,12,December,1,Ciudad de México,Ciudad de México,Latin,False,False
G5dVZ_uhapN0Q,Maelo Ruíz Y Willie González,https://www.ticketmaster.com.mx/maelo-ruiz-y-willie-gonzalez-mexico-17-12-2026/event/3D0064D6C95A391A,2026-12-17,21:30:00,America/Mexico_City,onsale,"Maelo Ruiz, Willie González","K8vZ9178RF0, K8vZ917Q0b7",KovZpZA7AJ6A,La Maraka,México,Ciudad de México,CDMX,Mexico,MX,MX,19.38651080,-99.16317750,Music,Latin,Latin,Undefined,Undefined,False,MONDIAL PRICE 1,,,,Ticketmaster Discovery API,2026,12,December,1,Ciudad de México,Ciudad de México,Latin,False,False
G5dVZ_krPxeEc,"Fernando Delgadillo, El Caminante",https://www.ticketmaster.com.mx/fernando-delgadillo-el-caminante-ciudad-de-mexico-18-12-2026/event/3D006467A58829ED,2026-12-18,21:00:00,America/Mexico_City,onsale,Fernando Delgadillo,K8vZ9175HMf,KovZpZA6EtdA,El Lunario del Auditorio Nacional,Ciudad de México,Ciudad de México,CDMX,Mexico,MX,MX,19.424682,-99.1954,Music,World,Trova,Undefined,Undefined,False,MONDIAL PRICE 1,,,,Ticketmaster Discovery API,2026,12,December,1,Ciudad de México,Ciudad de México,World,False,False
G5dVZ_uhA_Kra,Maelo Ruíz Y Willie González,https://www.ticketmaster.com.mx/maelo-ruiz-y-willie-gonzalez-mexico-18-12-2026/event/3D0064D6C5653789,2026-12-18,21:30:00,America/Mexico_City,onsale,Maelo Ruiz,K8vZ9178RF0,KovZpZA7AJ6A,La Maraka,México,Ciudad de México,CDMX,Mexico,MX,MX,19.38651080,-99.16317750,Music,Latin,Latin,Undefined,Undefined,False,MONDIAL PRICE 1,,,,Ticketmaster Discovery API,2026,12,December,1,Ciudad de México,Ciudad de México,Latin,False,False
G5dVZbUkGkSwZ,Fernando Delgadillo y Alejandro Filio,https://www.ticketmaster.com.mx/fernando-delgadillo-y-alejandro-filio-mexico-19-12-2026/event/3D0063618C1B3C80,2026-12-19,21:30:00,America/Mexico_City,onsale,,,KovZpZA7AJ6A,La Maraka,México,Ciudad de México,CDMX,Mexico,MX,MX,19.38651080,-99.16317750,Music,World,Trova,Undefined,Undefined,False,MONDIAL PRICE 1,,,,Ticketmaster Discovery API,2026,12,December,1,Ciudad de México,Ciudad de México,World,False,False
ZFIMVHtnMZ17Ff8_,Maria Rita: Redescobrir Vol. 2 - Porto Alegre,https://www.ticketmaster.com.br/event/maria-rita-porto-alegre,2026-12-19,21:00:00,America/Sao_Paulo,onsale,Maria Rita,K8vZ917Gx3V,ZGIMVHtnMZek61,Auditório Araújo Vianna,,,RS,,BR,BR,-29.9778732,-51.1239128,Music,Undefined,Undefined,,,False,,,,,Ticketmaster Discovery API,2026,12,December,1,,,Sin clasificar,False,False
1Av8Z_dGkm0VSt5,"Navidad con The Beatles, con el grupo Morsa",https://www.ticketmaster.com.mx/navidad-con-the-beatles-con-el-mexico-20-12-2026/event/1400643BA4D33A4B,2026-12-20,18:30:00,America/Mexico_City,onsale,Navidad con The Beatles,K8vZ917rY_7,KovZpZAJt17A,Teatro Tepeyac,México,Ciudad de México,CDMX,Mexico,MX,MX,19.47574040,-99.12062070,Music,Rock,Oldies & Classics,Undefined,Undefined,False,MONDIAL PRICE 3,,,,Ticketmaster Discovery API,2026,12,December,1,Ciudad de México,Ciudad de México,Rock,False,False
1Av8Z_dGkmNksda,"Navidad con The Beatles, con el grupo Morsa",https://www.ticketmaster.com.mx/navidad-con-the-beatles-con-el-mexico-20-12-2026/event/1400643BA31B10C9,2026-12-20,16:30:00,America/Mexico_City,onsale,Navidad con The Beatles,K8vZ917rY_7,KovZpZAJt17A,Teatro Tepeyac,México,Ciudad de México,CDMX,Mexico,MX,MX,19.47574040,-99.12062070,Music,Rock,Oldies & Classics,Undefined,Undefined,False,MONDIAL PRICE 3,,,,Ticketmaster Discovery API,2026,12,December,1,Ciudad de México,Ciudad de México,Rock,False,False
G5dVZ_5U9jPC7,"""The Hayley Williams Show""",https://www.ticketmaster.com.mx/the-hayley-williams-show-ciudad-de-mexico-13-01-2027/event/3D0064BD97725384,2027-01-13,19:00:00,America/Mexico_City,onsale,"Hayley Williams, Mannequin Pussy","K8vZ917bV3f, K8vZ9172pgf",KovZpZA6EkkA,Auditorio Nacional,Ciudad de México,Ciudad de México,CDMX,Mexico,MX,MX,19.424648,-99.19484,Music,Pop,Pop,Undefined,Undefined,False,OCESA,,,,Ticketmaster Discovery API,2027,1,January,1,Ciudad de México,Ciudad de México,Pop,False,False
17AZv0G65eGE4QH,Apocalyptica,https://www.ticketmaster.com.mx/apocalyptica-monterrey-14-01-2027/event/140064B08C9D56BC,2027-01-14,21:00:00,America/Mexico_City,onsale,Apocalyptica,K8vZ9175tWf,KovZpZAIln6A,Escenario GNP Seguros,Monterrey,Nuevo León,NL,Mexico,MX,MX,25.666135,-100.316726,Music,Rock,Pop,Undefined,Undefined,False,MONDIAL PRICE 1,,,,Ticketmaster Discovery API,2027,1,January,1,Monterrey,Nuevo León,Rock,False,False
17AZv0G65M2hKIN,"""The Hayley Williams Show""",https://www.ticketmaster.com.mx/the-hayley-williams-show-monterrey-15-01-2027/event/140064BDCF6D3A23,2027-01-15,19:00:00,America/Mexico_City,onsale,"Hayley Williams, Mannequin Pussy","K8vZ917bV3f, K8vZ9172pgf",KovZpZAJt1kA,Auditorio Banamex,Monterrey,Nuevo León,NL,Mexico,MX,MX,25.67765795,-100.28085777,Music,Pop,Pop,Undefined,Undefined,False,OCESA,,,,Ticketmaster Discovery API,2027,1,January,1,Monterrey,Nuevo León,Pop,False,False
G5dVZ_1Xginx-,Apocalyptica,https://www.ticketmaster.com.mx/apocalyptica-ciudad-de-mexico-16-01-2027/event/3D0064AFB5B2A8A1,2027-01-16,20:00:00,America/Mexico_City,onsale,Apocalyptica,K8vZ9175tWf,KovZpZA6EkkA,Auditorio Nacional,Ciudad de México,Ciudad de México,CDMX,Mexico,MX,MX,19.424648,-99.19484,Music,Rock,Pop,Undefined,Undefined,False,OCESA,,,,Ticketmaster Discovery API,2027,1,January,1,Ciudad de México,Ciudad de México,Rock,False,False
1Av8Z_eGkBcKkaA,Dragon Ball Live Symphonic,https://www.ticketmaster.com.mx/dragon-ball-live-symphonic-zapopan-16-01-2027/event/1400642EAD4C6245,2027-01-16,19:00:00,America/Mexico_City,onsale,Dragon Ball Live Symphonic,K8vZ917pjG0,KovZpZA6I7FA,Auditorio Telmex,Zapopan,Jalisco,JAL,Mexico,MX,MX,20.73324,-103.38112,Music,Classical,Classical/Vocal,Undefined,Undefined,False,MONDIAL PRICE 1,,,,Ticketmaster Discovery API,2027,1,January,1,Zapopan,Jalisco,Classical,False,False
17AZv0G65UlWtLf,"""The Hayley Williams Show""",https://www.ticketmaster.com.mx/the-hayley-williams-show-zapopan-17-01-2027/event/140064BDABF697D4,2027-01-17,19:00:00,America/Mexico_City,onsale,"Hayley Williams, Mannequin Pussy","K8vZ917bV3f, K8vZ9172pgf",KovZpZA6I7FA,Auditorio Telmex,Zapopan,Jalisco,JAL,Mexico,MX,MX,20.73324,-103.38112,Music,Pop,Pop,Undefined,Undefined,False,OCESA,,,,Ticketmaster Discovery API,2027,1,January,1,Zapopan,Jalisco,Pop,False,False
ZFIMVHtnMZ17kbjE,RUSH - Fifty Something,https://www.ticketmaster.cl/event/rush-live-2027-scl,2027-01-17,21:00:00,America/Santiago,onsale,RUSH,K8vZ917184V,Z5IMVHtnMZAFF,,,,RM,,CL,CL,-33.5403982,-70.5779927,Music,Rock,Rock,,,False,,,,,Ticketmaster Discovery API,2027,1,January,1,,,Rock,False,False
G5dVZ_GQWvb-8,"El Divo ""Eternamente""",https://www.ticketmaster.com.mx/el-divo-eternamente-ciudad-de-mexico-20-01-2027/event/3D0064C6BD058850,2027-01-20,20:30:00,America/Mexico_City,onsale,Juan Gabriel,K8vZ91711G7,KovZpZA6EkkA,Auditorio Nacional,Ciudad de México,Ciudad de México,CDMX,Mexico,MX,MX,19.424648,-99.19484,Music,Latin,Latin,Undefined,Undefined,False,MONDIAL PRICE 1,,,,Ticketmaster Discovery API,2027,1,January,1,Ciudad de México,Ciudad de México,Latin,False,False
G5dVZ_1rGs7v1,Fangoria,https://www.ticketmaster.com.mx/fangoria-ciudad-de-mexico-21-01-2027/event/3D0064A78CC4404A,2027-01-21,20:30:00,America/Mexico_City,onsale,Fangoria,K8vZ917G4k7,KovZpZA6EkkA,Auditorio Nacional,Ciudad de México,Ciudad de México,CDMX,Mexico,MX,MX,19.424648,-99.19484,Music,Rock,Pop,Undefined,Undefined,False,OCESA,,,,Ticketmaster Discovery API,2027,1,January,1,Ciudad de México,Ciudad de México,Rock,False,False
G5dVZ_Gm10v3r,Belinda Carlisle & Joan Osborne,https://www.ticketmaster.com.mx/belinda-carlisle-joan-osborne-mexico-21-01-2027/event/3D0064CB8A90149E,2027-01-21,21:30:00,America/Mexico_City,onsale,"Belinda Carlisle, Joan Osborne","K8vZ9171u5f, K8vZ9171CjV",KovZpZA7AJ6A,La Maraka,México,Ciudad de México,CDMX,Mexico,MX,MX,19.38651080,-99.16317750,Music,Rock,Pop,Undefined,Undefined,False,MONDIAL PRICE 1,,,,Ticketmaster Discovery API,2027,1,January,1,Ciudad de México,Ciudad de México,Rock,False,False
G5dVZbgTV6K8B,Black Label Society,https://www.ticketmaster.com.mx/black-label-society-ciudad-de-mexico-23-01-2027/event/3D00635FF41D343A,2027-01-23,21:00:00,America/Mexico_City,onsale,Black Label Society,K8vZ9175mu7,KovZ917ARPn,Velodromo,Ciudad de México,Ciudad de México,CDMX,Mexico,MX,MX,19.40984039,-99.10364330,Music,Rock,Alternative Rock,Undefined,Undefined,False,OCESA,,,,Ticketmaster Discovery API,2027,1,January,1,Ciudad de México,Ciudad de México,Rock,False,False
G5dVZ_uZ6Ozkx,Paula Mattheus,https://www.ticketmaster.com.mx/paula-mattheus-ciudad-de-mexico-04-02-2027/event/3D0064D0078381A2,2027-02-04,21:00:00,America/Mexico_City,onsale,Paula Mattheus,K8vZ917_kVf,KovZpZA6EtdA,El Lunario del Auditorio Nacional,Ciudad de México,Ciudad de México,CDMX,Mexico,MX,MX,19.424682,-99.1954,Music,Other,Other,Undefined,Undefined,False,MONDIAL PRICE 1,,,,Ticketmaster Discovery API,2027,2,February,1,Ciudad de México,Ciudad de México,Other,False,False
17AZv0G61J7_kZS,Santiago Cruz Sigo en Pie Tour,https://www.ticketmaster.com.mx/santiago-cruz-sigo-en-pie-tour-mexico-04-02-2027/event/140064A984646033,2027-02-04,20:30:00,America/Mexico_City,onsale,Santiago Cruz,K8vZ9174IGf,KovZpZA6JttA,Teatro Metropolitan,México,Ciudad de México,CDMX,Mexico,MX,MX,19.433457,-99.146811,Music,Latin,Latin,Undefined,Undefined,False,OCESA,,,,Ticketmaster Discovery API,2027,2,February,1,Ciudad de México,Ciudad de México,Latin,False,False
G5dVZ_6p6fwU0,Carlos Sadness,https://www.ticketmaster.com.mx/carlos-sadness-ciudad-de-mexico-05-02-2027/event/3D00647587532DA4,2027-02-05,20:30:00,America/Mexico_City,onsale,Carlos Sadness,K8vZ917fBh0,KovZpZA6EkkA,Auditorio Nacional,Ciudad de México,Ciudad de México,CDMX,Mexico,MX,MX,19.424648,-99.19484,Music,Pop,Pop,Undefined,Undefined,False,OCESA,,,,Ticketmaster Discovery API,2027,2,February,1,Ciudad de México,Ciudad de México,Pop,False,False
1Av8Z_aGkwC-KzB,Andres Suarez Gira Lua,https://www.ticketmaster.com.mx/andres-suarez-gira-lua-mexico-05-02-2027/event/1400649C8E853E3A,2027-02-05,20:30:00,America/Mexico_City,onsale,Andres Suarez,K8vZ917fB_V,KovZpZA6JttA,Teatro Metropolitan,México,Ciudad de México,CDMX,Mexico,MX,MX,19.433457,-99.146811,Music,Pop,Pop,Undefined,Undefined,False,OCESA,,,,Ticketmaster Discovery API,2027,2,February,1,Ciudad de México,Ciudad de México,Pop,False,False
G5dVZ_knqyes6,Sin Bandera,https://www.ticketmaster.com.mx/sin-bandera-ciudad-de-mexico-07-02-2027/event/3D00646A9DE42C47,2027-02-07,19:30:00,America/Mexico_City,onsale,Sin Bandera,K8vZ9175Ml7,KovZpZA6EkkA,Auditorio Nacional,Ciudad de México,Ciudad de México,CDMX,Mexico,MX,MX,19.424648,-99.19484,Music,Latin,Latin,Undefined,Undefined,False,MONDIAL PRICE 1,,,,Ticketmaster Discovery API,2027,2,February,1,Ciudad de México,Ciudad de México,Latin,False,False
1AfZko6GkdOa5Fw,Hilary Duff: the lucky me tour,https://www.ticketmaster.com.mx/hilary-duff-the-lucky-me-tour-ciudad-de-mexico-12-02-2027/event/14006447E024B232,2027-02-12,19:30:00,America/Mexico_City,onsale,Hilary Duff,K8vZ9175rEf,KovZpZA77t6A,Palacio de los Deportes,Ciudad de México,Ciudad de México,CDMX,Mexico,MX,MX,19.40154080,-99.09806060,Music,Pop,Pop,Undefined,Undefined,False,OCESA,,,,Ticketmaster Discovery API,2027,2,February,1,Ciudad de México,Ciudad de México,Pop,False,False
ZFIMVHtnMZ17FACe,KAROL G: Viajando Por El Mundo Tropitour,https://www.ticketmaster.com.br/event/venda-geral-karol-g,2027-02-12,20:00:00,America/Sao_Paulo,onsale,Karol G,K8vZ917p3-V,ZGIMVHtnMZeaa1,Mercado Livre Arena Pacaembu,,,SP,,BR,BR,-23.5430813,-46.66506529999999,Music,Latin,Latin,,,False,,,,,Ticketmaster Discovery API,2027,2,February,1,,,Latin,False,False
1AfZko6GkdOMhCZ,Hilary Duff: the lucky me tour,https://www.ticketmaster.com.mx/hilary-duff-the-lucky-me-tour-ciudad-de-mexico-13-02-2027/event/14006447E0DDB380,2027-02-13,19:30:00,America/Mexico_City,onsale,Hilary Duff,K8vZ9175rEf,KovZpZA77t6A,Palacio de los Deportes,Ciudad de México,Ciudad de México,CDMX,Mexico,MX,MX,19.40154080,-99.09806060,Music,Pop,Pop,Undefined,Undefined,False,OCESA,,,,Ticketmaster Discovery API,2027,2,February,1,Ciudad de México,Ciudad de México,Pop,False,False
1Av8Z_FGknzgQjQ,Hilary Duff: the lucky me tour,https://www.ticketmaster.com.mx/hilary-duff-the-lucky-me-tour-zapopan-15-02-2027/event/1400648AB8D5A71A,2027-02-15,20:30:00,America/Mexico_City,onsale,Hilary Duff,K8vZ9175rEf,KovZpZA6I7FA,Auditorio Telmex,Zapopan,Jalisco,JAL,Mexico,MX,MX,20.73324,-103.38112,Music,Pop,Pop,Undefined,Undefined,False,OCESA,,,,Ticketmaster Discovery API,2027,2,February,1,Zapopan,Jalisco,Pop,False,False
1AfZkoVGkemnJWR,Abono Banamex Plus Electric Daisy Carnival 2027,https://www.ticketmaster.com.mx/abono-banamex-plus-electric-daisy-carnival-mexico-19-02-2027/event/14006474AEAA6F6F,2027-02-19,,America/Mexico_City,onsale,Electric Daisy Carnival,K8vZ917C3NV,KovZpZA6JlaA,Autodromo Hnos. Rodriguez,México,Ciudad de México,CDMX,Mexico,MX,MX,19.402829,-99.089247,Music,Pop,Electro Pop,Undefined,Undefined,False,OCESA,,,,Ticketmaster Discovery API,2027,2,February,1,Ciudad de México,Ciudad de México,Pop,False,False
16fZkoVPoZA5Add8,Abono Comfort Pass Electric Daisy Carnival 2027,https://www.ticketmaster.com.mx/abono-comfort-pass-electric-daisy-carnival-mexico-19-02-2027/event/14006474951A422F,2027-02-19,,America/Mexico_City,onsale,Electric Daisy Carnival,K8vZ917C3NV,KovZpZA6JlaA,Autodromo Hnos. Rodriguez,México,Ciudad de México,CDMX,Mexico,MX,MX,19.402829,-99.089247,Music,Pop,Electro Pop,Undefined,Undefined,False,OCESA,,,,Ticketmaster Discovery API,2027,2,February,1,Ciudad de México,Ciudad de México,Pop,False,False
1AfZkoVGkeUJFAc,Abono General Electric Daisy Carnival 2027,https://www.ticketmaster.com.mx/abono-general-electric-daisy-carnival-2027-mexico-19-02-2027/event/14006474B698816D,2027-02-19,,America/Mexico_City,onsale,Electric Daisy Carnival,K8vZ917C3NV,KovZpZA6JlaA,Autodromo Hnos. Rodriguez,México,Ciudad de México,CDMX,Mexico,MX,MX,19.402829,-99.089247,Music,Pop,Electro Pop,Undefined,Undefined,False,OCESA,,,,Ticketmaster Discovery API,2027,2,February,1,Ciudad de México,Ciudad de México,Pop,False,False
G5dVZ_62Rsy3s,Jorge Drexler,https://www.ticketmaster.com.mx/jorge-drexler-ciudad-de-mexico-20-02-2027/event/3D006473EFC794B1,2027-02-20,20:00:00,America/Mexico_City,onsale,Jorge Drexler,K8vZ917Gfg7,KovZpZA6EkkA,Auditorio Nacional,Ciudad de México,Ciudad de México,CDMX,Mexico,MX,MX,19.424648,-99.19484,Music,Rock,Pop,Undefined,Undefined,False,OCESA,,,,Ticketmaster Discovery API,2027,2,February,1,Ciudad de México,Ciudad de México,Rock,False,False
G5dVZ_ahLftfM,Leyendas de la Cumbia,https://www.ticketmaster.com.mx/leyendas-de-la-cumbia-ciudad-de-mexico-21-02-2027/event/3D006496DF529537,2027-02-21,19:00:00,America/Mexico_City,onsale,"Leyendas de la Cumbia, La Sonora Dinamita, Los Socios del Ritmo","K8vZ917Oatf, K8vZ917uPbf, K8vZ9174SZ7",KovZpZA6EkkA,Auditorio Nacional,Ciudad de México,Ciudad de México,CDMX,Mexico,MX,MX,19.424648,-99.19484,Music,Latin,Latin,Undefined,Undefined,False,MONDIAL PRICE 1,,,,Ticketmaster Discovery API,2027,2,February,1,Ciudad de México,Ciudad de México,Latin,False,False
1kAZv0O_GACd0X8,Jorge Drexler,https://www.ticketmaster.com.mx/jorge-drexler-monterrey-25-02-2027/event/140064819E0E4F90,2027-02-25,21:00:00,America/Mexico_City,onsale,Jorge Drexler,K8vZ917Gfg7,KovZpZAIln6A,Escenario GNP Seguros,Monterrey,Nuevo León,NL,Mexico,MX,MX,25.666135,-100.316726,Music,Rock,Pop,Undefined,Undefined,False,MONDIAL PRICE 1,,,,Ticketmaster Discovery API,2027,2,February,1,Monterrey,Nuevo León,Rock,False,False
1kAZv0ObGAu_N3Y,Jorge Drexler,https://www.ticketmaster.com.mx/jorge-drexler-zapopan-27-02-2027/event/140064818D6634B0,2027-02-27,21:00:00,America/Mexico_City,onsale,Jorge Drexler,K8vZ917Gfg7,KovZpZA6I7FA,Auditorio Telmex,Zapopan,Jalisco,JAL,Mexico,MX,MX,20.73324,-103.38112,Music,Rock,Pop,Undefined,Undefined,False,MONDIAL PRICE 1,,,,Ticketmaster Discovery API,2027,2,February,1,Zapopan,Jalisco,Rock,False,False
17AZv0G65pinG27,JUNGLE - World Tour 2027,https://www.ticketmaster.com.mx/jungle-world-tour-2027-zapopan-17-03-2027/event/140064B5ACA8C3C4,2027-03-17,21:00:00,America/Mexico_City,onsale,"Jungle, Sports","K8vZ9173vmf, K8vZ917CAcV",KovZpZA6I7FA,Auditorio Telmex,Zapopan,Jalisco,JAL,Mexico,MX,MX,20.73324,-103.38112,Music,R&B,Soul,Undefined,Undefined,False,OCESA,,,,Ticketmaster Discovery API,2027,3,March,1,Zapopan,Jalisco,R&B,False,False
G5dVZ_1rVCEto,Julio Preciado,https://www.ticketmaster.com.mx/julio-preciado-ciudad-de-mexico-18-03-2027/event/3D0064A7B43A7A51,2027-03-18,20:30:00,America/Mexico_City,onsale,Julio Preciado,K8vZ9172cDV,KovZpZA6EkkA,Auditorio Nacional,Ciudad de México,Ciudad de México,CDMX,Mexico,MX,MX,19.424648,-99.19484,Music,Latin,Latin,Undefined,Undefined,False,MONDIAL PRICE 1,,,,Ticketmaster Discovery API,2027,3,March,1,Ciudad de México,Ciudad de México,Latin,False,False
17AZv0G65pUEXFv,JUNGLE - World Tour 2027,https://www.ticketmaster.com.mx/jungle-world-tour-2027-ciudad-de-mexico-19-03-2027/event/140064B5B69FE201,2027-03-19,20:00:00,America/Mexico_City,onsale,"Jungle, Sports","K8vZ9173vmf, K8vZ917CAcV",KovZpZA77t6A,Palacio de los Deportes,Ciudad de México,Ciudad de México,CDMX,Mexico,MX,MX,19.40154080,-99.09806060,Music,R&B,Soul,Undefined,Undefined,False,OCESA,,,,Ticketmaster Discovery API,2027,3,March,1,Ciudad de México,Ciudad de México,R&B,False,False
17AZv0G659NY6NI,JUNGLE - World Tour 2027,https://www.ticketmaster.com.mx/jungle-world-tour-2027-monterrey-22-03-2027/event/140064B5E3C078E8,2027-03-22,21:00:00,America/Mexico_City,onsale,"Jungle, Sports","K8vZ9173vmf, K8vZ917CAcV",KovZpZAJt1kA,Auditorio Banamex,Monterrey,Nuevo León,NL,Mexico,MX,MX,25.67765795,-100.28085777,Music,R&B,Soul,Undefined,Undefined,False,MONDIAL PRICE 1,,,,Ticketmaster Discovery API,2027,3,March,1,Monterrey,Nuevo León,R&B,False,False
G5dVZ_5BuMfGU,Lavoe Sinfónico by Joseph Amado,https://www.ticketmaster.com.mx/lavoe-sinfonico-by-joseph-amado-ciudad-de-mexico-24-03-2027/event/3D0064BE8DDD4336,2027-03-24,21:00:00,America/Mexico_City,onsale,Les Légendes de la Salsa - Hommage à Héctor Lavoe,K8vZ917b1sf,KovZpZA6EkkA,Auditorio Nacional,Ciudad de México,Ciudad de México,CDMX,Mexico,MX,MX,19.424648,-99.19484,Music,Latin,Latin,Undefined,Undefined,False,MONDIAL PRICE 1,,,,Ticketmaster Discovery API,2027,3,March,1,Ciudad de México,Ciudad de México,Latin,False,False
17AZvxG622tXx2a,Flor Amargo desde el Metro,https://www.ticketmaster.com.mx/flor-amargo-desde-el-metro-mexico-29-03-2027/event/140062F3E9FA23C9,2027-03-29,18:00:00,America/Mexico_City,cancelled,Flor Amargo,K8vZ917_ZA0,KovZpZA6JttA,Teatro Metropolitan,México,Ciudad de México,CDMX,Mexico,MX,MX,19.433457,-99.146811,Music,Ballads/Romantic,Ballads/Romantic,Undefined,Undefined,False,OCESA,,,,Ticketmaster Discovery API,2027,3,March,1,Ciudad de México,Ciudad de México,Ballads/Romantic,False,False
17AZv0G61QVfjop,Louis Tomlinson How Did We Get Here? Latin America Tour,https://www.ticketmaster.com.mx/louis-tomlinson-how-did-we-get-ciudad-de-mexico-10-04-2027/event/140064A6B451C456,2027-04-10,20:00:00,America/Mexico_City,onsale,Louis Tomlinson,K8vZ917pr90,KovZpZAd1IaA,Estadio GNP Seguros,Ciudad de México,Ciudad de México,CDMX,Mexico,MX,MX,19.405199,-99.095618,Music,Rock,Pop,Undefined,Undefined,False,OCESA,,,,Ticketmaster Discovery API,2027,4,April,1,Ciudad de México,Ciudad de México,Rock,False,False
G5dVZ_GJNh35E,Willie Colón Forever,https://www.ticketmaster.com.mx/willie-colon-forever-ciudad-de-mexico-14-04-2027/event/3D0064C9A36D22E7,2027-04-14,20:30:00,America/Mexico_City,onsale,HOMMAGE A WILLIE COLON,K8vZ91799o7,KovZpZA6EkkA,Auditorio Nacional,Ciudad de México,Ciudad de México,CDMX,Mexico,MX,MX,19.424648,-99.19484,Music,Pop,Electro Pop,Undefined,Undefined,False,MONDIAL PRICE 1,,,,Ticketmaster Discovery API,2027,4,April,1,Ciudad de México,Ciudad de México,Pop,False,False
G5dVZ_GxTvwWd,"Grupo Niche ""Niche Disco Tour""",https://www.ticketmaster.com.mx/grupo-niche-niche-disco-tour-ciudad-de-mexico-18-04-2027/event/3D0064C8BF072F43,2027-04-18,19:00:00,America/Mexico_City,onsale,Grupo Niche,K8vZ9171110,KovZpZA6EkkA,Auditorio Nacional,Ciudad de México,Ciudad de México,CDMX,Mexico,MX,MX,19.424648,-99.19484,Music,Latin,Latin,Undefined,Undefined,False,MONDIAL PRICE 1,,,,Ticketmaster Discovery API,2027,4,April,1,Ciudad de México,Ciudad de México,Latin,False,False
ZFIMVHtnMZ17FIbA,Quiet Riot - Metal Health Latin American Tour 2027,https://www.ticketmaster.pe/event/quiet-riot-metal-health-latin-american-tour-2027-venta-general-7679,2027-04-18,20:00:00,America/Lima,onsale,Quiet Riot,K8vZ917188V,Z5IMVHtnMZad7,,,,LIM,,PE,PE,-12.072996373068609,-77.03645777146977,Music,Metal,Heavy Metal,,,False,,,,,Ticketmaster Discovery API,2027,4,April,1,,,Metal,False,False
ZFIMVHtnMZauQt,TESTE PORTAL,https://dashboard.ticketmaster.com.br/event/teste-portal,2029-05-20,23:00:00,America/Sao_Paulo,onsale,,Z1uMVHtnMZka,Z5IMVHtnMZ1d1,Venue test 2,,,SP,,BR,BR,-23.5798443,-46.6080003,Music,Classical,Classical/Vocal,,,False,,,,,Ticketmaster Discovery API,2029,5,May,1,,,Classical,False,False
ZFIMVHtnMZ177fOt,Evento Teste - 2025,https://dashboard.ticketmaster.com.br/event/evento-teste-2025,2030-08-28,22:00:00,America/Sao_Paulo,onsale,,Z1uMVHtnMZka,ZGIMVHtnMZedFF,Teste,,,SP,,BR,BR,-23.6011621,-46.7189939,Music,Classical,Classical/Vocal,,,False,,,,,Ticketmaster Discovery API,2030,8,August,1,,,Classical,False,False
G5eHZbFJWcYO6,Mink Slide,http://www.ticketmaster.com.br/event/2F006089BDB70807,2039-12-31,,America/Sao_Paulo,offsale,Mink Slide,K8vZ9179rrV,KovZ917ARN1,NOVENUE,Nocity,São Paulo,SP,Brazil,BR,BR,,,Music,R&B,R&B,Undefined,Undefined,False,CRAIG PRODUCTIONS,,,,Ticketmaster Discovery API,2039,12,December,1,Nocity,São Paulo,R&B,False,False
