event_id,event_key,attraction_id,attraction_key
ZFIMVHtnMZ17FV0s,BR|ZFIMVHtnMZ17FV0s|ZGIMVHtnMZevAa|2026-10-10,K8vZ917rpqV,K8vZ917rpqV|https://www.ticketmaster.com/palavra-cantada-tickets/artist/3784734
ZFIMVHtnMZ17Fzbd,BR|ZFIMVHtnMZ17Fzbd|Z5IMVHtnMZava|2027-02-18,K8vZ91713Y7,K8vZ91713Y7|https://www.ticketmaster.com/foo-fighters-tickets/artist/776005
ZFIMVHtnMZ17Fzb7,BR|ZFIMVHtnMZ17Fzb7|ZGIMVHtnMZeede|2027-02-20,K8vZ91713Y7,K8vZ91713Y7|https://www.ticketmaster.com/foo-fighters-tickets/artist/776005
ZFIMVHtnMZ17kfjN,BR|ZFIMVHtnMZ17kfjN|ZGIMVHtnMZeede|2026-10-28,K8vZ917KpXV,K8vZ917KpXV|https://www.ticketmaster.com/bts-tickets/artist/2110227
ZFIMVHtnMZ17k4GA,BR|ZFIMVHtnMZ17k4GA|ZGIMVHtnMZeede|2026-10-30,K8vZ917KpXV,K8vZ917KpXV|https://www.ticketmaster.com/bts-tickets/artist/2110227
ZFIMVHtnMZ17k4Gk,BR|ZFIMVHtnMZ17k4Gk|ZGIMVHtnMZeede|2026-10-31,K8vZ917KpXV,K8vZ917KpXV|https://www.ticketmaster.com/bts-tickets/artist/2110227
ZFIMVHtnMZ17kvq9,BR|ZFIMVHtnMZ17kvq9|Z5IMVHtnMZaae|2026-10-10,K8vZ917fNP0,K8vZ917fNP0|https://www.ticketmaster.com/zayn-tickets/artist/2225397
ZFIMVHtnMZ17Fgq6,BR|ZFIMVHtnMZ17Fgq6|Z5IMVHtnMZ1FA|2026-11-27,K8vZ917q2kV,K8vZ917q2kV|https://www.ticketmaster.com/fagner-tickets/artist/3287104
ZFIMVHtnMZ17FACe,BR|ZFIMVHtnMZ17FACe|ZGIMVHtnMZeaa1|2027-02-12,K8vZ917p3-V,K8vZ917p3-V|https://www.ticketmaster.com/karol-g-tickets/artist/2412593
ZFIMVHtnMZ17F3_b,BR|ZFIMVHtnMZ17F3_b|ZGIMVHtnMZeFaa|2027-04-06,K8vZ917pr90,K8vZ917pr90|https://www.ticketmaster.com/louis-tomlinson-tickets/artist/2434835
ZFIMVHtnMZ17F3jy,BR|ZFIMVHtnMZ17F3jy|ZGIMVHtnMZeFaa|2027-04-07,K8vZ917pr90,K8vZ917pr90|https://www.ticketmaster.com/louis-tomlinson-tickets/artist/2434835
ZFIMVHtnMZ17FyjO,BR|ZFIMVHtnMZ17FyjO|Z5IMVHtnMZ61a|2026-11-23,K8vZ91712r7,K8vZ91712r7|https://www.ticketmaster.com/new-order-tickets/artist/735746
ZFIMVHtnMZ17FJC_,BR|ZFIMVHtnMZ17FJC_|Z5IMVHtnMZ61a|2026-11-25,K8vZ91712r7,K8vZ91712r7|https://www.ticketmaster.com/new-order-tickets/artist/735746
ZFIMVHtnMZ17Fg7v,BR|ZFIMVHtnMZ17Fg7v|ZGIMVHtnMZeFaa|2026-11-27,K8vZ9171rq0,K8vZ9171rq0|https://www.ticketmaster.com/a-perfect-circle-tickets/artist/707500
ZFIMVHtnMZ17Fg7v,BR|ZFIMVHtnMZ17Fg7v|ZGIMVHtnMZeFaa|2026-11-27,K8vZ917CTE0,K8vZ917CTE0|https://www.ticketmaster.com/puscifer-tickets/artist/1278783
ZFIMVHtnMZ17k8vo,BR|ZFIMVHtnMZ17k8vo|Z5IMVHtnMZFd7|2026-09-26,K8vZ917Gi9V,K8vZ917Gi9V|https://www.ticketmaster.com/ben-howard-tickets/artist/1475431
ZFIMVHtnMZ17kv0O,BR|ZFIMVHtnMZ17kv0O|Z5IMVHtnMZFd7|2026-11-12,K8vZ9175BuV,K8vZ9175BuV|https://www.ticketmaster.com/the-cat-empire-tickets/artist/983767
ZFIMVHtnMZ17kv0-,BR|ZFIMVHtnMZ17kv0-|Z5IMVHtnMZ17k|2026-11-13,K8vZ9175BuV,K8vZ9175BuV|https://www.ticketmaster.com/the-cat-empire-tickets/artist/983767
ZFIMVHtnMZ17Fb76,BR|ZFIMVHtnMZ17Fb76|ZGIMVHtnMZdd61|2026-10-30,K8vZ917KfQ7,K8vZ917KfQ7|https://www.ticketmaster.com/capital-inicial-tickets/artist/2103654
ZFIMVHtnMZ17FJ-x,BR|ZFIMVHtnMZ17FJ-x|ZGIMVHtnMZevAa|2026-11-22,K8vZ917blA0,K8vZ917blA0|https://www.ticketmaster.com/rodrigo-teaser-tickets/artist/2710748
ZFIMVHtnMZ17aFOs,BR|ZFIMVHtnMZ17aFOs|ZGIMVHtnMZe1Fk|2026-11-10,K8vZ917rK9V,K8vZ917rK9V|https://www.ticketmaster.com/humberto-gessinger-tickets/artist/3754999
ZFIMVHtnMZ17F40Y,BR|ZFIMVHtnMZ17F40Y|KovZ917ARjF|2026-11-13,K8vZ9179gJ7,K8vZ9179gJ7|https://www.ticketmaster.com/nando-reis-tickets/artist/2598009
ZFIMVHtnMZ17aa7a,BR|ZFIMVHtnMZ17aa7a|ZGIMVHtnMZdkee|2026-12-05,K8vZ917KfQ7,K8vZ917KfQ7|https://www.ticketmaster.com/capital-inicial-tickets/artist/2103654
ZFIMVHtnMZ17aA08,BR|ZFIMVHtnMZ17aA08|ZGIMVHtnMZe1Fk|2026-11-21,K8vZ917bIaV,K8vZ917bIaV|https://www.ticketmaster.com/lets-groove-tickets/artist/2704803
ZFIMVHtnMZ17FtZg,BR|ZFIMVHtnMZ17FtZg|KovZ917ARjF|2026-12-20,K8vZ917blA0,K8vZ917blA0|https://www.ticketmaster.com/rodrigo-teaser-tickets/artist/2710748
ZFIMVHtnMZ17FwGb,BR|ZFIMVHtnMZ17FwGb|ZGIMVHtnMZevAa|2026-12-12,K8vZ917QVo0,K8vZ917QVo0|https://www.ticketmaster.com/roupa-nova-tickets/artist/2944806
ZFIMVHtnMZ17aA0t,BR|ZFIMVHtnMZ17aA0t|ZGIMVHtnMZdkAA|2026-12-12,K8vZ917jyn7,K8vZ917jyn7|https://www.ticketmaster.com/pitty-tickets/artist/3169001
ZFIMVHtnMZ17aaZ7,BR|ZFIMVHtnMZ17aaZ7|Z5IMVHtnMZFd7|2027-01-27,K8vZ917rY90,K8vZ917rY90|https://www.ticketmaster.com/freya-skye-tickets/artist/4019004
ZFIMVHtnMZ17kK7V,BR|ZFIMVHtnMZ17kK7V|ZGIMVHtnMZddFv|2026-09-25,K8vZ917j2z0,K8vZ917j2z0|https://www.ticketmaster.com/tiago-iorc-tickets/artist/3094318
ZFIMVHtnMZ17kK7S,BR|ZFIMVHtnMZ17kK7S|ZGIMVHtnMZdva7|2026-09-26,K8vZ917j2z0,K8vZ917j2z0|https://www.ticketmaster.com/tiago-iorc-tickets/artist/3094318
ZFIMVHtnMZ17kb8I,BR|ZFIMVHtnMZ17kb8I|ZGIMVHtnMZd7va|2026-10-16,K8vZ917jyt7,K8vZ917jyt7|https://www.ticketmaster.com/cpm22-tickets/artist/3168981
ZFIMVHtnMZ17FMQ3,BR|ZFIMVHtnMZ17FMQ3|ZGIMVHtnMZevdF|2026-10-17,K8vZ917jmZV,K8vZ917jmZV|https://www.ticketmaster.com/lagum-tickets/artist/3151465
ZFIMVHtnMZ17kpOS,BR|ZFIMVHtnMZ17kpOS|ZGIMVHtnMZddka|2026-10-17,K8vZ917jyt7,K8vZ917jyt7|https://www.ticketmaster.com/cpm22-tickets/artist/3168981
ZFIMVHtnMZ17FMQp,BR|ZFIMVHtnMZ17FMQp|KovZ917ARjF|2026-11-07,K8vZ917jmZV,K8vZ917jmZV|https://www.ticketmaster.com/lagum-tickets/artist/3151465
ZFIMVHtnMZ17FMQf,BR|ZFIMVHtnMZ17FMQf|ZGIMVHtnMZed6d|2026-11-28,K8vZ917jmZV,K8vZ917jmZV|https://www.ticketmaster.com/lagum-tickets/artist/3151465
ZFIMVHtnMZ17FMQ4,BR|ZFIMVHtnMZ17FMQ4|ZGIMVHtnMZevAa|2026-12-05,K8vZ917jmZV,K8vZ917jmZV|https://www.ticketmaster.com/lagum-tickets/artist/3151465
ZFIMVHtnMZ17FMQK,BR|ZFIMVHtnMZ17FMQK|ZGIMVHtnMZek61|2026-12-11,K8vZ917jmZV,K8vZ917jmZV|https://www.ticketmaster.com/lagum-tickets/artist/3151465
ZFIMVHtnMZ17FMQo,BR|ZFIMVHtnMZ17FMQo|ZGIMVHtnMZdA17|2026-12-12,K8vZ917jmZV,K8vZ917jmZV|https://www.ticketmaster.com/lagum-tickets/artist/3151465
ZFIMVHtnMZ17FMQ8,BR|ZFIMVHtnMZ17FMQ8|ZGIMVHtnMZdd61|2026-12-13,K8vZ917jmZV,K8vZ917jmZV|https://www.ticketmaster.com/lagum-tickets/artist/3151465
ZFIMVHtnMZ17F4Zy,BR|ZFIMVHtnMZ17F4Zy|ZGIMVHtnMZeaa1|2026-11-07,K8vZ9171GQ7,K8vZ9171GQ7|https://www.ticketmaster.com/sepultura-tickets/artist/736081
ZFIMVHtnMZ17avA-,BR|ZFIMVHtnMZ17avA-|ZGIMVHtnMZevAa|2026-10-22,K8vZ917GGCV,K8vZ917GGCV|https://www.ticketmaster.com/roberto-carlos-tickets/artist/1224369
ZFIMVHtnMZ17FMQv,BR|ZFIMVHtnMZ17FMQv|ZGIMVHtnMZeFaa|2026-12-02,K8vZ917fLyV,K8vZ917fLyV|https://www.ticketmaster.com/daniel-caesar-tickets/artist/2219489
ZFIMVHtnMZ17FI73,BR|ZFIMVHtnMZ17FI73|ZGIMVHtnMZdA76|2026-11-21,Z5uMVHtnMZ67e,Z5uMVHtnMZ67e|https://www.bestofbluesandrock.com.br/
ZFIMVHtnMZ17FI73,BR|ZFIMVHtnMZ17FI73|ZGIMVHtnMZdA76|2026-11-21,K8vZ9171367,K8vZ9171367|https://www.ticketmaster.com/roger-daltrey-tickets/artist/1335441
ZFIMVHtnMZ17FE1A,BR|ZFIMVHtnMZ17FE1A|ZGIMVHtnMZdA76|2026-11-20,Z5uMVHtnMZ67e,Z5uMVHtnMZ67e|https://www.bestofbluesandrock.com.br/
ZFIMVHtnMZ17FE1A,BR|ZFIMVHtnMZ17FE1A|ZGIMVHtnMZdA76|2026-11-20,K8vZ917G1O7,K8vZ917G1O7|https://www.ticketmaster.com/eddie-vedder-tickets/artist/1197361
ZFIMVHtnMZ17FI7K,BR|ZFIMVHtnMZ17FI7K|ZGIMVHtnMZdA76|2026-11-22,Z5uMVHtnMZ67e,Z5uMVHtnMZ67e|https://www.bestofbluesandrock.com.br/
ZFIMVHtnMZ17FI7K,BR|ZFIMVHtnMZ17FI7K|ZGIMVHtnMZdA76|2026-11-22,K8vZ917G1O7,K8vZ917G1O7|https://www.ticketmaster.com/eddie-vedder-tickets/artist/1197361
ZFIMVHtnMZ17Fb7k,BR|ZFIMVHtnMZ17Fb7k|ZGIMVHtnMZdd61|2026-10-23,K8vZ917jsr7,K8vZ917jsr7|https://www.ticketmaster.com/maiara-maraisa-tickets/artist/3157801
ZFIMVHtnMZ17AFPo,BR|ZFIMVHtnMZ17AFPo|ZGIMVHtnMZevFd|2026-10-24,K8vZ91715cf,K8vZ91715cf|https://www.ticketmaster.com/djavan-tickets/artist/734197
ZFIMVHtnMZ17AFPw,BR|ZFIMVHtnMZ17AFPw|ZGIMVHtnMZevd1|2026-10-31,K8vZ91715cf,K8vZ91715cf|https://www.ticketmaster.com/djavan-tickets/artist/734197
ZFIMVHtnMZ17k6_7,BR|ZFIMVHtnMZ17k6_7|ZGIMVHtnMZddkd|2026-12-05,K8vZ91715cf,K8vZ91715cf|https://www.ticketmaster.com/djavan-tickets/artist/734197
ZFIMVHtnMZ17FoA8,BR|ZFIMVHtnMZ17FoA8|ZGIMVHtnMZeaa1|2026-12-12,K8vZ91715cf,K8vZ91715cf|https://www.ticketmaster.com/djavan-tickets/artist/734197
ZFIMVHtnMZ17F3pb,BR|ZFIMVHtnMZ17F3pb|ZGIMVHtnMZeaa1|2026-12-13,K8vZ91715cf,K8vZ91715cf|https://www.ticketmaster.com/djavan-tickets/artist/734197
ZFIMVHtnMZ17Fw7K,BR|ZFIMVHtnMZ17Fw7K|ZGIMVHtnMZeFaa|2026-10-03,K8vZ917-bZ7,K8vZ917-bZ7|https://www.ticketmaster.com/chitaozinho-e-xororo-tickets/artist/4619311
ZFIMVHtnMZ17Fw7K,BR|ZFIMVHtnMZ17Fw7K|ZGIMVHtnMZeFaa|2026-10-03,K8vZ917K5qf,K8vZ917K5qf|https://www.ticketmaster.com/chitaozinho-xororo-tickets/artist/754862
ZFIMVHtnMZ17kp-e,BR|ZFIMVHtnMZ17kp-e|Z5IMVHtnMZ1FA|2026-10-04,K8vZ9174g-0,K8vZ9174g-0|https://www.ticketmaster.com/tributo-a-acdc-tickets/artist/2344718
ZFIMVHtnMZ17F8Ao,BR|ZFIMVHtnMZ17F8Ao|Z5IMVHtnMZFad|2026-09-30,K8vZ9171bYf,K8vZ9171bYf|https://www.ticketmaster.com/joshua-redman-tickets/artist/763514
ZFIMVHtnMZ17F3b7,BR|ZFIMVHtnMZ17F3b7|Z5IMVHtnMZ1FA|2026-10-02,K8vZ917Gbn7,K8vZ917Gbn7|https://www.ticketmaster.com/angra-tickets/artist/796018
ZFIMVHtnMZ17F3bY,BR|ZFIMVHtnMZ17F3bY|Z5IMVHtnMZ1FA|2026-10-03,K8vZ917Gbn7,K8vZ917Gbn7|https://www.ticketmaster.com/angra-tickets/artist/796018
ZFIMVHtnMZ17FM_P,BR|ZFIMVHtnMZ17FM_P|KovZ917ARjF|2026-10-17,K8vZ917ooj7,K8vZ917ooj7|https://www.ticketmaster.com/ana-carolina-tickets/artist/1872596
ZFIMVHtnMZ17FZu9,BR|ZFIMVHtnMZ17FZu9|ZGIMVHtnMZevAa|2026-09-26,K8vZ9174TA7,K8vZ9174TA7|https://www.ticketmaster.com/paulo-ricardo-tickets/artist/782560
ZFIMVHtnMZ17F34O,BR|ZFIMVHtnMZ17F34O|ZGIMVHtnMZdeaA|2026-09-25,Z5uMVHtnMZkFa,Z5uMVHtnMZkFa|https://www.instagram.com/eltonjohndiamonds/?hl=pt
ZFIMVHtnMZ17FIr7,BR|ZFIMVHtnMZ17FIr7|KovZ917ARjF|2026-09-26,Z5uMVHtnMZ6da,Z5uMVHtnMZ6da|https://www.instagram.com/richardcourt/?hl=pt-br
ZFIMVHtnMZ17FIr7,BR|ZFIMVHtnMZ17FIr7|KovZ917ARjF|2026-09-26,Z5uMVHtnMZ6d1,Z5uMVHtnMZ6d1|https://www.instagram.com/patofu/
ZFIMVHtnMZ17k4O7,BR|ZFIMVHtnMZ17k4O7|ZGIMVHtnMZdvva|2026-09-26,Z5uMVHtnMZ7a7,Z5uMVHtnMZ7a7|https://www.instagram.com/kidabelha/
ZFIMVHtnMZ17kKfz,BR|ZFIMVHtnMZ17kKfz|ZGIMVHtnMZevFk|2026-09-26,K8vZ917bQs7,K8vZ917bQs7|https://www.ticketmaster.com/xande-de-pilares-tickets/artist/2678859
ZFIMVHtnMZ17kKfz,BR|ZFIMVHtnMZ17kKfz|ZGIMVHtnMZevFk|2026-09-26,Z5uMVHtnMZAee,Z5uMVHtnMZAee|https://www.instagram.com/gruporevelacao/
ZFIMVHtnMZ17Fb7A,BR|ZFIMVHtnMZ17Fb7A|ZGIMVHtnMZdd61|2026-11-06,K8vZ917ooj7,K8vZ917ooj7|https://www.ticketmaster.com/ana-carolina-tickets/artist/1872596
ZFIMVHtnMZ17F3jf,BR|ZFIMVHtnMZ17F3jf|KovZ917ARjF|2026-10-02,K8vZ9175ir0,K8vZ9175ir0|https://www.ticketmaster.com/joao-bosco-tickets/artist/734161
ZFIMVHtnMZ17FAqN,BR|ZFIMVHtnMZ17FAqN|ZGIMVHtnMZevAa|2026-10-03,K8vZ917qCw7,K8vZ917qCw7|https://www.ticketmaster.com/jorge-vercillo-tickets/artist/3287439
ZFIMVHtnMZ17Fb1k,BR|ZFIMVHtnMZ17Fb1k|KovZ917ARjF|2026-10-03,Z1uMVHtnMZa6,Z1uMVHtnMZa6|https://www.instagram.com/joelmaareal/?hl=pt-br
ZFIMVHtnMZ17Ft09,BR|ZFIMVHtnMZ17Ft09|ZGIMVHtnMZdeee|2026-10-03,Z5uMVHtnMZ76F,Z5uMVHtnMZ76F|https://www.instagram.com/guilhermearantesoficial/
ZFIMVHtnMZ17FFFF,BR|ZFIMVHtnMZ17FFFF|KovZ917ARjF|2026-10-09,K8vZ917GNaV,K8vZ917GNaV|https://www.ticketmaster.com/acdc-uk-tickets/artist/1428207
ZFIMVHtnMZ17F3bP,BR|ZFIMVHtnMZ17F3bP|Z5IMVHtnMZFad|2026-10-10,K8vZ917Gx3V,K8vZ917Gx3V|https://www.ticketmaster.com/maria-rita-tickets/artist/1426013
ZFIMVHtnMZ17F4eb,BR|ZFIMVHtnMZ17F4eb|KovZ917ARjF|2026-10-10,K8vZ917qCw7,K8vZ917qCw7|https://www.ticketmaster.com/jorge-vercillo-tickets/artist/3287439
ZFIMVHtnMZ17k4O8,BR|ZFIMVHtnMZ17k4O8|ZGIMVHtnMZeeev|2026-10-10,Z5uMVHtnMZ7a7,Z5uMVHtnMZ7a7|https://www.instagram.com/kidabelha/
ZFIMVHtnMZ17kKfg,BR|ZFIMVHtnMZ17kKfg|ZGIMVHtnMZdd66|2026-10-10,K8vZ917bQs7,K8vZ917bQs7|https://www.ticketmaster.com/xande-de-pilares-tickets/artist/2678859
ZFIMVHtnMZ17kKfg,BR|ZFIMVHtnMZ17kKfg|ZGIMVHtnMZdd66|2026-10-10,Z5uMVHtnMZAee,Z5uMVHtnMZAee|https://www.instagram.com/gruporevelacao/
ZFIMVHtnMZ17FY8v,BR|ZFIMVHtnMZ17FY8v|KovZ917ARjF|2026-10-11,Z5uMVHtnMZ67v,Z5uMVHtnMZ67v|https://www.instagram.com/elymarsantosoficial/?hl=pt-br
ZFIMVHtnMZ17kv0K,BR|ZFIMVHtnMZ17kv0K|Z5IMVHtnMZ1FA|2026-10-16,K8vZ917qoRf,K8vZ917qoRf|https://www.ticketmaster.com/after-forever-tickets/artist/3316407
ZFIMVHtnMZ17FEoe,BR|ZFIMVHtnMZ17FEoe|Z5IMVHtnMZ1FA|2026-10-17,K8vZ917qCw7,K8vZ917qCw7|https://www.ticketmaster.com/jorge-vercillo-tickets/artist/3287439
ZFIMVHtnMZ17aA03,BR|ZFIMVHtnMZ17aA03|ZGIMVHtnMZe1Fk|2026-10-17,Z5uMVHtnMZe1F,Z5uMVHtnMZe1F|https://www.instagram.com/betoguedes.oficial/
ZFIMVHtnMZ17ava7,BR|ZFIMVHtnMZ17ava7|ZGIMVHtnMZevAa|2026-10-17,K8vZ917rKb7,K8vZ917rKb7|https://www.ticketmaster.com/sidney-magal-tickets/artist/3755024
ZFIMVHtnMZ17k4Oa,BR|ZFIMVHtnMZ17k4Oa|ZGIMVHtnMZev7d|2026-10-17,Z5uMVHtnMZ7a7,Z5uMVHtnMZ7a7|https://www.instagram.com/kidabelha/
ZFIMVHtnMZ17Fy4P,BR|ZFIMVHtnMZ17Fy4P|Z5IMVHtnMZ1FA|2026-10-22,K8vZ917_T30,K8vZ917_T30|https://www.ticketmaster.com/fabio-junior-tickets/artist/2849800
ZFIMVHtnMZ17kfjM,BR|ZFIMVHtnMZ17kfjM|KovZ917ARjF|2026-10-24,K8vZ917rKbf,K8vZ917rKbf|https://www.ticketmaster.com/oswaldo-montenegro-tickets/artist/3755048
ZFIMVHtnMZ17FVGY,BR|ZFIMVHtnMZ17FVGY|Z5IMVHtnMZ1FA|2026-11-01,K8vZ917-bZf,K8vZ917-bZf|https://www.ticketmaster.com/elymar-santos-tickets/artist/4619336
ZFIMVHtnMZ17Fbeb,BR|ZFIMVHtnMZ17Fbeb|ZGIMVHtnMZdd61|2026-11-01,K8vZ91724O0,K8vZ91724O0|https://www.ticketmaster.com/victor-leo-tickets/artist/1679116
ZFIMVHtnMZ17Fbe_,BR|ZFIMVHtnMZ17Fbe_|ZGIMVHtnMZdd61|2026-11-07,K8vZ917LJi7,K8vZ917LJi7|https://www.ticketmaster.com/os-garotin-tickets/artist/4327864
ZFIMVHtnMZ17aF-0,BR|ZFIMVHtnMZ17aF-0|Z5IMVHtnMZ1FA|2026-11-14,Z5uMVHtnMZ76F,Z5uMVHtnMZ76F|https://www.instagram.com/guilhermearantesoficial/
ZFIMVHtnMZ17ae0f,BR|ZFIMVHtnMZ17ae0f|ZGIMVHtnMZdkee|2026-11-14,K8vZ917flYV,K8vZ917flYV|https://www.ticketmaster.com/martinho-da-vila-tickets/artist/2240020
ZFIMVHtnMZ17kKFI,BR|ZFIMVHtnMZ17kKFI|Z5IMVHtnMZ61a|2026-11-18,K8vZ917qOL7,K8vZ917qOL7|https://www.ticketmaster.com/ca7riel-paco-amoroso-tickets/artist/3350684
ZFIMVHtnMZ17Fb77,BR|ZFIMVHtnMZ17Fb77|ZGIMVHtnMZdd61|2026-11-19,K8vZ917hEgV,K8vZ917hEgV|https://www.ticketmaster.com/gilsons-tickets/artist/3047500
ZFIMVHtnMZ17aA0o,BR|ZFIMVHtnMZ17aA0o|ZGIMVHtnMZe1Fk|2026-11-20,K8vZ917jyt0,K8vZ917jyt0|https://www.ticketmaster.com/14-bis-tickets/artist/3168987
ZFIMVHtnMZ17kKFE,BR|ZFIMVHtnMZ17kKFE|Z5IMVHtnMZFad|2026-11-20,K8vZ917qOL7,K8vZ917qOL7|https://www.ticketmaster.com/ca7riel-paco-amoroso-tickets/artist/3350684
ZFIMVHtnMZ17aA0p,BR|ZFIMVHtnMZ17aA0p|ZGIMVHtnMZevAa|2026-11-21,K8vZ917jyt0,K8vZ917jyt0|https://www.ticketmaster.com/14-bis-tickets/artist/3168987
ZFIMVHtnMZ17adZM,BR|ZFIMVHtnMZ17adZM|KovZ917ARjF|2026-11-21,Z5uMVHtnMZevd,Z5uMVHtnMZevd|https://www.instagram.com/dinofonsecacantor/
ZFIMVHtnMZ17FMQd,BR|ZFIMVHtnMZ17FMQd|KovZ917ARjF|2026-11-22,K8vZ917rpqf,K8vZ917rpqf|https://www.ticketmaster.com/sandro-luiz-tickets/artist/3784649
ZFIMVHtnMZ17Fgpb,BR|ZFIMVHtnMZ17Fgpb|ZGIMVHtnMZeFaa|2026-11-28,K8vZpZAAnnEk,K8vZpZAAnnEk|https://www.ticketmaster.com/gipsy-kings-by-diego-baliardo-tickets/artist/4561779
ZFIMVHtnMZ17FzfI,BR|ZFIMVHtnMZ17FzfI|KovZ917ARjF|2026-11-29,K8vZpZAAnnEk,K8vZpZAAnnEk|https://www.ticketmaster.com/gipsy-kings-by-diego-baliardo-tickets/artist/4561779
ZFIMVHtnMZ17FzfI,BR|ZFIMVHtnMZ17FzfI|KovZ917ARjF|2026-11-29,K8vZ917rKb7,K8vZ917rKb7|https://www.ticketmaster.com/sidney-magal-tickets/artist/3755024
ZFIMVHtnMZ17ae03,BR|ZFIMVHtnMZ17ae03|ZGIMVHtnMZdkee|2026-12-04,Z5uMVHtnMZ76F,Z5uMVHtnMZ76F|https://www.instagram.com/guilhermearantesoficial/
ZFIMVHtnMZ17avQb,BR|ZFIMVHtnMZ17avQb|KovZ917ARjF|2026-12-04,Z5uMVHtnMZd7a,Z5uMVHtnMZd7a|https://www.instagram.com/musicosgeriatricus/
ZFIMVHtnMZ17aFAM,BR|ZFIMVHtnMZ17aFAM|KovZ917ARjF|2026-12-05,K8vZ917jB9f,K8vZ917jB9f|https://www.ticketmaster.com/ferrugem-tickets/artist/2591605
ZFIMVHtnMZ17FExf,BR|ZFIMVHtnMZ17FExf|KovZ917ARjF|2026-12-12,K8vZ917jyI7,K8vZ917jyI7|https://www.ticketmaster.com/mauricio-manieri-tickets/artist/3168979
ZFIMVHtnMZ17ae08,BR|ZFIMVHtnMZ17ae08|ZGIMVHtnMZdkee|2026-12-18,K8vZ917Ca40,K8vZ917Ca40|https://www.ticketmaster.com/lenine-tickets/artist/1197462
ZFIMVHtnMZ17Ff8_,BR|ZFIMVHtnMZ17Ff8_|ZGIMVHtnMZek61|2026-12-19,K8vZ917Gx3V,K8vZ917Gx3V|https://www.ticketmaster.com/maria-rita-tickets/artist/1426013
ZFIMVHtnMZ17aaaS,BR|ZFIMVHtnMZ17aaaS|ZGIMVHtnMZdkee|2026-12-27,K8vZ917jyE7,K8vZ917jyE7|https://www.ticketmaster.com/geraldo-azevedo-tickets/artist/773919
ZFIMVHtnMZ17aFJ6,BR|ZFIMVHtnMZ17aFJ6|ZGIMVHtnMZevdF|2027-04-10,K8vZ9173W6V,K8vZ9173W6V|https://www.ticketmaster.com/criolo-tickets/artist/2057407
ZFIMVHtnMZ17aFJa,BR|ZFIMVHtnMZ17aFJa|ZGIMVHtnMZdd61|2027-04-23,K8vZ9173W6V,K8vZ9173W6V|https://www.ticketmaster.com/criolo-tickets/artist/2057407
ZFIMVHtnMZ17aFJF,BR|ZFIMVHtnMZ17aFJF|ZGIMVHtnMZek61|2027-04-24,K8vZ9173W6V,K8vZ9173W6V|https://www.ticketmaster.com/criolo-tickets/artist/2057407
ZFIMVHtnMZ17aFJk,BR|ZFIMVHtnMZ17aFJk|ZGIMVHtnMZeFaa|2027-05-08,K8vZ9173W6V,K8vZ9173W6V|https://www.ticketmaster.com/criolo-tickets/artist/2057407
ZFIMVHtnMZ177s_E,BR|ZFIMVHtnMZ177s_E|Z5IMVHtnMZ1dv|2027-08-01,K8vZ917jB9V,K8vZ917jB9V|https://www.ticketmaster.com/the-town-tickets/artist/3168946
ZFIMVHtnMZauQt,BR|ZFIMVHtnMZauQt|Z5IMVHtnMZ1d1|2029-05-20,Z1uMVHtnMZka,Z1uMVHtnMZka|https://www.instagram.com/orquestrasinfonicavillalobos/
ZFIMVHtnMZ177fOt,BR|ZFIMVHtnMZ177fOt|ZGIMVHtnMZedFF|2030-08-28,Z1uMVHtnMZka,Z1uMVHtnMZka|https://www.instagram.com/orquestrasinfonicavillalobos/
G5eHZbFJWcYO6,BR|G5eHZbFJWcYO6|KovZ917ARN1|2039-12-31,K8vZ9179rrV,K8vZ9179rrV|https://www.ticketmaster.com/mink-slide-tickets/artist/2552893
ZFIMVHtnMZ17AK-w,CL|ZFIMVHtnMZ17AK-w|Z5IMVHtnMZAed|2026-10-31,K8vZ9171G4V,K8vZ9171G4V|https://www.ticketmaster.com/iron-maiden-tickets/artist/735341
ZFIMVHtnMZ17A93A,CL|ZFIMVHtnMZ17A93A|Z5IMVHtnMZAed|2026-11-01,K8vZ9171G4V,K8vZ9171G4V|https://www.ticketmaster.com/iron-maiden-tickets/artist/735341
ZFIMVHtnMZ17Fy4Y,CL|ZFIMVHtnMZ17Fy4Y|ZGIMVHtnMZekve|2027-02-28,K8vZ91713Y7,K8vZ91713Y7|https://www.ticketmaster.com/foo-fighters-tickets/artist/776005
ZFIMVHtnMZ17kb8J,CL|ZFIMVHtnMZ17kb8J|Z5IMVHtnMZAed|2026-10-14,K8vZ917KpXV,K8vZ917KpXV|https://www.ticketmaster.com/bts-tickets/artist/2110227
ZFIMVHtnMZ17kK8-,CL|ZFIMVHtnMZ17kK8-|Z5IMVHtnMZAed|2026-10-16,K8vZ917KpXV,K8vZ917KpXV|https://www.ticketmaster.com/bts-tickets/artist/2110227
ZFIMVHtnMZ17kb8P,CL|ZFIMVHtnMZ17kb8P|Z5IMVHtnMZAed|2026-10-17,K8vZ917KpXV,K8vZ917KpXV|https://www.ticketmaster.com/bts-tickets/artist/2110227
ZFIMVHtnMZ17kbjE,CL|ZFIMVHtnMZ17kbjE|Z5IMVHtnMZAFF|2027-01-17,K8vZ917184V,K8vZ917184V|https://www.ticketmaster.com/rush-tickets/artist/807344
ZFIMVHtnMZ17kA0J,CL|ZFIMVHtnMZ17kA0J|Z5IMVHtnMZAFF|2026-12-04,K8vZ9171zxV,K8vZ9171zxV|https://www.ticketmaster.com/gorillaz-tickets/artist/807314
ZFIMVHtnMZ17ke-A,CL|ZFIMVHtnMZ17ke-A|Z5IMVHtnMZAFF|2026-09-27,K8vZ9171qQ0,K8vZ9171qQ0|https://www.ticketmaster.com/robbie-williams-tickets/artist/783976
G5dVZ_6nj8KMj,MX|G5dVZ_6nj8KMj|KovZpZA6EkIA|2026-11-26,K8vZ9175-f7,K8vZ9175-f7|https://www.ticketmaster.com/fado-tickets/artist/905400
G5dVZ_GYvgMHY,MX|G5dVZ_GYvgMHY|KovZpZA6EkIA|2026-11-19,K8vZ917rxIV,K8vZ917rxIV|https://www.ticketmaster.com/orquesta-nacional-de-jazz-tickets/artist/3895634
G5dVZ_Gm2GsjX,MX|G5dVZ_Gm2GsjX|KovZpZA6teaA|2026-10-31,K8vZ917qJy0,K8vZ917qJy0|https://www.ticketmaster.com/pim-pau-tickets/artist/2969724
G5dVZ_5J_uNk0,MX|G5dVZ_5J_uNk0|KovZpZAJt1aA|2026-10-14,K8vZ917Guhf,K8vZ917Guhf|https://www.ticketmaster.com/monstruos-tickets/artist/41137
G5dVZ_5J_uNk0,MX|G5dVZ_5J_uNk0|KovZpZAJt1aA|2026-10-14,K8vZ9175HJ7,K8vZ9175HJ7|https://www.ticketmaster.com/festival-internacional-cervantino-tickets/artist/1066476
G5dVZ_5JpFwR2,MX|G5dVZ_5JpFwR2|KovZpZAJt1aA|2026-10-13,K8vZ917Guhf,K8vZ917Guhf|https://www.ticketmaster.com/monstruos-tickets/artist/41137
G5dVZ_5JpFwR2,MX|G5dVZ_5JpFwR2|KovZpZAJt1aA|2026-10-13,K8vZ9175HJ7,K8vZ9175HJ7|https://www.ticketmaster.com/festival-internacional-cervantino-tickets/artist/1066476
16v8Z_6peG7Rw_9,MX|16v8Z_6peG7Rw_9|KovZpZA6I7FA|2026-11-09,K8vZ91718N0,K8vZ91718N0|https://www.ticketmaster.com/zz-top-tickets/artist/736523
16v8ZbgJ4G7H7RE,MX|16v8ZbgJ4G7H7RE|KovZpZA77t6A|2026-09-25,K8vZ917Kzef,K8vZ917Kzef|https://www.ticketmaster.com/the-neighbourhood-tickets/artist/2164718
17AZv0G61QVfjop,MX|17AZv0G61QVfjop|KovZpZAd1IaA|2027-04-10,K8vZ917pr90,K8vZ917pr90|https://www.ticketmaster.com/louis-tomlinson-tickets/artist/2434835
17AZv0G61Qs2hSa,MX|17AZv0G61Qs2hSa|KovZpZAJt1kA|2027-09-02,K8vZ91712cf,K8vZ91712cf|https://www.ticketmaster.com/scorpions-tickets/artist/736062
17AZv0G61pb9PDa,MX|17AZv0G61pb9PDa|KovZpZAIln6A|2026-11-28,K8vZ917GCbf,K8vZ917GCbf|https://www.ticketmaster.com/la-gusana-ciega-tickets/artist/710790
17AZv0G61pd2d_q,MX|17AZv0G61pd2d_q|KovZpZA6JttA|2026-09-26,K8vZ917KlL0,K8vZ917KlL0|https://www.ticketmaster.com/rebel-cats-tickets/artist/2143173
17AZv0G6212406z,MX|17AZv0G6212406z|KovZpZA6JttA|2026-11-21,K8vZ917G6yf,K8vZ917G6yf|https://www.ticketmaster.com/benny-tickets/artist/1170934
17AZv0G62Jqf7is,MX|17AZv0G62Jqf7is|KovZpZAJtkJA|2026-10-22,K8vZ917ubUV,K8vZ917ubUV|https://www.ticketmaster.com/the-vaccines-tickets/artist/1509836
17AZv0G62QQkKUT,MX|17AZv0G62QQkKUT|KovZpZAJtkJA|2026-10-17,K8vZ917p6Ef,K8vZ917p6Ef|https://www.ticketmaster.com/bandmaid-tickets/artist/2390135
17AZv0G62Uv50vM,MX|17AZv0G62Uv50vM|KovZpZA6JttA|2026-10-08,K8vZ917-ag0,K8vZ917-ag0|https://www.ticketmaster.com/ltd-rock-tickets/artist/4602096
17AZv0G62dehD_M,MX|17AZv0G62dehD_M|KovZpZAIln6A|2026-11-09,K8vZ917G6f7,K8vZ917G6f7|https://www.ticketmaster.com/andres-calamaro-tickets/artist/1170937
17AZv0G65B1mPwd,MX|17AZv0G65B1mPwd|KovZpZA6JttA|2026-11-19,K8vZ917qBwf,K8vZ917qBwf|https://www.ticketmaster.com/arde-bogota-tickets/artist/3529989
17AZv0G65eGE4QH,MX|17AZv0G65eGE4QH|KovZpZAIln6A|2027-01-14,K8vZ9175tWf,K8vZ9175tWf|https://www.ticketmaster.com/apocalyptica-tickets/artist/783820
17AZv0G65pX_L4R,MX|17AZv0G65pX_L4R|KovZpZA77t6A|2026-10-19,K8vZ9171CY7,K8vZ9171CY7|https://www.ticketmaster.com/def-leppard-tickets/artist/734898
17AZv0G65pX_L4R,MX|17AZv0G65pX_L4R|KovZpZA77t6A|2026-10-19,K8vZ9171Caf,K8vZ9171Caf|https://www.ticketmaster.com/extreme-tickets/artist/907103
17AZv0G65wU4X_s,MX|17AZv0G65wU4X_s|KovZpZA77t6A|2026-11-23,K8vZ917G7y7,K8vZ917G7y7|https://www.ticketmaster.com/soda-stereo-tickets/artist/1138263
17AZv0G6CXnQJmA,MX|17AZv0G6CXnQJmA|KovZpZAJllnA|2026-11-13,K8vZ917G6f7,K8vZ917G6f7|https://www.ticketmaster.com/andres-calamaro-tickets/artist/1170937
17AZv0G6G34Y4ux,MX|17AZv0G6G34Y4ux|KovZpZAJllnA|2026-10-13,K8vZ9178SO0,K8vZ9178SO0|https://www.ticketmaster.com/rhye-tickets/artist/1828422
1AfZk38Gkd-ilAI,MX|1AfZk38Gkd-ilAI|KovZpZAIln6A|2026-10-12,K8vZ9171x47,K8vZ9171x47|https://www.ticketmaster.com/travis-tickets/artist/723651
1AfZk38GkdBtYYk,MX|1AfZk38GkdBtYYk|KovZpZAJllnA|2026-10-14,K8vZ9171x47,K8vZ9171x47|https://www.ticketmaster.com/travis-tickets/artist/723651
1AfZk39GkeB4nU2,MX|1AfZk39GkeB4nU2|KovZpZA77t6A|2026-11-25,K8vZ917G6ff,K8vZ917G6ff|https://www.ticketmaster.com/babasonicos-tickets/artist/837396
1AfZk3oGkd3hTId,MX|1AfZk3oGkd3hTId|KovZpZA6I7FA|2027-02-28,K8vZ9171CG7,K8vZ9171CG7|https://www.ticketmaster.com/foreigner-tickets/artist/735109
1AfZkfIGkeH_9rV,MX|1AfZkfIGkeH_9rV|KovZpZAJtkJA|2026-11-27,K8vZ917G6w7,K8vZ917G6w7|https://www.ticketmaster.com/insite-tickets/artist/1168377
1AfZkf_GkenmJix,MX|1AfZkf_GkenmJix|KovZpZAJtkJA|2026-12-04,K8vZ917-qEf,K8vZ917-qEf|https://www.ticketmaster.com/la-esfinge-tickets/artist/4643581
1AfZkffGkdyiS51,MX|1AfZkffGkdyiS51|KovZpZAJtkJA|2027-03-05,K8vZ91784xV,K8vZ91784xV|https://www.ticketmaster.com/peter-hook-and-the-light-tickets/artist/1783912
1AfZkfpGkdmfFhZ,MX|1AfZkfpGkdmfFhZ|KovZpZAJtkJA|2026-12-05,K8vZ917-qEf,K8vZ917-qEf|https://www.ticketmaster.com/la-esfinge-tickets/artist/4643581
1AfZkoPGkeSQFHt,MX|1AfZkoPGkeSQFHt|KovZpZAJllnA|2026-10-16,K8vZ917GL50,K8vZ917GL50|https://www.ticketmaster.com/two-door-cinema-club-tickets/artist/1407642
1AfZkoPGkew4IVC,MX|1AfZkoPGkew4IVC|KovZpZAJllnA|2026-10-15,K8vZ917GL50,K8vZ917GL50|https://www.ticketmaster.com/two-door-cinema-club-tickets/artist/1407642
1AfZkoPGkez0t06,MX|1AfZkoPGkez0t06|KovZpZAIln6A|2026-10-13,K8vZ917GL50,K8vZ917GL50|https://www.ticketmaster.com/two-door-cinema-club-tickets/artist/1407642
1AfZkoVGkdOeqr8,MX|1AfZkoVGkdOeqr8|KovZpZAJt1kA|2026-11-13,K8vZ91718N0,K8vZ91718N0|https://www.ticketmaster.com/zz-top-tickets/artist/736523
1AfZko_GkdtoORB,MX|1AfZko_GkdtoORB|KovZpZA6JttA|2026-10-03,K8vZ9172VC0,K8vZ9172VC0|https://www.ticketmaster.com/lost-acapulco-tickets/artist/1732790
1AfZkowGkesNzmv,MX|1AfZkowGkesNzmv|KovZpZAJllnA|2026-10-17,K8vZ9173pN0,K8vZ9173pN0|https://www.ticketmaster.com/airbag-tickets/artist/1982102
1AfZkuJGkdrlhIY,MX|1AfZkuJGkdrlhIY|KovZpZA77t6A|2026-09-26,K8vZ917Kzef,K8vZ917Kzef|https://www.ticketmaster.com/the-neighbourhood-tickets/artist/2164718
1Av8Z_7GkmnBF-0,MX|1Av8Z_7GkmnBF-0|KovZpZA77t6A|2026-10-07,K8vZ9171qQ0,K8vZ9171qQ0|https://www.ticketmaster.com/robbie-williams-tickets/artist/783976
1Av8Z_8Gkm843cs,MX|1Av8Z_8Gkm843cs|KovZpZAJt1kA|2027-09-02,K8vZ91712cf,K8vZ91712cf|https://www.ticketmaster.com/scorpions-tickets/artist/736062
1Av8Z_8GkwW-Et3,MX|1Av8Z_8GkwW-Et3|KovZpZA6JttA|2026-11-20,K8vZ917j2W0,K8vZ917j2W0|https://www.ticketmaster.com/lo-mejor-del-rock-tickets/artist/3094734
1Av8Z_AGklIJVsg,MX|1Av8Z_AGklIJVsg|KovZpZA77t6A|2026-10-08,K8vZ9171qQ0,K8vZ9171qQ0|https://www.ticketmaster.com/robbie-williams-tickets/artist/783976
1Av8Z_aGkBsbG4a,MX|1Av8Z_aGkBsbG4a|KovZpZAd1IaA|2026-11-27,K8vZ917OatV,K8vZ917OatV|https://www.ticketmaster.com/los-autenticos-caligaris-tickets/artist/4436384
1Av8Z_aGkBsbG4a,MX|1Av8Z_aGkBsbG4a|KovZpZAd1IaA|2026-11-27,K8vZ917rCdf,K8vZ917rCdf|https://www.ticketmaster.com/los-caligaris-tickets/artist/3715869
1Av8Z_aGkBsbG4a,MX|1Av8Z_aGkBsbG4a|KovZpZAd1IaA|2026-11-27,K8vZ917G697,K8vZ917G697|https://www.ticketmaster.com/los-autenticos-decadentes-tickets/artist/1166448
1Av8Z_aGkS0hmjW,MX|1Av8Z_aGkS0hmjW|KovZpZA6I7FA|2027-08-27,K8vZ91712cf,K8vZ91712cf|https://www.ticketmaster.com/scorpions-tickets/artist/736062
1Av8Z_kGkU6hVzv,MX|1Av8Z_kGkU6hVzv|KovZpZAJt1kA|2026-11-20,K8vZ917OatV,K8vZ917OatV|https://www.ticketmaster.com/los-autenticos-caligaris-tickets/artist/4436384
1Av8Z_kGkU6hVzv,MX|1Av8Z_kGkU6hVzv|KovZpZAJt1kA|2026-11-20,K8vZ917G697,K8vZ917G697|https://www.ticketmaster.com/los-autenticos-decadentes-tickets/artist/1166448
1Av8Z_kGkU6hVzv,MX|1Av8Z_kGkU6hVzv|KovZpZAJt1kA|2026-11-20,K8vZ917rCdf,K8vZ917rCdf|https://www.ticketmaster.com/los-caligaris-tickets/artist/3715869
1Av8Z_kGkw__pcE,MX|1Av8Z_kGkw__pcE|KovZpZA6JttA|2026-10-23,K8vZ9172rxV,K8vZ9172rxV|https://www.ticketmaster.com/jessie-ware-tickets/artist/1695927
1Av8Z_kGkw__pcE,MX|1Av8Z_kGkw__pcE|KovZpZA6JttA|2026-10-23,K8vZ917QfR0,K8vZ917QfR0|https://www.ticketmaster.com/dhruv-tickets/artist/2860056
1Av8Z_kGkwbOUPR,MX|1Av8Z_kGkwbOUPR|KovZpZA6JttA|2026-10-22,K8vZ9172rxV,K8vZ9172rxV|https://www.ticketmaster.com/jessie-ware-tickets/artist/1695927
1Av8Z_kGkwbOUPR,MX|1Av8Z_kGkwbOUPR|KovZpZA6JttA|2026-10-22,K8vZ917QfR0,K8vZ917QfR0|https://www.ticketmaster.com/dhruv-tickets/artist/2860056
1Av8Z_oGkTsUT-z,MX|1Av8Z_oGkTsUT-z|KovZpZA6JttA|2027-02-28,K8vZ917-Ox7,K8vZ917-Ox7|https://www.ticketmaster.com/mexfloyd-tickets/artist/4656636
1Av8Z_oGkU8L4nL,MX|1Av8Z_oGkU8L4nL|KovZpZA6JttA|2027-02-20,K8vZ917hTH7,K8vZ917hTH7|https://www.ticketmaster.com/percance-tickets/artist/3083077
1Av8ZbYGkUdZZ0K,MX|1Av8ZbYGkUdZZ0K|KovZpZAIln6A|2027-02-27,K8vZ9171CG7,K8vZ9171CG7|https://www.ticketmaster.com/foreigner-tickets/artist/735109
1av8Z_axK_fZdue5,MX|1av8Z_axK_fZdue5|KovZpZA77t6A|2027-08-30,K8vZ91712cf,K8vZ91712cf|https://www.ticketmaster.com/scorpions-tickets/artist/736062
1kAZv0O_GACd0X8,MX|1kAZv0O_GACd0X8|KovZpZAIln6A|2027-02-25,K8vZ917Gfg7,K8vZ917Gfg7|https://www.ticketmaster.com/jorge-drexler-tickets/artist/1331860
1kAZv0ObGAu_N3Y,MX|1kAZv0ObGAu_N3Y|KovZpZA6I7FA|2027-02-27,K8vZ917Gfg7,K8vZ917Gfg7|https://www.ticketmaster.com/jorge-drexler-tickets/artist/1331860
1kAZv0ObGAuwKfU,MX|1kAZv0ObGAuwKfU|KovZpZA6JttA|2026-09-24,K8vZ917_9_7,K8vZ917_9_7|https://www.ticketmaster.com/marco-mares-tickets/artist/2783813
G5dVZ_1Xginx-,MX|G5dVZ_1Xginx-|KovZpZA6EkkA|2027-01-16,K8vZ9175tWf,K8vZ9175tWf|https://www.ticketmaster.com/apocalyptica-tickets/artist/783820
G5dVZ_1kcIEvw,MX|G5dVZ_1kcIEvw|KovZpZA7AJ6A|2026-10-01,K8vZ9171ISV,K8vZ9171ISV|https://www.ticketmaster.com/jessica-simpson-tickets/artist/776470
G5dVZ_1p0IgFJ,MX|G5dVZ_1p0IgFJ|KovZpZAEvelA|2026-11-21,K8vZ917O7Hf,K8vZ917O7Hf|https://www.ticketmaster.com/luisa-vox-tickets/artist/4415834
G5dVZ_1rGs7v1,MX|G5dVZ_1rGs7v1|KovZpZA6EkkA|2027-01-21,K8vZ917G4k7,K8vZ917G4k7|https://www.ticketmaster.com/fangoria-tickets/artist/1371463
G5dVZ_21DVJuU,MX|G5dVZ_21DVJuU|KovZpZA6EFEA|2026-11-11,K8vZ917G6f7,K8vZ917G6f7|https://www.ticketmaster.com/andres-calamaro-tickets/artist/1170937
G5dVZ_2Ov9Qhf,MX|G5dVZ_2Ov9Qhf|KovZpZA7AJ6A|2027-01-16,K8vZ9174VgV,K8vZ9174VgV|https://www.ticketmaster.com/el-haragan-tickets/artist/2342243
G5dVZ_3pdPoto,MX|G5dVZ_3pdPoto|KovZpZA6EtdA|2027-02-26,K8vZ917oxzV,K8vZ917oxzV|https://www.ticketmaster.com/crush-40-tickets/artist/1897986
G5dVZ_5361KlA,MX|G5dVZ_5361KlA|KovZpZA6El6A|2026-10-21,K8vZ9171CY7,K8vZ9171CY7|https://www.ticketmaster.com/def-leppard-tickets/artist/734898
G5dVZ_5361KlA,MX|G5dVZ_5361KlA|KovZpZA6El6A|2026-10-21,K8vZ9171Caf,K8vZ9171Caf|https://www.ticketmaster.com/extreme-tickets/artist/907103
G5dVZ_5BFISwp,MX|G5dVZ_5BFISwp|KovZpZA6EtdA|2026-11-07,K8vZ917KM7f,K8vZ917KM7f|https://www.ticketmaster.com/trex-tickets/artist/2163852
G5dVZ_5pYX5qz,MX|G5dVZ_5pYX5qz|KovZpZA7AJ6A|2026-11-14,K8vZ9178Kpf,K8vZ9178Kpf|https://www.ticketmaster.com/dld-tickets/artist/1780240
G5dVZ_5pxC_p5,MX|G5dVZ_5pxC_p5|KovZpZA7AJ6A|2026-11-13,K8vZ9178Kpf,K8vZ9178Kpf|https://www.ticketmaster.com/dld-tickets/artist/1780240
G5dVZ_62Rsy3s,MX|G5dVZ_62Rsy3s|KovZpZA6EkkA|2027-02-20,K8vZ917Gfg7,K8vZ917Gfg7|https://www.ticketmaster.com/jorge-drexler-tickets/artist/1331860
G5dVZ_6p7b3c_,MX|G5dVZ_6p7b3c_|KovZpZA6EkkA|2026-11-11,K8vZ91718N0,K8vZ91718N0|https://www.ticketmaster.com/zz-top-tickets/artist/736523
G5dVZ_8KO5P5G,MX|G5dVZ_8KO5P5G|KovZpZAEvelA|2026-10-23,K8vZ9179Nc0,K8vZ9179Nc0|https://www.ticketmaster.com/tipling-rock-tickets/artist/2562050
G5dVZ_8XZavz-,MX|G5dVZ_8XZavz-|KovZpZA6EkkA|2027-03-03,K8vZ9171CG7,K8vZ9171CG7|https://www.ticketmaster.com/foreigner-tickets/artist/735109
G5dVZ_8k390Ci,MX|G5dVZ_8k390Ci|KovZpZAEvelA|2026-10-24,K8vZ9179ck0,K8vZ9179ck0|https://www.ticketmaster.com/bengala-tickets/artist/2575892
G5dVZ_AKmwpzj,MX|G5dVZ_AKmwpzj|KovZpZAEvelA|2026-11-27,K8vZ9172aG7,K8vZ9172aG7|https://www.ticketmaster.com/kakkmaddafakka-tickets/artist/1660611
G5dVZ_FEJx9lF,MX|G5dVZ_FEJx9lF|KovZpZAd1l6A|2026-10-24,K8vZ9179Nc0,K8vZ9179Nc0|https://www.ticketmaster.com/tipling-rock-tickets/artist/2562050
G5dVZ_G9kn9Eq,MX|G5dVZ_G9kn9Eq|KovZ917AV-9|2026-10-09,K8vZ917OcIf,K8vZ917OcIf|https://www.ticketmaster.com/la-santisima-voladora-tickets/artist/4537159
G5dVZ_G9kn9Eq,MX|G5dVZ_G9kn9Eq|KovZ917AV-9|2026-10-09,K8vZ9175HJ7,K8vZ9175HJ7|https://www.ticketmaster.com/festival-internacional-cervantino-tickets/artist/1066476
G5dVZ_GDzHif9,MX|G5dVZ_GDzHif9|KovZpZAEvelA|2026-11-13,K8vZ917rnF7,K8vZ917rnF7|https://www.ticketmaster.com/diezell-tickets/artist/3959299
G5dVZ_GEyRgK4,MX|G5dVZ_GEyRgK4|KovZpZAJIAIA|2026-10-11,K8vZ9175DZV,K8vZ9175DZV|https://www.ticketmaster.com/peter-bjorn-and-john-tickets/artist/1104811
G5dVZ_GNyp0VJ,MX|G5dVZ_GNyp0VJ|KovZpZA7AJ6A|2026-11-27,K8vZ917q7sV,K8vZ917q7sV|https://www.ticketmaster.com/kudai-tickets/artist/3189438
G5dVZ_GNyp0VJ,MX|G5dVZ_GNyp0VJ|KovZpZA7AJ6A|2026-11-27,K8vZ917OgP0,K8vZ917OgP0|https://www.ticketmaster.com/nikki-clan-tickets/artist/4538904
G5dVZ_Gm10v3r,MX|G5dVZ_Gm10v3r|KovZpZA7AJ6A|2027-01-21,K8vZ9171u5f,K8vZ9171u5f|https://www.ticketmaster.com/belinda-carlisle-tickets/artist/734702
G5dVZ_Gm10v3r,MX|G5dVZ_Gm10v3r|KovZpZA7AJ6A|2027-01-21,K8vZ9171CjV,K8vZ9171CjV|https://www.ticketmaster.com/joan-osborne-tickets/artist/774666
G5dVZ_aUJLAek,MX|G5dVZ_aUJLAek|KovZpZA6EtdA|2026-11-29,K8vZ917Od97,K8vZ917Od97|https://www.ticketmaster.com/electrify-tickets/artist/4403274
G5dVZ_aUJLAek,MX|G5dVZ_aUJLAek|KovZpZA6EtdA|2026-11-29,K8vZ9178pS0,K8vZ9178pS0|https://www.ticketmaster.com/los-daniels-tickets/artist/1785768
G5dVZ_oKeRJai,MX|G5dVZ_oKeRJai|KovZ917AVGy|2026-10-16,K8vZ917LqeV,K8vZ917LqeV|https://www.ticketmaster.com/la-cantadera-tickets/artist/4278004
G5dVZ_oKeRUaw,MX|G5dVZ_oKeRUaw|KovZ917AVGy|2026-11-13,K8vZ917LqeV,K8vZ917LqeV|https://www.ticketmaster.com/la-cantadera-tickets/artist/4278004
G5dVZ_oOeNJkF,MX|G5dVZ_oOeNJkF|KovZpZA6EFEA|2027-01-15,K8vZ917-qEf,K8vZ917-qEf|https://www.ticketmaster.com/la-esfinge-tickets/artist/4643581
G5dVZ_old7aHe,MX|G5dVZ_old7aHe|KovZ917AEuQ|2026-11-26,K8vZ917h_W7,K8vZ917h_W7|https://www.ticketmaster.com/leonardo-de-lozane-tickets/artist/3016968
G5dVZ_oxtWwyL,MX|G5dVZ_oxtWwyL|KovZpZA6EFEA|2027-01-16,K8vZ917-qEf,K8vZ917-qEf|https://www.ticketmaster.com/la-esfinge-tickets/artist/4643581
G5dVZ_umWE3RR,MX|G5dVZ_umWE3RR|KovZpZA7AJ6A|2026-09-25,K8vZ917-b6V,K8vZ917-b6V|https://www.ticketmaster.com/los-revenants-tickets/artist/4624411
G5dVZbMQ4IKvp,MX|G5dVZbMQ4IKvp|KovZpZA6IedA|2026-11-26,K8vZ917G6ff,K8vZ917G6ff|https://www.ticketmaster.com/babasonicos-tickets/artist/837396
16fZkoo-IZAG7Aae,MX|16fZkoo-IZAG7Aae|KovZpZA6JttA|2026-11-13,K8vZ917pwJ7,K8vZ917pwJ7|https://www.ticketmaster.com/el-kanka-tickets/artist/2472546
16v8Z_arfG7nfSB,MX|16v8Z_arfG7nfSB|KovZpZA6JttA|2026-12-12,K8vZ917G1-f,K8vZ917G1-f|https://www.ticketmaster.com/motel-tickets/artist/1241339
16v8Z_ax_G7cAxx,MX|16v8Z_ax_G7cAxx|KovZpZAJllnA|2026-10-29,K8vZ917hvgf,K8vZ917hvgf|https://www.ticketmaster.com/timo-tickets/artist/2961859
16v8Z_dkbG7IpGM,MX|16v8Z_dkbG7IpGM|KovZpZA6I7FA|2026-12-11,K8vZ917CUD0,K8vZ917CUD0|https://www.ticketmaster.com/siddhartha-tickets/artist/1629841
16v8Z_dkpG7Hkdj,MX|16v8Z_dkpG7Hkdj|KovZpZA6I7FA|2026-10-02,K8vZ917CUD0,K8vZ917CUD0|https://www.ticketmaster.com/siddhartha-tickets/artist/1629841
16v8Z_kQAG7Bx0e,MX|16v8Z_kQAG7Bx0e|KovZpZAJt1kA|2026-11-12,K8vZ917CUD0,K8vZ917CUD0|https://www.ticketmaster.com/siddhartha-tickets/artist/1629841
16v8Z_oJAG7W3jY,MX|16v8Z_oJAG7W3jY|KovZpZA6JttA|2027-03-25,K8vZ9179HEV,K8vZ9179HEV|https://www.ticketmaster.com/lola-indigo-tickets/artist/2614950
17AZv0G613ToQTM,MX|17AZv0G613ToQTM|KovZpZAIln6A|2026-11-07,K8vZ917hy0f,K8vZ917hy0f|https://www.ticketmaster.com/elias-medina-tickets/artist/3075671
17AZv0G61B3vgEH,MX|17AZv0G61B3vgEH|KovZpZAIln6A|2026-10-19,K8vZ917pDpV,K8vZ917pDpV|https://www.ticketmaster.com/the-midnight-tickets/artist/2485101
17AZv0G61B5d70u,MX|17AZv0G61B5d70u|KovZpZAJt1kA|2026-11-21,K8vZ9175Taf,K8vZ9175Taf|https://www.ticketmaster.com/david-bisbal-tickets/artist/890644
17AZv0G61BNAIx1,MX|17AZv0G61BNAIx1|KovZpZA6I7FA|2026-11-19,K8vZ9175Taf,K8vZ9175Taf|https://www.ticketmaster.com/david-bisbal-tickets/artist/890644
17AZv0G61C4nf6d,MX|17AZv0G61C4nf6d|KovZpZA6JttA|2026-11-25,K8vZ917pj27,K8vZ917pj27|https://www.ticketmaster.com/giant-rooks-tickets/artist/2430981
17AZv0G61M-Mqwh,MX|17AZv0G61M-Mqwh|KovZpZAJt1kA|2026-11-17,K8vZ917Kit0,K8vZ917Kit0|https://www.ticketmaster.com/mon-laferte-tickets/artist/2144574
17AZv0G61NaSPa5,MX|17AZv0G61NaSPa5|KovZpZAJllnA|2026-10-18,K8vZ917CD4V,K8vZ917CD4V|https://www.ticketmaster.com/omd-tickets/artist/1541803
17AZv0G61TwRHk7,MX|17AZv0G61TwRHk7|KovZpZAEvvIA|2026-11-28,K8vZ917jDpV,K8vZ917jDpV|https://www.ticketmaster.com/disco-bahia-tickets/artist/3173306
17AZv0G61m2A3XE,MX|17AZv0G61m2A3XE|KovZpZA77t6A|2026-11-28,K8vZ917q517,K8vZ917q517|https://www.ticketmaster.com/katseye-tickets/artist/3259344
17AZv0G61muJeVj,MX|17AZv0G61muJeVj|KovZpZA77t6A|2026-11-27,K8vZ917q517,K8vZ917q517|https://www.ticketmaster.com/katseye-tickets/artist/3259344
17AZv0G61pC17xh,MX|17AZv0G61pC17xh|KovZpZAIln6A|2026-10-17,K8vZ917_p07,K8vZ917_p07|https://www.ticketmaster.com/serbia-tickets/artist/2656333
17AZv0G61xsqm6c,MX|17AZv0G61xsqm6c|KovZpZAJtkJA|2026-10-24,K8vZ917C2p7,K8vZ917C2p7|https://www.ticketmaster.com/cannons-tickets/artist/1574861
17AZv0G61xwSC9x,MX|17AZv0G61xwSC9x|KovZpZAIln6A|2026-11-20,K8vZ9172MA0,K8vZ9172MA0|https://www.ticketmaster.com/lp-tickets/artist/903365
17AZv0G62DsFC41,MX|17AZv0G62DsFC41|KovZpZA6JttA|2027-03-06,K8vZ917pjDf,K8vZ917pjDf|https://www.ticketmaster.com/syml-tickets/artist/2431236
17AZv0G62JFKxEm,MX|17AZv0G62JFKxEm|KovZpZAJt1kA|2026-10-30,K8vZ917QjkV,K8vZ917QjkV|https://www.ticketmaster.com/kevin-kaarl-tickets/artist/2891229
17AZv0G62wK3gPk,MX|17AZv0G62wK3gPk|KovZpZAEklIA|2026-09-26,K8vZ917GAO7,K8vZ917GAO7|https://www.ticketmaster.com/whomadewho-tickets/artist/35018
17AZv0G62wcDySs,MX|17AZv0G62wcDySs|KovZpZA77t6A|2026-11-21,K8vZ917h4M0,K8vZ917h4M0|https://www.ticketmaster.com/cuarteto-de-nos-tickets/artist/1397894
17AZv0G65ICuWJN,MX|17AZv0G65ICuWJN|KovZpZA6JttA|2026-10-24,K8vZ9174Uk0,K8vZ9174Uk0|https://www.ticketmaster.com/abel-pintos-tickets/artist/2344858
17AZv0G65M2hKIN,MX|17AZv0G65M2hKIN|KovZpZAJt1kA|2027-01-15,K8vZ917bV3f,K8vZ917bV3f|https://www.ticketmaster.com/hayley-williams-tickets/artist/2733627
17AZv0G65M2hKIN,MX|17AZv0G65M2hKIN|KovZpZAJt1kA|2027-01-15,K8vZ9172pgf,K8vZ9172pgf|https://www.ticketmaster.com/mannequin-pussy-tickets/artist/1682822
17AZv0G65MXuXzA,MX|17AZv0G65MXuXzA|KovZpZA6JttA|2026-11-05,K8vZ917poh0,K8vZ917poh0|https://www.ticketmaster.com/puma-blue-tickets/artist/2410438
17AZv0G65UlWtLf,MX|17AZv0G65UlWtLf|KovZpZA6I7FA|2027-01-17,K8vZ917bV3f,K8vZ917bV3f|https://www.ticketmaster.com/hayley-williams-tickets/artist/2733627
17AZv0G65UlWtLf,MX|17AZv0G65UlWtLf|KovZpZA6I7FA|2027-01-17,K8vZ9172pgf,K8vZ9172pgf|https://www.ticketmaster.com/mannequin-pussy-tickets/artist/1682822
17AZv0G65VII66G,MX|17AZv0G65VII66G|KovZpZA6JttA|2026-11-01,K8vZ917KXv7,K8vZ917KXv7|https://www.ticketmaster.com/akira-yamaoka-tickets/artist/2175202
17AZv0G65e4hpwt,MX|17AZv0G65e4hpwt|KovZpZA6I7FA|2026-11-25,K8vZ9172MA0,K8vZ9172MA0|https://www.ticketmaster.com/lp-tickets/artist/903365
17AZv0G65eMKX4B,MX|17AZv0G65eMKX4B|KovZpZAJllnA|2026-10-10,K8vZ917-1HV,K8vZ917-1HV|https://www.ticketmaster.com/entre-compas-tickets/artist/4594496
17AZv0G65fpF2uq,MX|17AZv0G65fpF2uq|KovZpZA6I7FA|2026-12-02,K8vZ917K490,K8vZ917K490|https://www.ticketmaster.com/kali-uchis-tickets/artist/2107409
17AZv0G65m7JJhL,MX|17AZv0G65m7JJhL|KovZpZA6JttA|2026-11-03,K8vZ917LZL7,K8vZ917LZL7|https://www.ticketmaster.com/leire-martinez-tickets/artist/4124479
17AZv0G6CXrK0BT,MX|17AZv0G6CXrK0BT|KovZpZAJt1kA|2026-11-16,K8vZ917Kit0,K8vZ917Kit0|https://www.ticketmaster.com/mon-laferte-tickets/artist/2144574
17AZv0G6G2bxWEh,MX|17AZv0G6G2bxWEh|KovZpZAJt1kA|2026-11-14,K8vZ917bqI7,K8vZ917bqI7|https://www.ticketmaster.com/dimash-qudaibergen-tickets/artist/2682294
17AZv0G6G34jg1J,MX|17AZv0G6G34jg1J|KovZpZA6I7FA|2026-11-17,K8vZ917bqI7,K8vZ917bqI7|https://www.ticketmaster.com/dimash-qudaibergen-tickets/artist/2682294
17AZv0G6G3_bAnq,MX|17AZv0G6G3_bAnq|KovZpZA77t6A|2026-11-19,K8vZ917bqI7,K8vZ917bqI7|https://www.ticketmaster.com/dimash-qudaibergen-tickets/artist/2682294
17AZv0G6G3h6gUV,MX|17AZv0G6G3h6gUV|KovZpZA77t6A|2026-11-20,K8vZ917bqI7,K8vZ917bqI7|https://www.ticketmaster.com/dimash-qudaibergen-tickets/artist/2682294
17AZv0G6G5-oOJ-,MX|17AZv0G6G5-oOJ-|KovZpZAIln6A|2026-11-10,K8vZ917LZL7,K8vZ917LZL7|https://www.ticketmaster.com/leire-martinez-tickets/artist/4124479
17AZv0G6GEAoRd1,MX|17AZv0G6GEAoRd1|KovZpZA6JttA|2026-11-14,K8vZ917KitV,K8vZ917KitV|https://www.ticketmaster.com/little-jesus-tickets/artist/2144575
17AZv0G6u2dFacT,MX|17AZv0G6u2dFacT|KovZpZAJllnA|2026-11-29,K8vZ9175_T7,K8vZ9175_T7|https://www.ticketmaster.com/the-mars-volta-tickets/artist/874545
17AZv0G6uxA5w3r,MX|17AZv0G6uxA5w3r|KovZpZA6JttA|2026-10-02,K8vZ91740af,K8vZ91740af|https://www.ticketmaster.com/hija-de-la-luna-tickets/artist/2304875
17AZv0G6uxA5w3r,MX|17AZv0G6uxA5w3r|KovZpZA6JttA|2026-10-02,K8vZ9171aq0,K8vZ9171aq0|https://www.ticketmaster.com/mecano-tickets/artist/755078
1AfZk3FGkexqMxD,MX|1AfZk3FGkexqMxD|KovZpZAJtkJA|2026-11-21,K8vZ917r_kV,K8vZ917r_kV|https://www.ticketmaster.com/malcriada-tickets/artist/3805599
1AfZk3eGkeBi9id,MX|1AfZk3eGkeBi9id|KovZpZA77t6A|2026-11-06,K8vZ9174edf,K8vZ9174edf|https://www.ticketmaster.com/morat-tickets/artist/2261438
1AfZk3eGkeDJEUx,MX|1AfZk3eGkeDJEUx|KovZpZA77t6A|2026-11-07,K8vZ9174edf,K8vZ9174edf|https://www.ticketmaster.com/morat-tickets/artist/2261438
1AfZk3eGkeDJMU0,MX|1AfZk3eGkeDJMU0|KovZpZA77t6A|2026-11-08,K8vZ9174edf,K8vZ9174edf|https://www.ticketmaster.com/morat-tickets/artist/2261438
1AfZk3eGkeDJMUJ,MX|1AfZk3eGkeDJMUJ|KovZpZA77t6A|2026-11-15,K8vZ9174edf,K8vZ9174edf|https://www.ticketmaster.com/morat-tickets/artist/2261438
1AfZk3eGkeDtEUT,MX|1AfZk3eGkeDtEUT|KovZpZA77t6A|2026-11-14,K8vZ9174edf,K8vZ9174edf|https://www.ticketmaster.com/morat-tickets/artist/2261438
1AfZk3eGkeDtEUW,MX|1AfZk3eGkeDtEUW|KovZpZA77t6A|2026-11-13,K8vZ9174edf,K8vZ9174edf|https://www.ticketmaster.com/morat-tickets/artist/2261438
1AfZk3eGkeDtMMv,MX|1AfZk3eGkeDtMMv|KovZpZA77t6A|2026-11-17,K8vZ9174edf,K8vZ9174edf|https://www.ticketmaster.com/morat-tickets/artist/2261438
1AfZk3oGkd9pv69,MX|1AfZk3oGkd9pv69|KovZpZA6JttA|2026-10-06,K8vZ917_6ef,K8vZ917_6ef|https://www.ticketmaster.com/geese-tickets/artist/2768569
1AfZk3oGkd9pv69,MX|1AfZk3oGkd9pv69|KovZpZA6JttA|2026-10-06,K8vZ91750_V,K8vZ91750_V|https://www.ticketmaster.com/mariachi-de-america-tickets/artist/918737
1AfZk8MGke0P9c7,MX|1AfZk8MGke0P9c7|KovZpZA6I7FA|2026-10-20,K8vZ9171sp7,K8vZ9171sp7|https://www.ticketmaster.com/hombres-g-tickets/artist/754993
1AfZk8MGkeEfIIC,MX|1AfZk8MGkeEfIIC|KovZpZA6I7FA|2026-10-22,K8vZ9171sp7,K8vZ9171sp7|https://www.ticketmaster.com/hombres-g-tickets/artist/754993
1AfZkf4GkenopD9,MX|1AfZkf4GkenopD9|KovZpZAd1IaA|2027-02-05,K8vZ917KSff,K8vZ917KSff|https://www.ticketmaster.com/the-warning-tickets/artist/2156114
1AfZkf4GkenopD9,MX|1AfZkf4GkenopD9|KovZpZAd1IaA|2027-02-05,K8vZ917beWV,K8vZ917beWV|https://www.ticketmaster.com/the-linda-lindas-tickets/artist/2633160
1AfZkfAGkdvfDSk,MX|1AfZkfAGkdvfDSk|KovZpZA6JttA|2026-11-24,K8vZ917Gref,K8vZ917Gref|https://www.ticketmaster.com/love-of-lesbian-tickets/artist/170033
1AfZkfxGkeWWhQn,MX|1AfZkfxGkeWWhQn|KovZpZAIln6A|2027-01-30,K8vZ917fBh0,K8vZ917fBh0|https://www.ticketmaster.com/carlos-sadness-tickets/artist/2254506
1AfZko6GkdOMhCZ,MX|1AfZko6GkdOMhCZ|KovZpZA77t6A|2027-02-13,K8vZ9175rEf,K8vZ9175rEf|https://www.ticketmaster.com/hilary-duff-tickets/artist/882305
1AfZko6GkdOa5Fw,MX|1AfZko6GkdOa5Fw|KovZpZA77t6A|2027-02-12,K8vZ9175rEf,K8vZ9175rEf|https://www.ticketmaster.com/hilary-duff-tickets/artist/882305
1AfZkoAGkd-urTg,MX|1AfZkoAGkd-urTg|KovZpZAJllnA|2026-10-01,K8vZ9173pH7,K8vZ9173pH7|https://www.ticketmaster.com/tove-lo-tickets/artist/1983301
1AfZkoKGkdxQ4ql,MX|1AfZkoKGkdxQ4ql|KovZpZAIln6A|2026-11-19,K8vZ917f0v7,K8vZ917f0v7|https://www.ticketmaster.com/caloncho-tickets/artist/2228528
1AfZkoKGkeHFWxD,MX|1AfZkoKGkeHFWxD|KovZpZAd1IaA|2026-12-08,K8vZ917GJc7,K8vZ917GJc7|https://www.ticketmaster.com/bruno-mars-tickets/artist/1466801
1AfZkoKGkeHFWxD,MX|1AfZkoKGkeHFWxD|KovZpZAd1IaA|2026-12-08,K8vZ917QDEf,K8vZ917QDEf|https://www.ticketmaster.com/dj-pee-wee-tickets/artist/2955743
1AfZkoKGkeHFWxy,MX|1AfZkoKGkeHFWxy|KovZpZAd1IaA|2026-12-07,K8vZ917GJc7,K8vZ917GJc7|https://www.ticketmaster.com/bruno-mars-tickets/artist/1466801
1AfZkoKGkeHFWxy,MX|1AfZkoKGkeHFWxy|KovZpZAd1IaA|2026-12-07,K8vZ917QDEf,K8vZ917QDEf|https://www.ticketmaster.com/dj-pee-wee-tickets/artist/2955743
1AfZkoKGkeHFcxU,MX|1AfZkoKGkeHFcxU|KovZpZAd1IaA|2026-12-04,K8vZ917GJc7,K8vZ917GJc7|https://www.ticketmaster.com/bruno-mars-tickets/artist/1466801
1AfZkoKGkeHFcxU,MX|1AfZkoKGkeHFcxU|KovZpZAd1IaA|2026-12-04,K8vZ917QDEf,K8vZ917QDEf|https://www.ticketmaster.com/dj-pee-wee-tickets/artist/2955743
1AfZkoKGkeHaqNd,MX|1AfZkoKGkeHaqNd|KovZpZAd1IaA|2026-12-11,K8vZ917GJc7,K8vZ917GJc7|https://www.ticketmaster.com/bruno-mars-tickets/artist/1466801
1AfZkoKGkeHaqNd,MX|1AfZkoKGkeHaqNd|KovZpZAd1IaA|2026-12-11,K8vZ917QDEf,K8vZ917QDEf|https://www.ticketmaster.com/dj-pee-wee-tickets/artist/2955743
1AfZkoKGkeSyi9M,MX|1AfZkoKGkeSyi9M|KovZpZAd1IaA|2026-12-03,K8vZ917GJc7,K8vZ917GJc7|https://www.ticketmaster.com/bruno-mars-tickets/artist/1466801
1AfZkoKGkeSyi9M,MX|1AfZkoKGkeSyi9M|KovZpZAd1IaA|2026-12-03,K8vZ917QDEf,K8vZ917QDEf|https://www.ticketmaster.com/dj-pee-wee-tickets/artist/2955743
1Av8Z_3GkRe7Gjb,MX|1Av8Z_3GkRe7Gjb|KovZpZAJt1kA|2027-03-18,K8vZ9171Qwf,K8vZ9171Qwf|https://www.ticketmaster.com/placebo-tickets/artist/779705
1Av8Z_3GkSEwl72,MX|1Av8Z_3GkSEwl72|KovZpZAIln6A|2026-11-17,K8vZ917-IP7,K8vZ917-IP7|https://www.ticketmaster.com/hwang-in-youp-tickets/artist/4681281
1Av8Z_3GkmSKQj7,MX|1Av8Z_3GkmSKQj7|KovZpZA77t6A|2026-12-18,K8vZ917ok7V,K8vZ917ok7V|https://www.ticketmaster.com/division-minuscula-tickets/artist/1855046
1Av8Z_3Gkw7MVYP,MX|1Av8Z_3Gkw7MVYP|KovZpZAEvvIA|2027-01-18,K8vZ917rY90,K8vZ917rY90|https://www.ticketmaster.com/freya-skye-tickets/artist/4019004
1Av8Z_AGkn6tNdI,MX|1Av8Z_AGkn6tNdI|KovZpZAJllnA|2027-01-29,K8vZ917ji4V,K8vZ917ji4V|https://www.ticketmaster.com/sombr-tickets/artist/3144534
1Av8Z_AGknAOeUx,MX|1Av8Z_AGknAOeUx|KovZpZAJllnA|2027-01-30,K8vZ917ji4V,K8vZ917ji4V|https://www.ticketmaster.com/sombr-tickets/artist/3144534
1Av8Z_FGknzgQjQ,MX|1Av8Z_FGknzgQjQ|KovZpZA6I7FA|2027-02-15,K8vZ9175rEf,K8vZ9175rEf|https://www.ticketmaster.com/hilary-duff-tickets/artist/882305
1Av8Z_aGkBHKcXd,MX|1Av8Z_aGkBHKcXd|KovZpZAJtkJA|2026-09-26,K8vZ91719Wf,K8vZ91719Wf|https://www.ticketmaster.com/afi-tickets/artist/783767
1Av8Z_aGkUJAMaa,MX|1Av8Z_aGkUJAMaa|KovZpZAd1IaA|2026-09-25,K8vZ9179Vpf,K8vZ9179Vpf|https://www.ticketmaster.com/stray-kids-tickets/artist/2593788
1Av8Z_aGkUJT92c,MX|1Av8Z_aGkUJT92c|KovZpZAd1IaA|2026-09-26,K8vZ9179Vpf,K8vZ9179Vpf|https://www.ticketmaster.com/stray-kids-tickets/artist/2593788
1Av8Z_aGkUjPgMJ,MX|1Av8Z_aGkUjPgMJ|KovZpZA6JttA|2026-11-06,K8vZ917_p07,K8vZ917_p07|https://www.ticketmaster.com/serbia-tickets/artist/2656333
1Av8Z_aGkUjlAzo,MX|1Av8Z_aGkUjlAzo|KovZpZAd1IaA|2026-09-25,K8vZ9179Vpf,K8vZ9179Vpf|https://www.ticketmaster.com/stray-kids-tickets/artist/2593788
1Av8Z_aGkUrYkCQ,MX|1Av8Z_aGkUrYkCQ|KovZpZAd1IaA|2026-09-26,K8vZ9179Vpf,K8vZ9179Vpf|https://www.ticketmaster.com/stray-kids-tickets/artist/2593788
1Av8Z_aGkwC-KzB,MX|1Av8Z_aGkwC-KzB|KovZpZA6JttA|2027-02-05,K8vZ917fB_V,K8vZ917fB_V|https://www.ticketmaster.com/andres-suarez-tickets/artist/2254509
1Av8Z_dGkm0VSt5,MX|1Av8Z_dGkm0VSt5|KovZpZAJt17A|2026-12-20,K8vZ917rY_7,K8vZ917rY_7|https://www.ticketmaster.com/navidad-con-the-beatles-tickets/artist/4022232
1Av8Z_dGkmNksda,MX|1Av8Z_dGkmNksda|KovZpZAJt17A|2026-12-20,K8vZ917rY_7,K8vZ917rY_7|https://www.ticketmaster.com/navidad-con-the-beatles-tickets/artist/4022232
1Av8Z_kGkBAXgcv,MX|1Av8Z_kGkBAXgcv|KovZpZAJt1kA|2026-10-28,K8vZ917bZ-V,K8vZ917bZ-V|https://www.ticketmaster.com/aitana-tickets/artist/2625343
1Av8Z_kGkBQ3nqN,MX|1Av8Z_kGkBQ3nqN|KovZpZA6I7FA|2026-10-30,K8vZ917bZ-V,K8vZ917bZ-V|https://www.ticketmaster.com/aitana-tickets/artist/2625343
1Av8Z_kGkndR3gD,MX|1Av8Z_kGkndR3gD|KovZpZA6JttA|2026-10-28,K8vZ917qARV,K8vZ917qARV|https://www.ticketmaster.com/jimmy-sea-tickets/artist/3194168
1Av8Z_oGklvHJfy,MX|1Av8Z_oGklvHJfy|KovZpZAJtkJA|2027-01-30,K8vZ917_fxf,K8vZ917_fxf|https://www.ticketmaster.com/chucho-rivas-tickets/artist/2779071
1FAZv0uyG_Z7C5eA,MX|1FAZv0uyG_Z7C5eA|KovZpZAJt1kA|2026-10-10,K8vZ917p5tf,K8vZ917p5tf|https://www.ticketmaster.com/rawayana-tickets/artist/2334749
1av8Z_3CAAfZdGG6,MX|1av8Z_3CAAfZdGG6|KovZpZAIln6A|2026-10-18,K8vZ917rQo0,K8vZ917rQo0|https://www.ticketmaster.com/aot-the-last-concert-tickets/artist/3811499
1av8Z_KCpF4ZdCuF,MX|1av8Z_KCpF4ZdCuF|KovZpZA6I7FA|2027-03-16,K8vZ9171Qwf,K8vZ9171Qwf|https://www.ticketmaster.com/placebo-tickets/artist/779705
1kAZvNkpGA2r-7E,MX|1kAZvNkpGA2r-7E|KovZpZA6EklA|2026-10-05,K8vZ917pkj7,K8vZ917pkj7|https://www.ticketmaster.com/test-artist-tickets/artist/2385688
G5dVZ_1B3mUAF,MX|G5dVZ_1B3mUAF|KovZpZA6EkkA|2026-12-04,K8vZ9175Taf,K8vZ9175Taf|https://www.ticketmaster.com/david-bisbal-tickets/artist/890644
G5dVZ_1BT3hjQ,MX|G5dVZ_1BT3hjQ|KovZpZAJIAIA|2026-10-18,K8vZ917pDpV,K8vZ917pDpV|https://www.ticketmaster.com/the-midnight-tickets/artist/2485101
G5dVZ_1Ja3eYr,MX|G5dVZ_1Ja3eYr|KovZ917ARPn|2026-12-08,K8vZ917hI7V,K8vZ917hI7V|https://www.ticketmaster.com/atarashii-gakko-tickets/artist/3048651
G5dVZ_1JkOxte,MX|G5dVZ_1JkOxte|KovZpZA6EkkA|2026-10-01,K8vZ9178Bw0,K8vZ9178Bw0|https://www.ticketmaster.com/motorama-tickets/artist/1839529
G5dVZ_1NXahLu,MX|G5dVZ_1NXahLu|KovZpZA6EtdA|2026-10-08,K8vZ917jSo0,K8vZ917jSo0|https://www.ticketmaster.com/okills-tickets/artist/2526507
G5dVZ_1NpFFDk,MX|G5dVZ_1NpFFDk|KovZpZA6IedA|2026-10-15,K8vZ917CD4V,K8vZ917CD4V|https://www.ticketmaster.com/omd-tickets/artist/1541803
G5dVZ_1Q0Q4BC,MX|G5dVZ_1Q0Q4BC|KovZpZA6EkkA|2026-11-26,K8vZ917bV3f,K8vZ917bV3f|https://www.ticketmaster.com/hayley-williams-tickets/artist/2733627
G5dVZ_1Q0Q4BC,MX|G5dVZ_1Q0Q4BC|KovZpZA6EkkA|2026-11-26,K8vZ917_NsV,K8vZ917_NsV|https://www.ticketmaster.com/annie-dirusso-tickets/artist/2815032
G5dVZ_1QIkpG4,MX|G5dVZ_1QIkpG4|KovZpZA6EkkA|2026-11-26,K8vZ917bV3f,K8vZ917bV3f|https://www.ticketmaster.com/hayley-williams-tickets/artist/2733627
G5dVZ_1QIkpG4,MX|G5dVZ_1QIkpG4|KovZpZA6EkkA|2026-11-26,K8vZ917_NsV,K8vZ917_NsV|https://www.ticketmaster.com/annie-dirusso-tickets/artist/2815032
G5dVZ_1RZvAkN,MX|G5dVZ_1RZvAkN|KovZpZA6EtdA|2026-10-04,K8vZ917GGFf,K8vZ917GGFf|https://www.ticketmaster.com/guillotina-tickets/artist/1223779
G5dVZ_1XsG1vX,MX|G5dVZ_1XsG1vX|KovZpZA6EkkA|2026-11-22,K8vZ9172MA0,K8vZ9172MA0|https://www.ticketmaster.com/lp-tickets/artist/903365
G5dVZ_1klnpzw,MX|G5dVZ_1klnpzw|KovZpZA7AJ6A|2026-10-25,K8vZ917Gu2V,K8vZ917Gu2V|https://www.ticketmaster.com/liquits-tickets/artist/1248101
G5dVZ_1pDZUtD,MX|G5dVZ_1pDZUtD|KovZpZAEvelA|2026-10-29,K8vZ917rCiV,K8vZ917rCiV|https://www.ticketmaster.com/jacinto-tickets/artist/3728294
G5dVZ_21Cd3_d,MX|G5dVZ_21Cd3_d|KovZpZA7AJ6A|2027-01-29,K8vZ9171Qvf,K8vZ9171Qvf|https://www.ticketmaster.com/los-amigos-invisibles-tickets/artist/800300
G5dVZ_21oJxcI,MX|G5dVZ_21oJxcI|KovZpZAEvelA|2026-10-25,K8vZ917jSFf,K8vZ917jSFf|https://www.ticketmaster.com/andres-koi-tickets/artist/3162097
G5dVZ_2JhOdpC,MX|G5dVZ_2JhOdpC|KovZpZAEvelA|2026-11-20,K8vZ917hOs0,K8vZ917hOs0|https://www.ticketmaster.com/la-barranca-tickets/artist/1213701
G5dVZ_2MmB9Tv,MX|G5dVZ_2MmB9Tv|KovZpZAJIAIA|2026-10-30,K8vZ917rec0,K8vZ917rec0|https://www.ticketmaster.com/la-tremenda-korte-tickets/artist/2580050
G5dVZ_2nq7Sp8,MX|G5dVZ_2nq7Sp8|KovZpZA6EkkA|2026-11-05,K8vZ917bZ-V,K8vZ917bZ-V|https://www.ticketmaster.com/aitana-tickets/artist/2625343
G5dVZ_2w-BSCH,MX|G5dVZ_2w-BSCH|KovZpZA7AJ6A|2026-10-16,K8vZ917rMrV,K8vZ917rMrV|https://www.ticketmaster.com/axel-muniz-tickets/artist/4076464
G5dVZ_2w-BSCH,MX|G5dVZ_2w-BSCH|KovZpZA7AJ6A|2026-10-16,K8vZ917KBpV,K8vZ917KBpV|https://www.ticketmaster.com/jorge-muniz-tickets/artist/2168495
G5dVZ_2wAgvpm,MX|G5dVZ_2wAgvpm|KovZpZAEvelA|2026-10-16,K8vZ917KitV,K8vZ917KitV|https://www.ticketmaster.com/little-jesus-tickets/artist/2144575
G5dVZ_33gSVMD,MX|G5dVZ_33gSVMD|KovZpZA6EFEA|2027-01-29,K8vZ917fBh0,K8vZ917fBh0|https://www.ticketmaster.com/carlos-sadness-tickets/artist/2254506
G5dVZ_3Np9Jz0,MX|G5dVZ_3Np9Jz0|KovZpZA6EtdA|2026-12-13,K8vZ917-JZ7,K8vZ917-JZ7|https://www.ticketmaster.com/san-venus-tickets/artist/4668336
G5dVZ_3mME4fL,MX|G5dVZ_3mME4fL|KovZpZA7AJ6A|2026-11-16,K8vZ917jJ-V,K8vZ917jJ-V|https://www.ticketmaster.com/8turn-tickets/artist/3134304
G5dVZ_5euaAi3,MX|G5dVZ_5euaAi3|KovZpZA7AJ6A|2026-11-12,K8vZ9171lTV,K8vZ9171lTV|https://www.ticketmaster.com/lifehouse-tickets/artist/762555
G5dVZ_oUfd3Qp,MX|G5dVZ_oUfd3Qp|KovZpZAJIAIA|2026-11-18,K8vZ9179TA0,K8vZ9179TA0|https://www.ticketmaster.com/maro-tickets/artist/2621823
G5dVZ_adicjFn,MX|G5dVZ_adicjFn|KovZpZA6E1JA|2026-10-24,K8vZ917GbV7,K8vZ917GbV7|https://www.ticketmaster.com/allison-tickets/artist/1409233
G5dVZ_G3INJ6R,MX|G5dVZ_G3INJ6R|KovZpZAJIAIA|2026-10-08,K8vZ917uMNV,K8vZ917uMNV|https://www.ticketmaster.com/miami-horror-tickets/artist/1543461
G5dVZ_8DtMboy,MX|G5dVZ_8DtMboy|KovZpZAJIAIA|2026-10-13,K8vZ917Qm5f,K8vZ917Qm5f|https://www.ticketmaster.com/jane-remover-tickets/artist/2925828
G5dVZ_8DtMboy,MX|G5dVZ_8DtMboy|KovZpZAJIAIA|2026-10-13,K8vZ917hfq0,K8vZ917hfq0|https://www.ticketmaster.com/dazegxd-tickets/artist/3000732
G5dVZ_669VzON,MX|G5dVZ_669VzON|KovZpZA7AJ6A|2026-10-24,K8vZ917G6i0,K8vZ917G6i0|https://www.ticketmaster.com/tatiana-tickets/artist/1170760
G5dVZ_K2OSk7l,MX|G5dVZ_K2OSk7l|KovZpZA6EkIA|2026-11-02,K8vZ917Cfh0,K8vZ917Cfh0|https://www.ticketmaster.com/john-maus-tickets/artist/1581059
G5dVZ_6pk_3wW,MX|G5dVZ_6pk_3wW|KovZpZAJIAIA|2026-09-25,K8vZ917rjP7,K8vZ917rjP7|https://www.ticketmaster.com/winona-riders-tickets/artist/3836944
G5dVZ_51_DwRT,MX|G5dVZ_51_DwRT|KovZ917A8z0|2026-09-26,K8vZ917GJof,K8vZ917GJof|https://www.ticketmaster.com/marconi-tickets/artist/1469573
G5dVZ_CrMnN5V,MX|G5dVZ_CrMnN5V|KovZ917AVGy|2026-09-26,K8vZ917Lju0,K8vZ917Lju0|https://www.ticketmaster.com/alive-una-fiesta-en-el-tiempo-tickets/artist/4277759
G5dVZ_61iVVJq,MX|G5dVZ_61iVVJq|KovZpZA6EtdA|2026-10-01,K8vZ917fBh0,K8vZ917fBh0|https://www.ticketmaster.com/carlos-sadness-tickets/artist/2254506
G5dVZ_61RV7YJ,MX|G5dVZ_61RV7YJ|KovZpZA6EtdA|2026-10-02,K8vZ917fBh0,K8vZ917fBh0|https://www.ticketmaster.com/carlos-sadness-tickets/artist/2254506
G5dVZ_6kBL6Ge,MX|G5dVZ_6kBL6Ge|KovZpZA7AJ6A|2026-10-02,K8vZ917qe1f,K8vZ917qe1f|https://www.ticketmaster.com/denisse-de-kalafe-tickets/artist/3179265
G5dVZ_5l08FDt,MX|G5dVZ_5l08FDt|KovZ917AsNF|2026-10-03,K8vZ917rw70,K8vZ917rw70|https://www.ticketmaster.com/mike-patton-tickets/artist/4042209
G5dVZ_5l08FDt,MX|G5dVZ_5l08FDt|KovZ917AsNF|2026-10-03,K8vZ9175HJ7,K8vZ9175HJ7|https://www.ticketmaster.com/festival-internacional-cervantino-tickets/artist/1066476
G5dVZ_61RV7YI,MX|G5dVZ_61RV7YI|KovZpZA6EtdA|2026-10-03,K8vZ917fBh0,K8vZ917fBh0|https://www.ticketmaster.com/carlos-sadness-tickets/artist/2254506
G5dVZ_G96w9nl,MX|G5dVZ_G96w9nl|KovZ917AV-9|2026-10-03,K8vZ9173k5f,K8vZ9173k5f|https://www.ticketmaster.com/renee-tickets/artist/1953940
G5dVZ_G96w9nl,MX|G5dVZ_G96w9nl|KovZ917AV-9|2026-10-03,K8vZ9175HJ7,K8vZ9175HJ7|https://www.ticketmaster.com/festival-internacional-cervantino-tickets/artist/1066476
G5dVZ_FTJTaPs,MX|G5dVZ_FTJTaPs|KovZpZA6EtdA|2026-10-07,K8vZ917hhTf,K8vZ917hhTf|https://www.ticketmaster.com/nicole-zignago-tickets/artist/3023605
G5dVZ_5QrQ4QA,MX|G5dVZ_5QrQ4QA|KovZpZAJIAIA|2026-10-09,K8vZ917jSF7,K8vZ917jSF7|https://www.ticketmaster.com/alcala-norte-tickets/artist/3162093
G5dVZ_5EMy9md,MX|G5dVZ_5EMy9md|KovZpZA6EkIA|2026-10-10,K8vZ917hOs0,K8vZ917hOs0|https://www.ticketmaster.com/la-barranca-tickets/artist/1213701
G5dVZ_FXCnxqy,MX|G5dVZ_FXCnxqy|KovZpZAd1l6A|2026-10-11,K8vZ917hhTf,K8vZ917hhTf|https://www.ticketmaster.com/nicole-zignago-tickets/artist/3023605
G5dVZ_5304pHc,MX|G5dVZ_5304pHc|KovZpZAJIAIA|2026-10-15,K8vZ917rmt7,K8vZ917rmt7|https://www.ticketmaster.com/adela-tickets/artist/4002524
G5dVZ_53PLM6Y,MX|G5dVZ_53PLM6Y|KovZpZAJIAIA|2026-10-16,K8vZ917rmt7,K8vZ917rmt7|https://www.ticketmaster.com/adela-tickets/artist/4002524
G5dVZ_uxCtZwV,MX|G5dVZ_uxCtZwV|KovZpZA6EFEA|2026-12-05,K8vZ917uOa0,K8vZ917uOa0|https://www.ticketmaster.com/inspector-tickets/artist/950717
G5dVZ_akJW4Jx,MX|G5dVZ_akJW4Jx|KovZpZAJIAIA|2026-10-23,K8vZ9174OS7,K8vZ9174OS7|https://www.ticketmaster.com/belako-tickets/artist/2296350
G5dVZ_o3WvPVC,MX|G5dVZ_o3WvPVC|KovZ917AVGy|2026-10-24,K8vZ917Lju0,K8vZ917Lju0|https://www.ticketmaster.com/alive-una-fiesta-en-el-tiempo-tickets/artist/4277759
G5dVZ_3m_ldry,MX|G5dVZ_3m_ldry|KovZ917AVGy|2026-10-30,K8vZ917hdg7,K8vZ917hdg7|https://www.ticketmaster.com/un-aplauso-para-el-amor-tickets/artist/2966658
G5dVZ_oNIdPG3,MX|G5dVZ_oNIdPG3|KovZpZA6EtdA|2026-11-02,K8vZ917ub10,K8vZ917ub10|https://www.ticketmaster.com/michael-jackson-thriller-party-tickets/artist/1508593
G5dVZ_6kLyAIB,MX|G5dVZ_6kLyAIB|KovZpZA6EkkA|2026-11-06,K8vZ917bZ-V,K8vZ917bZ-V|https://www.ticketmaster.com/aitana-tickets/artist/2625343
G5dVZ_6k-2AV4,MX|G5dVZ_6k-2AV4|KovZpZA6EkkA|2026-11-07,K8vZ917bZ-V,K8vZ917bZ-V|https://www.ticketmaster.com/aitana-tickets/artist/2625343
G5dVZ_62sUa_c,MX|G5dVZ_62sUa_c|KovZpZA6EkkA|2026-11-25,K8vZ917Gref,K8vZ917Gref|https://www.ticketmaster.com/love-of-lesbian-tickets/artist/170033
G5dVZ_ueWDfLg,MX|G5dVZ_ueWDfLg|KovZpZA6EtdA|2026-11-12,K8vZ917_b6f,K8vZ917_b6f|https://www.ticketmaster.com/pancho-varona-tickets/artist/2789111
G5dVZ_8QH548x,MX|G5dVZ_8QH548x|KovZpZAEvelA|2026-11-14,K8vZ917Qm5V,K8vZ917Qm5V|https://www.ticketmaster.com/griss-romero-tickets/artist/2925848
G5dVZ_G3UZMGb,MX|G5dVZ_G3UZMGb|KovZpZA6EtdA|2026-11-19,K8vZ917q5Y7,K8vZ917q5Y7|https://www.ticketmaster.com/maria-san-felipe-tickets/artist/3260144
G5dVZ_5JnU7Dw,MX|G5dVZ_5JnU7Dw|KovZpZA6teaA|2026-11-21,K8vZ917GG27,K8vZ917GG27|https://www.ticketmaster.com/playa-limbo-tickets/artist/1224881
G5dVZ_AezpfEx,MX|G5dVZ_AezpfEx|KovZpZA6EFEA|2026-11-27,K8vZ917oNef,K8vZ917oNef|https://www.ticketmaster.com/porter-tickets/artist/1898677
G5dVZ_o3TI4Hg,MX|G5dVZ_o3TI4Hg|KovZ917AVGy|2026-11-28,K8vZ917Lju0,K8vZ917Lju0|https://www.ticketmaster.com/alive-una-fiesta-en-el-tiempo-tickets/artist/4277759
G5dVZ_arBEb2C,MX|G5dVZ_arBEb2C|KovZpZA6IedA|2026-12-05,K8vZ917G1-f,K8vZ917G1-f|https://www.ticketmaster.com/motel-tickets/artist/1241339
G5dVZ_8jkFyuR,MX|G5dVZ_8jkFyuR|KovZpZA6EtdA|2026-12-16,K8vZ917qyd0,K8vZ917qyd0|https://www.ticketmaster.com/paulina-goto-tickets/artist/3507329
G5dVZ_olJaHQP,MX|G5dVZ_olJaHQP|KovZpZA7AJ6A|2027-01-14,K8vZ917rqZf,K8vZ917rqZf|https://www.ticketmaster.com/ateens-tickets/artist/3844174
G5dVZ_6p6fwU0,MX|G5dVZ_6p6fwU0|KovZpZA6EkkA|2027-02-05,K8vZ917fBh0,K8vZ917fBh0|https://www.ticketmaster.com/carlos-sadness-tickets/artist/2254506
G5dVZ_GGodQjt,MX|G5dVZ_GGodQjt|KovZpZA6EtdA|2027-02-05,K8vZ917jgY7,K8vZ917jgY7|https://www.ticketmaster.com/ana-sofi-w-tickets/artist/3165013
G5dVZ_arB9zuW,MX|G5dVZ_arB9zuW|KovZpZAJIAIA|2027-03-21,K8vZ917p-lV,K8vZ917p-lV|https://www.ticketmaster.com/kid-francescoli-tickets/artist/2443684
17AZv0G61wQl7SE,MX|17AZv0G61wQl7SE|KovZpZA6JlaA|2026-11-29,K8vZ917G080,K8vZ917G080|https://www.ticketmaster.com/flow-fest-tickets/artist/1435872
17AZv0G61wQl7SE,MX|17AZv0G61wQl7SE|KovZpZA6JlaA|2026-11-29,K8vZ9174-y0,K8vZ9174-y0|https://www.ticketmaster.com/ozuna-tickets/artist/2298720
17AZv0G61wQl7SE,MX|17AZv0G61wQl7SE|KovZpZA6JlaA|2026-11-29,K8vZ917K490,K8vZ917K490|https://www.ticketmaster.com/kali-uchis-tickets/artist/2107409
17AZv0G61wQl7SE,MX|17AZv0G61wQl7SE|KovZpZA6JlaA|2026-11-29,K8vZ917oID0,K8vZ917oID0|https://www.ticketmaster.com/yandel-tickets/artist/1907949
17AZv0G61wQl7SE,MX|17AZv0G61wQl7SE|KovZpZA6JlaA|2026-11-29,K8vZ9174dY7,K8vZ9174dY7|https://www.ticketmaster.com/trueno-tickets/artist/2263073
17AZv0G61wQl7SE,MX|17AZv0G61wQl7SE|KovZpZA6JlaA|2026-11-29,K8vZ917G0HV,K8vZ917G0HV|https://www.ticketmaster.com/tito-el-bambino-tickets/artist/1333573
17AZv0G61wQl7SE,MX|17AZv0G61wQl7SE|KovZpZA6JlaA|2026-11-29,K8vZ917oBR7,K8vZ917oBR7|https://www.ticketmaster.com/farruko-tickets/artist/1936418
17AZv0G61wQl7SE,MX|17AZv0G61wQl7SE|KovZpZA6JlaA|2026-11-29,K8vZ917hqrV,K8vZ917hqrV|https://www.ticketmaster.com/dei-v-tickets/artist/3026767
17AZv0G61wQl7SE,MX|17AZv0G61wQl7SE|KovZpZA6JlaA|2026-11-29,K8vZ917rt90,K8vZ917rt90|https://www.ticketmaster.com/alleh-tickets/artist/3953514
17AZv0G61wQl7SE,MX|17AZv0G61wQl7SE|KovZpZA6JlaA|2026-11-29,K8vZ9173abV,K8vZ9173abV|https://www.ticketmaster.com/j-alvarez-tickets/artist/1959395
17AZv0G61wQl7SE,MX|17AZv0G61wQl7SE|KovZpZA6JlaA|2026-11-29,K8vZ917-6yV,K8vZ917-6yV|https://www.ticketmaster.com/floyymenor-tickets/artist/4584797
17AZv0G61wQl7SE,MX|17AZv0G61wQl7SE|KovZpZA6JlaA|2026-11-29,K8vZ917rls0,K8vZ917rls0|https://www.ticketmaster.com/yan-block-tickets/artist/3978704
17AZv0G61wQl7SE,MX|17AZv0G61wQl7SE|KovZpZA6JlaA|2026-11-29,K8vZ917jyL7,K8vZ917jyL7|https://www.ticketmaster.com/kybba-tickets/artist/3168447
17AZv0G61wQl7SE,MX|17AZv0G61wQl7SE|KovZpZA6JlaA|2026-11-29,K8vZ917h_QV,K8vZ917h_QV|https://www.ticketmaster.com/ysy-a-tickets/artist/3015336
17AZv0G61wQl7SE,MX|17AZv0G61wQl7SE|KovZpZA6JlaA|2026-11-29,K8vZ917rJVV,K8vZ917rJVV|https://www.ticketmaster.com/kidd-voodoo-tickets/artist/3929459
17AZv0G61wQl7SE,MX|17AZv0G61wQl7SE|KovZpZA6JlaA|2026-11-29,K8vZ917O1Z7,K8vZ917O1Z7|https://www.ticketmaster.com/natt-calma-tickets/artist/4443434
17AZv0G61wQl7SE,MX|17AZv0G61wQl7SE|KovZpZA6JlaA|2026-11-29,K8vZ9174ty7,K8vZ9174ty7|https://www.ticketmaster.com/achal-tickets/artist/2314986
17AZv0G61wQl7SE,MX|17AZv0G61wQl7SE|KovZpZA6JlaA|2026-11-29,K8vZ917rbp0,K8vZ917rbp0|https://www.ticketmaster.com/doony-graff-tickets/artist/3805659
17AZv0G61wQl7SE,MX|17AZv0G61wQl7SE|KovZpZA6JlaA|2026-11-29,K8vZ917raQ0,K8vZ917raQ0|https://www.ticketmaster.com/mila-tickets/artist/719033
17AZv0G61wQl7SE,MX|17AZv0G61wQl7SE|KovZpZA6JlaA|2026-11-29,K8vZ917-8Wf,K8vZ917-8Wf|https://www.ticketmaster.com/martinwhite-tickets/artist/4607001
17AZv0G61wQl7SE,MX|17AZv0G61wQl7SE|KovZpZA6JlaA|2026-11-29,K8vZ917-8W0,K8vZ917-8W0|https://www.ticketmaster.com/pablito-mix-tickets/artist/4607036
17AZv0G61wQl7SE,MX|17AZv0G61wQl7SE|KovZpZA6JlaA|2026-11-29,K8vZ917-Cc7,K8vZ917-Cc7|https://www.ticketmaster.com/low-clika-tickets/artist/4607041
17AZv0G61wQl7SE,MX|17AZv0G61wQl7SE|KovZpZA6JlaA|2026-11-29,K8vZ917-Ccf,K8vZ917-Ccf|https://www.ticketmaster.com/novato-el-flow-tickets/artist/4607046
17AZv0G61wQl7SE,MX|17AZv0G61wQl7SE|KovZpZA6JlaA|2026-11-29,K8vZ917-Cc0,K8vZ917-Cc0|https://www.ticketmaster.com/cael-roldan-tickets/artist/4607051
17AZv0G61wQl7SE,MX|17AZv0G61wQl7SE|KovZpZA6JlaA|2026-11-29,K8vZ917-8WV,K8vZ917-8WV|https://www.ticketmaster.com/robot95-tickets/artist/4607151
17AZv0G61wQl7SE,MX|17AZv0G61wQl7SE|KovZpZA6JlaA|2026-11-29,K8vZ917-8X7,K8vZ917-8X7|https://www.ticketmaster.com/tuli-acosta-tickets/artist/4607141
17AZv0G61wQl7SE,MX|17AZv0G61wQl7SE|KovZpZA6JlaA|2026-11-29,K8vZ917jlxf,K8vZ917jlxf|https://www.ticketmaster.com/rivvaa-tickets/artist/3142671
17AZv0G61wQl7SE,MX|17AZv0G61wQl7SE|KovZpZA6JlaA|2026-11-29,K8vZ917-8Xf,K8vZ917-8Xf|https://www.ticketmaster.com/plastikboy-tickets/artist/4607246
17AZv0G61wQl7SE,MX|17AZv0G61wQl7SE|KovZpZA6JlaA|2026-11-29,K8vZ917-8X0,K8vZ917-8X0|https://www.ticketmaster.com/jozzee-tickets/artist/4607241
17AZv0G61wQl7SE,MX|17AZv0G61wQl7SE|KovZpZA6JlaA|2026-11-29,K8vZ917-8XV,K8vZ917-8XV|https://www.ticketmaster.com/dam-dam-tickets/artist/4607226
17AZv0G61wQl7SE,MX|17AZv0G61wQl7SE|KovZpZA6JlaA|2026-11-29,K8vZ917-8T7,K8vZ917-8T7|https://www.ticketmaster.com/dj-freshly-tickets/artist/4607221
17AZv0G61wQl7SE,MX|17AZv0G61wQl7SE|KovZpZA6JlaA|2026-11-29,K8vZ917-8Tf,K8vZ917-8Tf|https://www.ticketmaster.com/jose-alatorre-tickets/artist/4607231
17AZv0G61wQl7SE,MX|17AZv0G61wQl7SE|KovZpZA6JlaA|2026-11-29,K8vZ917-8T0,K8vZ917-8T0|https://www.ticketmaster.com/bvbba-dvbs-tickets/artist/4607236
17AZv0G61wVcz15,MX|17AZv0G61wVcz15|KovZpZA6JlaA|2026-11-29,K8vZ917G080,K8vZ917G080|https://www.ticketmaster.com/flow-fest-tickets/artist/1435872
17AZv0G61wVcz15,MX|17AZv0G61wVcz15|KovZpZA6JlaA|2026-11-29,K8vZ9174-y0,K8vZ9174-y0|https://www.ticketmaster.com/ozuna-tickets/artist/2298720
17AZv0G61wVcz15,MX|17AZv0G61wVcz15|KovZpZA6JlaA|2026-11-29,K8vZ917K490,K8vZ917K490|https://www.ticketmaster.com/kali-uchis-tickets/artist/2107409
17AZv0G61wVcz15,MX|17AZv0G61wVcz15|KovZpZA6JlaA|2026-11-29,K8vZ917oID0,K8vZ917oID0|https://www.ticketmaster.com/yandel-tickets/artist/1907949
17AZv0G61wVcz15,MX|17AZv0G61wVcz15|KovZpZA6JlaA|2026-11-29,K8vZ9174dY7,K8vZ9174dY7|https://www.ticketmaster.com/trueno-tickets/artist/2263073
17AZv0G61wVcz15,MX|17AZv0G61wVcz15|KovZpZA6JlaA|2026-11-29,K8vZ917G0HV,K8vZ917G0HV|https://www.ticketmaster.com/tito-el-bambino-tickets/artist/1333573
17AZv0G61wVcz15,MX|17AZv0G61wVcz15|KovZpZA6JlaA|2026-11-29,K8vZ917oBR7,K8vZ917oBR7|https://www.ticketmaster.com/farruko-tickets/artist/1936418
17AZv0G61wVcz15,MX|17AZv0G61wVcz15|KovZpZA6JlaA|2026-11-29,K8vZ917hqrV,K8vZ917hqrV|https://www.ticketmaster.com/dei-v-tickets/artist/3026767
17AZv0G61wVcz15,MX|17AZv0G61wVcz15|KovZpZA6JlaA|2026-11-29,K8vZ917rt90,K8vZ917rt90|https://www.ticketmaster.com/alleh-tickets/artist/3953514
17AZv0G61wVcz15,MX|17AZv0G61wVcz15|KovZpZA6JlaA|2026-11-29,K8vZ9173abV,K8vZ9173abV|https://www.ticketmaster.com/j-alvarez-tickets/artist/1959395
17AZv0G61wVcz15,MX|17AZv0G61wVcz15|KovZpZA6JlaA|2026-11-29,K8vZ917-6yV,K8vZ917-6yV|https://www.ticketmaster.com/floyymenor-tickets/artist/4584797
17AZv0G61wVcz15,MX|17AZv0G61wVcz15|KovZpZA6JlaA|2026-11-29,K8vZ917rls0,K8vZ917rls0|https://www.ticketmaster.com/yan-block-tickets/artist/3978704
17AZv0G61wVcz15,MX|17AZv0G61wVcz15|KovZpZA6JlaA|2026-11-29,K8vZ917jyL7,K8vZ917jyL7|https://www.ticketmaster.com/kybba-tickets/artist/3168447
17AZv0G61wVcz15,MX|17AZv0G61wVcz15|KovZpZA6JlaA|2026-11-29,K8vZ917h_QV,K8vZ917h_QV|https://www.ticketmaster.com/ysy-a-tickets/artist/3015336
17AZv0G61wVcz15,MX|17AZv0G61wVcz15|KovZpZA6JlaA|2026-11-29,K8vZ917rJVV,K8vZ917rJVV|https://www.ticketmaster.com/kidd-voodoo-tickets/artist/3929459
17AZv0G61wVcz15,MX|17AZv0G61wVcz15|KovZpZA6JlaA|2026-11-29,K8vZ917O1Z7,K8vZ917O1Z7|https://www.ticketmaster.com/natt-calma-tickets/artist/4443434
17AZv0G61wVcz15,MX|17AZv0G61wVcz15|KovZpZA6JlaA|2026-11-29,K8vZ9174ty7,K8vZ9174ty7|https://www.ticketmaster.com/achal-tickets/artist/2314986
17AZv0G61wVcz15,MX|17AZv0G61wVcz15|KovZpZA6JlaA|2026-11-29,K8vZ917rbp0,K8vZ917rbp0|https://www.ticketmaster.com/doony-graff-tickets/artist/3805659
17AZv0G61wVcz15,MX|17AZv0G61wVcz15|KovZpZA6JlaA|2026-11-29,K8vZ917raQ0,K8vZ917raQ0|https://www.ticketmaster.com/mila-tickets/artist/719033
17AZv0G61wVcz15,MX|17AZv0G61wVcz15|KovZpZA6JlaA|2026-11-29,K8vZ917-8Wf,K8vZ917-8Wf|https://www.ticketmaster.com/martinwhite-tickets/artist/4607001
17AZv0G61wVcz15,MX|17AZv0G61wVcz15|KovZpZA6JlaA|2026-11-29,K8vZ917-8W0,K8vZ917-8W0|https://www.ticketmaster.com/pablito-mix-tickets/artist/4607036
17AZv0G61wVcz15,MX|17AZv0G61wVcz15|KovZpZA6JlaA|2026-11-29,K8vZ917-Cc7,K8vZ917-Cc7|https://www.ticketmaster.com/low-clika-tickets/artist/4607041
17AZv0G61wVcz15,MX|17AZv0G61wVcz15|KovZpZA6JlaA|2026-11-29,K8vZ917-Ccf,K8vZ917-Ccf|https://www.ticketmaster.com/novato-el-flow-tickets/artist/4607046
17AZv0G61wVcz15,MX|17AZv0G61wVcz15|KovZpZA6JlaA|2026-11-29,K8vZ917-Cc0,K8vZ917-Cc0|https://www.ticketmaster.com/cael-roldan-tickets/artist/4607051
17AZv0G61wVcz15,MX|17AZv0G61wVcz15|KovZpZA6JlaA|2026-11-29,K8vZ917-8WV,K8vZ917-8WV|https://www.ticketmaster.com/robot95-tickets/artist/4607151
17AZv0G61wVcz15,MX|17AZv0G61wVcz15|KovZpZA6JlaA|2026-11-29,K8vZ917-8X7,K8vZ917-8X7|https://www.ticketmaster.com/tuli-acosta-tickets/artist/4607141
17AZv0G61wVcz15,MX|17AZv0G61wVcz15|KovZpZA6JlaA|2026-11-29,K8vZ917jlxf,K8vZ917jlxf|https://www.ticketmaster.com/rivvaa-tickets/artist/3142671
17AZv0G61wVcz15,MX|17AZv0G61wVcz15|KovZpZA6JlaA|2026-11-29,K8vZ917-8Xf,K8vZ917-8Xf|https://www.ticketmaster.com/plastikboy-tickets/artist/4607246
17AZv0G61wVcz15,MX|17AZv0G61wVcz15|KovZpZA6JlaA|2026-11-29,K8vZ917-8X0,K8vZ917-8X0|https://www.ticketmaster.com/jozzee-tickets/artist/4607241
17AZv0G61wVcz15,MX|17AZv0G61wVcz15|KovZpZA6JlaA|2026-11-29,K8vZ917-8XV,K8vZ917-8XV|https://www.ticketmaster.com/dam-dam-tickets/artist/4607226
17AZv0G61wVcz15,MX|17AZv0G61wVcz15|KovZpZA6JlaA|2026-11-29,K8vZ917-8T7,K8vZ917-8T7|https://www.ticketmaster.com/dj-freshly-tickets/artist/4607221
17AZv0G61wVcz15,MX|17AZv0G61wVcz15|KovZpZA6JlaA|2026-11-29,K8vZ917-8Tf,K8vZ917-8Tf|https://www.ticketmaster.com/jose-alatorre-tickets/artist/4607231
17AZv0G61wVcz15,MX|17AZv0G61wVcz15|KovZpZA6JlaA|2026-11-29,K8vZ917-8T0,K8vZ917-8T0|https://www.ticketmaster.com/bvbba-dvbs-tickets/artist/4607236
17AZv0G61wgOzod,MX|17AZv0G61wgOzod|KovZpZA6JlaA|2026-11-29,K8vZ917G080,K8vZ917G080|https://www.ticketmaster.com/flow-fest-tickets/artist/1435872
17AZv0G61wgOzod,MX|17AZv0G61wgOzod|KovZpZA6JlaA|2026-11-29,K8vZ9174-y0,K8vZ9174-y0|https://www.ticketmaster.com/ozuna-tickets/artist/2298720
17AZv0G61wgOzod,MX|17AZv0G61wgOzod|KovZpZA6JlaA|2026-11-29,K8vZ917K490,K8vZ917K490|https://www.ticketmaster.com/kali-uchis-tickets/artist/2107409
17AZv0G61wgOzod,MX|17AZv0G61wgOzod|KovZpZA6JlaA|2026-11-29,K8vZ917oID0,K8vZ917oID0|https://www.ticketmaster.com/yandel-tickets/artist/1907949
17AZv0G61wgOzod,MX|17AZv0G61wgOzod|KovZpZA6JlaA|2026-11-29,K8vZ9174dY7,K8vZ9174dY7|https://www.ticketmaster.com/trueno-tickets/artist/2263073
17AZv0G61wgOzod,MX|17AZv0G61wgOzod|KovZpZA6JlaA|2026-11-29,K8vZ917G0HV,K8vZ917G0HV|https://www.ticketmaster.com/tito-el-bambino-tickets/artist/1333573
17AZv0G61wgOzod,MX|17AZv0G61wgOzod|KovZpZA6JlaA|2026-11-29,K8vZ917oBR7,K8vZ917oBR7|https://www.ticketmaster.com/farruko-tickets/artist/1936418
17AZv0G61wgOzod,MX|17AZv0G61wgOzod|KovZpZA6JlaA|2026-11-29,K8vZ917hqrV,K8vZ917hqrV|https://www.ticketmaster.com/dei-v-tickets/artist/3026767
17AZv0G61wgOzod,MX|17AZv0G61wgOzod|KovZpZA6JlaA|2026-11-29,K8vZ917rt90,K8vZ917rt90|https://www.ticketmaster.com/alleh-tickets/artist/3953514
17AZv0G61wgOzod,MX|17AZv0G61wgOzod|KovZpZA6JlaA|2026-11-29,K8vZ9173abV,K8vZ9173abV|https://www.ticketmaster.com/j-alvarez-tickets/artist/1959395
17AZv0G61wgOzod,MX|17AZv0G61wgOzod|KovZpZA6JlaA|2026-11-29,K8vZ917-6yV,K8vZ917-6yV|https://www.ticketmaster.com/floyymenor-tickets/artist/4584797
17AZv0G61wgOzod,MX|17AZv0G61wgOzod|KovZpZA6JlaA|2026-11-29,K8vZ917rls0,K8vZ917rls0|https://www.ticketmaster.com/yan-block-tickets/artist/3978704
17AZv0G61wgOzod,MX|17AZv0G61wgOzod|KovZpZA6JlaA|2026-11-29,K8vZ917jyL7,K8vZ917jyL7|https://www.ticketmaster.com/kybba-tickets/artist/3168447
17AZv0G61wgOzod,MX|17AZv0G61wgOzod|KovZpZA6JlaA|2026-11-29,K8vZ917h_QV,K8vZ917h_QV|https://www.ticketmaster.com/ysy-a-tickets/artist/3015336
17AZv0G61wgOzod,MX|17AZv0G61wgOzod|KovZpZA6JlaA|2026-11-29,K8vZ917rJVV,K8vZ917rJVV|https://www.ticketmaster.com/kidd-voodoo-tickets/artist/3929459
17AZv0G61wgOzod,MX|17AZv0G61wgOzod|KovZpZA6JlaA|2026-11-29,K8vZ917O1Z7,K8vZ917O1Z7|https://www.ticketmaster.com/natt-calma-tickets/artist/4443434
17AZv0G61wgOzod,MX|17AZv0G61wgOzod|KovZpZA6JlaA|2026-11-29,K8vZ9174ty7,K8vZ9174ty7|https://www.ticketmaster.com/achal-tickets/artist/2314986
17AZv0G61wgOzod,MX|17AZv0G61wgOzod|KovZpZA6JlaA|2026-11-29,K8vZ917rbp0,K8vZ917rbp0|https://www.ticketmaster.com/doony-graff-tickets/artist/3805659
17AZv0G61wgOzod,MX|17AZv0G61wgOzod|KovZpZA6JlaA|2026-11-29,K8vZ917raQ0,K8vZ917raQ0|https://www.ticketmaster.com/mila-tickets/artist/719033
17AZv0G61wgOzod,MX|17AZv0G61wgOzod|KovZpZA6JlaA|2026-11-29,K8vZ917-8Wf,K8vZ917-8Wf|https://www.ticketmaster.com/martinwhite-tickets/artist/4607001
17AZv0G61wgOzod,MX|17AZv0G61wgOzod|KovZpZA6JlaA|2026-11-29,K8vZ917-8W0,K8vZ917-8W0|https://www.ticketmaster.com/pablito-mix-tickets/artist/4607036
17AZv0G61wgOzod,MX|17AZv0G61wgOzod|KovZpZA6JlaA|2026-11-29,K8vZ917-Cc7,K8vZ917-Cc7|https://www.ticketmaster.com/low-clika-tickets/artist/4607041
17AZv0G61wgOzod,MX|17AZv0G61wgOzod|KovZpZA6JlaA|2026-11-29,K8vZ917-Ccf,K8vZ917-Ccf|https://www.ticketmaster.com/novato-el-flow-tickets/artist/4607046
17AZv0G61wgOzod,MX|17AZv0G61wgOzod|KovZpZA6JlaA|2026-11-29,K8vZ917-Cc0,K8vZ917-Cc0|https://www.ticketmaster.com/cael-roldan-tickets/artist/4607051
17AZv0G61wgOzod,MX|17AZv0G61wgOzod|KovZpZA6JlaA|2026-11-29,K8vZ917-8WV,K8vZ917-8WV|https://www.ticketmaster.com/robot95-tickets/artist/4607151
17AZv0G61wgOzod,MX|17AZv0G61wgOzod|KovZpZA6JlaA|2026-11-29,K8vZ917-8X7,K8vZ917-8X7|https://www.ticketmaster.com/tuli-acosta-tickets/artist/4607141
17AZv0G61wgOzod,MX|17AZv0G61wgOzod|KovZpZA6JlaA|2026-11-29,K8vZ917jlxf,K8vZ917jlxf|https://www.ticketmaster.com/rivvaa-tickets/artist/3142671
17AZv0G61wgOzod,MX|17AZv0G61wgOzod|KovZpZA6JlaA|2026-11-29,K8vZ917-8Xf,K8vZ917-8Xf|https://www.ticketmaster.com/plastikboy-tickets/artist/4607246
17AZv0G61wgOzod,MX|17AZv0G61wgOzod|KovZpZA6JlaA|2026-11-29,K8vZ917-8X0,K8vZ917-8X0|https://www.ticketmaster.com/jozzee-tickets/artist/4607241
17AZv0G61wgOzod,MX|17AZv0G61wgOzod|KovZpZA6JlaA|2026-11-29,K8vZ917-8XV,K8vZ917-8XV|https://www.ticketmaster.com/dam-dam-tickets/artist/4607226
17AZv0G61wgOzod,MX|17AZv0G61wgOzod|KovZpZA6JlaA|2026-11-29,K8vZ917-8T7,K8vZ917-8T7|https://www.ticketmaster.com/dj-freshly-tickets/artist/4607221
17AZv0G61wgOzod,MX|17AZv0G61wgOzod|KovZpZA6JlaA|2026-11-29,K8vZ917-8Tf,K8vZ917-8Tf|https://www.ticketmaster.com/jose-alatorre-tickets/artist/4607231
17AZv0G61wgOzod,MX|17AZv0G61wgOzod|KovZpZA6JlaA|2026-11-29,K8vZ917-8T0,K8vZ917-8T0|https://www.ticketmaster.com/bvbba-dvbs-tickets/artist/4607236
17AZv0G61BHDcZn,MX|17AZv0G61BHDcZn|KovZpZA6JttA|2026-09-29,K8vZ9179YP7,K8vZ9179YP7|https://www.ticketmaster.com/greeicy-tickets/artist/2582027
G5dVZ_GQWvb-8,MX|G5dVZ_GQWvb-8|KovZpZA6EkkA|2027-01-20,K8vZ91711G7,K8vZ91711G7|https://www.ticketmaster.com/juan-gabriel-tickets/artist/761622
17AZv0G6CmeQx4e,MX|17AZv0G6CmeQx4e|KovZpZAIln6A|2027-02-20,K8vZ917_6yf,K8vZ917_6yf|https://www.ticketmaster.com/luis-angel-el-flaco-tickets/artist/2771331
G5dVZ_8TpMtbZ,MX|G5dVZ_8TpMtbZ|KovZpZA6EkkA|2026-12-03,K8vZ91711aV,K8vZ91711aV|https://www.ticketmaster.com/emmanuel-tickets/artist/754913
1AfZkf6GkeXOKl7,MX|1AfZkf6GkeXOKl7|KovZpZA6JlaA|2027-01-10,K8vZ917j9R7,K8vZ917j9R7|https://www.ticketmaster.com/diplo-tickets/artist/3109542
1AfZkf6Gkem5XEr,MX|1AfZkf6Gkem5XEr|KovZpZA6JlaA|2027-01-10,K8vZ917j9R7,K8vZ917j9R7|https://www.ticketmaster.com/diplo-tickets/artist/3109542
1Av8Z_8GkTEUds0,MX|1Av8Z_8GkTEUds0|KovZpZA6I7FA|2027-02-25,K8vZ91711aV,K8vZ91711aV|https://www.ticketmaster.com/emmanuel-tickets/artist/754913
16v8Z_o76G7sooT,MX|16v8Z_o76G7sooT|KovZpZAJt1kA|2027-02-27,K8vZ91711aV,K8vZ91711aV|https://www.ticketmaster.com/emmanuel-tickets/artist/754913
G5dVZ_73Lmx3O,MX|G5dVZ_73Lmx3O|KovZpZA6EkkA|2026-10-12,K8vZ9171BQ0,K8vZ9171BQ0|https://www.ticketmaster.com/bunbury-tickets/artist/796533
G5dVZ_73-we__,MX|G5dVZ_73-we__|KovZpZA6EkkA|2026-10-15,K8vZ9171BQ0,K8vZ9171BQ0|https://www.ticketmaster.com/bunbury-tickets/artist/796533
G5dVZ_73-we_h,MX|G5dVZ_73-we_h|KovZpZA6EkkA|2026-10-17,K8vZ9171BQ0,K8vZ9171BQ0|https://www.ticketmaster.com/bunbury-tickets/artist/796533
G5dVZ_73-ww_N,MX|G5dVZ_73-ww_N|KovZpZA6EkkA|2026-10-19,K8vZ9171BQ0,K8vZ9171BQ0|https://www.ticketmaster.com/bunbury-tickets/artist/796533
1AfZko7GkeiLthO,MX|1AfZko7GkeiLthO|KovZpZA6I7FA|2026-10-21,K8vZ9171BQ0,K8vZ9171BQ0|https://www.ticketmaster.com/bunbury-tickets/artist/796533
1AfZko7Gkec_aNS,MX|1AfZko7Gkec_aNS|KovZpZA6I7FA|2026-10-23,K8vZ9171BQ0,K8vZ9171BQ0|https://www.ticketmaster.com/bunbury-tickets/artist/796533
17AZv0G65n5f7Rp,MX|17AZv0G65n5f7Rp|KovZpZA6I7FA|2026-09-25,K8vZ9173JU7,K8vZ9173JU7|https://www.ticketmaster.com/alvaro-diaz-tickets/artist/2008723
17AZv0G65ndFNIk,MX|17AZv0G65ndFNIk|KovZpZAJt1kA|2026-10-03,K8vZ9173JU7,K8vZ9173JU7|https://www.ticketmaster.com/alvaro-diaz-tickets/artist/2008723
17AZv0G6GmwWm82,MX|17AZv0G6GmwWm82|KovZpZAJt1kA|2026-10-04,K8vZ9173JU7,K8vZ9173JU7|https://www.ticketmaster.com/alvaro-diaz-tickets/artist/2008723
17AZv0G65nBYlyx,MX|17AZv0G65nBYlyx|KovZpZA77t6A|2026-10-09,K8vZ9173JU7,K8vZ9173JU7|https://www.ticketmaster.com/alvaro-diaz-tickets/artist/2008723
17AZv0G65nHDiGS,MX|17AZv0G65nHDiGS|KovZpZA77t6A|2026-10-10,K8vZ9173JU7,K8vZ9173JU7|https://www.ticketmaster.com/alvaro-diaz-tickets/artist/2008723
17AZv0G6GmNI_qa,MX|17AZv0G6GmNI_qa|KovZpZA77t6A|2026-10-11,K8vZ9173JU7,K8vZ9173JU7|https://www.ticketmaster.com/alvaro-diaz-tickets/artist/2008723
17AZv0G6CDBcjxp,MX|17AZv0G6CDBcjxp|KovZpZAJllnA|2026-10-11,K8vZ9171GQ7,K8vZ9171GQ7|https://www.ticketmaster.com/sepultura-tickets/artist/736081
17AZv0G61XSHuvC,MX|17AZv0G61XSHuvC|KovZpZAIln6A|2026-10-03,K8vZ917_Wef,K8vZ917_Wef|https://www.ticketmaster.com/eslabon-armado-tickets/artist/2846206
G5dVZ_5RiPb-d,MX|G5dVZ_5RiPb-d|KovZ917AsNF|2026-10-17,K8vZ9171110,K8vZ9171110|https://www.ticketmaster.com/grupo-niche-tickets/artist/754969
G5dVZ_5RiPb-d,MX|G5dVZ_5RiPb-d|KovZ917AsNF|2026-10-17,K8vZ9175HJ7,K8vZ9175HJ7|https://www.ticketmaster.com/festival-internacional-cervantino-tickets/artist/1066476
G5dVZ_53LYU3K,MX|G5dVZ_53LYU3K|KovZpZA6EFEA|2026-11-13,K8vZ917_Wef,K8vZ917_Wef|https://www.ticketmaster.com/eslabon-armado-tickets/artist/2846206
17AZv0G6uQlCPoE,MX|17AZv0G6uQlCPoE|KovZpZA6JttA|2026-12-02,K8vZ917_Wef,K8vZ917_Wef|https://www.ticketmaster.com/eslabon-armado-tickets/artist/2846206
1AfZkuyGkdZEXZj,MX|1AfZkuyGkdZEXZj|KovZpZA77t6A|2026-10-16,K8vZ917owjf,K8vZ917owjf|https://www.ticketmaster.com/martin-garrix-tickets/artist/1923024
1AfZkuyGkdvxr1A,MX|1AfZkuyGkdvxr1A|KovZpZA77t6A|2026-10-17,K8vZ917owjf,K8vZ917owjf|https://www.ticketmaster.com/martin-garrix-tickets/artist/1923024
G5dVZ_GxTvwWd,MX|G5dVZ_GxTvwWd|KovZpZA6EkkA|2027-04-18,K8vZ9171110,K8vZ9171110|https://www.ticketmaster.com/grupo-niche-tickets/artist/754969
G5dVZ_5hQttQi,MX|G5dVZ_5hQttQi|KovZpZA6JnFA|2026-10-22,K8vZ9175I9V,K8vZ9175I9V|https://www.ticketmaster.com/panteon-rococo-tickets/artist/831227
G5dVZ_5hQttQi,MX|G5dVZ_5hQttQi|KovZpZA6JnFA|2026-10-22,K8vZ917OatV,K8vZ917OatV|https://www.ticketmaster.com/los-autenticos-caligaris-tickets/artist/4436384
G5dVZ_5hQttQi,MX|G5dVZ_5hQttQi|KovZpZA6JnFA|2026-10-22,K8vZ917rCdf,K8vZ917rCdf|https://www.ticketmaster.com/los-caligaris-tickets/artist/3715869
G5dVZ_5hQttQi,MX|G5dVZ_5hQttQi|KovZpZA6JnFA|2026-10-22,K8vZ917G697,K8vZ917G697|https://www.ticketmaster.com/los-autenticos-decadentes-tickets/artist/1166448
1AfZkaEGkd_lepK,MX|1AfZkaEGkd_lepK|KovZpZAJt1kA|2026-10-31,K8vZ9175I9V,K8vZ9175I9V|https://www.ticketmaster.com/panteon-rococo-tickets/artist/831227
17AZv0G6CCj3Alj,MX|17AZv0G6CCj3Alj|KovZpZAd1IaA|2026-12-26,K8vZ9175I9V,K8vZ9175I9V|https://www.ticketmaster.com/panteon-rococo-tickets/artist/831227
1Av8Z_aGkS-OXZ1,MX|1Av8Z_aGkS-OXZ1|KovZpZAJFtFA|2026-10-17,K8vZ9179IC7,K8vZ9179IC7|https://www.ticketmaster.com/festival-nescafe-vaiven-2026-tickets/artist/2569681
1Av8Z_aGkS-OXZ1,MX|1Av8Z_aGkS-OXZ1|KovZpZAJFtFA|2026-10-17,K8vZ917KoI0,K8vZ917KoI0|https://www.ticketmaster.com/zhu-tickets/artist/2098345
1Av8Z_aGkS-OXZ1,MX|1Av8Z_aGkS-OXZ1|KovZpZAJFtFA|2026-10-17,K8vZ9178Mc7,K8vZ9178Mc7|https://www.ticketmaster.com/bob-moses-tickets/artist/737534
1Av8Z_aGkS-OXZ1,MX|1Av8Z_aGkS-OXZ1|KovZpZAJFtFA|2026-10-17,K8vZ9172ZR7,K8vZ9172ZR7|https://www.ticketmaster.com/madeon-tickets/artist/1645520
1Av8Z_aGkS-OXZ1,MX|1Av8Z_aGkS-OXZ1|KovZpZAJFtFA|2026-10-17,K8vZ917j9hf,K8vZ917j9hf|https://www.ticketmaster.com/ralphie-choo-tickets/artist/3110734
1Av8Z_aGkS-OXZ1,MX|1Av8Z_aGkS-OXZ1|KovZpZAJFtFA|2026-10-17,K8vZ9174SG7,K8vZ9174SG7|https://www.ticketmaster.com/drama-tickets/artist/2338513
1Av8Z_aGkS-OXZ1,MX|1Av8Z_aGkS-OXZ1|KovZpZAJFtFA|2026-10-17,K8vZ9179euV,K8vZ9179euV|https://www.ticketmaster.com/joji-tickets/artist/2503150
1Av8Z_aGkS-OXZ1,MX|1Av8Z_aGkS-OXZ1|KovZpZAJFtFA|2026-10-17,K8vZ917bsgf,K8vZ917bsgf|https://www.ticketmaster.com/max-styler-tickets/artist/2729399
1Av8Z_aGkS-OXZ1,MX|1Av8Z_aGkS-OXZ1|KovZpZAJFtFA|2026-10-17,K8vZ917pDpV,K8vZ917pDpV|https://www.ticketmaster.com/the-midnight-tickets/artist/2485101
1Av8Z_aGkS-OXZ1,MX|1Av8Z_aGkS-OXZ1|KovZpZAJFtFA|2026-10-17,K8vZ9179HFf,K8vZ9179HFf|https://www.ticketmaster.com/clubz-tickets/artist/2612532
1Av8Z_aGkS-OXZ1,MX|1Av8Z_aGkS-OXZ1|KovZpZAJFtFA|2026-10-17,K8vZ917L4W7,K8vZ917L4W7|https://www.ticketmaster.com/omri-tickets/artist/4225569
1Av8Z_aGkS-OXZ1,MX|1Av8Z_aGkS-OXZ1|KovZpZAJFtFA|2026-10-17,K8vZ917qXWf,K8vZ917qXWf|https://www.ticketmaster.com/rafael-tickets/artist/3568569
1Av8Z_aGkS-OXZ1,MX|1Av8Z_aGkS-OXZ1|KovZpZAJFtFA|2026-10-17,K8vZ9172LCV,K8vZ9172LCV|https://www.ticketmaster.com/ltd-tickets/artist/1698665
1Av8Z_aGkS-OXZ1,MX|1Av8Z_aGkS-OXZ1|KovZpZAJFtFA|2026-10-17,K8vZ917q9u7,K8vZ917q9u7|https://www.ticketmaster.com/juana-aguirre-tickets/artist/3339329
1Av8Z_aGkS-OXZ1,MX|1Av8Z_aGkS-OXZ1|KovZpZAJFtFA|2026-10-17,K8vZ917h027,K8vZ917h027|https://www.ticketmaster.com/adam-ten-tickets/artist/3042532
1Av8Z_aGkSxgXGM,MX|1Av8Z_aGkSxgXGM|KovZpZAJFtFA|2026-10-17,K8vZ9179IC7,K8vZ9179IC7|https://www.ticketmaster.com/festival-nescafe-vaiven-2026-tickets/artist/2569681
1Av8Z_aGkSxgXGM,MX|1Av8Z_aGkSxgXGM|KovZpZAJFtFA|2026-10-17,K8vZ917KoI0,K8vZ917KoI0|https://www.ticketmaster.com/zhu-tickets/artist/2098345
1Av8Z_aGkSxgXGM,MX|1Av8Z_aGkSxgXGM|KovZpZAJFtFA|2026-10-17,K8vZ9178Mc7,K8vZ9178Mc7|https://www.ticketmaster.com/bob-moses-tickets/artist/737534
1Av8Z_aGkSxgXGM,MX|1Av8Z_aGkSxgXGM|KovZpZAJFtFA|2026-10-17,K8vZ9172ZR7,K8vZ9172ZR7|https://www.ticketmaster.com/madeon-tickets/artist/1645520
1Av8Z_aGkSxgXGM,MX|1Av8Z_aGkSxgXGM|KovZpZAJFtFA|2026-10-17,K8vZ917j9hf,K8vZ917j9hf|https://www.ticketmaster.com/ralphie-choo-tickets/artist/3110734
1Av8Z_aGkSxgXGM,MX|1Av8Z_aGkSxgXGM|KovZpZAJFtFA|2026-10-17,K8vZ9174SG7,K8vZ9174SG7|https://www.ticketmaster.com/drama-tickets/artist/2338513
1Av8Z_aGkSxgXGM,MX|1Av8Z_aGkSxgXGM|KovZpZAJFtFA|2026-10-17,K8vZ9179euV,K8vZ9179euV|https://www.ticketmaster.com/joji-tickets/artist/2503150
1Av8Z_aGkSxgXGM,MX|1Av8Z_aGkSxgXGM|KovZpZAJFtFA|2026-10-17,K8vZ917bsgf,K8vZ917bsgf|https://www.ticketmaster.com/max-styler-tickets/artist/2729399
1Av8Z_aGkSxgXGM,MX|1Av8Z_aGkSxgXGM|KovZpZAJFtFA|2026-10-17,K8vZ917pDpV,K8vZ917pDpV|https://www.ticketmaster.com/the-midnight-tickets/artist/2485101
1Av8Z_aGkSxgXGM,MX|1Av8Z_aGkSxgXGM|KovZpZAJFtFA|2026-10-17,K8vZ9179HFf,K8vZ9179HFf|https://www.ticketmaster.com/clubz-tickets/artist/2612532
1Av8Z_aGkSxgXGM,MX|1Av8Z_aGkSxgXGM|KovZpZAJFtFA|2026-10-17,K8vZ917L4W7,K8vZ917L4W7|https://www.ticketmaster.com/omri-tickets/artist/4225569
1Av8Z_aGkSxgXGM,MX|1Av8Z_aGkSxgXGM|KovZpZAJFtFA|2026-10-17,K8vZ917qXWf,K8vZ917qXWf|https://www.ticketmaster.com/rafael-tickets/artist/3568569
1Av8Z_aGkSxgXGM,MX|1Av8Z_aGkSxgXGM|KovZpZAJFtFA|2026-10-17,K8vZ9172LCV,K8vZ9172LCV|https://www.ticketmaster.com/ltd-tickets/artist/1698665
1Av8Z_aGkSxgXGM,MX|1Av8Z_aGkSxgXGM|KovZpZAJFtFA|2026-10-17,K8vZ917q9u7,K8vZ917q9u7|https://www.ticketmaster.com/juana-aguirre-tickets/artist/3339329
1Av8Z_aGkSxgXGM,MX|1Av8Z_aGkSxgXGM|KovZpZAJFtFA|2026-10-17,K8vZ917h027,K8vZ917h027|https://www.ticketmaster.com/adam-ten-tickets/artist/3042532
1Av8Z_aGkwXmtTs,MX|1Av8Z_aGkwXmtTs|KovZpZAJFtFA|2026-10-17,K8vZ9179IC7,K8vZ9179IC7|https://www.ticketmaster.com/festival-nescafe-vaiven-2026-tickets/artist/2569681
1Av8Z_aGkwXmtTs,MX|1Av8Z_aGkwXmtTs|KovZpZAJFtFA|2026-10-17,K8vZ917KoI0,K8vZ917KoI0|https://www.ticketmaster.com/zhu-tickets/artist/2098345
1Av8Z_aGkwXmtTs,MX|1Av8Z_aGkwXmtTs|KovZpZAJFtFA|2026-10-17,K8vZ9178Mc7,K8vZ9178Mc7|https://www.ticketmaster.com/bob-moses-tickets/artist/737534
1Av8Z_aGkwXmtTs,MX|1Av8Z_aGkwXmtTs|KovZpZAJFtFA|2026-10-17,K8vZ9172ZR7,K8vZ9172ZR7|https://www.ticketmaster.com/madeon-tickets/artist/1645520
1Av8Z_aGkwXmtTs,MX|1Av8Z_aGkwXmtTs|KovZpZAJFtFA|2026-10-17,K8vZ917j9hf,K8vZ917j9hf|https://www.ticketmaster.com/ralphie-choo-tickets/artist/3110734
1Av8Z_aGkwXmtTs,MX|1Av8Z_aGkwXmtTs|KovZpZAJFtFA|2026-10-17,K8vZ9174SG7,K8vZ9174SG7|https://www.ticketmaster.com/drama-tickets/artist/2338513
1Av8Z_aGkwXmtTs,MX|1Av8Z_aGkwXmtTs|KovZpZAJFtFA|2026-10-17,K8vZ9179euV,K8vZ9179euV|https://www.ticketmaster.com/joji-tickets/artist/2503150
1Av8Z_aGkwXmtTs,MX|1Av8Z_aGkwXmtTs|KovZpZAJFtFA|2026-10-17,K8vZ917bsgf,K8vZ917bsgf|https://www.ticketmaster.com/max-styler-tickets/artist/2729399
1Av8Z_aGkwXmtTs,MX|1Av8Z_aGkwXmtTs|KovZpZAJFtFA|2026-10-17,K8vZ917pDpV,K8vZ917pDpV|https://www.ticketmaster.com/the-midnight-tickets/artist/2485101
1Av8Z_aGkwXmtTs,MX|1Av8Z_aGkwXmtTs|KovZpZAJFtFA|2026-10-17,K8vZ9179HFf,K8vZ9179HFf|https://www.ticketmaster.com/clubz-tickets/artist/2612532
1Av8Z_aGkwXmtTs,MX|1Av8Z_aGkwXmtTs|KovZpZAJFtFA|2026-10-17,K8vZ917L4W7,K8vZ917L4W7|https://www.ticketmaster.com/omri-tickets/artist/4225569
1Av8Z_aGkwXmtTs,MX|1Av8Z_aGkwXmtTs|KovZpZAJFtFA|2026-10-17,K8vZ917qXWf,K8vZ917qXWf|https://www.ticketmaster.com/rafael-tickets/artist/3568569
1Av8Z_aGkwXmtTs,MX|1Av8Z_aGkwXmtTs|KovZpZAJFtFA|2026-10-17,K8vZ9172LCV,K8vZ9172LCV|https://www.ticketmaster.com/ltd-tickets/artist/1698665
1Av8Z_aGkwXmtTs,MX|1Av8Z_aGkwXmtTs|KovZpZAJFtFA|2026-10-17,K8vZ917q9u7,K8vZ917q9u7|https://www.ticketmaster.com/juana-aguirre-tickets/artist/3339329
1Av8Z_aGkwXmtTs,MX|1Av8Z_aGkwXmtTs|KovZpZAJFtFA|2026-10-17,K8vZ917h027,K8vZ917h027|https://www.ticketmaster.com/adam-ten-tickets/artist/3042532
G5dVZ_aQgopBb,MX|G5dVZ_aQgopBb|KovZpZA6EkkA|2026-10-25,K8vZ917Gpm7,K8vZ917Gpm7|https://www.ticketmaster.com/pimpinela-tickets/artist/1021509
16v8Z_araG7WStH,MX|16v8Z_araG7WStH|KovZpZAJllnA|2027-02-20,K8vZ917o8rf,K8vZ917o8rf|https://www.ticketmaster.com/festival-urbano-tickets/artist/1872039
16v8Z_araG7WStH,MX|16v8Z_araG7WStH|KovZpZAJllnA|2027-02-20,K8vZ9174vp7,K8vZ9174vp7|https://www.ticketmaster.com/ckan-tickets/artist/2258547
17AZv0G61p5j0oI,MX|17AZv0G61p5j0oI|KovZpZAJllnA|2027-02-21,K8vZ917o8rf,K8vZ917o8rf|https://www.ticketmaster.com/festival-urbano-tickets/artist/1872039
17AZv0G61p5j0oI,MX|17AZv0G61p5j0oI|KovZpZAJllnA|2027-02-21,K8vZ9174vp7,K8vZ9174vp7|https://www.ticketmaster.com/ckan-tickets/artist/2258547
17AZv0G6urDO9_r,MX|17AZv0G6urDO9_r|KovZpZAJllnA|2026-10-09,K8vZ9172_m7,K8vZ9172_m7|https://www.ticketmaster.com/of-monsters-and-men-tickets/artist/1687536
G5dVZ_FnE7SgA,MX|G5dVZ_FnE7SgA|KovZpZA6JnFA|2026-10-03,K8vZ9171_60,K8vZ9171_60|https://www.ticketmaster.com/alejandro-sanz-tickets/artist/755193
1Av8Z_FGknXglKt,MX|1Av8Z_FGknXglKt|KovZpZAd1IaA|2026-10-10,K8vZ9171_60,K8vZ9171_60|https://www.ticketmaster.com/alejandro-sanz-tickets/artist/755193
G5dVZ_FUetYzn,MX|G5dVZ_FUetYzn|KovZpZAJna7A|2026-10-17,K8vZ9171_60,K8vZ9171_60|https://www.ticketmaster.com/alejandro-sanz-tickets/artist/755193
15v8Z_aJAaeJa,MX|15v8Z_aJAaeJa|KovZpZA6I7FA|2026-11-11,K8vZ9171N20,K8vZ9171N20|https://www.ticketmaster.com/ricardo-montaner-tickets/artist/755095
17AZv0G629gnmiM,MX|17AZv0G629gnmiM|KovZpZAJt1kA|2026-11-27,K8vZ917CMWV,K8vZ917CMWV|https://www.ticketmaster.com/maria-jose-tickets/artist/1632944
G5dVZ_2nfwwSH,MX|G5dVZ_2nfwwSH|KovZpZA6EkkA|2026-12-10,K8vZ917CMWV,K8vZ917CMWV|https://www.ticketmaster.com/maria-jose-tickets/artist/1632944
G5dVZ_2mtW3if,MX|G5dVZ_2mtW3if|KovZpZA6EkkA|2026-12-11,K8vZ917CMWV,K8vZ917CMWV|https://www.ticketmaster.com/maria-jose-tickets/artist/1632944
17AZv0G62Bgdv8D,MX|17AZv0G62Bgdv8D|KovZpZA6JttA|2026-12-10,K8vZ9171h8V,K8vZ9171h8V|https://www.ticketmaster.com/aterciopelados-tickets/artist/766875
G5dVZ_onAIeGz,MX|G5dVZ_onAIeGz|KovZpZA6JneA|2026-12-05,K8vZ9171a40,K8vZ9171a40|https://www.ticketmaster.com/banda-machos-tickets/artist/760120
G5dVZ_urdsZgy,MX|G5dVZ_urdsZgy|KovZpZA6EkkA|2026-10-31,K8vZ917CAS0,K8vZ917CAS0|https://www.ticketmaster.com/jose-maria-napoleon-tickets/artist/1283273
G5dVZ_urdsZgy,MX|G5dVZ_urdsZgy|KovZpZA6EkkA|2026-10-31,K8vZ9172em0,K8vZ9172em0|https://www.ticketmaster.com/mocedades-tickets/artist/1446342
11AZv0rbAMCkvC,MX|11AZv0rbAMCkvC|KovZpZA77t6A|2026-09-24,K8vZ9175eSV,K8vZ9175eSV|https://www.ticketmaster.com/moenia-tickets/artist/794979
G5dVZ_2JpCNek,MX|G5dVZ_2JpCNek|KovZpZA7AJ6A|2027-01-28,K8vZ917GaqV,K8vZ917GaqV|https://www.ticketmaster.com/rey-ruiz-tickets/artist/763673
G5dVZ_u3ZQsdy,MX|G5dVZ_u3ZQsdy|KovZpZA6EkkA|2026-10-21,K8vZ917G1wV,K8vZ917G1wV|https://www.ticketmaster.com/jesse-joy-tickets/artist/1208353
G5dVZ_K3FnvKJ,MX|G5dVZ_K3FnvKJ|KovZpZA6EkkA|2026-12-06,K8vZ917G1wV,K8vZ917G1wV|https://www.ticketmaster.com/jesse-joy-tickets/artist/1208353
G5dVZ_unl3KZP,MX|G5dVZ_unl3KZP|KovZpZA7AJ6A|2026-10-23,K8vZ917psv7,K8vZ917psv7|https://www.ticketmaster.com/matisse-tickets/artist/2472165
17AZv0G61p5U0KS,MX|17AZv0G61p5U0KS|KovZpZA6JttA|2026-10-11,K8vZ917ueX7,K8vZ917ueX7|https://www.ticketmaster.com/natalia-lafourcade-tickets/artist/1492041
17AZv0G61pGX7Q9,MX|17AZv0G61pGX7Q9|KovZpZA6JttA|2026-10-12,K8vZ917ueX7,K8vZ917ueX7|https://www.ticketmaster.com/natalia-lafourcade-tickets/artist/1492041
G5dVZ_ak-WA2o,MX|G5dVZ_ak-WA2o|KovZpZA6EkkA|2026-11-01,K8vZ9171sw0,K8vZ9171sw0|https://www.ticketmaster.com/lila-downs-tickets/artist/704790
17AZv0G6Ckcu0Ec,MX|17AZv0G6Ckcu0Ec|KovZpZA77t6A|2026-10-18,K8vZ917Q5n7,K8vZ917Q5n7|https://www.ticketmaster.com/blessd-tickets/artist/2865493
G5dVZ_knqyes6,MX|G5dVZ_knqyes6|KovZpZA6EkkA|2027-02-07,K8vZ9175Ml7,K8vZ9175Ml7|https://www.ticketmaster.com/sin-bandera-tickets/artist/849520
G5dVZ_uxPp-qd,MX|G5dVZ_uxPp-qd|KovZpZAEvelA|2026-09-26,K8vZ917GkK0,K8vZ917GkK0|https://www.ticketmaster.com/high-on-fire-tickets/artist/868937
G5dVZ_AxH4dEB,MX|G5dVZ_AxH4dEB|KovZpZA6EkkA|2026-10-08,K8vZ9173e80,K8vZ9173e80|https://www.ticketmaster.com/pablo-alboran-tickets/artist/1948520
G5dVZ_dDZBQZR,MX|G5dVZ_dDZBQZR|KovZpZA6EkkA|2026-10-09,K8vZ9173e80,K8vZ9173e80|https://www.ticketmaster.com/pablo-alboran-tickets/artist/1948520
1AfZkodGkdO7p30,MX|1AfZkodGkdO7p30|KovZpZA6I7FA|2026-10-14,K8vZ9173e80,K8vZ9173e80|https://www.ticketmaster.com/pablo-alboran-tickets/artist/1948520
1Av8Z_dGkD357VU,MX|1Av8Z_dGkD357VU|KovZpZAJt1kA|2026-10-15,K8vZ9173e80,K8vZ9173e80|https://www.ticketmaster.com/pablo-alboran-tickets/artist/1948520
17AZv0G61Be2dQU,MX|17AZv0G61Be2dQU|KovZpZA6I7FA|2026-11-24,K8vZ9174dY7,K8vZ9174dY7|https://www.ticketmaster.com/trueno-tickets/artist/2263073
1AfZk3oGketOzz0,MX|1AfZk3oGketOzz0|KovZpZAJt1kA|2026-11-26,K8vZ9174dY7,K8vZ9174dY7|https://www.ticketmaster.com/trueno-tickets/artist/2263073
G5dVZ_2XDTPW2,MX|G5dVZ_2XDTPW2|KovZpZA6IedA|2027-01-22,K8vZ917GPe7,K8vZ917GPe7|https://www.ticketmaster.com/avatar-tickets/artist/1451312
17AZv0G62DdrJQW,MX|17AZv0G62DdrJQW|KovZpZAIln6A|2027-01-23,K8vZ917GPe7,K8vZ917GPe7|https://www.ticketmaster.com/avatar-tickets/artist/1451312
17AZv0G6CXONg8z,MX|17AZv0G6CXONg8z|KovZpZAJtkJA|2026-10-15,K8vZ917boF0,K8vZ917boF0|https://www.ticketmaster.com/kneecap-tickets/artist/2661733
1Av8ZbzGkmp05Uu,MX|1Av8ZbzGkmp05Uu|KovZpZAJt1kA|2026-10-16,K8vZ9175RK7,K8vZ9175RK7|https://www.ticketmaster.com/enjambre-tickets/artist/957148
16v8Z_FJ_G7Yp70,MX|16v8Z_FJ_G7Yp70|KovZpZA6I7FA|2026-11-20,K8vZ9175RK7,K8vZ9175RK7|https://www.ticketmaster.com/enjambre-tickets/artist/957148
G5dVZ_ClpGPzo,MX|G5dVZ_ClpGPzo|KovZpZA6EtdA|2026-10-23,K8vZ91711k7,K8vZ91711k7|https://www.ticketmaster.com/arturo-sandoval-tickets/artist/737771
G5dVZ_ClpUgBx,MX|G5dVZ_ClpUgBx|KovZpZA6EtdA|2026-10-24,K8vZ91711k7,K8vZ91711k7|https://www.ticketmaster.com/arturo-sandoval-tickets/artist/737771
17AZv0G6uezlyqj,MX|17AZv0G6uezlyqj|KovZpZAJt1kA|2026-12-17,K8vZ9175RK7,K8vZ9175RK7|https://www.ticketmaster.com/enjambre-tickets/artist/957148
17AZv0G6uCrAAuu,MX|17AZv0G6uCrAAuu|KovZpZA6I7FA|2026-12-19,K8vZ9175RK7,K8vZ9175RK7|https://www.ticketmaster.com/enjambre-tickets/artist/957148
G5dVZ_299pUgW,MX|G5dVZ_299pUgW|KovZpZA6EkkA|2027-01-15,K8vZ917K_l0,K8vZ917K_l0|https://www.ticketmaster.com/la-adictiva-banda-san-jose-de-tickets/artist/2114961
1AfZk39GkeJU9J7,MX|1AfZk39GkeJU9J7|KovZpZA6JttA|2026-10-10,K8vZ9172NOf,K8vZ9172NOf|https://www.ticketmaster.com/monsieur-perine-tickets/artist/1704902
G5dVZ_urGc-v4,MX|G5dVZ_urGc-v4|KovZpZA6EtdA|2026-11-03,K8vZ917Qts0,K8vZ917Qts0|https://www.ticketmaster.com/liana-flores-tickets/artist/2915680
G5dVZ_ueoLwvm,MX|G5dVZ_ueoLwvm|KovZpZA7AJ6A|2026-10-04,K8vZ9172b67,K8vZ9172b67|https://www.ticketmaster.com/sonora-santanera-tickets/artist/969126
G5dVZ_akOa4k3,MX|G5dVZ_akOa4k3|KovZpZA6EkkA|2026-11-17,K8vZ9171haf,K8vZ9171haf|https://www.ticketmaster.com/jerry-rivera-tickets/artist/755165
G5dVZ_1BTblqk,MX|G5dVZ_1BTblqk|KovZpZA6EkkA|2027-01-11,K8vZ917GnW0,K8vZ917GnW0|https://www.ticketmaster.com/michael-cavanaugh-tickets/artist/1073094
1AfZk3FGkdL1R2G,MX|1AfZk3FGkdL1R2G|KovZpZAIln6A|2026-11-21,K8vZ9171EX7,K8vZ9171EX7|https://www.ticketmaster.com/molotov-tickets/artist/795806
17AZv0G65BssDT8,MX|17AZv0G65BssDT8|KovZpZA6I7FA|2026-11-07,K8vZ9171pC0,K8vZ9171pC0|https://www.ticketmaster.com/pedro-fernandez-tickets/artist/750158
17AZv0G6uKg5FRx,MX|17AZv0G6uKg5FRx|KovZpZAIln6A|2026-10-01,K8vZ917u1Mf,K8vZ917u1Mf|https://www.ticketmaster.com/cultura-profetica-tickets/artist/1138470
17AZv0G6uCNlPBC,MX|17AZv0G6uCNlPBC|KovZpZAJllnA|2026-10-02,K8vZ917u1Mf,K8vZ917u1Mf|https://www.ticketmaster.com/cultura-profetica-tickets/artist/1138470
17AZv0G6u2CQlvQ,MX|17AZv0G6u2CQlvQ|KovZpZA6I7FA|2026-10-04,K8vZ917u1Mf,K8vZ917u1Mf|https://www.ticketmaster.com/cultura-profetica-tickets/artist/1138470
17AZv0G6uCTqt8M,MX|17AZv0G6uCTqt8M|KovZpZA6I7FA|2026-09-26,K8vZ9174G-f,K8vZ9174G-f|https://www.ticketmaster.com/alta-consigna-tickets/artist/2272750
G5dVZ_dQ5rx44,MX|G5dVZ_dQ5rx44|KovZpZA6EkkA|2026-11-12,K8vZ9174_ef,K8vZ9174_ef|https://www.ticketmaster.com/elefante-tickets/artist/886746
17AZv0G655x7jBg,MX|17AZv0G655x7jBg|KovZpZA6I7FA|2026-11-26,K8vZ9174UDV,K8vZ9174UDV|https://www.ticketmaster.com/justin-quiles-tickets/artist/2348737
17AZv0G655x7jBg,MX|17AZv0G655x7jBg|KovZpZA6I7FA|2026-11-26,K8vZ917hLE0,K8vZ917hLE0|https://www.ticketmaster.com/lenny-tavarez-tickets/artist/3030269
1Av8Z_aGkzv92ov,MX|1Av8Z_aGkzv92ov|KovZpZA6I7FA|2026-11-28,K8vZ9175gZ0,K8vZ9175gZ0|https://www.ticketmaster.com/amanda-miguel-tickets/artist/987032
G5dVZ_GJfYvjT,MX|G5dVZ_GJfYvjT|KovZpZA6EkkA|2026-10-27,K8vZ917G6qV,K8vZ917G6qV|https://www.ticketmaster.com/marcos-vidal-tickets/artist/1264154
G5dVZ_GJfYvjT,MX|G5dVZ_GJfYvjT|KovZpZA6EkkA|2026-10-27,K8vZ9175Kv0,K8vZ9175Kv0|https://www.ticketmaster.com/marcos-witt-tickets/artist/884553
G5dVZ_GJfYvjT,MX|G5dVZ_GJfYvjT|KovZpZA6EkkA|2026-10-27,K8vZ917GfSf,K8vZ917GfSf|https://www.ticketmaster.com/marco-barrientos-tickets/artist/777456
17AZv0G655Vg2Z7,MX|17AZv0G655Vg2Z7|KovZpZAJt1kA|2026-11-28,K8vZ917hLE0,K8vZ917hLE0|https://www.ticketmaster.com/lenny-tavarez-tickets/artist/3030269
17AZv0G655Vg2Z7,MX|17AZv0G655Vg2Z7|KovZpZAJt1kA|2026-11-28,K8vZ9174UDV,K8vZ9174UDV|https://www.ticketmaster.com/justin-quiles-tickets/artist/2348737
G5dVZ_1TKZcgl,MX|G5dVZ_1TKZcgl|KovZpZA6EkkA|2026-10-22,K8vZ917GGo7,K8vZ917GGo7|https://www.ticketmaster.com/edith-marquez-tickets/artist/1226103
G5dVZ_2N1eJjJ,MX|G5dVZ_2N1eJjJ|KovZpZA6EkIA|2026-10-15,K8vZ917Cbq0,K8vZ917Cbq0|https://www.ticketmaster.com/francisco-cespedes-tickets/artist/1009654
G5dVZ_8UVTPmH,MX|G5dVZ_8UVTPmH|KovZpZA6EkkA|2026-11-18,K8vZ917oTG0,K8vZ917oTG0|https://www.ticketmaster.com/emmanuel-mijares-tickets/artist/1943111
G5dVZ_oxzQdQM,MX|G5dVZ_oxzQdQM|KovZpZA6EkkA|2027-04-21,K8vZ917GEf7,K8vZ917GEf7|https://www.ticketmaster.com/espinoza-paz-tickets/artist/1388282
G5dVZ_1Me6trr,MX|G5dVZ_1Me6trr|KovZpZA6EkkA|2026-11-19,K8vZ917KfMf,K8vZ917KfMf|https://www.ticketmaster.com/los-cafres-tickets/artist/2104221
G5dVZ_1Me6trr,MX|G5dVZ_1Me6trr|KovZpZA6EkkA|2026-11-19,K8vZ917G6Wf,K8vZ917G6Wf|https://www.ticketmaster.com/los-estramboticos-tickets/artist/1171036
G5dVZ_uh9yNMv,MX|G5dVZ_uh9yNMv|KovZpZA7AJ6A|2026-12-08,K8vZ917KkAV,K8vZ917KkAV|https://www.ticketmaster.com/tony-vega-tickets/artist/755267
G5dVZ_uh9yNMv,MX|G5dVZ_uh9yNMv|KovZpZA7AJ6A|2026-12-08,K8vZ9172ggV,K8vZ9172ggV|https://www.ticketmaster.com/adolescents-orquesta-tickets/artist/782786
G5dVZ_uhE9V3L,MX|G5dVZ_uhE9V3L|KovZpZA7AJ6A|2026-12-09,K8vZ917KkAV,K8vZ917KkAV|https://www.ticketmaster.com/tony-vega-tickets/artist/755267
G5dVZ_uhE9V3L,MX|G5dVZ_uhE9V3L|KovZpZA7AJ6A|2026-12-09,K8vZ9172ggV,K8vZ9172ggV|https://www.ticketmaster.com/adolescents-orquesta-tickets/artist/782786
1Av8Z_kGkTQ6QWq,MX|1Av8Z_kGkTQ6QWq|KovZpZA6JttA|2026-10-17,K8vZ9172Myf,K8vZ9172Myf|https://www.ticketmaster.com/yolanda-del-rio-tickets/artist/1739491
G5dVZ_kC51er8,MX|G5dVZ_kC51er8|KovZpZA7AJ6A|2026-12-11,K8vZ917Cbq0,K8vZ917Cbq0|https://www.ticketmaster.com/francisco-cespedes-tickets/artist/1009654
G5dVZ_u5YPEGw,MX|G5dVZ_u5YPEGw|KovZpZA6EtdA|2026-11-26,K8vZ917u000,K8vZ917u000|https://www.ticketmaster.com/helado-negro-tickets/artist/1522035
G5dVZ_u5sU92u,MX|G5dVZ_u5sU92u|KovZpZA6EtdA|2026-11-26,K8vZ917u000,K8vZ917u000|https://www.ticketmaster.com/helado-negro-tickets/artist/1522035
G5dVZ_aUq6Van,MX|G5dVZ_aUq6Van|KovZpZA6IFJA|2026-10-30,K8vZ9172Myf,K8vZ9172Myf|https://www.ticketmaster.com/yolanda-del-rio-tickets/artist/1739491
G5dVZ_o3T1PD9,MX|G5dVZ_o3T1PD9|KovZpZA6EFEA|2026-09-24,K8vZ917CREf,K8vZ917CREf|https://www.ticketmaster.com/gondwana-tickets/artist/714647
G5dVZ_o3T1PD9,MX|G5dVZ_o3T1PD9|KovZpZA6EFEA|2026-09-24,K8vZ917OPG0,K8vZ917OPG0|https://www.ticketmaster.com/quique-neira-tickets/artist/4500939
G5dVZ_8meVo5Z,MX|G5dVZ_8meVo5Z|KovZ917AJTX|2026-12-29,K8vZ917oTG0,K8vZ917oTG0|https://www.ticketmaster.com/emmanuel-mijares-tickets/artist/1943111
17AZv0G6G2x_mPr,MX|17AZv0G6G2x_mPr|KovZpZAIln6A|2026-11-01,K8vZ9172Myf,K8vZ9172Myf|https://www.ticketmaster.com/yolanda-del-rio-tickets/artist/1739491
1AfZk3pGkd0Stij,MX|1AfZk3pGkd0Stij|KovZpZA77t6A|2026-10-23,K8vZ91714uV,K8vZ91714uV|https://www.ticketmaster.com/fobia-tickets/artist/754933
1AfZkoSGkdgaJGa,MX|1AfZkoSGkdgaJGa|KovZpZA77t6A|2026-10-24,K8vZ91714uV,K8vZ91714uV|https://www.ticketmaster.com/fobia-tickets/artist/754933
17AZv0G6upqGf62,MX|17AZv0G6upqGf62|KovZpZA6JttA|2026-11-15,K8vZ9172Myf,K8vZ9172Myf|https://www.ticketmaster.com/yolanda-del-rio-tickets/artist/1739491
G5dVZ_1xfyVG-,MX|G5dVZ_1xfyVG-|KovZpZA6IedA|2026-10-29,K8vZ9175owf,K8vZ9175owf|https://www.ticketmaster.com/los-pericos-tickets/artist/782857
G5dVZ_CJFnvFV,MX|G5dVZ_CJFnvFV|KovZpZA6JnFA|2026-09-25,K8vZfZ7aEdk,K8vZfZ7aEdk|https://www.ticketmaster.com/natanael-cano-tickets/artist/2797745
G5dVZ_FxwRVf5,MX|G5dVZ_FxwRVf5|KovZpZA6EkkA|2026-10-11,K8vZ917GaQ7,K8vZ917GaQ7|https://www.ticketmaster.com/la-sonora-santanera-tickets/artist/1270519
G5dVZ_6pAqeYe,MX|G5dVZ_6pAqeYe|KovZpZA6EFEA|2026-09-25,K8vZ9171U2V,K8vZ9171U2V|https://www.ticketmaster.com/sentidos-opuestos-tickets/artist/787320
17AZv0G61Jd4gwD,MX|17AZv0G61Jd4gwD|KovZpZAIln6A|2026-09-26,K8vZ9171U2V,K8vZ9171U2V|https://www.ticketmaster.com/sentidos-opuestos-tickets/artist/787320
G5dVZ_aLNRh_Y,MX|G5dVZ_aLNRh_Y|KovZpZA6EkkA|2026-10-06,K8vZ917G6T0,K8vZ917G6T0|https://www.ticketmaster.com/rosana-tickets/artist/1170290
1Av8Z_aGkwBX_Ok,MX|1Av8Z_aGkwBX_Ok|KovZpZAIln6A|2026-10-08,K8vZ917G6T0,K8vZ917G6T0|https://www.ticketmaster.com/rosana-tickets/artist/1170290
G5dVZ_aLJ1DNY,MX|G5dVZ_aLJ1DNY|KovZpZA6EFEA|2026-10-09,K8vZ917G6T0,K8vZ917G6T0|https://www.ticketmaster.com/rosana-tickets/artist/1170290
1Av8ZbMGknWKu-3,MX|1Av8ZbMGknWKu-3|KovZpZA6JttA|2026-10-18,K8vZ9175ajV,K8vZ9175ajV|https://www.ticketmaster.com/consorcio-en-concierto-tickets/artist/856827
G5dVZ_2XXnkFB,MX|G5dVZ_2XXnkFB|KovZpZA6teaA|2026-12-15,K8vZ9175Hp7,K8vZ9175Hp7|https://www.ticketmaster.com/edgar-oceransky-tickets/artist/1213522
G5dVZ_u5MyMhi,MX|G5dVZ_u5MyMhi|KovZ917AVGy|2026-09-25,K8vZ9178wx7,K8vZ9178wx7|https://www.ticketmaster.com/nicho-hinojosa-tickets/artist/1309512
11AZv0ObuE1ZvG,MX|11AZv0ObuE1ZvG|KovZpZAJtkJA|2026-09-25,K8vZ917QiS0,K8vZ917QiS0|https://www.ticketmaster.com/chetes-tickets/artist/2923290
17AZvxG6CxP_vvu,MX|17AZvxG6CxP_vvu|KovZpZA6I7FA|2026-09-24,K8vZ917bsBV,K8vZ917bsBV|https://www.ticketmaster.com/alex-fernandez-tickets/artist/2729965
G5dVZ_2xxFSs0,MX|G5dVZ_2xxFSs0|KovZpZA6teaA|2026-09-25,K8vZ917hdZV,K8vZ917hdZV|https://www.ticketmaster.com/bohemia-tickets/artist/2966757
G5dVZ_AK4Z4cv,MX|G5dVZ_AK4Z4cv|KovZpZA6EkkA|2026-09-25,K8vZ917qXe0,K8vZ917qXe0|https://www.ticketmaster.com/jorge-medina-y-josi-cuen-juntos-tickets/artist/3558349
G5dVZ_FXYNkqy,MX|G5dVZ_FXYNkqy|KovZpZA6EkkA|2026-09-24,K8vZ917rHif,K8vZ917rHif|https://www.ticketmaster.com/lucero-tickets/artist/2759059
G5dVZ_G5lxzGg,MX|G5dVZ_G5lxzGg|KovZ917AVGy|2026-09-24,K8vZ917Lqef,K8vZ917Lqef|https://www.ticketmaster.com/leyendas-el-show-tickets/artist/4277944
G5dVZ_uNvneYu,MX|G5dVZ_uNvneYu|KovZpZA6EtdA|2026-09-25,K8vZ917KBpV,K8vZ917KBpV|https://www.ticketmaster.com/jorge-muniz-tickets/artist/2168495
G5dVZ_uNvneYu,MX|G5dVZ_uNvneYu|KovZpZA6EtdA|2026-09-25,K8vZ9174N0f,K8vZ9174N0f|https://www.ticketmaster.com/cabaret-lunario-tickets/artist/2302088
G5dVZ_ulXwUk4,MX|G5dVZ_ulXwUk4|KovZpZA6EtdA|2026-09-24,K8vZ917-OgV,K8vZ917-OgV|https://www.ticketmaster.com/grtsch-tickets/artist/4664591
G5dVZ_5UZ83Vn,MX|G5dVZ_5UZ83Vn|KovZpZA7AJ6A|2026-09-26,K8vZ917Qm2f,K8vZ917Qm2f|https://www.ticketmaster.com/la-garfield-tickets/artist/2800962
G5dVZ_AK4ZPcd,MX|G5dVZ_AK4ZPcd|KovZpZA6EkkA|2026-09-26,K8vZ917qXe0,K8vZ917qXe0|https://www.ticketmaster.com/jorge-medina-y-josi-cuen-juntos-tickets/artist/3558349
G5dVZ_uOuf7L6,MX|G5dVZ_uOuf7L6|KovZpZA6EtdA|2026-09-26,K8vZ917GQUf,K8vZ917GQUf|https://www.ticketmaster.com/estela-nunez-tickets/artist/755120
G5dVZ_uOuf7L6,MX|G5dVZ_uOuf7L6|KovZpZA6EtdA|2026-09-26,K8vZ9174N0f,K8vZ9174N0f|https://www.ticketmaster.com/cabaret-lunario-tickets/artist/2302088
17AZv0G61wJhk9U,MX|17AZv0G61wJhk9U|KovZpZAJtkJA|2026-09-30,K8vZ9175B57,K8vZ9175B57|https://www.ticketmaster.com/sebastian-tellier-tickets/artist/1267216
G5dVZ_AK4ZAiH,MX|G5dVZ_AK4ZAiH|KovZpZA6EkkA|2026-09-30,K8vZ917qXe0,K8vZ917qXe0|https://www.ticketmaster.com/jorge-medina-y-josi-cuen-juntos-tickets/artist/3558349
G5dVZ_CLH_glE,MX|G5dVZ_CLH_glE|KovZpZAEvelA|2026-10-01,K8vZ917GPN7,K8vZ917GPN7|https://www.ticketmaster.com/pate-de-fua-tickets/artist/1458266
G5dVZ_eJdNoOs,MX|G5dVZ_eJdNoOs|KovZpZA6EkIA|2026-10-17,K8vZ9173Wsf,K8vZ9173Wsf|https://www.ticketmaster.com/melissa-aldana-tickets/artist/2058448
G5dVZ_eJdNoOs,MX|G5dVZ_eJdNoOs|KovZpZA6EkIA|2026-10-17,K8vZ917Ok37,K8vZ917Ok37|https://www.ticketmaster.com/ciclo-ny-jazz-all-stars-tickets/artist/4427089
17AZv0G62DIxl1q,MX|17AZv0G62DIxl1q|KovZpZAJt17A|2026-10-02,K8vZ917KBpV,K8vZ917KBpV|https://www.ticketmaster.com/jorge-muniz-tickets/artist/2168495
G5dVZ_5JI9VRX,MX|G5dVZ_5JI9VRX|KovZ917AsNd|2026-10-03,K8vZ917OYrf,K8vZ917OYrf|https://www.ticketmaster.com/joonas-ahonen-tickets/artist/4535509
G5dVZ_5JI9VRX,MX|G5dVZ_5JI9VRX|KovZ917AsNd|2026-10-03,K8vZ9175HJ7,K8vZ9175HJ7|https://www.ticketmaster.com/festival-internacional-cervantino-tickets/artist/1066476
G5dVZ_5Jsu4CP,MX|G5dVZ_5Jsu4CP|KovZpZAJ6k6A|2026-10-03,K8vZ917OYr7,K8vZ917OYr7|https://www.ticketmaster.com/julian-sartorius-tickets/artist/4535494
G5dVZ_5Jsu4CP,MX|G5dVZ_5Jsu4CP|KovZpZAJ6k6A|2026-10-03,K8vZ9175HJ7,K8vZ9175HJ7|https://www.ticketmaster.com/festival-internacional-cervantino-tickets/artist/1066476
G5dVZ_CQkbYns,MX|G5dVZ_CQkbYns|KovZ917AVGy|2026-10-03,K8vZ917QBrV,K8vZ917QBrV|https://www.ticketmaster.com/cox-tickets/artist/2954488
G5dVZ_GATAYgl,MX|G5dVZ_GATAYgl|KovZ917AVrM|2026-10-03,K8vZ917OYqV,K8vZ917OYqV|https://www.ticketmaster.com/trio-mujeres-tamaulipecas-tickets/artist/4535489
G5dVZ_GATAYgl,MX|G5dVZ_GATAYgl|KovZ917AVrM|2026-10-03,K8vZ9175HJ7,K8vZ9175HJ7|https://www.ticketmaster.com/festival-internacional-cervantino-tickets/artist/1066476
G5dVZ_GCe4vgB,MX|G5dVZ_GCe4vgB|KovZpZAJ6kFA|2026-10-03,K8vZ917uqnV,K8vZ917uqnV|https://www.ticketmaster.com/american-modern-ensemble-tickets/artist/1515686
G5dVZ_GCe4vgB,MX|G5dVZ_GCe4vgB|KovZpZAJ6kFA|2026-10-03,K8vZ9175HJ7,K8vZ9175HJ7|https://www.ticketmaster.com/festival-internacional-cervantino-tickets/artist/1066476
1AfZk3_Gkeg3Etf,MX|1AfZk3_Gkeg3Etf|KovZpZA6JttA|2026-10-04,K8vZ917LjhV,K8vZ917LjhV|https://www.ticketmaster.com/undertale-symphony-tickets/artist/4281809
G5dVZ_218sxlq,MX|G5dVZ_218sxlq|KovZpZA7AJvA|2026-10-04,K8vZ917pby7,K8vZ917pby7|https://www.ticketmaster.com/sala-principal-bellas-artes-tickets/artist/2422193
G5dVZ_8626tbc,MX|G5dVZ_8626tbc|KovZpZA6EkIA|2026-10-04,K8vZ917-asf,K8vZ917-asf|https://www.ticketmaster.com/pasatono-orquesta-tickets/artist/4600711
G5dVZ_G9sY1uq,MX|G5dVZ_G9sY1uq|KovZpZAJ6kFA|2026-10-04,K8vZ917OcLf,K8vZ917OcLf|https://www.ticketmaster.com/les-metaboles-tickets/artist/4535534
G5dVZ_G9sY1uq,MX|G5dVZ_G9sY1uq|KovZpZAJ6kFA|2026-10-04,K8vZ9175HJ7,K8vZ9175HJ7|https://www.ticketmaster.com/festival-internacional-cervantino-tickets/artist/1066476
G5dVZ_Gk8--WT,MX|G5dVZ_Gk8--WT|KovZ917AVrM|2026-10-04,K8vZ917OcL0,K8vZ917OcL0|https://www.ticketmaster.com/rita-donte-tickets/artist/4535584
G5dVZ_Gk8--WT,MX|G5dVZ_Gk8--WT|KovZ917AVrM|2026-10-04,K8vZ9175HJ7,K8vZ9175HJ7|https://www.ticketmaster.com/festival-internacional-cervantino-tickets/artist/1066476
G5dVZ_21on3cs,MX|G5dVZ_21on3cs|KovZpZA7AJvA|2026-10-06,K8vZ917pby7,K8vZ917pby7|https://www.ticketmaster.com/sala-principal-bellas-artes-tickets/artist/2422193
G5dVZ_5J1roIn,MX|G5dVZ_5J1roIn|KovZpZAJt1aA|2026-10-06,K8vZ917OYLf,K8vZ917OYLf|https://www.ticketmaster.com/omar-cordova-tickets/artist/4535594
G5dVZ_5J1roIn,MX|G5dVZ_5J1roIn|KovZpZAJt1aA|2026-10-06,K8vZ9175HJ7,K8vZ9175HJ7|https://www.ticketmaster.com/festival-internacional-cervantino-tickets/artist/1066476
G5dVZ_5lvvENG,MX|G5dVZ_5lvvENG|KovZ917AsNF|2026-10-06,K8vZ917OYL7,K8vZ917OYL7|https://www.ticketmaster.com/orquesta-tipica-yukalpeten-tickets/artist/4535589
G5dVZ_5lvvENG,MX|G5dVZ_5lvvENG|KovZ917AsNF|2026-10-06,K8vZ9175HJ7,K8vZ9175HJ7|https://www.ticketmaster.com/festival-internacional-cervantino-tickets/artist/1066476
G5dVZ_5JgvA_S,MX|G5dVZ_5JgvA_S|KovZpZAJ6k6A|2026-10-07,K8vZ917rr-7,K8vZ917rr-7|https://www.ticketmaster.com/ensamble-a-tempo-tickets/artist/3856989
G5dVZ_5JgvA_S,MX|G5dVZ_5JgvA_S|KovZpZAJ6k6A|2026-10-07,K8vZ9175HJ7,K8vZ9175HJ7|https://www.ticketmaster.com/festival-internacional-cervantino-tickets/artist/1066476
G5dVZ_5nB8MoC,MX|G5dVZ_5nB8MoC|KovZ917AsNF|2026-10-07,K8vZ917OYc7,K8vZ917OYc7|https://www.ticketmaster.com/orquesta-moderna-tickets/artist/4537249
G5dVZ_5nB8MoC,MX|G5dVZ_5nB8MoC|KovZ917AsNF|2026-10-07,K8vZ9175HJ7,K8vZ9175HJ7|https://www.ticketmaster.com/festival-internacional-cervantino-tickets/artist/1066476
G5dVZ_21on3cS,MX|G5dVZ_21on3cS|KovZpZA7AJvA|2026-10-08,K8vZ917pby7,K8vZ917pby7|https://www.ticketmaster.com/sala-principal-bellas-artes-tickets/artist/2422193
G5dVZ_5J3AeLO,MX|G5dVZ_5J3AeLO|KovZpZAJ6k6A|2026-10-08,K8vZ917OYc0,K8vZ917OYc0|https://www.ticketmaster.com/coro-del-teatro-del-bicentenario-tickets/artist/2779670
G5dVZ_5J3AeLO,MX|G5dVZ_5J3AeLO|KovZpZAJ6k6A|2026-10-08,K8vZ9175HJ7,K8vZ9175HJ7|https://www.ticketmaster.com/festival-internacional-cervantino-tickets/artist/1066476
G5dVZ_5nYxkns,MX|G5dVZ_5nYxkns|KovZ917AsNF|2026-10-08,K8vZ917OcI7,K8vZ917OcI7|https://www.ticketmaster.com/natalia-cruz-y-la-istmena-tickets/artist/4537239
G5dVZ_5nYxkns,MX|G5dVZ_5nYxkns|KovZ917AsNF|2026-10-08,K8vZ9175HJ7,K8vZ9175HJ7|https://www.ticketmaster.com/festival-internacional-cervantino-tickets/artist/1066476
G5dVZ_GJ9Z-PT,MX|G5dVZ_GJ9Z-PT|KovZpZAEvelA|2026-10-08,K8vZ917oS57,K8vZ917oS57|https://www.ticketmaster.com/kurt-tickets/artist/1923817
G5dVZ_Gpg9J-X,MX|G5dVZ_Gpg9J-X|KovZ917AV-9|2026-10-08,K8vZ917OYcf,K8vZ917OYcf|https://www.ticketmaster.com/pat-boy-tickets/artist/4537264
G5dVZ_Gpg9J-X,MX|G5dVZ_Gpg9J-X|KovZ917AV-9|2026-10-08,K8vZ9175HJ7,K8vZ9175HJ7|https://www.ticketmaster.com/festival-internacional-cervantino-tickets/artist/1066476
G5dVZ_ue74s47,MX|G5dVZ_ue74s47|KovZpZA7AJ6A|2026-10-08,K8vZ917C4q7,K8vZ917C4q7|https://www.ticketmaster.com/grupo-gale-tickets/artist/787496
G5dVZ_ue74s47,MX|G5dVZ_ue74s47|KovZpZA7AJ6A|2026-10-08,K8vZ917_Ty7,K8vZ917_Ty7|https://www.ticketmaster.com/diego-moran-tickets/artist/2852247
17AZv0G65BdhVYd,MX|17AZv0G65BdhVYd|KovZpZA6JttA|2026-10-09,K8vZ917r-90,K8vZ917r-90|https://www.ticketmaster.com/meme-del-real-tickets/artist/3883123
17AZv0G6GhkWiIx,MX|17AZv0G6GhkWiIx|KovZpZAJtkJA|2026-10-09,K8vZ917rdx0,K8vZ917rdx0|https://www.ticketmaster.com/yousuke-yukimatsu-uuk-uk1matu-tickets/artist/3599679
G5dVZ_2T9EFpt,MX|G5dVZ_2T9EFpt|KovZpZA6EkIA|2026-10-09,K8vZ9174HBV,K8vZ9174HBV|https://www.ticketmaster.com/sole-gimenez-tickets/artist/2364163
G5dVZ_2xCDe0H,MX|G5dVZ_2xCDe0H|KovZ917A8z0|2026-10-09,K8vZ917jcLV,K8vZ917jcLV|https://www.ticketmaster.com/san-francisco-disco-band-tickets/artist/3149118
G5dVZ_8mB6NgS,MX|G5dVZ_8mB6NgS|KovZ917AVGy|2026-10-09,K8vZ917hIAV,K8vZ917hIAV|https://www.ticketmaster.com/carlos-macias-tickets/artist/3048831
G5dVZ_CXFhv54,MX|G5dVZ_CXFhv54|KovZpZA6EtdA|2026-10-09,K8vZ917jvGV,K8vZ917jvGV|https://www.ticketmaster.com/ricardo-caballero-tickets/artist/3085308
G5dVZ_G1EW0GF,MX|G5dVZ_G1EW0GF|KovZpZAEvelA|2026-10-09,K8vZ917jrr0,K8vZ917jrr0|https://www.ticketmaster.com/aquihayaquihay-tickets/artist/3124022
G5dVZ_GkbzxET,MX|G5dVZ_GkbzxET|KovZ917AVrM|2026-10-09,K8vZ917OcI0,K8vZ917OcI0|https://www.ticketmaster.com/grupo-yolotecuani-tickets/artist/4537124
G5dVZ_GkbzxET,MX|G5dVZ_GkbzxET|KovZ917AVrM|2026-10-09,K8vZ9175HJ7,K8vZ9175HJ7|https://www.ticketmaster.com/festival-internacional-cervantino-tickets/artist/1066476
G5dVZ_ueeAs1L,MX|G5dVZ_ueeAs1L|KovZpZA7AJ6A|2026-10-09,K8vZ917C4q7,K8vZ917C4q7|https://www.ticketmaster.com/grupo-gale-tickets/artist/787496
G5dVZ_ueeAs1L,MX|G5dVZ_ueeAs1L|KovZpZA7AJ6A|2026-10-09,K8vZ917_Ty7,K8vZ917_Ty7|https://www.ticketmaster.com/diego-moran-tickets/artist/2852247
G5dVZ_umJe-BV,MX|G5dVZ_umJe-BV|KovZpZA7AJ6A|2026-10-11,K8vZ9178ov0,K8vZ9178ov0|https://www.ticketmaster.com/grupo-palomo-tickets/artist/718353
G5dVZ_1Jejxfo,MX|G5dVZ_1Jejxfo|KovZpZA6EtdA|2026-10-10,K8vZ917fJyV,K8vZ917fJyV|https://www.ticketmaster.com/estelares-tickets/artist/2230630
G5dVZ_5J2oxZw,MX|G5dVZ_5J2oxZw|KovZpZAJ6k6A|2026-10-10,K8vZ917OYmf,K8vZ917OYmf|https://www.ticketmaster.com/cuarteto-ruvalcaba-tickets/artist/4537244
G5dVZ_5J2oxZw,MX|G5dVZ_5J2oxZw|KovZpZAJ6k6A|2026-10-10,K8vZ9175HJ7,K8vZ9175HJ7|https://www.ticketmaster.com/festival-internacional-cervantino-tickets/artist/1066476
G5dVZ_5JKueNZ,MX|G5dVZ_5JKueNZ|KovZ917AsNd|2026-10-10,K8vZ917OctV,K8vZ917OctV|https://www.ticketmaster.com/bugallo-williams-piano-duo-tickets/artist/4537254
G5dVZ_5JKueNZ,MX|G5dVZ_5JKueNZ|KovZ917AsNd|2026-10-10,K8vZ9175HJ7,K8vZ9175HJ7|https://www.ticketmaster.com/festival-internacional-cervantino-tickets/artist/1066476
G5dVZ_5nWlMQl,MX|G5dVZ_5nWlMQl|KovZ917AsNF|2026-10-10,K8vZ917fBhV,K8vZ917fBhV|https://www.ticketmaster.com/compania-de-antonio-gades-tickets/artist/2254468
G5dVZ_5nWlMQl,MX|G5dVZ_5nWlMQl|KovZ917AsNF|2026-10-10,K8vZ9175HJ7,K8vZ9175HJ7|https://www.ticketmaster.com/festival-internacional-cervantino-tickets/artist/1066476
G5dVZ_GKvKESN,MX|G5dVZ_GKvKESN|KovZpZAJ6kFA|2026-10-10,K8vZ917Octf,K8vZ917Octf|https://www.ticketmaster.com/camerata-de-salzburgo-tickets/artist/4537314
G5dVZ_GKvKESN,MX|G5dVZ_GKvKESN|KovZpZAJ6kFA|2026-10-10,K8vZ9175HJ7,K8vZ9175HJ7|https://www.ticketmaster.com/festival-internacional-cervantino-tickets/artist/1066476
G5dVZ_Gk2K-VP,MX|G5dVZ_Gk2K-VP|KovZ917AVrM|2026-10-10,K8vZ917OYm7,K8vZ917OYm7|https://www.ticketmaster.com/mushamukas-tickets/artist/4537309
G5dVZ_Gk2K-VP,MX|G5dVZ_Gk2K-VP|KovZ917AVrM|2026-10-10,K8vZ9175HJ7,K8vZ9175HJ7|https://www.ticketmaster.com/festival-internacional-cervantino-tickets/artist/1066476
G5dVZ_GkGG-EM,MX|G5dVZ_GkGG-EM|KovZpZAJtkkA|2026-10-10,K8vZ917Oct0,K8vZ917Oct0|https://www.ticketmaster.com/leila-ka-tickets/artist/4537304
G5dVZ_GkGG-EM,MX|G5dVZ_GkGG-EM|KovZpZAJtkkA|2026-10-10,K8vZ9175HJ7,K8vZ9175HJ7|https://www.ticketmaster.com/festival-internacional-cervantino-tickets/artist/1066476
G5dVZ_GpMlplG,MX|G5dVZ_GpMlplG|KovZ917AV-9|2026-10-10,K8vZ917Oct7,K8vZ917Oct7|https://www.ticketmaster.com/momi-maiga-tickets/artist/4537234
G5dVZ_GpMlplG,MX|G5dVZ_GpMlplG|KovZ917AV-9|2026-10-10,K8vZ9175HJ7,K8vZ9175HJ7|https://www.ticketmaster.com/festival-internacional-cervantino-tickets/artist/1066476
G5dVZ_unsqSfn,MX|G5dVZ_unsqSfn|KovZpZA7AJ6A|2026-10-10,K8vZ917rp3f,K8vZ917rp3f|https://www.ticketmaster.com/camila-fernandez-tickets/artist/3780299
G5dVZ_21onxcg,MX|G5dVZ_21onxcg|KovZpZA7AJvA|2026-10-11,K8vZ917pby7,K8vZ917pby7|https://www.ticketmaster.com/sala-principal-bellas-artes-tickets/artist/2422193
G5dVZ_5nOuAay,MX|G5dVZ_5nOuAay|KovZ917AsNF|2026-10-11,K8vZ917rq7V,K8vZ917rq7V|https://www.ticketmaster.com/banda-de-musica-del-estado-de-tickets/artist/3844783
G5dVZ_5nOuAay,MX|G5dVZ_5nOuAay|KovZ917AsNF|2026-10-11,K8vZ9175HJ7,K8vZ9175HJ7|https://www.ticketmaster.com/festival-internacional-cervantino-tickets/artist/1066476
G5dVZ_GNNGKXU,MX|G5dVZ_GNNGKXU|KovZpZA6EtdA|2026-10-11,K8vZ917jrr0,K8vZ917jrr0|https://www.ticketmaster.com/aquihayaquihay-tickets/artist/3124022
G5dVZ_Gh7qt5A,MX|G5dVZ_Gh7qt5A|KovZpZA6EtdA|2026-10-11,K8vZ917jrr0,K8vZ917jrr0|https://www.ticketmaster.com/aquihayaquihay-tickets/artist/3124022
G5dVZ_Gknu0ZW,MX|G5dVZ_Gknu0ZW|KovZ917AVrM|2026-10-11,K8vZ917Og00,K8vZ917Og00|https://www.ticketmaster.com/samoyedo-tickets/artist/4538164
G5dVZ_Gknu0ZW,MX|G5dVZ_Gknu0ZW|KovZ917AVrM|2026-10-11,K8vZ9175HJ7,K8vZ9175HJ7|https://www.ticketmaster.com/festival-internacional-cervantino-tickets/artist/1066476
G5dVZ_GkuEvly,MX|G5dVZ_GkuEvly|KovZpZAJtkkA|2026-10-11,K8vZ917Oct0,K8vZ917Oct0|https://www.ticketmaster.com/leila-ka-tickets/artist/4537304
G5dVZ_GkuEvly,MX|G5dVZ_GkuEvly|KovZpZAJtkkA|2026-10-11,K8vZ9175HJ7,K8vZ9175HJ7|https://www.ticketmaster.com/festival-internacional-cervantino-tickets/artist/1066476
G5dVZ_aLYWj9Q,MX|G5dVZ_aLYWj9Q|KovZpZA6EkIA|2026-10-11,K8vZ917-2jf,K8vZ917-2jf|https://www.ticketmaster.com/leon-chavez-teixeiro-tickets/artist/4605026
G5dVZ_5RV6zVa,MX|G5dVZ_5RV6zVa|KovZ917AsNF|2026-10-12,K8vZ9172lb0,K8vZ9172lb0|https://www.ticketmaster.com/cypher-clique-tickets/artist/1716986
G5dVZ_5RV6zVa,MX|G5dVZ_5RV6zVa|KovZ917AsNF|2026-10-12,K8vZ9175HJ7,K8vZ9175HJ7|https://www.ticketmaster.com/festival-internacional-cervantino-tickets/artist/1066476
G5dVZ_GlP14CG,MX|G5dVZ_GlP14CG|KovZpZA6EtdA|2026-10-12,K8vZ917jrr0,K8vZ917jrr0|https://www.ticketmaster.com/aquihayaquihay-tickets/artist/3124022
G5dVZ_GmkFsZD,MX|G5dVZ_GmkFsZD|KovZpZA6EtdA|2026-10-12,K8vZ917jrr0,K8vZ917jrr0|https://www.ticketmaster.com/aquihayaquihay-tickets/artist/3124022
G5dVZ_21onxcH,MX|G5dVZ_21onxcH|KovZpZA7AJvA|2026-10-13,K8vZ917pby7,K8vZ917pby7|https://www.ticketmaster.com/sala-principal-bellas-artes-tickets/artist/2422193
G5dVZ_2Qkq-jy,MX|G5dVZ_2Qkq-jy|KovZ917AVGy|2026-10-13,K8vZ917-6YV,K8vZ917-6YV|https://www.ticketmaster.com/luigi-vidal-tickets/artist/4582552
G5dVZ_8kUn6IA,MX|G5dVZ_8kUn6IA|KovZpZAEvelA|2026-10-13,K8vZ9172iq0,K8vZ9172iq0|https://www.ticketmaster.com/walls-tickets/artist/1719348
G5dVZ_GS3kAgd,MX|G5dVZ_GS3kAgd|KovZpZA6EtdA|2026-10-13,K8vZ917jrr0,K8vZ917jrr0|https://www.ticketmaster.com/aquihayaquihay-tickets/artist/3124022
G5dVZ_GStmMde,MX|G5dVZ_GStmMde|KovZpZA6EtdA|2026-10-13,K8vZ917jrr0,K8vZ917jrr0|https://www.ticketmaster.com/aquihayaquihay-tickets/artist/3124022
G5dVZ_5JMbgLR,MX|G5dVZ_5JMbgLR|KovZ917AsNd|2026-10-16,K8vZ9174C9f,K8vZ9174C9f|https://www.ticketmaster.com/kotaro-fukuma-tickets/artist/2279866
G5dVZ_5JMbgLR,MX|G5dVZ_5JMbgLR|KovZ917AsNd|2026-10-16,K8vZ9175HJ7,K8vZ9175HJ7|https://www.ticketmaster.com/festival-internacional-cervantino-tickets/artist/1066476
G5dVZ_5RXraGK,MX|G5dVZ_5RXraGK|KovZ917AsNF|2026-10-14,K8vZ9179o0V,K8vZ9179o0V|https://www.ticketmaster.com/jackie-mendoza-tickets/artist/2524731
G5dVZ_5RXraGK,MX|G5dVZ_5RXraGK|KovZ917AsNF|2026-10-14,K8vZ9175HJ7,K8vZ9175HJ7|https://www.ticketmaster.com/festival-internacional-cervantino-tickets/artist/1066476
G5dVZ_GnRMd7l,MX|G5dVZ_GnRMd7l|KovZpZA6EtdA|2026-10-14,K8vZ917pYWf,K8vZ917pYWf|https://www.ticketmaster.com/karen-souza-tickets/artist/2173614
G5dVZ_5JGUswT,MX|G5dVZ_5JGUswT|KovZ917AsNd|2026-10-15,K8vZ917OMF0,K8vZ917OMF0|https://www.ticketmaster.com/angelica-retana-tickets/artist/4539319
G5dVZ_5JGUswT,MX|G5dVZ_5JGUswT|KovZ917AsNd|2026-10-15,K8vZ9175HJ7,K8vZ9175HJ7|https://www.ticketmaster.com/festival-internacional-cervantino-tickets/artist/1066476
G5dVZ_GlcjPhc,MX|G5dVZ_GlcjPhc|KovZpZAJ6kFA|2026-10-15,K8vZ917OMFf,K8vZ917OMFf|https://www.ticketmaster.com/cuarteto-arod-tickets/artist/4539284
G5dVZ_GlcjPhc,MX|G5dVZ_GlcjPhc|KovZpZAJ6kFA|2026-10-15,K8vZ9175HJ7,K8vZ9175HJ7|https://www.ticketmaster.com/festival-internacional-cervantino-tickets/artist/1066476
G5dVZ_GmyPP7w,MX|G5dVZ_GmyPP7w|KovZ917AYIQ|2026-10-15,K8vZ917r-90,K8vZ917r-90|https://www.ticketmaster.com/meme-del-real-tickets/artist/3883123
G5dVZ_o3enoB4,MX|G5dVZ_o3enoB4|KovZ917AVGy|2026-10-15,K8vZ917Lqef,K8vZ917Lqef|https://www.ticketmaster.com/leyendas-el-show-tickets/artist/4277944
17AZv0G65hfvrMD,MX|17AZv0G65hfvrMD|KovZpZAEvvIA|2026-10-16,K8vZ917QIw0,K8vZ917QIw0|https://www.ticketmaster.com/dabeull-tickets/artist/2915037
17AZv0G65m_wBtD,MX|17AZv0G65m_wBtD|KovZpZA6JttA|2026-10-16,K8vZ917Gu80,K8vZ917Gu80|https://www.ticketmaster.com/angelica-maria-y-enrique-guzman-tickets/artist/755062
G5dVZ_219INa2,MX|G5dVZ_219INa2|KovZ917AEuQ|2026-10-16,K8vZ917rgj7,K8vZ917rgj7|https://www.ticketmaster.com/majo-rivas-tickets/artist/4055089
G5dVZ_5J1eoEb,MX|G5dVZ_5J1eoEb|KovZpZAJ6k6A|2026-10-16,K8vZ917OMFV,K8vZ917OMFV|https://www.ticketmaster.com/cuarteto-de-cuerdas-de-bellas-artes-tickets/artist/4539324
G5dVZ_5J1eoEb,MX|G5dVZ_5J1eoEb|KovZpZAJ6k6A|2026-10-16,K8vZ9175HJ7,K8vZ9175HJ7|https://www.ticketmaster.com/festival-internacional-cervantino-tickets/artist/1066476
G5dVZ_5RRsbIz,MX|G5dVZ_5RRsbIz|KovZ917AsNF|2026-10-16,K8vZ917o02f,K8vZ917o02f|https://www.ticketmaster.com/the-lemon-bucket-orkestra-tickets/artist/1900001
G5dVZ_5RRsbIz,MX|G5dVZ_5RRsbIz|KovZ917AsNF|2026-10-16,K8vZ9175HJ7,K8vZ9175HJ7|https://www.ticketmaster.com/festival-internacional-cervantino-tickets/artist/1066476
G5dVZ_GpX8E5p,MX|G5dVZ_GpX8E5p|KovZ917AV-9|2026-10-16,K8vZ917OMB7,K8vZ917OMB7|https://www.ticketmaster.com/lina-tickets/artist/4539354
G5dVZ_GpX8E5p,MX|G5dVZ_GpX8E5p|KovZ917AV-9|2026-10-16,K8vZ9175HJ7,K8vZ9175HJ7|https://www.ticketmaster.com/festival-internacional-cervantino-tickets/artist/1066476
G5dVZ_o3kNekI,MX|G5dVZ_o3kNekI|KovZpZA6EtdA|2026-10-16,K8vZ917GQUf,K8vZ917GQUf|https://www.ticketmaster.com/estela-nunez-tickets/artist/755120
G5dVZ_o3kNekI,MX|G5dVZ_o3kNekI|KovZpZA6EtdA|2026-10-16,K8vZ9174N0f,K8vZ9174N0f|https://www.ticketmaster.com/cabaret-lunario-tickets/artist/2302088
G5dVZ_GpV2JrV,MX|G5dVZ_GpV2JrV|KovZ917AV-9|2026-10-17,K8vZ9172eh7,K8vZ9172eh7|https://www.ticketmaster.com/sofia-rei-tickets/artist/1650645
G5dVZ_GpV2JrV,MX|G5dVZ_GpV2JrV|KovZ917AV-9|2026-10-17,K8vZ9175HJ7,K8vZ9175HJ7|https://www.ticketmaster.com/festival-internacional-cervantino-tickets/artist/1066476
G5dVZ_516z-tG,MX|G5dVZ_516z-tG|KovZ917A8z0|2026-10-17,K8vZ9175Hv7,K8vZ9175Hv7|https://www.ticketmaster.com/alejandro-filio-tickets/artist/1140203
G5dVZ_5Qmakll,MX|G5dVZ_5Qmakll|KovZpZA6EtdA|2026-10-17,K8vZ917hay0,K8vZ917hay0|https://www.ticketmaster.com/juan-solo-tickets/artist/2975970
G5dVZ_G1JIVFX,MX|G5dVZ_G1JIVFX|KovZpZAEvelA|2026-10-17,K8vZ917OQ_f,K8vZ917OQ_f|https://www.ticketmaster.com/mike-lamadrid-tickets/artist/4482819
G5dVZ_GkeIZWg,MX|G5dVZ_GkeIZWg|KovZ917AVrM|2026-10-17,K8vZ917OMBV,K8vZ917OMBV|https://www.ticketmaster.com/cuarteto-de-mario-nandayapa-tickets/artist/4539579
G5dVZ_GkeIZWg,MX|G5dVZ_GkeIZWg|KovZ917AVrM|2026-10-17,K8vZ9175HJ7,K8vZ9175HJ7|https://www.ticketmaster.com/festival-internacional-cervantino-tickets/artist/1066476
G5dVZ_a156x-i,MX|G5dVZ_a156x-i|KovZpZA7AJ6A|2026-10-17,K8vZ917qkXV,K8vZ917qkXV|https://www.ticketmaster.com/mariana-ochoa-tickets/artist/3205698
G5dVZ_GQfv7Qx,MX|G5dVZ_GQfv7Qx|KovZpZA7AJ6A|2026-11-26,K8vZ9178Vi0,K8vZ9178Vi0|https://www.ticketmaster.com/beto-cuevas-tickets/artist/1195445
16fZkfxPzZACkF7e,MX|16fZkfxPzZACkF7e|KovZpZAIln6A|2026-10-18,K8vZ917OR_0,K8vZ917OR_0|https://www.ticketmaster.com/one-piece-in-concert-tickets/artist/4526514
G5dVZ_5RJeFoN,MX|G5dVZ_5RJeFoN|KovZ917AsNF|2026-10-18,K8vZ917rDi0,K8vZ917rDi0|https://www.ticketmaster.com/dabeull-live-band-tickets/artist/4111339
G5dVZ_5RJeFoN,MX|G5dVZ_5RJeFoN|KovZ917AsNF|2026-10-18,K8vZ9175HJ7,K8vZ9175HJ7|https://www.ticketmaster.com/festival-internacional-cervantino-tickets/artist/1066476
G5dVZ_CLJHVST,MX|G5dVZ_CLJHVST|KovZpZA7AJ6A|2026-10-18,K8vZ9171YfV,K8vZ9171YfV|https://www.ticketmaster.com/los-babys-tickets/artist/10962
G5dVZ_urdiZgY,MX|G5dVZ_urdiZgY|KovZpZA6EtdA|2026-10-18,K8vZ917hfLV,K8vZ917hfLV|https://www.ticketmaster.com/pavel-loaria-tickets/artist/3000795
G5dVZ_2MJhMtt,MX|G5dVZ_2MJhMtt|KovZpZA6EtdA|2026-10-19,K8vZ9172eh7,K8vZ9172eh7|https://www.ticketmaster.com/sofia-rei-tickets/artist/1650645
16v8Z_kQeG7UxfM,MX|16v8Z_kQeG7UxfM|KovZpZA77t6A|2026-10-22,K8vZ917pq9f,K8vZ917pq9f|https://www.ticketmaster.com/bad-gyal-tickets/artist/2433467
17AZv0G6G5Jd--j,MX|17AZv0G6G5Jd--j|KovZpZA6JttA|2026-11-08,K8vZ917fwIV,K8vZ917fwIV|https://www.ticketmaster.com/los-panchos-tickets/artist/2250936
1AfZkoJGkdF7hya,MX|1AfZkoJGkdF7hya|KovZpZAJt1kA|2026-10-23,K8vZ917pq9f,K8vZ917pq9f|https://www.ticketmaster.com/bad-gyal-tickets/artist/2433467
1AfZk36GkeBD2eF,MX|1AfZk36GkeBD2eF|KovZpZA6JttA|2026-10-21,K8vZ917rCNV,K8vZ917rCNV|https://www.ticketmaster.com/la-casetera-tickets/artist/3724684
G5dVZ_oxBFNOx,MX|G5dVZ_oxBFNOx|KovZpZA6EkIA|2026-10-22,K8vZ917-tu7,K8vZ917-tu7|https://www.ticketmaster.com/jarocho-son-tickets/artist/4676546
G5dVZ_uQCGYWO,MX|G5dVZ_uQCGYWO|KovZ917AVGy|2026-10-22,K8vZ917Oco7,K8vZ917Oco7|https://www.ticketmaster.com/flamencura-tickets/artist/4527819
G5dVZ_uVZzVe8,MX|G5dVZ_uVZzVe8|KovZpZA7AJ6A|2026-10-22,K8vZ917oS57,K8vZ917oS57|https://www.ticketmaster.com/kurt-tickets/artist/1923817
16fZkoJ0JZAG7Ga1,MX|16fZkoJ0JZAG7Ga1|KovZpZA6I7FA|2026-10-25,K8vZ917pq9f,K8vZ917pq9f|https://www.ticketmaster.com/bad-gyal-tickets/artist/2433467
17AZv0G62BOanSB,MX|17AZv0G62BOanSB|KovZpZAJtkJA|2026-10-23,K8vZ917oyff,K8vZ917oyff|https://www.ticketmaster.com/alizzz-tickets/artist/1932293
G5dVZ_FXVYkUo,MX|G5dVZ_FXVYkUo|KovZpZA6EkkA|2026-10-23,K8vZ917hQo7,K8vZ917hQo7|https://www.ticketmaster.com/andres-obregon-tickets/artist/3018601
G5dVZ_KaSDs7w,MX|G5dVZ_KaSDs7w|KovZpZA7AJvA|2026-10-24,K8vZ917pby7,K8vZ917pby7|https://www.ticketmaster.com/sala-principal-bellas-artes-tickets/artist/2422193
G5dVZ_FmK2e3r,MX|G5dVZ_FmK2e3r|KovZpZA6EtdA|2026-10-25,K8vZ917LSH7,K8vZ917LSH7|https://www.ticketmaster.com/transmetal-tickets/artist/4363159
17AZv0G6uDvJyEf,MX|17AZv0G6uDvJyEf|KovZpZA77t6A|2026-10-28,K8vZ917hq_0,K8vZ917hq_0|https://www.ticketmaster.com/omar-courtz-tickets/artist/3026340
17AZv0G61Lq_NUO,MX|17AZv0G61Lq_NUO|KovZpZA6I7FA|2026-10-29,K8vZ917rQhf,K8vZ917rQhf|https://www.ticketmaster.com/kapo-tickets/artist/3813104
17AZv0G6uD7T1d9,MX|17AZv0G6uD7T1d9|KovZpZA77t6A|2026-10-29,K8vZ917hq_0,K8vZ917hq_0|https://www.ticketmaster.com/omar-courtz-tickets/artist/3026340
G5dVZ_aJ1Yg9K,MX|G5dVZ_aJ1Yg9K|KovZpZA6EtdA|2026-10-29,K8vZ917O_FV,K8vZ917O_FV|https://www.ticketmaster.com/carlos-vallarino-tickets/artist/4473914
G5dVZ_aJ1Yg9K,MX|G5dVZ_aJ1Yg9K|KovZpZA6EtdA|2026-10-29,K8vZ917O_a7,K8vZ917O_a7|https://www.ticketmaster.com/mar-maria-tickets/artist/4473909
G5dVZ_o3dx-WU,MX|G5dVZ_o3dx-WU|KovZ917AVGy|2026-10-29,K8vZ917Lqef,K8vZ917Lqef|https://www.ticketmaster.com/leyendas-el-show-tickets/artist/4277944
1afZk3FxkjwZe2C,MX|1afZk3FxkjwZe2C|KovZpZAJllnA|2026-10-30,K8vZ917KWm0,K8vZ917KWm0|https://www.ticketmaster.com/lngsht-tickets/artist/2173187
17AZv0G6ux71xC3,MX|17AZv0G6ux71xC3|KovZpZA6JttA|2026-10-31,K8vZ917bsBV,K8vZ917bsBV|https://www.ticketmaster.com/alex-fernandez-tickets/artist/2729965
G5dVZ_7nifd0m,MX|G5dVZ_7nifd0m|KovZpZA6EFEA|2026-10-31,K8vZ9175HMf,K8vZ9175HMf|https://www.ticketmaster.com/fernando-delgadillo-tickets/artist/1174042
G5dVZ_7nifd0m,MX|G5dVZ_7nifd0m|KovZpZA6EFEA|2026-10-31,K8vZ9175Hv7,K8vZ9175Hv7|https://www.ticketmaster.com/alejandro-filio-tickets/artist/1140203
G5dVZ_8L3iU_d,MX|G5dVZ_8L3iU_d|KovZpZAEvelA|2026-10-31,K8vZ917-6JV,K8vZ917-6JV|https://www.ticketmaster.com/saramalacara-tickets/artist/4578784
G5dVZ_K9PSMXL,MX|G5dVZ_K9PSMXL|KovZpZA6EtdA|2026-10-31,K8vZ917KBpV,K8vZ917KBpV|https://www.ticketmaster.com/jorge-muniz-tickets/artist/2168495
G5dVZ_K9PSMXL,MX|G5dVZ_K9PSMXL|KovZpZA6EtdA|2026-10-31,K8vZ9174N0f,K8vZ9174N0f|https://www.ticketmaster.com/cabaret-lunario-tickets/artist/2302088
G5dVZ_uDePNrb,MX|G5dVZ_uDePNrb|KovZpZA6El6A|2026-10-31,K8vZ917hq_0,K8vZ917hq_0|https://www.ticketmaster.com/omar-courtz-tickets/artist/3026340
G5dVZ_oxDeSx-,MX|G5dVZ_oxDeSx-|KovZpZA6EkIA|2026-11-01,K8vZ917rYI7,K8vZ917rYI7|https://www.ticketmaster.com/grupo-compay-segundo-tickets/artist/4025937
1Av8Z_oGkwlK1b4,MX|1Av8Z_oGkwlK1b4|KovZpZA77t6A|2026-11-03,K8vZ917hq_0,K8vZ917hq_0|https://www.ticketmaster.com/omar-courtz-tickets/artist/3026340
1Av8Z_FGkUmqzYm,MX|1Av8Z_FGkUmqzYm|KovZpZAJt1kA|2026-11-04,K8vZ917rQhf,K8vZ917rQhf|https://www.ticketmaster.com/kapo-tickets/artist/3813104
17AZv0G61BDXiSr,MX|17AZv0G61BDXiSr|KovZpZAJtkJA|2026-11-05,K8vZ917_fQf,K8vZ917_fQf|https://www.ticketmaster.com/emjay-tickets/artist/2778395
17AZv0G61DEdASr,MX|17AZv0G61DEdASr|KovZpZAEvvIA|2026-11-05,K8vZ917qA-V,K8vZ917qA-V|https://www.ticketmaster.com/peces-raros-tickets/artist/3191283
G5dVZ_on8L3MK,MX|G5dVZ_on8L3MK|KovZpZAJIAIA|2026-11-05,K8vZ917h8u0,K8vZ917h8u0|https://www.ticketmaster.com/dillom-tickets/artist/2991327
G5dVZ_o3epoyv,MX|G5dVZ_o3epoyv|KovZ917A8z0|2026-11-07,K8vZ917GUBf,K8vZ917GUBf|https://www.ticketmaster.com/collage-tickets/artist/1475681
17AZv0G6Gx5Uxo2,MX|17AZv0G6Gx5Uxo2|KovZpZA6I7FA|2026-11-06,K8vZ917OOr7,K8vZ917OOr7|https://www.ticketmaster.com/tombochio-tickets/artist/4497719
17AZv0G6uBT0yfy,MX|17AZv0G6uBT0yfy|KovZpZAJt1kA|2026-11-06,K8vZ917hq_0,K8vZ917hq_0|https://www.ticketmaster.com/omar-courtz-tickets/artist/3026340
1AfZk8YGkeYdM9k,MX|1AfZk8YGkeYdM9k|KovZpZAEvvIA|2026-11-06,K8vZ917hE_f,K8vZ917hE_f|https://www.ticketmaster.com/rubio-tickets/artist/3045079
G5dVZ_1mFIvn1,MX|G5dVZ_1mFIvn1|KovZpZA6E1JA|2026-11-06,K8vZ917qA-V,K8vZ917qA-V|https://www.ticketmaster.com/peces-raros-tickets/artist/3191283
G5dVZ_5ew8BAw,MX|G5dVZ_5ew8BAw|KovZpZA7AJ6A|2026-11-06,K8vZ917Lv70,K8vZ917Lv70|https://www.ticketmaster.com/los-de-aguilera-tickets/artist/4136044
G5dVZ_onOx4_v,MX|G5dVZ_onOx4_v|KovZpZAJIAIA|2026-11-06,K8vZ917h8u0,K8vZ917h8u0|https://www.ticketmaster.com/dillom-tickets/artist/2991327
17AZv0G6uDiORnf,MX|17AZv0G6uDiORnf|KovZpZAJt1kA|2026-11-07,K8vZ917hq_0,K8vZ917hq_0|https://www.ticketmaster.com/omar-courtz-tickets/artist/3026340
G5dVZ_1DVFPLb,MX|G5dVZ_1DVFPLb|KovZ917AmXF|2026-11-07,K8vZ917_fQf,K8vZ917_fQf|https://www.ticketmaster.com/emjay-tickets/artist/2778395
G5dVZ_1MSNu7U,MX|G5dVZ_1MSNu7U|KovZpZAEvelA|2026-11-07,K8vZ917O6zf,K8vZ917O6zf|https://www.ticketmaster.com/yng-naz-tickets/artist/4439999
G5dVZ_C3Gaxms,MX|G5dVZ_C3Gaxms|KovZpZA6EkIA|2026-11-07,K8vZ917OzLV,K8vZ917OzLV|https://www.ticketmaster.com/coro-acardenchado-tickets/artist/4551584
G5dVZ_onOx4_d,MX|G5dVZ_onOx4_d|KovZpZAJIAIA|2026-11-07,K8vZ917h8u0,K8vZ917h8u0|https://www.ticketmaster.com/dillom-tickets/artist/2991327
G5dVZ_uBzFSZ9,MX|G5dVZ_uBzFSZ9|KovZ917AVGy|2026-11-07,K8vZ917LyY7,K8vZ917LyY7|https://www.ticketmaster.com/jose-maria-tickets/artist/4370359
G5dVZ_1DSPPbX,MX|G5dVZ_1DSPPbX|KovZpZA6EtdA|2026-11-08,K8vZ917O6D0,K8vZ917O6D0|https://www.ticketmaster.com/jose-y-el-toro-tickets/artist/4441739
G5dVZ_1Xwhn1i,MX|G5dVZ_1Xwhn1i|KovZpZA6teaA|2026-11-08,K8vZ917Ot1V,K8vZ917Ot1V|https://www.ticketmaster.com/sin-fronteras-tickets/artist/4512619
G5dVZ_A1YCxRq,MX|G5dVZ_A1YCxRq|KovZpZA6EkkA|2026-11-13,K8vZ917hdIf,K8vZ917hdIf|https://www.ticketmaster.com/majo-aguilar-tickets/artist/2965593
G5dVZ_CrLYvUQ,MX|G5dVZ_CrLYvUQ|KovZpZA7AJ6A|2026-11-19,K8vZ917bGP7,K8vZ917bGP7|https://www.ticketmaster.com/kalimba-tickets/artist/2655217
G5dVZ_eJ3nx0r,MX|G5dVZ_eJ3nx0r|KovZpZA6EkIA|2026-11-21,K8vZ917ohU0,K8vZ917ohU0|https://www.ticketmaster.com/christian-sands-tickets/artist/1887566
G5dVZ_eJ3nx0r,MX|G5dVZ_eJ3nx0r|KovZpZA6EkIA|2026-11-21,K8vZ917Ok37,K8vZ917Ok37|https://www.ticketmaster.com/ciclo-ny-jazz-all-stars-tickets/artist/4427089
G5dVZ_2d-DMSj,MX|G5dVZ_2d-DMSj|KovZpZA7AJ6A|2026-11-20,K8vZ917bGP7,K8vZ917bGP7|https://www.ticketmaster.com/kalimba-tickets/artist/2655217
17AZv0G6211NKnT,MX|17AZv0G6211NKnT|KovZpZA6JttA|2026-11-12,K8vZ917bkvf,K8vZ917bkvf|https://www.ticketmaster.com/maria-leon-tickets/artist/2642430
1Av8Z_aGkBP3B2T,MX|1Av8Z_aGkBP3B2T|KovZpZA6I7FA|2026-11-13,K8vZ917poK7,K8vZ917poK7|https://www.ticketmaster.com/daniele-di-bonaventura-tickets/artist/2409595
G5dVZ_2ToQ6B3,MX|G5dVZ_2ToQ6B3|KovZpZA6EkIA|2026-11-13,K8vZ917q5Vf,K8vZ917q5Vf|https://www.ticketmaster.com/congreso-mundial-del-mariachi-tickets/artist/3261349
G5dVZ_Cwfa792,MX|G5dVZ_Cwfa792|KovZpZA6EtdA|2026-11-13,K8vZ917KBp0,K8vZ917KBp0|https://www.ticketmaster.com/carlos-cuevas-tickets/artist/788221
G5dVZ_am7I8Dj,MX|G5dVZ_am7I8Dj|KovZ917A8z0|2026-11-13,K8vZ917hx67,K8vZ917hx67|https://www.ticketmaster.com/trendline-tickets/artist/2374465
G5dVZ_CLIe7Mo,MX|G5dVZ_CLIe7Mo|KovZpZA7AJ6A|2026-11-21,K8vZ917bGP7,K8vZ917bGP7|https://www.ticketmaster.com/kalimba-tickets/artist/2655217
G5dVZ_2UlnVDC,MX|G5dVZ_2UlnVDC|KovZ917AEuQ|2026-11-14,K8vZ9175HMf,K8vZ9175HMf|https://www.ticketmaster.com/fernando-delgadillo-tickets/artist/1174042
G5dVZ_35v70mf,MX|G5dVZ_35v70mf|KovZ917AVGy|2026-11-14,K8vZ917qSa7,K8vZ917qSa7|https://www.ticketmaster.com/aranza-tickets/artist/3448469
G5dVZ_5muixzo,MX|G5dVZ_5muixzo|KovZpZA6teaA|2026-11-14,K8vZ917O_cV,K8vZ917O_cV|https://www.ticketmaster.com/miguel-inzunza-tickets/artist/4466999
G5dVZ_oXF6opU,MX|G5dVZ_oXF6opU|KovZ917A8z0|2026-11-14,K8vZ917rnm7,K8vZ917rnm7|https://www.ticketmaster.com/julio-ponze-tickets/artist/3966444
17AZv0G6GnU8b_Y,MX|17AZv0G6GnU8b_Y|KovZpZA6JttA|2026-11-28,K8vZ9171aqV,K8vZ9171aqV|https://www.ticketmaster.com/menudo-tickets/artist/751999
1Av8Z_7GkmWWnsy,MX|1Av8Z_7GkmWWnsy|KovZpZAIln6A|2026-11-15,K8vZ917qJg7,K8vZ917qJg7|https://www.ticketmaster.com/la-caravana-del-amor-tickets/artist/3408434
G5dVZ_1kyjEzA,MX|G5dVZ_1kyjEzA|KovZpZA6EkkA|2026-11-15,K8vZ917hNsf,K8vZ917hNsf|https://www.ticketmaster.com/daniel-boaventura-tickets/artist/2507640
G5dVZ_3CuN3aN,MX|G5dVZ_3CuN3aN|KovZpZA6teaA|2026-11-15,K8vZ917q5Vf,K8vZ917q5Vf|https://www.ticketmaster.com/congreso-mundial-del-mariachi-tickets/artist/3261349
17AZv0G65m1f60K,MX|17AZv0G65m1f60K|KovZpZA6JttA|2026-11-16,K8vZ917hR1f,K8vZ917hR1f|https://www.ticketmaster.com/estela-nunez-y-jorge-muniz-tickets/artist/3057743
G5dVZ_2ns_gtu,MX|G5dVZ_2ns_gtu|KovZpZA6EtdA|2026-11-18,K8vZ917-ZeV,K8vZ917-ZeV|https://www.ticketmaster.com/rainao-tickets/artist/4569944
G5dVZ_2M--6bK,MX|G5dVZ_2M--6bK|KovZ917AmT7|2026-11-19,K8vZ9171Lh7,K8vZ9171Lh7|https://www.ticketmaster.com/baile-anual-uam-tickets/artist/6412
G5dVZ_33rsKxE,MX|G5dVZ_33rsKxE|KovZpZAEvelA|2026-11-19,K8vZ9174lO7,K8vZ9174lO7|https://www.ticketmaster.com/taburete-tickets/artist/2318744
1AfZk39Gkdm8Smh,MX|1AfZk39Gkdm8Smh|KovZpZAJnd1A|2026-11-20,K8vZ917CcN0,K8vZ917CcN0|https://www.ticketmaster.com/time-warp-tickets/artist/1614189
1AfZk3bGkd_N2v3,MX|1AfZk3bGkd_N2v3|KovZpZAJnd1A|2026-11-20,K8vZ917CcN0,K8vZ917CcN0|https://www.ticketmaster.com/time-warp-tickets/artist/1614189
1AfZk3bGkdb4mzY,MX|1AfZk3bGkdb4mzY|KovZpZAJnd1A|2026-11-20,K8vZ917CcN0,K8vZ917CcN0|https://www.ticketmaster.com/time-warp-tickets/artist/1614189
1AfZk3bGkdpNmlX,MX|1AfZk3bGkdpNmlX|KovZpZAJnd1A|2026-11-20,K8vZ917CcN0,K8vZ917CcN0|https://www.ticketmaster.com/time-warp-tickets/artist/1614189
G5dVZ_5prEIUP,MX|G5dVZ_5prEIUP|KovZpZAJIAIA|2026-11-20,K8vZ917C_IV,K8vZ917C_IV|https://www.ticketmaster.com/francisca-valenzuela-tickets/artist/1588090
G5dVZ_uQLe-cX,MX|G5dVZ_uQLe-cX|KovZpZA6teaA|2026-11-20,K8vZ917rCf7,K8vZ917rCf7|https://www.ticketmaster.com/nuestros-boleros-de-cantina-carlos-carreira-tickets/artist/3724349
G5dVZbMmRaJjc,MX|G5dVZbMmRaJjc|KovZpZA6EFEA|2026-11-29,K8vZ917GaFV,K8vZ917GaFV|https://www.ticketmaster.com/los-angeles-negros-tickets/artist/1325997
17AZv0G62wM6D37,MX|17AZv0G62wM6D37|KovZpZA6I7FA|2026-11-21,K8vZ917rrn7,K8vZ917rrn7|https://www.ticketmaster.com/los-parras-tickets/artist/3859089
1AfZk3bGkd9RXVz,MX|1AfZk3bGkd9RXVz|KovZpZAJnd1A|2026-11-21,K8vZ917CcN0,K8vZ917CcN0|https://www.ticketmaster.com/time-warp-tickets/artist/1614189
1AfZk3bGkdQ021j,MX|1AfZk3bGkdQ021j|KovZpZAJnd1A|2026-11-21,K8vZ917CcN0,K8vZ917CcN0|https://www.ticketmaster.com/time-warp-tickets/artist/1614189
G5dVZ_1Nv26Rz,MX|G5dVZ_1Nv26Rz|KovZpZA6EkIA|2026-11-21,K8vZ917Ok37,K8vZ917Ok37|https://www.ticketmaster.com/ciclo-ny-jazz-all-stars-tickets/artist/4427089
G5dVZ_emz5JY8,MX|G5dVZ_emz5JY8|KovZpZA7AJ6A|2026-11-28,K8vZ9178wx7,K8vZ9178wx7|https://www.ticketmaster.com/nicho-hinojosa-tickets/artist/1309512
G5dVZ_8MElaKY,MX|G5dVZ_8MElaKY|KovZpZA6teaA|2026-11-22,K8vZ917-fQV,K8vZ917-fQV|https://www.ticketmaster.com/grupo-g-tickets/artist/4623686
G5dVZ_Gp7ceNe,MX|G5dVZ_Gp7ceNe|KovZpZA6EkIA|2026-11-22,K8vZ917QwDf,K8vZ917QwDf|https://www.ticketmaster.com/piaf-symphonique-tickets/artist/2940426
1AfZkf0GkeO5tqe,MX|1AfZkf0GkeO5tqe|KovZpZA6JttA|2026-11-23,K8vZ9174lO7,K8vZ9174lO7|https://www.ticketmaster.com/taburete-tickets/artist/2318744
G5dVZ_olpYDK3,MX|G5dVZ_olpYDK3|KovZpZAEvelA|2026-11-25,K8vZ917r_60,K8vZ917r_60|https://www.ticketmaster.com/easykid-tickets/artist/3805657
16v8Z_FxvG7cxPc,MX|16v8Z_FxvG7cxPc|KovZpZA6JttA|2026-11-26,K8vZ9172aSf,K8vZ9172aSf|https://www.ticketmaster.com/nacho-vegas-tickets/artist/1660442
G5dVZ_ChrlK85,MX|G5dVZ_ChrlK85|KovZpZAEvelA|2026-11-26,K8vZ917rqEV,K8vZ917rqEV|https://www.ticketmaster.com/six-sex-tickets/artist/3840194
G5dVZ_CLlw4eG,MX|G5dVZ_CLlw4eG|KovZpZA7AJ6A|2026-12-03,K8vZ917bGP7,K8vZ917bGP7|https://www.ticketmaster.com/kalimba-tickets/artist/2655217
17AZv0G61CIypf-,MX|17AZv0G61CIypf-|KovZpZAJllnA|2026-11-27,K8vZ917rpkf,K8vZ917rpkf|https://www.ticketmaster.com/rz-tickets/artist/3781034
1Av8ZbzGkUlfFw6,MX|1Av8ZbzGkUlfFw6|KovZpZA6JttA|2026-11-27,K8vZ917j_uf,K8vZ917j_uf|https://www.ticketmaster.com/nasa-histoires-tickets/artist/3112934
G5dVZ_CLJg0SJ,MX|G5dVZ_CLJg0SJ|KovZpZA7AJ6A|2026-12-04,K8vZ917bGP7,K8vZ917bGP7|https://www.ticketmaster.com/kalimba-tickets/artist/2655217
G5dVZ_33jTNj_,MX|G5dVZ_33jTNj_|KovZpZAEvelA|2026-11-28,K8vZ9178pF7,K8vZ9178pF7|https://www.ticketmaster.com/armando-palomas-tickets/artist/1784155
G5dVZ_3pk9oSf,MX|G5dVZ_3pk9oSf|KovZpZA6EkIA|2026-11-28,K8vZ917-NYf,K8vZ917-NYf|https://www.ticketmaster.com/la-bruja-de-texcoco-tickets/artist/4666421
G5dVZ_Fl3QU7v,MX|G5dVZ_Fl3QU7v|KovZ917AYIQ|2026-11-28,K8vZ9172aSf,K8vZ9172aSf|https://www.ticketmaster.com/nacho-vegas-tickets/artist/1660442
G5dVZ_dK-RAvy,MX|G5dVZ_dK-RAvy|KovZpZA7AJ6A|2026-12-05,K8vZ917bGP7,K8vZ917bGP7|https://www.ticketmaster.com/kalimba-tickets/artist/2655217
G5dVZ_1rkFd_U,MX|G5dVZ_1rkFd_U|KovZpZA6EkkA|2026-11-29,K8vZ9178-Gf,K8vZ9178-Gf|https://www.ticketmaster.com/rodrigo-de-la-cadena-tickets/artist/1799215
G5dVZ_7mdNvPf,MX|G5dVZ_7mdNvPf|KovZpZA6EkIA|2026-11-29,K8vZ9173L80,K8vZ9173L80|https://www.ticketmaster.com/manuel-garcia-tickets/artist/1995730
G5dVZ_k9Tr6y5,MX|G5dVZ_k9Tr6y5|KovZpZA6EFEA|2026-12-04,K8vZ917KmR7,K8vZ917KmR7|https://www.ticketmaster.com/ana-torroja-tickets/artist/1782378
G5dVZ_1BZ0SO_,MX|G5dVZ_1BZ0SO_|KovZpZAEvelA|2026-12-03,K8vZ917_fQf,K8vZ917_fQf|https://www.ticketmaster.com/emjay-tickets/artist/2778395
G5dVZ_3wYLIBH,MX|G5dVZ_3wYLIBH|KovZpZA6EtdA|2026-12-03,K8vZ917-tKV,K8vZ917-tKV|https://www.ticketmaster.com/daphne-michelle-tickets/artist/4679954
G5dVZ_olxDG1Y,MX|G5dVZ_olxDG1Y|KovZpZA7AJ6A|2026-12-13,K8vZ917fwIV,K8vZ917fwIV|https://www.ticketmaster.com/los-panchos-tickets/artist/2250936
17AZv0G651E4kKd,MX|17AZv0G651E4kKd|KovZpZAJt1kA|2026-12-04,K8vZ917h4Q7,K8vZ917h4Q7|https://www.ticketmaster.com/i-love-dance-tickets/artist/3005741
G5dVZ_2J44wXt,MX|G5dVZ_2J44wXt|KovZpZAJIAIA|2026-12-04,K8vZ917hpof,K8vZ917hpof|https://www.ticketmaster.com/lit-killah-tickets/artist/3006150
G5dVZ_KCJNNfP,MX|G5dVZ_KCJNNfP|KovZpZAEvelA|2026-12-04,K8vZ917-6xf,K8vZ917-6xf|https://www.ticketmaster.com/pablo-preciado-tickets/artist/4578729
G5dVZ_Kpb5dZK,MX|G5dVZ_Kpb5dZK|KovZpZA6EtdA|2026-12-04,K8vZ917OkT7,K8vZ917OkT7|https://www.ticketmaster.com/junior-klan-tickets/artist/749663
16v8Z_op7G7SwtJ,MX|16v8Z_op7G7SwtJ|KovZpZAEvvIA|2026-12-05,K8vZ917Q4gf,K8vZ917Q4gf|https://www.ticketmaster.com/natalia-lacunza-tickets/artist/2874992
1Av8Z_3Gkma6V6W,MX|1Av8Z_3Gkma6V6W|KovZpZA6I7FA|2026-12-05,K8vZ917qxPV,K8vZ917qxPV|https://www.ticketmaster.com/chelo-tickets/artist/3378429
1Av8Z_8GkMEMe3W,MX|1Av8Z_8GkMEMe3W|KovZpZA6JlaA|2026-12-05,K8vZ917q6Gf,K8vZ917q6Gf|https://www.ticketmaster.com/dr-simi-tickets/artist/3210058
1Av8Z_8GkUOXAX6,MX|1Av8Z_8GkUOXAX6|KovZpZA6JlaA|2026-12-05,K8vZ917q6Gf,K8vZ917q6Gf|https://www.ticketmaster.com/dr-simi-tickets/artist/3210058
1Av8Z_8GkUixIol,MX|1Av8Z_8GkUixIol|KovZpZA6JlaA|2026-12-05,K8vZ917q6Gf,K8vZ917q6Gf|https://www.ticketmaster.com/dr-simi-tickets/artist/3210058
G5dVZ_3ETHzWp,MX|G5dVZ_3ETHzWp|KovZpZAJIAIA|2026-12-05,K8vZ917LxW7,K8vZ917LxW7|https://www.ticketmaster.com/yuki-chiba-tickets/artist/4322914
G5dVZ_o12z38Z,MX|G5dVZ_o12z38Z|KovZ917AOhe|2026-12-05,K8vZ917h4Q7,K8vZ917h4Q7|https://www.ticketmaster.com/i-love-dance-tickets/artist/3005741
G5dVZ_oxR-NkQ,MX|G5dVZ_oxR-NkQ|KovZpZAEvelA|2026-12-05,K8vZ917-qgV,K8vZ917-qgV|https://www.ticketmaster.com/morenito-de-fuego-tickets/artist/4650386
G5dVZ_3CyK0nA,MX|G5dVZ_3CyK0nA|KovZpZA6EtdA|2026-12-06,K8vZ917--xV,K8vZ917--xV|https://www.ticketmaster.com/insulini-tickets/artist/4662741
G5dVZ_deLrxSC,MX|G5dVZ_deLrxSC|KovZpZA7AJ6A|2026-12-06,K8vZ9173wI0,K8vZ9173wI0|https://www.ticketmaster.com/the-big-band-experience-tributo-a-tickets/artist/2032956
1kAZvPutGA1zJ1H,MX|1kAZvPutGA1zJ1H|KovZpZAIln6A|2026-12-09,K8vZ9173qkV,K8vZ9173qkV|https://www.ticketmaster.com/earth-wind-fire-experience-tickets/artist/1992285
G5dVZ_oCFVoES,MX|G5dVZ_oCFVoES|KovZpZAEvelA|2026-12-10,K8vZ917Q4gf,K8vZ917Q4gf|https://www.ticketmaster.com/natalia-lacunza-tickets/artist/2874992
G5dVZ_oU2Qxao,MX|G5dVZ_oU2Qxao|KovZpZAEvelA|2026-12-11,K8vZpaoEPe,K8vZpaoEPe|https://www.ticketmaster.com/juan-freer-tickets/artist/4656426
G5dVZ_2phzeiI,MX|G5dVZ_2phzeiI|KovZpZAEvelA|2026-12-12,K8vZ917-APV,K8vZ917-APV|https://www.ticketmaster.com/bohemio-tickets/artist/4580397
G5dVZ_3mcqVn7,MX|G5dVZ_3mcqVn7|KovZpZA6teaA|2026-12-12,K8vZpZAFFaJk,K8vZpZAFFaJk|https://www.ticketmaster.com/ricardo-balderas-tickets/artist/4674371
G5dVZ_uhapN0Q,MX|G5dVZ_uhapN0Q|KovZpZA7AJ6A|2026-12-17,K8vZ9178RF0,K8vZ9178RF0|https://www.ticketmaster.com/maelo-ruiz-tickets/artist/798589
G5dVZ_uhapN0Q,MX|G5dVZ_uhapN0Q|KovZpZA7AJ6A|2026-12-17,K8vZ917Q0b7,K8vZ917Q0b7|https://www.ticketmaster.com/willie-gonzalez-tickets/artist/2905232
G5dVZ_uhA_Kra,MX|G5dVZ_uhA_Kra|KovZpZA7AJ6A|2026-12-18,K8vZ9178RF0,K8vZ9178RF0|https://www.ticketmaster.com/maelo-ruiz-tickets/artist/798589
G5dVZ_3ERuF7Y,MX|G5dVZ_3ERuF7Y|KovZpZA6EkIA|2026-12-15,K8vZ917q4wV,K8vZ917q4wV|https://www.ticketmaster.com/coro-gay-ciudad-de-mexico-tickets/artist/3329719
G5dVZ_2x2X3to,MX|G5dVZ_2x2X3to|KovZ917A8z0|2026-12-18,K8vZ917jcLV,K8vZ917jcLV|https://www.ticketmaster.com/san-francisco-disco-band-tickets/artist/3149118
G5dVZ_krPxeEc,MX|G5dVZ_krPxeEc|KovZpZA6EtdA|2026-12-18,K8vZ9175HMf,K8vZ9175HMf|https://www.ticketmaster.com/fernando-delgadillo-tickets/artist/1174042
1Av8Z_3GknId9S-,MX|1Av8Z_3GknId9S-|KovZpZAIln6A|2026-12-19,K8vZ917Oz9f,K8vZ917Oz9f|https://www.ticketmaster.com/los-palominos-tickets/artist/759197
G5dVZ_2ely02F,MX|G5dVZ_2ely02F|KovZpZA6EtdA|2026-12-20,K8vZ917pvU0,K8vZ917pvU0|https://www.ticketmaster.com/javiera-mena-tickets/artist/2377779
G5dVZ_opNmSpF,MX|G5dVZ_opNmSpF|KovZpZA7AJ6A|2027-02-26,K8vZ917fHi0,K8vZ917fHi0|https://www.ticketmaster.com/raul-di-blasio-tickets/artist/853761
G5dVZ_ahLftfM,MX|G5dVZ_ahLftfM|KovZpZA6EkkA|2027-02-21,K8vZ917Oatf,K8vZ917Oatf|https://www.ticketmaster.com/leyendas-de-la-cumbia-tickets/artist/4388299
G5dVZ_ahLftfM,MX|G5dVZ_ahLftfM|KovZpZA6EkkA|2027-02-21,K8vZ917uPbf,K8vZ917uPbf|https://www.ticketmaster.com/la-sonora-dinamita-tickets/artist/755214
G5dVZ_ahLftfM,MX|G5dVZ_ahLftfM|KovZpZA6EkkA|2027-02-21,K8vZ9174SZ7,K8vZ9174SZ7|https://www.ticketmaster.com/los-socios-del-ritmo-tickets/artist/2337369
1Av8Z_eGkBcKkaA,MX|1Av8Z_eGkBcKkaA|KovZpZA6I7FA|2027-01-16,K8vZ917pjG0,K8vZ917pjG0|https://www.ticketmaster.com/dragon-ball-live-symphonic-tickets/artist/2430870
G5dVZ_oC4e3oB,MX|G5dVZ_oC4e3oB|KovZpZA7AJ6A|2026-12-31,K8vZ917rEV7,K8vZ917rEV7|https://www.ticketmaster.com/esto-si-es-despecho-myriam-natalia-tickets/artist/3946869
17AZv0G61J7_kZS,MX|17AZv0G61J7_kZS|KovZpZA6JttA|2027-02-04,K8vZ9174IGf,K8vZ9174IGf|https://www.ticketmaster.com/santiago-cruz-tickets/artist/2309146
G5dVZ_K56Gk-R,MX|G5dVZ_K56Gk-R|KovZpZA6EkkA|2027-01-17,K8vZ917q6nV,K8vZ917q6nV|https://www.ticketmaster.com/cinema-concert-festival-tickets/artist/3215308
G5dVZ_oSkckVa,MX|G5dVZ_oSkckVa|KovZpZA7AJ6A|2027-01-24,K8vZ917G5b7,K8vZ917G5b7|https://www.ticketmaster.com/eugenia-leon-tickets/artist/1218901
G5dVZ_oSkckVa,MX|G5dVZ_oSkckVa|KovZpZA7AJ6A|2027-01-24,K8vZ917fE4f,K8vZ917fE4f|https://www.ticketmaster.com/guadalupe-pineda-tickets/artist/1825541
G5dVZ_oSkckVa,MX|G5dVZ_oSkckVa|KovZpZA7AJ6A|2027-01-24,K8vZ9175hif,K8vZ9175hif|https://www.ticketmaster.com/tania-libertad-tickets/artist/755037
16fZkfpOSZA57a1k,MX|16fZkfpOSZA57a1k|KovZpZA77t6A|2027-01-30,K8vZ917u8nf,K8vZ917u8nf|https://www.ticketmaster.com/liran-roll-tickets/artist/1302494
G5dVZ_am7IZD9,MX|G5dVZ_am7IZD9|KovZ917A8z0|2027-01-30,K8vZ917hx67,K8vZ917hx67|https://www.ticketmaster.com/trendline-tickets/artist/2374465
G5dVZ_uZ6Ozkx,MX|G5dVZ_uZ6Ozkx|KovZpZA6EtdA|2027-02-04,K8vZ917_kVf,K8vZ917_kVf|https://www.ticketmaster.com/paula-mattheus-tickets/artist/2770043
G5dVZ_opF_syU,MX|G5dVZ_opF_syU|KovZpZA7AJ6A|2027-02-06,K8vZ9171YZ7,K8vZ9171YZ7|https://www.ticketmaster.com/lorenzo-antonio-tickets/artist/759955
1AfZkf_Gkdj9Gci,MX|1AfZkf_Gkdj9Gci|KovZpZAJllnA|2027-02-12,K8vZ9172qBV,K8vZ9172qBV|https://www.ticketmaster.com/maria-daniela-y-su-sonido-lasser-tickets/artist/1693815
G5dVZ_3r2D-B6,MX|G5dVZ_3r2D-B6|KovZpZA6EFEA|2027-02-19,K8vZ917LjhV,K8vZ917LjhV|https://www.ticketmaster.com/undertale-symphony-tickets/artist/4281809
1AfZkf3GkePfpGP,MX|1AfZkf3GkePfpGP|KovZpZAIln6A|2027-02-21,K8vZ917LjhV,K8vZ917LjhV|https://www.ticketmaster.com/undertale-symphony-tickets/artist/4281809
1Av8Z_8Gkml4PK4,MX|1Av8Z_8Gkml4PK4|KovZpZA6I7FA|2027-02-26,K8vZ9172cDV,K8vZ9172cDV|https://www.ticketmaster.com/julio-preciado-tickets/artist/796690
G5dVZ_omiqpbu,MX|G5dVZ_omiqpbu|KovZpZA6EtdA|2027-03-06,K8vZ917-qyV,K8vZ917-qyV|https://www.ticketmaster.com/tai-sosa-tickets/artist/4650799
G5dVZ_1rVCEto,MX|G5dVZ_1rVCEto|KovZpZA6EkkA|2027-03-18,K8vZ9172cDV,K8vZ9172cDV|https://www.ticketmaster.com/julio-preciado-tickets/artist/796690
G5dVZ_5BuMfGU,MX|G5dVZ_5BuMfGU|KovZpZA6EkkA|2027-03-24,K8vZ917b1sf,K8vZ917b1sf|https://www.ticketmaster.com/les-legendes-de-la-salsa-hommage-tickets/artist/2653099
17AZv0G6C3vTN4c,MX|17AZv0G6C3vTN4c|KovZpZAIln6A|2027-03-26,K8vZ917b1sf,K8vZ917b1sf|https://www.ticketmaster.com/les-legendes-de-la-salsa-hommage-tickets/artist/2653099
1Av8Z_3GkXwNpXL,MX|1Av8Z_3GkXwNpXL|KovZpZAJtkJA|2027-03-26,K8vZ917L-hV,K8vZ917L-hV|https://www.ticketmaster.com/tomora-tickets/artist/4305949
17AZvxG622tXx2a,MX|17AZvxG622tXx2a|KovZpZA6JttA|2027-03-29,K8vZ917_ZA0,K8vZ917_ZA0|https://www.ticketmaster.com/flor-amargo-tickets/artist/2522438
1afZkfkxAuZZe8A,MX|1afZkfkxAuZZe8A|KovZpZA6JttA|2027-05-12,K8vZ917Ke37,K8vZ917Ke37|https://www.ticketmaster.com/soen-tickets/artist/2066174
G5dVZ_GJNh35E,MX|G5dVZ_GJNh35E|KovZpZA6EkkA|2027-04-14,K8vZ91799o7,K8vZ91799o7|https://www.ticketmaster.com/hommage-a-willie-colon-tickets/artist/2536826
16v8Z_o1eG7Vw59,MX|16v8Z_o1eG7Vw59|KovZpZAJt1kA|2027-04-15,K8vZ917GkDf,K8vZ917GkDf|https://www.ticketmaster.com/silvio-rodriguez-tickets/artist/1171066
1Av8Z_3GkncwIBe,MX|1Av8Z_3GkncwIBe|KovZpZA6I7FA|2027-04-18,K8vZ917GkDf,K8vZ917GkDf|https://www.ticketmaster.com/silvio-rodriguez-tickets/artist/1171066
G5dVZ_31-lS5E,MX|G5dVZ_31-lS5E|KovZpZA6EkkA|2027-04-26,K8vZ917GkDf,K8vZ917GkDf|https://www.ticketmaster.com/silvio-rodriguez-tickets/artist/1171066
G5dVZ_K2Q8ARH,MX|G5dVZ_K2Q8ARH|KovZpZA6EkkA|2027-04-27,K8vZ917GkDf,K8vZ917GkDf|https://www.ticketmaster.com/silvio-rodriguez-tickets/artist/1171066
1Av8Z_oGkUFT706,MX|1Av8Z_oGkUFT706|KovZpZA6JttA|2027-05-27,K8vZ917fs6f,K8vZ917fs6f|https://www.ticketmaster.com/ara-malikian-tickets/artist/2248173
G5dVZ_2rSgAZb,MX|G5dVZ_2rSgAZb|KovZpZA6EtdA|2027-05-27,K8vZ9179Tf7,K8vZ9179Tf7|https://www.ticketmaster.com/carolina-ross-tickets/artist/2621613
G5dVZ_2rst7zZ,MX|G5dVZ_2rst7zZ|KovZpZA6EtdA|2027-05-27,K8vZ9179Tf7,K8vZ9179Tf7|https://www.ticketmaster.com/carolina-ross-tickets/artist/2621613
G5dVZ_8xcH7ui,MX|G5dVZ_8xcH7ui|KovZpZA6EFEA|2027-05-29,K8vZ9179Tf7,K8vZ9179Tf7|https://www.ticketmaster.com/carolina-ross-tickets/artist/2621613
1AfZkf4GkdfQikS,MX|1AfZkf4GkdfQikS|KovZpZA6I7FA|2027-06-11,K8vZ917qSJ0,K8vZ917qSJ0|https://www.ticketmaster.com/victor-garcia-tickets/artist/3459954
G5dVZ_2DDJ1hS,MX|G5dVZ_2DDJ1hS|KovZpZA6EkkA|2027-06-16,K8vZ917hr7V,K8vZ917hr7V|https://www.ticketmaster.com/edwin-luna-y-la-trakalosa-de-tickets/artist/3020002
G5dVZ_oEnfanh,MX|G5dVZ_oEnfanh|KovZpZA6EkkA|2027-07-24,K8vZ917qSJ0,K8vZ917qSJ0|https://www.ticketmaster.com/victor-garcia-tickets/artist/3459954
G5dVZ_8wyS7L1,MX|G5dVZ_8wyS7L1|KovZ917AVxG|2027-08-06,K8vZ917_etf,K8vZ917_etf|https://www.ticketmaster.com/baja-beach-fest-tickets/artist/2763549
G5dVZ_8wB5fOc,MX|G5dVZ_8wB5fOc|KovZ917AVxG|2027-08-07,K8vZ917_etf,K8vZ917_etf|https://www.ticketmaster.com/baja-beach-fest-tickets/artist/2763549
G5dVZ_8wB-f-U,MX|G5dVZ_8wB-f-U|KovZ917AVxG|2027-08-08,K8vZ917_etf,K8vZ917_etf|https://www.ticketmaster.com/baja-beach-fest-tickets/artist/2763549
1Av8Z_aGkBz0Wjg,MX|1Av8Z_aGkBz0Wjg|KovZpZAJtkJA|2027-09-24,K8vZ917bWZf,K8vZ917bWZf|https://www.ticketmaster.com/i-am-hardstyle-tickets/artist/2759487
G5dVZ_8UJl7t2,MX|G5dVZ_8UJl7t2|KovZpZA6EkkA|2027-10-07,K8vZ917qW50,K8vZ917qW50|https://www.ticketmaster.com/raul-ornelas-tickets/artist/3557414
G5dVZ_5RsYzmK,MX|G5dVZ_5RsYzmK|KovZ917AsNF|2026-10-15,K8vZ917_ewV,K8vZ917_ewV|https://www.ticketmaster.com/gala-arturo-chacon-cruz-homenaje-a-tickets/artist/2764010
G5dVZ_5RsYzmK,MX|G5dVZ_5RsYzmK|KovZ917AsNF|2026-10-15,K8vZ9175HJ7,K8vZ9175HJ7|https://www.ticketmaster.com/festival-internacional-cervantino-tickets/artist/1066476
G5dVZ_5RsYzmK,MX|G5dVZ_5RsYzmK|KovZ917AsNF|2026-10-15,K8vZ917hxcV,K8vZ917hxcV|https://www.ticketmaster.com/mariachi-gama-1000-tickets/artist/3037963
17AZv0G62Bkagvi,MX|17AZv0G62Bkagvi|KovZpZAJt1kA|2026-11-28,K8vZ917hLE0,K8vZ917hLE0|https://www.ticketmaster.com/lenny-tavarez-tickets/artist/3030269
17AZv0G62Bkagvi,MX|17AZv0G62Bkagvi|KovZpZAJt1kA|2026-11-28,K8vZ9174UDV,K8vZ9174UDV|https://www.ticketmaster.com/justin-quiles-tickets/artist/2348737
17AZv0G62MSmWSr,MX|17AZv0G62MSmWSr|KovZpZA6I7FA|2026-11-26,K8vZ917hLE0,K8vZ917hLE0|https://www.ticketmaster.com/lenny-tavarez-tickets/artist/3030269
17AZv0G62MSmWSr,MX|17AZv0G62MSmWSr|KovZpZA6I7FA|2026-11-26,K8vZ9174UDV,K8vZ9174UDV|https://www.ticketmaster.com/justin-quiles-tickets/artist/2348737
15v8Z_617AeOk,MX|15v8Z_617AeOk|KovZpZA6JttA|2026-10-28,K8vZ917qARV,K8vZ917qARV|https://www.ticketmaster.com/jimmy-sea-tickets/artist/3194168
16fZkosZpZAuA2ed,MX|16fZkosZpZAuA2ed|KovZpZA6JttA|2026-10-28,K8vZ917qARV,K8vZ917qARV|https://www.ticketmaster.com/jimmy-sea-tickets/artist/3194168
16fZkow-fZAud1Gd,MX|16fZkow-fZAud1Gd|KovZpZA6JttA|2026-10-28,K8vZ917qARV,K8vZ917qARV|https://www.ticketmaster.com/jimmy-sea-tickets/artist/3194168
16v8Z_616G7gxVD,MX|16v8Z_616G7gxVD|KovZpZA6JttA|2026-10-28,K8vZ917qARV,K8vZ917qARV|https://www.ticketmaster.com/jimmy-sea-tickets/artist/3194168
17AZv0G62xJpU-1,MX|17AZv0G62xJpU-1|KovZpZA6JttA|2026-11-28,K8vZ9171aqV,K8vZ9171aqV|https://www.ticketmaster.com/menudo-tickets/artist/751999
1AfZkfNGkd8MP34,MX|1AfZkfNGkd8MP34|KovZpZAJtkJA|2027-03-05,K8vZ91784xV,K8vZ91784xV|https://www.ticketmaster.com/peter-hook-and-the-light-tickets/artist/1783912
1AfZkosGkdzcd_1,MX|1AfZkosGkdzcd_1|KovZpZA6JttA|2026-10-28,K8vZ917qARV,K8vZ917qARV|https://www.ticketmaster.com/jimmy-sea-tickets/artist/3194168
G5dVZ_K6xLBAj,MX|G5dVZ_K6xLBAj|KovZpZA6EtdA|2026-12-13,K8vZ917-JZ7,K8vZ917-JZ7|https://www.ticketmaster.com/san-venus-tickets/artist/4668336
G5dVZ_axecdcZ,MX|G5dVZ_axecdcZ|KovZpZA6EkkA|2026-10-23,K8vZ917hQo7,K8vZ917hQo7|https://www.ticketmaster.com/andres-obregon-tickets/artist/3018601
ZFIMVHtnMZ17k8ao,PE|ZFIMVHtnMZ17k8ao|Z5IMVHtnMZF1A|2026-12-02,K8vZ9171a90,K8vZ9171a90|https://www.ticketmaster.com/chayanne-tickets/artist/754853
ZFIMVHtnMZ17Afaz,PE|ZFIMVHtnMZ17Afaz|Z5IMVHtnMZF1A|2026-10-17,K8vZ9171G4V,K8vZ9171G4V|https://www.ticketmaster.com/iron-maiden-tickets/artist/735341
ZFIMVHtnMZ17Fg_o,PE|ZFIMVHtnMZ17Fg_o|Z5IMVHtnMZFF1|2027-03-03,K8vZ91713Y7,K8vZ91713Y7|https://www.ticketmaster.com/foo-fighters-tickets/artist/776005
ZFIMVHtnMZ177bOO,PE|ZFIMVHtnMZ177bOO|Z5IMVHtnMZavA|2026-11-07,K8vZ9171hn0,K8vZ9171hn0|https://www.ticketmaster.com/marco-antonio-solis-tickets/artist/781016
ZFIMVHtnMZ17kbCZ,PE|ZFIMVHtnMZ17kbCZ|Z5IMVHtnMZFF1|2026-10-07,K8vZ917KpXV,K8vZ917KpXV|https://www.ticketmaster.com/bts-tickets/artist/2110227
ZFIMVHtnMZ17kfj0,PE|ZFIMVHtnMZ17kfj0|Z5IMVHtnMZFF1|2026-10-09,K8vZ917KpXV,K8vZ917KpXV|https://www.ticketmaster.com/bts-tickets/artist/2110227
ZFIMVHtnMZ17kp-Y,PE|ZFIMVHtnMZ17kp-Y|Z5IMVHtnMZFF1|2026-10-10,K8vZ917KpXV,K8vZ917KpXV|https://www.ticketmaster.com/bts-tickets/artist/2110227
ZFIMVHtnMZ17FOqy,PE|ZFIMVHtnMZ17FOqy|Z5IMVHtnMZFF1|2026-12-04,K8vZ9171h9V,K8vZ9171h9V|https://www.ticketmaster.com/marc-anthony-tickets/artist/759949
ZFIMVHtnMZ17FOqy,PE|ZFIMVHtnMZ17FOqy|Z5IMVHtnMZFF1|2026-12-04,K8vZ9179kF0,K8vZ9179kF0|https://www.ticketmaster.com/manuel-turizo-tickets/artist/2506196
ZFIMVHtnMZ17FOqy,PE|ZFIMVHtnMZ17FOqy|Z5IMVHtnMZFF1|2026-12-04,K8vZ917rQhf,K8vZ917rQhf|https://www.ticketmaster.com/kapo-tickets/artist/3813104
ZFIMVHtnMZ17FOqy,PE|ZFIMVHtnMZ17FOqy|Z5IMVHtnMZFF1|2026-12-04,K8vZ917fhof,K8vZ917fhof|https://www.ticketmaster.com/fonseca-tickets/artist/1108359
ZFIMVHtnMZ17kAux,PE|ZFIMVHtnMZ17kAux|ZGIMVHtnMZdd71|2026-11-23,K8vZ9171zxV,K8vZ9171zxV|https://www.ticketmaster.com/gorillaz-tickets/artist/807314
ZFIMVHtnMZ17kej_,PE|ZFIMVHtnMZ17kej_|ZGIMVHtnMZdd71|2026-09-24,K8vZ9171qQ0,K8vZ9171qQ0|https://www.ticketmaster.com/robbie-williams-tickets/artist/783976
ZFIMVHtnMZ17FoAa,PE|ZFIMVHtnMZ17FoAa|Z5IMVHtnMZFF1|2026-11-20,K8vZ9171UUf,K8vZ9171UUf|https://www.ticketmaster.com/the-strokes-tickets/artist/807068
ZFIMVHtnMZ17FY4o,PE|ZFIMVHtnMZ17FY4o|Z5IMVHtnMZad7|2026-10-11,K8vZ917QTW0,K8vZ917QTW0|https://www.ticketmaster.com/bratty-tickets/artist/2960533
ZFIMVHtnMZ17FoFE,PE|ZFIMVHtnMZ17FoFE|Z5IMVHtnMZad7|2026-10-27,K8vZ917G2Sf,K8vZ917G2Sf|https://www.ticketmaster.com/the-rasmus-tickets/artist/941617
ZFIMVHtnMZ17FtZ4,PE|ZFIMVHtnMZ17FtZ4|ZGIMVHtnMZdd71|2026-11-20,K8vZ917pevf,K8vZ917pevf|https://www.ticketmaster.com/soy-luna-tickets/artist/2378559
ZFIMVHtnMZ17FyqZ,PE|ZFIMVHtnMZ17FyqZ|Z5IMVHtnMZad7|2026-11-27,K8vZ9171u_7,K8vZ9171u_7|https://www.ticketmaster.com/marc-almond-tickets/artist/734414
ZFIMVHtnMZ17Fp73,PE|ZFIMVHtnMZ17Fp73|Z5IMVHtnMZad7|2026-10-06,K8vZ91716M7,K8vZ91716M7|https://www.ticketmaster.com/a-flock-of-seagulls-tickets/artist/735094
ZFIMVHtnMZ17aa8s,PE|ZFIMVHtnMZ17aa8s|Z5IMVHtnMZavA|2027-03-09,K8vZ9171Qwf,K8vZ9171Qwf|https://www.ticketmaster.com/placebo-tickets/artist/779705
ZFIMVHtnMZ17F6qf,PE|ZFIMVHtnMZ17F6qf|ZGIMVHtnMZea1d|2026-10-31,K8vZ9171Fn7,K8vZ9171Fn7|https://www.ticketmaster.com/gene-loves-jezebel-tickets/artist/740962
ZFIMVHtnMZ17FyFw,PE|ZFIMVHtnMZ17FyFw|ZGIMVHtnMZea1d|2026-11-14,K8vZ917oFzf,K8vZ917oFzf|https://www.ticketmaster.com/ghost-dance-tickets/artist/1859837
ZFIMVHtnMZ17avCZ,PE|ZFIMVHtnMZ17avCZ|ZGIMVHtnMZe1aa|2026-12-07,K8vZ917owjf,K8vZ917owjf|https://www.ticketmaster.com/martin-garrix-tickets/artist/1923024
ZFIMVHtnMZ17Apfw,PE|ZFIMVHtnMZ17Apfw|Z5IMVHtnMZavF|2026-10-03,K8vZ9171yD0,K8vZ9171yD0|https://www.ticketmaster.com/raphael-tickets/artist/733809
ZFIMVHtnMZ17F-f8,PE|ZFIMVHtnMZ17F-f8|Z5IMVHtnMZavA|2026-10-29,K8vZ917Q5n7,K8vZ917Q5n7|https://www.ticketmaster.com/blessd-tickets/artist/2865493
ZFIMVHtnMZ17FKGE,PE|ZFIMVHtnMZ17FKGE|ZGIMVHtnMZdek7|2026-10-16,K8vZ917bZg0,K8vZ917bZg0|https://www.ticketmaster.com/hugel-tickets/artist/2625348
ZFIMVHtnMZ17FIbA,PE|ZFIMVHtnMZ17FIbA|Z5IMVHtnMZad7|2027-04-18,K8vZ917188V,K8vZ917188V|https://www.ticketmaster.com/quiet-riot-tickets/artist/735921
ZFIMVHtnMZ17F8_Z,PE|ZFIMVHtnMZ17F8_Z|Z5IMVHtnMZ1F7|2026-12-06,K8vZ917pj27,K8vZ917pj27|https://www.ticketmaster.com/giant-rooks-tickets/artist/2430981
ZFIMVHtnMZ17FOqw,PE|ZFIMVHtnMZ17FOqw|ZGIMVHtnMZe7kv|2026-10-30,K8vZ9175vGf,K8vZ9175vGf|https://www.ticketmaster.com/carl-cox-tickets/artist/806867
ZFIMVHtnMZ17akfS,PE|ZFIMVHtnMZ17akfS|Z5IMVHtnMZa7k|2026-10-02,K8vZ9171gbV,K8vZ9171gbV|https://www.ticketmaster.com/eva-ayllon-tickets/artist/838009
ZFIMVHtnMZ17akpe,PE|ZFIMVHtnMZ17akpe|Z5IMVHtnMZa7k|2026-10-03,K8vZ9171gbV,K8vZ9171gbV|https://www.ticketmaster.com/eva-ayllon-tickets/artist/838009
ZFIMVHtnMZ17a7fx,PE|ZFIMVHtnMZ17a7fx|Z5IMVHtnMZ1F7|2026-11-18,K8vZ9174_ef,K8vZ9174_ef|https://www.ticketmaster.com/elefante-tickets/artist/886746
ZFIMVHtnMZ17F3bg,PE|ZFIMVHtnMZ17F3bg|Z5IMVHtnMZavA|2026-12-12,K8vZ917hLE0,K8vZ917hLE0|https://www.ticketmaster.com/lenny-tavarez-tickets/artist/3030269
ZFIMVHtnMZ17F3bg,PE|ZFIMVHtnMZ17F3bg|Z5IMVHtnMZavA|2026-12-12,K8vZ9174UDV,K8vZ9174UDV|https://www.ticketmaster.com/justin-quiles-tickets/artist/2348737
ZFIMVHtnMZ17ke8y,PE|ZFIMVHtnMZ17ke8y|Z5IMVHtnMZad7|2026-09-25,K8vZ917G130,K8vZ917G130|https://www.ticketmaster.com/sonata-arctica-tickets/artist/707456
ZFIMVHtnMZ17Fkua,PE|ZFIMVHtnMZ17Fkua|Z5IMVHtnMZ1ek|2026-09-26,K8vZ917o3TV,K8vZ917o3TV|https://www.ticketmaster.com/bareto-tickets/artist/1840018
ZFIMVHtnMZ17av0t,PE|ZFIMVHtnMZ17av0t|ZGIMVHtnMZdked|2026-10-08,Z5IMVHtnMZ667,Z5IMVHtnMZ667|None
ZFIMVHtnMZ17Fy-A,PE|ZFIMVHtnMZ17Fy-A|ZGIMVHtnMZe61a|2026-10-31,K8vZ917-0j0,K8vZ917-0j0|https://www.ticketmaster.com/alborada-tickets/artist/4667391
ZFIMVHtnMZ17Fy-A,PE|ZFIMVHtnMZ17Fy-A|ZGIMVHtnMZe61a|2026-10-31,K8vZ917-0jV,K8vZ917-0jV|https://www.ticketmaster.com/nayda-gutierrez-tickets/artist/4667401
ZFIMVHtnMZ17Fy-A,PE|ZFIMVHtnMZ17Fy-A|ZGIMVHtnMZe61a|2026-10-31,K8vZ917-OX0,K8vZ917-OX0|https://www.ticketmaster.com/mac-salvador-tickets/artist/4667396
ZFIMVHtnMZ17Fy-A,PE|ZFIMVHtnMZ17Fy-A|ZGIMVHtnMZe61a|2026-10-31,K8vZ917-OXV,K8vZ917-OXV|https://www.ticketmaster.com/pelo-dambrosio-tickets/artist/4667404
ZFIMVHtnMZ17Fy-A,PE|ZFIMVHtnMZ17Fy-A|ZGIMVHtnMZe61a|2026-10-31,K8vZ917-OT7,K8vZ917-OT7|https://www.ticketmaster.com/diosdado-gaitan-castro-tickets/artist/4667406
ZFIMVHtnMZ17Fy-A,PE|ZFIMVHtnMZ17Fy-A|ZGIMVHtnMZe61a|2026-10-31,K8vZ917-h3f,K8vZ917-h3f|https://www.ticketmaster.com/max-castro-tickets/artist/4640206
ZFIMVHtnMZ17aFFt,PE|ZFIMVHtnMZ17aFFt|ZGIMVHtnMZe7kv|2026-10-31,K8vZ917GOsV,K8vZ917GOsV|https://www.ticketmaster.com/adam-beyer-tickets/artist/1413125
ZFIMVHtnMZ17F9qA,PE|ZFIMVHtnMZ17F9qA|ZGIMVHtnMZd77F|2026-11-07,K8vZ917-0q7,K8vZ917-0q7|https://www.ticketmaster.com/jean-paul-strauss-tickets/artist/4667409
ZFIMVHtnMZ17avOt,PE|ZFIMVHtnMZ17avOt|Z5IMVHtnMZFF1|2026-11-07,Z5IMVHtnMZ66v,Z5IMVHtnMZ66v|None
ZFIMVHtnMZ17avOt,PE|ZFIMVHtnMZ17avOt|Z5IMVHtnMZFF1|2026-11-07,Z5IMVHtnMZ66e,Z5IMVHtnMZ66e|None
ZFIMVHtnMZ17FSjJ,PE|ZFIMVHtnMZ17FSjJ|Z5IMVHtnMZavA|2026-11-28,K8vZ917hq_0,K8vZ917hq_0|https://www.ticketmaster.com/omar-courtz-tickets/artist/3026340
ZFIMVHtnMZ17FY4k,PE|ZFIMVHtnMZ17FY4k|Z5IMVHtnMZFF1|2026-11-28,Z5uMVHtnMZ6v1,Z5uMVHtnMZ6v1|None
ZFIMVHtnMZ17a7a_,PE|ZFIMVHtnMZ17a7a_|Z5IMVHtnMZ1F7|2026-12-17,K8vZ917qOV7,K8vZ917qOV7|https://www.ticketmaster.com/la-joaqui-tickets/artist/3356889
ZFIMVHtnMZ17aAqF,PE|ZFIMVHtnMZ17aAqF|ZGIMVHtnMZeFe7|2027-04-30,K8vZ917Ke37,K8vZ917Ke37|https://www.ticketmaster.com/soen-tickets/artist/2066174
ZFIMVHtnMZ17aerf,PE|ZFIMVHtnMZ17aerf|ZGIMVHtnMZe1aA|2027-04-27,K8vZ917bxG0,K8vZ917bxG0|https://www.ticketmaster.com/floor-jansen-tickets/artist/2691055
