attraction_id,attraction_key,attraction_name,attraction_type,attraction_url,attraction_image_url,spotify_url,instagram_url,youtube_url,facebook_url,homepage_url,twitter_url,itunes_url,wiki_url,lastfm_url,musicbrainz_url,segment,genre,subgenre,attraction_upcoming_events
K8vZ9172rTf,K8vZ9172rTf|https://www.ticketmaster.com/rock-in-rio-tickets/artist/1697886,Rock In Rio,attraction,https://www.ticketmaster.com/rock-in-rio-tickets/artist/1697886,https://s1.ticketm.net/dam/a/ec1/ddf22328-fb7a-4bb6-8782-09704eeabec1_SOURCE,,https://www.instagram.com/rockinrio/,,https://www.facebook.com/RockInRio,,https://mobile.twitter.com/rockinrio,,,,,Music,Undefined,Undefined,6
K8vZ9171G-7,K8vZ9171G-7|https://www.ticketmaster.com/elton-john-tickets/artist/735394,Elton John,attraction,https://www.ticketmaster.com/elton-john-tickets/artist/735394,https://s1.ticketm.net/dam/a/091/79aece6d-f029-4c50-ac8b-eae50eca6091_SOURCE,https://open.spotify.com/artist/3PhoLpVuITZKcymswpck5b,https://instagram.com/eltonjohn,https://www.youtube.com/user/EltonJohn,https://www.facebook.com/EltonJohn,http://www.eltonjohn.com/,https://twitter.com/eltonofficial,https://itunes.apple.com/us/artist/id54657,https://en.wikipedia.org/wiki/Elton_John,http://www.last.fm/music/Elton+John,https://musicbrainz.org/artist/b83bc61f-8451-4a5d-8b8e-7e9ed295e822,Music,Rock,Pop,1
K8vZ917Gps7,K8vZ917Gps7|https://www.ticketmaster.com/gilberto-gil-tickets/artist/1372284,Gilberto Gil,attraction,https://www.ticketmaster.com/gilberto-gil-tickets/artist/1372284,https://s1.ticketm.net/dam/c/ab4/6367448e-7474-4650-bd2d-02a8f7166ab4_106161_TABLET_LANDSCAPE_LARGE_16_9.jpg,,,,,,,,,,,Music,Undefined,Undefined,1
K8vZ917_Qv0,K8vZ917_Qv0|https://www.ticketmaster.com/laufey-tickets/artist/2790801,Laufey,attraction,https://www.ticketmaster.com/laufey-tickets/artist/2790801,https://s1.ticketm.net/dam/a/5de/dcb5ffb5-d421-4b2a-8c62-f98af27a55de_SOURCE,https://open.spotify.com/artist/7gW0r5CkdEUMm42w9XpyZO?si=FDVwUD1sTEKwIZic2Kfc2w&nd=1,https://www.instagram.com/laufey/,https://www.youtube.com/channel/UChpKl3waLmccNeYH9LGYjUQ,https://www.facebook.com/laufeymusic,https://www.laufeymusic.com,https://twitter.com/laufey,https://music.apple.com/ca/artist/laufey/1504424880,,,https://musicbrainz.org/artist/21a89505-10a9-4ac0-8388-833bc07b9f86,Music,Jazz,Jazz,4
K8vZ917ukw7,K8vZ917ukw7|https://www.ticketmaster.com/twenty-one-pilots-tickets/artist/1495843,Twenty One Pilots,attraction,https://www.ticketmaster.com/twenty-one-pilots-tickets/artist/1495843,https://s1.ticketm.net/dam/a/e39/3deccc98-ee00-44e0-8036-9d447ea28e39_SOURCE,https://open.spotify.com/artist/3YQKmKGau1PzlVlkL1iodx?autoplay=true,https://www.instagram.com/twentyonepilots/,https://www.youtube.com/channel/UCBQZwaNPFfJ1gZ1fLZpAEGw?sub_confirmation=1,https://www.facebook.com/twentyonepilots,http://www.twentyonepilots.com/,https://x.com/twentyonepilots,https://music.apple.com/ca/artist/twenty-one-pilots/349736311,https://en.wikipedia.org/wiki/Twenty_One_Pilots,http://www.last.fm/music/Twenty+One+Pilots,https://musicbrainz.org/artist/a6c6897a-7415-4f8d-b5a5-3a5e05f3be67,Music,Rock,Pop,14
K8vZ917otRV,K8vZ917otRV|https://www.ticketmaster.com/zara-larsson-tickets/artist/1908582,Zara Larsson,attraction,https://www.ticketmaster.com/zara-larsson-tickets/artist/1908582,https://s1.ticketm.net/dam/a/856/8301864e-d867-4f6f-adec-31a76a460856_SOURCE,https://open.spotify.com/artist/1Xylc3o4UrD53lo9CvFvVg,https://instagram.com/zaralarsson/,https://www.youtube.com/user/ZaraLarssonOfficial,https://www.facebook.com/ZaraLarssonOfficial,https://www.zaralarssonofficial.com/,https://twitter.com/zaralarsson,https://music.apple.com/us/artist/zara-larsson/570372593,https://en.wikipedia.org/wiki/Zara_Larsson,http://www.last.fm/music/Zara%20Larsson,https://musicbrainz.org/artist/134e6410-6954-45d1-bd4a-0f2d2ad5471d,Music,Pop,Pop,19
K8vZ9173YE7,K8vZ9173YE7|https://www.ticketmaster.com/halsey-tickets/artist/2028626,Halsey,attraction,https://www.ticketmaster.com/halsey-tickets/artist/2028626,https://s1.ticketm.net/dam/a/36a/2a4ad78b-9c0b-472d-9999-fbfd949e136a_SOURCE,https://open.spotify.com/artist/26VFTg2z8YR0cCuwLzESi2?autoplay=true,http://instagram.com/iamhalsey,https://www.youtube.com/channel/UCOCgB3xd-B-1qAm-hR9OLrA,https://www.facebook.com/HalseyMusic,http://iamhalsey.com/,http://www.x.com/halsey,https://itunes.apple.com/us/artist/id324916925,https://en.wikipedia.org/wiki/Halsey_(singer),http://www.last.fm/music/Halsey,https://musicbrainz.org/artist/3377f3bb-60fc-4403-aea9-7e800612e060,Music,Pop,Pop,2
K8vZ917_Njf,K8vZ917_Njf|https://www.ticketmaster.com/lola-young-tickets/artist/2813510,Lola Young,attraction,https://www.ticketmaster.com/lola-young-tickets/artist/2813510,https://s1.ticketm.net/dam/a/250/ce10df4c-355f-42f1-b839-4558986c0250_SOURCE,,,,,,,,,,https://musicbrainz.org/artist/43b896c5-5652-4b04-bde1-2e4224bc99b3,Music,R&B,R&B,12
K8vZ917544V,K8vZ917544V|https://www.ticketmaster.com/maroon-5-tickets/artist/824144,Maroon 5,attraction,https://www.ticketmaster.com/maroon-5-tickets/artist/824144,https://s1.ticketm.net/dam/a/2ab/f42abc1a-368b-4c68-91f3-fa853004e2ab_SOURCE,https://open.spotify.com/artist/04gDigrS5kc9YWfZHwBETP?autoplay=true,https://instagram.com/maroon5,https://www.youtube.com/user/Maroon5,https://www.facebook.com/maroon5,http://www.maroon5.com/,https://twitter.com/maroon5,https://music.apple.com/ca/artist/maroon-5/1798556,https://en.wikipedia.org/wiki/Maroon_5,http://www.last.fm/music/Maroon+5,https://musicbrainz.org/artist/0ab49580-c84f-44d4-875f-d83760ea2cfe,Music,Pop,Pop,10
K8vZ917G47f,K8vZ917G47f|https://www.ticketmaster.com/demi-lovato-tickets/artist/1224909,Demi Lovato,attraction,https://www.ticketmaster.com/demi-lovato-tickets/artist/1224909,https://s1.ticketm.net/dam/a/d32/6c88c721-0ec9-46a3-91bb-17fd58e17d32_SOURCE,https://open.spotify.com/artist/6S2OmqARrzebs0tKUEyXyp,https://www.instagram.com/ddlovato/,https://www.youtube.com/user/therealdemilovato,https://www.facebook.com/DemiLovato,http://demilovato.com/,https://x.com/ddlovato,https://music.apple.com/us/artist/demi-lovato/280215821,https://en.wikipedia.org/wiki/Demi_Lovato,http://www.last.fm/music/Demi+Lovato,https://musicbrainz.org/artist/faf4cefb-036c-4c88-b93a-5b03dd0a0e6b,Music,Pop,Pop,6
K8vZ917oIlV,K8vZ917oIlV|https://www.ticketmaster.com/j-balvin-tickets/artist/1907948,J Balvin,attraction,https://www.ticketmaster.com/j-balvin-tickets/artist/1907948,https://s1.ticketm.net/dam/a/55c/b506d02f-134e-41be-8fc6-54a2b992255c_SOURCE,https://open.spotify.com/artist/1vyhD5VmyZ7KMfW5gqLgo5?autoplay=true,https://www.instagram.com/jbalvin/,https://www.youtube.com/user/JbalvinTube,https://www.facebook.com/JBalvinOficial,https://jbalvin.com/,https://twitter.com/jbalvin,https://music.apple.com/us/artist/j-balvin/444520760,https://en.wikipedia.org/wiki/J_Balvin,https://www.last.fm/music/J+Balvin,https://musicbrainz.org/artist/5bdeb32d-56a5-4b6d-a768-264101fa0a0a,Music,Hip-Hop/Rap,Reggaeton,1
K8vZ917GuKV,K8vZ917GuKV|https://www.ticketmaster.com/mumford-sons-tickets/artist/1388154,Mumford & Sons,attraction,https://www.ticketmaster.com/mumford-sons-tickets/artist/1388154,https://s1.ticketm.net/dam/a/cf5/e0cd2894-db52-49cf-afff-e0f5b2dd9cf5_SOURCE,https://open.spotify.com/artist/3gd8FJtBJtkRxdfbTu19U2,https://www.instagram.com/mumfordandsons/,https://www.youtube.com/user/mumfordandsons,https://www.facebook.com/mumfordandsons,http://www.mumfordandsons.com/,https://x.com/mumfordandsons/,https://music.apple.com/us/artist/mumford-sons/307699986,,http://www.last.fm/music/Mumford+&+Sons,https://musicbrainz.org/artist/c44e9c22-ef82-4a77-9bcd-af6c958446d6,Music,Rock,Alternative Rock,32
K8vZ91713Y7,K8vZ91713Y7|https://www.ticketmaster.com/foo-fighters-tickets/artist/776005,Foo Fighters,attraction,https://www.ticketmaster.com/foo-fighters-tickets/artist/776005,https://s1.ticketm.net/dam/a/bc0/8341ed56-92be-4c3a-a4d2-7f1e76f09bc0_SOURCE,https://open.spotify.com/artist/7jy3rLJdDQY21OgRLCZ9sD?autoplay=true,https://www.instagram.com/foofighters/,https://www.youtube.com/channel/UCi2KNss4Yx73NG0JARSFe0A,https://www.facebook.com/foofighters,http://www.foofighters.com/,https://twitter.com/foofighters,https://music.apple.com/us/artist/foo-fighters/6906197,https://en.wikipedia.org/wiki/Foo_Fighters,http://www.last.fm/music/Foo+Fighters,https://musicbrainz.org/artist/67f66c07-6e61-4026-ade5-7e782fad3a5d,Music,Rock,Alternative Rock,17
K8vZ9171zy0,K8vZ9171zy0|https://www.ticketmaster.com/rise-against-tickets/artist/853603,Rise Against,attraction,https://www.ticketmaster.com/rise-against-tickets/artist/853603,https://s1.ticketm.net/dam/a/17b/a5a15547-24d6-4e54-9636-7950de77b17b_SOURCE,https://open.spotify.com/artist/6Wr3hh341P84m3EI8qdn9O,https://www.instagram.com/riseagainst/,https://www.youtube.com/user/riseagainst,https://www.facebook.com/riseagainst,http://www.riseagainst.com/,https://twitter.com/riseagainst,https://music.apple.com/us/artist/rise-against/16252655,https://en.wikipedia.org/wiki/Rise_Against,http://www.last.fm/music/Rise+Against,https://musicbrainz.org/artist/606bf117-494f-4864-891f-09d63ff6aa4b,Music,Rock,Alternative Rock,40
K8vZ91757_7,K8vZ91757_7|https://www.ticketmaster.com/the-hives-tickets/artist/710382,The Hives,attraction,https://www.ticketmaster.com/the-hives-tickets/artist/710382,https://s1.ticketm.net/dam/a/42a/ef8ad42e-a1ae-4a1d-89a1-1b196741542a_SOURCE,,,,,,@The_Hives,,,,https://musicbrainz.org/artist/487bfd74-71bf-46dd-b89c-80b7a0f06f2f,Music,Rock,Alternative Rock,2
K8vZ9174jvf,K8vZ9174jvf|https://www.ticketmaster.com/nova-twins-tickets/artist/2283692,Nova Twins,attraction,https://www.ticketmaster.com/nova-twins-tickets/artist/2283692,https://s1.ticketm.net/dam/a/bb9/6e0c184f-2a19-4d34-9170-353649163bb9_SOURCE,https://open.spotify.com/artist/7I95CM75shzCjHuTzrepjM?si=fReo_awKQmOKfxBfOKNk2g&nd=1,https://www.instagram.com/NovaTwinsMusic/,https://www.youtube.com/user/novatwinsmusic,https://www.facebook.com/NovaTwinsMusic,https://novatwins.co.uk/,https://twitter.com/novatwinsmusic,https://music.apple.com/gb/artist/nova-twins/1118452716,,,https://musicbrainz.org/artist/6a81fbbc-acea-4221-9199-957842125078,Music,Rock,Punk,4
K8vZ917KpXV,K8vZ917KpXV|https://www.ticketmaster.com/bts-tickets/artist/2110227,BTS,attraction,https://www.ticketmaster.com/bts-tickets/artist/2110227,https://s1.ticketm.net/dam/a/cac/79200b54-8f97-4909-a952-46af7db06cac_SOURCE,https://open.spotify.com/artist/3Nrfpe0tUJi4K4DXYWgMUX,https://www.instagram.com/bts.bighitofficial/,https://www.youtube.com/user/BANGTANTV,https://www.facebook.com/bangtan.official,http://bts.ibighit.com/,https://twitter.com/bts_bighit,https://itunes.apple.com/artist/id883131348,,http://www.last.fm/music/BTS,https://musicbrainz.org/artist/0d79fe8e-ba27-4859-bb8c-2f255f346853,Music,Pop,K-Pop,33
K8vZ9178oX0,K8vZ9178oX0|https://www.ticketmaster.com/5-seconds-of-summer-tickets/artist/1778118,5 Seconds of Summer,attraction,https://www.ticketmaster.com/5-seconds-of-summer-tickets/artist/1778118,https://s1.ticketm.net/dam/a/ce2/922873d9-c41f-461b-9486-5c5adab78ce2_SOURCE,https://open.spotify.com/artist/5Rl15oVamLq7FbSb0NNBNy,https://instagram.com/5sos,https://www.youtube.com/user/hemmo1996,https://www.facebook.com/5secondsofsummer,http://www.5sos.com/,https://x.com/5sos,https://music.apple.com/us/artist/538811449,https://en.wikipedia.org/wiki/5_Seconds_of_Summer,http://www.last.fm/music/5+Seconds+of+Summer,https://musicbrainz.org/artist/830e5c4e-6b7d-431d-86ab-00c751281dc5,Music,Pop,Pop,31
K8vZ917QQn7,K8vZ917QQn7|https://www.ticketmaster.com/aespa-tickets/artist/2887549,aespa,attraction,https://www.ticketmaster.com/aespa-tickets/artist/2887549,https://s1.ticketm.net/dam/a/a6d/148c8f64-0e58-4410-ad35-7934f3a02a6d_SOURCE,,,,,,,,,,https://musicbrainz.org/artist/b51c672b-85e0-48fe-8648-470a2422229f,Music,Pop,K-Pop,26
K8vZ917fNP0,K8vZ917fNP0|https://www.ticketmaster.com/zayn-tickets/artist/2225397,ZAYN,attraction,https://www.ticketmaster.com/zayn-tickets/artist/2225397,https://s1.ticketm.net/dam/a/2e8/361ce2bc-e824-4864-a0bc-3a464e0062e8_SOURCE,,,,,,,,,,https://musicbrainz.org/artist/985f7e6f-0a7e-4de7-b9ec-a5dac63cb2f7,Music,Pop,Pop,15
K8vZ917p3-V,K8vZ917p3-V|https://www.ticketmaster.com/karol-g-tickets/artist/2412593,Karol G,attraction,https://www.ticketmaster.com/karol-g-tickets/artist/2412593,https://s1.ticketm.net/dam/a/aae/d27e184b-9f69-4963-9027-d3b5572a4aae_SOURCE,https://open.spotify.com/artist/790FomKkXshlbRYZFtlgla,https://www.instagram.com/karolg/,https://www.youtube.com/channel/UCZuPJZ2kGFdlbQu1qotZaHw,https://www.facebook.com/KarolGOficial/,http://karolgmusic.com,https://twitter.com/karolg,https://music.apple.com/us/artist/karol-g/290814601,,,https://musicbrainz.org/artist/de22adae-f8ac-414f-b653-b0162611bd60,Music,Latin,Latin,45
K8vZ91784bf,K8vZ91784bf|https://www.ticketmaster.com/mgk-tickets/artist/1427880,mgk,attraction,https://www.ticketmaster.com/mgk-tickets/artist/1427880,https://s1.ticketm.net/dam/a/2c5/32e4b3b1-7ad7-4e43-bd4b-5612b21042c5_SOURCE,https://open.spotify.com/artist/6TIYQ3jFPwQSRmorSezPxX,https://www.instagram.com/machinegunkelly/,https://www.youtube.com/user/machinegunkellyAK,https://www.facebook.com/machinegunkellymusic,http://www.machinegunkelly.com/,https://twitter.com/machinegunkelly,https://music.apple.com/us/artist/machine-gun-kelly/465954501,https://en.wikipedia.org/wiki/MGK,,https://musicbrainz.org/artist/f6af669a-56ea-448a-a044-de76181ada33,Music,Rock,Pop,2
K8vZ91712r7,K8vZ91712r7|https://www.ticketmaster.com/new-order-tickets/artist/735746,New Order,attraction,https://www.ticketmaster.com/new-order-tickets/artist/735746,https://s1.ticketm.net/dam/a/a6b/182bb789-0627-430d-8cc2-95a3c3224a6b_SOURCE,https://open.spotify.com/artist/0yNLKJebCb8Aueb54LYya3,https://www.instagram.com/neworderofficial/?hl=en,https://www.youtube.com/user/neworder,https://www.facebook.com/NewOrderOfficial,http://www.neworder.com/,https://twitter.com/neworder,https://music.apple.com/gb/artist/new-order/176722,,http://www.last.fm/music/New+Order,https://musicbrainz.org/artist/f1106b17-dcbb-45f6-b938-199ccfab50cc,Music,Rock,Alternative Rock,1
K8vZ91752Pf,K8vZ91752Pf|https://www.ticketmaster.com/avenged-sevenfold-tickets/artist/840047,Avenged Sevenfold,attraction,https://www.ticketmaster.com/avenged-sevenfold-tickets/artist/840047,https://s1.ticketm.net/dam/a/556/15537ab2-2881-4b90-a6ea-3f07cc8c0556_SOURCE,https://open.spotify.com/artist/0nmQIMXWTXfhgOBdNzhGOs,https://instagram.com/avengedsevenfold/?hl=en,https://www.youtube.com/channel/UCFcqi7MrlzIp9RMTtUlxE8g,https://www.facebook.com/AvengedSevenfold,http://www.avengedsevenfold.com/,https://twitter.com/TheOfficialA7X,https://itunes.apple.com/us/artist/id6766228,https://en.wikipedia.org/wiki/Avenged_Sevenfold,http://www.last.fm/music/Avenged+Sevenfold,https://musicbrainz.org/artist/24e1b53c-3085-4581-8472-0b0088d2508c,Music,Rock,Alternative Rock,17
K8vZ917Ge97,K8vZ917Ge97|https://www.ticketmaster.com/bring-me-the-horizon-tickets/artist/1153598,Bring Me The Horizon,attraction,https://www.ticketmaster.com/bring-me-the-horizon-tickets/artist/1153598,https://s1.ticketm.net/dam/a/eb9/f4390ebb-27a6-491a-9bf9-fef37f76deb9_SOURCE,https://open.spotify.com/artist/1Ffb6ejR6Fe5IamqA5oRUF?autoplay=true,https://www.instagram.com/bmthofficial,https://www.youtube.com/user/BMTHOfficialVEVO,https://www.facebook.com/bmthofficial,http://www.bmthofficial.com/,https://twitter.com/bmthofficial,https://music.apple.com/ca/artist/bring-me-the-horizon/121043936,https://en.wikipedia.org/wiki/Bring_Me_the_Horizon,http://www.last.fm/music/Bring+Me+the+Horizon,https://musicbrainz.org/artist/074e3847-f67f-49f9-81f1-8c8cea147e8e,Music,Rock,Pop,11
K8vZ9171GQ7,K8vZ9171GQ7|https://www.ticketmaster.com/sepultura-tickets/artist/736081,Sepultura,attraction,https://www.ticketmaster.com/sepultura-tickets/artist/736081,https://s1.ticketm.net/dam/a/fc2/0cad0f29-81f5-40d0-88ec-48a83c5eafc2_SOURCE,https://open.spotify.com/artist/6JW8wliOEwaDZ231ZY7cf4?autoplay=true,https://www.instagram.com/sepultura/,https://www.youtube.com/user/sepulturacombr,https://www.facebook.com/sepultura,http://www.sepultura.com.br/,https://twitter.com/sepulturacombr,https://itunes.apple.com/br/artist/id918092,https://en.wikipedia.org/wiki/Sepultura,http://www.last.fm/music/Sepultura,https://musicbrainz.org/artist/1d93c839-22e7-4f76-ad84-d27039efc048,Music,Metal,Heavy Metal,5
K8vZ917fae0,K8vZ917fae0|https://www.ticketmaster.com/poppy-tickets/artist/2186490,Poppy,attraction,https://www.ticketmaster.com/poppy-tickets/artist/2186490,https://s1.ticketm.net/dam/a/e75/3625c63d-c444-48ac-974b-94efbd5fce75_SOURCE,https://open.spotify.com/artist/5mlbvTfWUOfDrUIK6dkNzv,https://www.instagram.com/impoppy/,https://www.youtube.com/user/thatPoppyTV,https://www.facebook.com/thatpoppy,https://www.impoppy.com,https://twitter.com/thatPoppy,https://music.apple.com/us/artist/poppy/1004130511,,,https://musicbrainz.org/artist/4ad8190b-d2fd-46f8-a3d9-c0f55c034976,Music,Metal,Metal,19
K8vZ917Gi9V,K8vZ917Gi9V|https://www.ticketmaster.com/ben-howard-tickets/artist/1475431,Ben Howard,attraction,https://www.ticketmaster.com/ben-howard-tickets/artist/1475431,https://s1.ticketm.net/dam/a/8fd/b23e304f-d802-4fb2-8f87-5992599618fd_SOURCE,https://open.spotify.com/artist/5schNIzWdI9gJ1QRK8SBnc,http://instagram.com/bhwrd,https://www.youtube.com/user/BenHowardVEVO,https://www.facebook.com/benhowardmusic,http://www.benhowardmusic.co.uk/,https://twitter.com/benhowardmusic,https://music.apple.com/gb/artist/ben-howard/432957499,https://en.wikipedia.org/wiki/Ben_Howard,,https://musicbrainz.org/artist/534dda3c-b73f-408b-8889-bd68eae84df6,Music,Rock,Pop,9
K8vZ9175BuV,K8vZ9175BuV|https://www.ticketmaster.com/the-cat-empire-tickets/artist/983767,The Cat Empire,attraction,https://www.ticketmaster.com/the-cat-empire-tickets/artist/983767,https://s1.ticketm.net/dam/a/558/5d550d5b-4e20-4f3c-9b1d-7a62544b9558_SOURCE,https://open.spotify.com/artist/023YMawCG3OvACmRjWxLWC?si=eIW-qgyvRHGXq6scIOv5JQ&nd=1,https://instagram.com/thecatempire/,https://www.youtube.com/user/thecatempire,https://www.facebook.com/thecatempire,http://thecatempire.com/,https://twitter.com/thecatempire,https://music.apple.com/us/artist/the-cat-empire/71333554?uo=4&app=music,https://en.wikipedia.org/wiki/The_Cat_Empire,,https://musicbrainz.org/artist/a530492f-8806-4bd7-9c14-80c237eb92fe,Music,Rock,Pop,6
K8vZ917blA0,K8vZ917blA0|https://www.ticketmaster.com/rodrigo-teaser-tickets/artist/2710748,Rodrigo Teaser,attraction,https://www.ticketmaster.com/rodrigo-teaser-tickets/artist/2710748,https://s1.ticketm.net/dam/a/b90/eae4e593-edbb-4135-8c02-3d29ce0dcb90_SOURCE,https://open.spotify.com/artist/5gKdf8D0QhJkONjmkeuLS2?autoplay=true,https://www.instagram.com/rodrigoteaser/,https://www.youtube.com/user/rodrigoteaser,,https://www.tributoreidopop.com.br/,https://twitter.com/rodrigoteaser4,https://music.apple.com/ca/artist/rodrigo-teaser/1058512654,,,,Music,Pop,Pop,7
Z5uMVHtnMZAe6,Z5uMVHtnMZAe6|https://www.instagram.com/diferrero/,,attraction,https://www.instagram.com/diferrero/,https://s1.ticketm.net/dam/c/fbc/b293c0ad-c904-4215-bc59-8d7f2414dfbc_106141_TABLET_LANDSCAPE_LARGE_16_9.jpg,,,,,,,,,,,Music,Rock,Pop,2
K8vZ917rK9V,K8vZ917rK9V|https://www.ticketmaster.com/humberto-gessinger-tickets/artist/3754999,Humberto Gessinger,attraction,https://www.ticketmaster.com/humberto-gessinger-tickets/artist/3754999,https://s1.ticketm.net/dam/c/fbc/b293c0ad-c904-4215-bc59-8d7f2414dfbc_106141_TABLET_LANDSCAPE_LARGE_16_9.jpg,,,,,https://humbertogessinger.com.br/,,,,,,Music,Rock,Rock,1
K8vZ917jBif,K8vZ917jBif|https://www.ticketmaster.com/this-is-michael-tickets/artist/3170046,This Is Michael,attraction,https://www.ticketmaster.com/this-is-michael-tickets/artist/3170046,https://s1.ticketm.net/dam/c/4f2/0109888a-61b5-4525-8432-b026ef04f4f2_105631_TABLET_LANDSCAPE_LARGE_16_9.jpg,,,,,,,,,,,Music,Pop,Pop,5
K8vZ917KfQ7,K8vZ917KfQ7|https://www.ticketmaster.com/capital-inicial-tickets/artist/2103654,Capital Inicial,attraction,https://www.ticketmaster.com/capital-inicial-tickets/artist/2103654,https://s1.ticketm.net/dam/a/d64/4ac77bd9-91c9-4775-98e1-278306c6ad64_SOURCE,,,,,,,,,,,Music,Rock,Pop,1
K8vZ9179gJ7,K8vZ9179gJ7|https://www.ticketmaster.com/nando-reis-tickets/artist/2598009,Nando Reis,attraction,https://www.ticketmaster.com/nando-reis-tickets/artist/2598009,https://s1.ticketm.net/dam/c/fbc/b293c0ad-c904-4215-bc59-8d7f2414dfbc_106141_TABLET_LANDSCAPE_LARGE_16_9.jpg,,,,,,,,,,,Music,Rock,Pop,1
K8vZ9171FHV,K8vZ9171FHV|https://www.ticketmaster.com/sticky-fingers-tickets/artist/831704,Sticky Fingers,attraction,https://www.ticketmaster.com/sticky-fingers-tickets/artist/831704,https://s1.ticketm.net/dam/a/5d4/28f2a38c-9020-4735-88a7-24af82c335d4_SOURCE,https://open.spotify.com/artist/3ZGr7nQBXDU2WhyXgRVbt0,https://www.instagram.com/stickyfingersband/,https://www.youtube.com/channel/UCRC74iukYTRgzOZhlQq1f7A,https://www.facebook.com/stickyfingersmusic,https://stickyfingerstheband.com,https://twitter.com/sti_fi,https://music.apple.com/us/artist/sticky-fingers/53407917,,,https://musicbrainz.org/artist/c6d4b9fd-bea6-4671-bd9a-0423b932ccf8,Music,Rock,Alternative Rock,5
K8vZ917j2z0,K8vZ917j2z0|https://www.ticketmaster.com/tiago-iorc-tickets/artist/3094318,Tiago Iorc,attraction,https://www.ticketmaster.com/tiago-iorc-tickets/artist/3094318,https://s1.ticketm.net/dam/c/4f2/0109888a-61b5-4525-8432-b026ef04f4f2_105631_TABLET_LANDSCAPE_LARGE_16_9.jpg,,,,,,,,,,,Music,Pop,Brazilian Pop,8
K8vZ91716W0,K8vZ91716W0|https://www.ticketmaster.com/ivan-lins-tickets/artist/734254,Ivan Lins,attraction,https://www.ticketmaster.com/ivan-lins-tickets/artist/734254,https://s1.ticketm.net/dam/c/fbc/b293c0ad-c904-4215-bc59-8d7f2414dfbc_106141_TABLET_LANDSCAPE_LARGE_16_9.jpg,,,,,,,,,,,Music,Rock,Alternative Rock,1
K8vZ917jyt7,K8vZ917jyt7|https://www.ticketmaster.com/cpm22-tickets/artist/3168981,CPM22,attraction,https://www.ticketmaster.com/cpm22-tickets/artist/3168981,https://s1.ticketm.net/dam/c/fbc/b293c0ad-c904-4215-bc59-8d7f2414dfbc_106141_TABLET_LANDSCAPE_LARGE_16_9.jpg,,,,,,,,,,,Music,Rock,Hardcore Punk,2
K8vZ9179Vpf,K8vZ9179Vpf|https://www.ticketmaster.com/stray-kids-tickets/artist/2593788,Stray Kids,attraction,https://www.ticketmaster.com/stray-kids-tickets/artist/2593788,https://s1.ticketm.net/dam/a/328/ec0a213f-d159-468d-a463-d5dd988f3328_SOURCE,https://open.spotify.com/artist/2dIgFjalVxs4ThymZ67YCE?autoplay=true,https://www.instagram.com/realstraykids/,https://www.youtube.com/c/StrayKids,https://www.facebook.com/JYPEStrayKids,https://straykids.jype.com/,https://twitter.com/Stray_Kids,https://music.apple.com/us/artist/stray-kids/1304823362,,,https://musicbrainz.org/artist/142b343d-bf5a-428c-a64f-6d1a7566bbe9,Music,Pop,K-Pop,3
K8vZ917_-x7,K8vZ917_-x7|https://www.ticketmaster.com/alok-tickets/artist/2811713,ALOK,attraction,https://www.ticketmaster.com/alok-tickets/artist/2811713,https://s1.ticketm.net/dam/a/365/2ed4d0bf-fbd5-4429-a335-75e84f5d7365_SOURCE,,,,,,,,,,,Arts & Theatre,Comedy,Comedy,10
K8vZ9171hN7,K8vZ9171hN7|https://www.ticketmaster.com/jamiroquai-tickets/artist/774399,Jamiroquai,attraction,https://www.ticketmaster.com/jamiroquai-tickets/artist/774399,https://s1.ticketm.net/dam/a/1a0/43000a49-ef60-4998-af48-6f18c8e231a0_SOURCE,https://open.spotify.com/artist/6J7biCazzYhU3gM9j1wfid,https://www.instagram.com/jamiroquaihq/,https://www.youtube.com/user/jamiroquaivideo,https://www.facebook.com/JamiroquaiOfficial,https://www.jamiroquai.com,https://twitter.com/JamiroquaiHQ,https://music.apple.com/us/artist/jamiroquai/475902,https://en.wikipedia.org/wiki/Jamiroquai,http://www.last.fm/music/Jamiroquai,https://musicbrainz.org/artist/f4857fb9-e255-4dc6-bd01-e4ca7cc68544,Music,Rock,Pop,2
Z5uMVHtnMZ67e,Z5uMVHtnMZ67e|https://www.bestofbluesandrock.com.br/,,attraction,https://www.bestofbluesandrock.com.br/,https://s1.ticketm.net/dam/c/7be/4e1e9428-29ec-401f-aa45-f1577614b7be_105421_TABLET_LANDSCAPE_LARGE_16_9.jpg,,,,,,,,,,,Music,Blues,Blues,3
K8vZ9171367,K8vZ9171367|https://www.ticketmaster.com/roger-daltrey-tickets/artist/1335441,Roger Daltrey,attraction,https://www.ticketmaster.com/roger-daltrey-tickets/artist/1335441,https://s1.ticketm.net/dam/a/e48/613f9786-c877-4ebb-bc26-8505042bbe48_SOURCE,https://open.spotify.com/artist/5odf7hjI7hyvAw66tmxhGF,,https://www.youtube.com/channel/UCoMsS-IrCQjl1M5x2t3V47A,https://www.facebook.com/OfficialRogerDaltrey,,https://twitter.com/rogerdaltrey,https://music.apple.com/us/artist/roger-daltrey/562708,https://en.wikipedia.org/wiki/Roger_Daltrey,,https://musicbrainz.org/artist/3896a59d-3058-4797-94b7-864bc58ccd98,Music,Rock,Pop,21
K8vZ9171iff,K8vZ9171iff|https://www.ticketmaster.com/ja-rule-tickets/artist/718029,Ja Rule,attraction,https://www.ticketmaster.com/ja-rule-tickets/artist/718029,https://s1.ticketm.net/dam/a/2be/9d28f8ca-c65b-46b7-adba-c2ca414a52be_SOURCE,https://open.spotify.com/artist/1J2VVASYAamtQ3Bt8wGgA6,http://instagram.com/ruleyorkcity,http://www.youtube.com/user/Mpireinternational,https://www.facebook.com/MpireMusic/info?tab=page_info,,http://twitter.com/ruleyork,,https://en.wikipedia.org/wiki/Ja_Rule,,https://musicbrainz.org/artist/b504f625-4ef6-4a5a-81e8-870a61e8dc9c,Music,Hip-Hop/Rap,Urban,3
K8vZ917G1O7,K8vZ917G1O7|https://www.ticketmaster.com/eddie-vedder-tickets/artist/1197361,Eddie Vedder,attraction,https://www.ticketmaster.com/eddie-vedder-tickets/artist/1197361,https://s1.ticketm.net/dam/a/7c5/86573e72-6452-49ac-9fc8-b263148897c5_SOURCE,,https://www.instagram.com/eddievedder/,https://www.youtube.com/c/eddievedder,https://www.facebook.com/EddieVedder/,,,https://itunes.apple.com/us/artist/id267320,https://en.wikipedia.org/wiki/Eddie_Vedder,,https://musicbrainz.org/artist/1a60d6dd-9d3e-40fc-a66d-3184f9ee0d61,Music,Rock,Alternative Rock,3
K8vZ917pJy7,K8vZ917pJy7|https://www.ticketmaster.com/rosalia-tickets/artist/2453211,ROSALÍA,attraction,https://www.ticketmaster.com/rosalia-tickets/artist/2453211,https://s1.ticketm.net/dam/a/8dd/9c01b5c5-7e57-4143-a2ea-d7710f3e68dd_SOURCE,https://open.spotify.com/artist/7ltDVBr6mKbRvohxheJ9h1?autoplay=true&v=A,https://www.instagram.com/rosalia.vt/,https://www.youtube.com/channel/UCQt9awGIFZeldFsATZNeJag,https://www.facebook.com/rosalia.vt/,https://www.rosalia.com/,https://twitter.com/rosalia,https://music.apple.com/us/artist/rosal%C3%ADa/313845115,,,https://musicbrainz.org/artist/25f3abd9-63b5-471a-bd25-feb9672dfa11,Music,World,Latin Pop,13
K8vZ917jsr7,K8vZ917jsr7|https://www.ticketmaster.com/maiara-maraisa-tickets/artist/3157801,Maiara & Maraisa,attraction,https://www.ticketmaster.com/maiara-maraisa-tickets/artist/3157801,https://s1.ticketm.net/dam/a/c54/d52ebc8c-5eec-4706-b9c6-fee8325cdc54_SOURCE,,https://www.instagram.com/maiaraemaraisa,,,,,,,,,Music,Latin,Latin,1
K8vZ91751dV,K8vZ91751dV|https://www.ticketmaster.com/caetano-veloso-tickets/artist/734365,Caetano Veloso,attraction,https://www.ticketmaster.com/caetano-veloso-tickets/artist/734365,https://s1.ticketm.net/dam/a/d54/41170922-cefc-4d7a-a58c-04f4955f4d54_SOURCE,https://open.spotify.com/artist/7HGNYPmbDrMkylWqeFCOIQ?autoplay=true,https://www.instagram.com/caetanoveloso/,https://www.youtube.com/user/CaetanoVelosoVEVO,https://www.facebook.com/FalaCaetano,http://www.caetanoveloso.com.br/,,https://music.apple.com/us/artist/caetano-veloso/134260,https://en.wikipedia.org/wiki/Caetano_Veloso,http://www.last.fm/music/Caetano+Veloso,https://musicbrainz.org/artist/f07dbc2f-317b-470f-bad4-5f1b0eb6faf1,Music,World,Latin,1
K8vZ91715cf,K8vZ91715cf|https://www.ticketmaster.com/djavan-tickets/artist/734197,Djavan,attraction,https://www.ticketmaster.com/djavan-tickets/artist/734197,https://s1.ticketm.net/dam/a/52a/ee9889b6-3eaf-4457-93cd-f311c0d6b52a_SOURCE,,https://www.instagram.com/djavanoficial/,https://www.youtube.com/user/DjavanOficial,https://www.facebook.com/Djavanoficial,http://www.djavan.com.br/,https://twitter.com/djavanoficial,https://itunes.apple.com/us/artist/id10416,https://en.wikipedia.org/wiki/Djavan,http://www.last.fm/music/Djavan,https://musicbrainz.org/artist/751e517d-9663-4692-8c20-942e16d484c5,Music,R&B,R&B,8
K8vZ9171027,K8vZ9171027|https://www.ticketmaster.com/marisa-monte-tickets/artist/739659,Marisa Monte,attraction,https://www.ticketmaster.com/marisa-monte-tickets/artist/739659,https://s1.ticketm.net/dam/a/42b/fbc9ff08-e82c-404e-b6e3-d538007f542b_SOURCE,https://open.spotify.com/artist/0rSTXALHu0EKAawPLBdODH?,https://www.instagram.com/marisamonte/,https://www.youtube.com/user/MARISAMONTE,https://www.facebook.com/marisamonteoficial,http://www.marisamonte.com.br/,https://twitter.com/marisamonte,https://music.apple.com/us/artist/marisa-monte/115410499,https://en.wikipedia.org/wiki/Marisa_Monte,,https://musicbrainz.org/artist/f81f19b9-c76e-43ac-8656-bb56071785fb,Music,World,World,1
K8vZ91715V0,K8vZ91715V0|https://www.ticketmaster.com/jon-secada-tickets/artist/752632,Jon Secada,attraction,https://www.ticketmaster.com/jon-secada-tickets/artist/752632,https://s1.ticketm.net/dam/c/48b/2352e3b5-8496-496b-97a3-e605177e848b_105851_TABLET_LANDSCAPE_LARGE_16_9.jpg,https://open.spotify.com/artist/10n1KB2sjTrGdyuC83y8jW,https://www.instagram.com/jonsecada,https://www.youtube.com/channel/UC8D7e8pZCEtZyQ_MKr17Bcg,https://www.facebook.com/jonsecada,http://www.jonsecada.com/,https://twitter.com/jonsecada,https://music.apple.com/us/artist/jon-secada/300367,https://en.wikipedia.org/wiki/Jon_Secada,http://www.last.fm/music/Jon+Secada,https://musicbrainz.org/artist/01d76a27-ee74-4e50-9383-b2f0683bae76,Music,R&B,R&B,1
K8vZ9171bYf,K8vZ9171bYf|https://www.ticketmaster.com/joshua-redman-tickets/artist/763514,Joshua Redman,attraction,https://www.ticketmaster.com/joshua-redman-tickets/artist/763514,https://s1.ticketm.net/dam/a/6b0/19b4c3ef-7449-4ca2-b4c3-9aa83eff76b0_SOURCE,https://open.spotify.com/artist/3uaHfXYx9Fh4HjqMbrWn5S,https://www.instagram.com/joshuaredmanmusic/,https://www.youtube.com/user/joshuaredmanofficial,https://www.facebook.com/JoshuaRedmanMusic,http://www.joshuaredman.com/,https://mobile.twitter.com/joshua_redman,https://music.apple.com/us/artist/joshua-redman/757922,https://en.wikipedia.org/wiki/Joshua_Redman,,https://musicbrainz.org/artist/b00a17c3-72b2-4e39-96f9-770ba6cf4573,Music,Jazz,Jazz,2
K8vZ9174g-0,K8vZ9174g-0|https://www.ticketmaster.com/tributo-a-acdc-tickets/artist/2344718,Tributo a AC/DC,attraction,https://www.ticketmaster.com/tributo-a-acdc-tickets/artist/2344718,https://s1.ticketm.net/dam/c/e7c/86478562-7218-4e8f-b9d4-8080fe168e7c_105581_TABLET_LANDSCAPE_LARGE_16_9.jpg,,,,,,,,,,,Music,Metal,Metal,1
K8vZ9174tvf,K8vZ9174tvf|https://www.ticketmaster.com/matheus-e-kauan-tickets/artist/2314051,Matheus e Kauan,attraction,https://www.ticketmaster.com/matheus-e-kauan-tickets/artist/2314051,https://s1.ticketm.net/dam/a/620/8e0faa3e-183e-4cf6-b22e-b480687d8620_SOURCE,,,,,,,,,,,Music,World,Brazil,1
K8vZ917_m00,K8vZ917_m00|https://www.ticketmaster.com/pedro-sampaio-tickets/artist/2827190,Pedro Sampaio,attraction,https://www.ticketmaster.com/pedro-sampaio-tickets/artist/2827190,https://s1.ticketm.net/dam/a/dd8/b3ca271f-6fa3-4592-8789-a952e4738dd8_SOURCE,,,,,,,,,,,Music,Latin,Latin,2
K8vZ917rpL7,K8vZ917rpL7|https://www.ticketmaster.com/celebrare-tickets/artist/3784964,Celebrare,attraction,https://www.ticketmaster.com/celebrare-tickets/artist/3784964,https://s1.ticketm.net/dam/c/f50/96fa13be-e395-429b-8558-a51bb9054f50_105951_TABLET_LANDSCAPE_LARGE_16_9.jpg,,https://www.instagram.com/bandacelebrare/,,,,,,,,,Music,Latin,Latin,1
K8vZ917GOI7,K8vZ917GOI7|https://www.ticketmaster.com/the-smyths-tribute-to-the-smiths-tickets/artist/1411285,The Smyths (Tribute to The Smiths),attraction,https://www.ticketmaster.com/the-smyths-tribute-to-the-smiths-tickets/artist/1411285,https://s1.ticketm.net/dam/c/ab4/6367448e-7474-4650-bd2d-02a8f7166ab4_106161_TABLET_LANDSCAPE_LARGE_16_9.jpg,,,,https://www.facebook.com/thedefinitivesmithstribute,https://www.thesmyths.net/,https://twitter.com/thesmythsuk?ref_src=twsrc%5Egoogle%7Ctwcamp%5Eserp%7Ctwgr%5Eauthor,,,,,Music,Undefined,Undefined,24
Z5uMVHtnMZ7a7,Z5uMVHtnMZ7a7|https://www.instagram.com/kidabelha/,,attraction,https://www.instagram.com/kidabelha/,https://s1.ticketm.net/dam/c/548/5fefbd1c-973b-4b0e-9b2e-d78e4ce37548_106111_TABLET_LANDSCAPE_LARGE_16_9.jpg,,,,,,,,,,,Music,World,Brazil,5
K8vZ917bQs7,K8vZ917bQs7|https://www.ticketmaster.com/xande-de-pilares-tickets/artist/2678859,Xande De Pilares,attraction,https://www.ticketmaster.com/xande-de-pilares-tickets/artist/2678859,https://s1.ticketm.net/dam/c/060/c5c08e7a-9912-456c-a060-2758be94e060_105881_TABLET_LANDSCAPE_LARGE_16_9.jpg,,,,,,,,,,,Music,Other,Other,6
Z5uMVHtnMZAee,Z5uMVHtnMZAee|https://www.instagram.com/gruporevelacao/,,attraction,https://www.instagram.com/gruporevelacao/,https://s1.ticketm.net/dam/c/548/5fefbd1c-973b-4b0e-9b2e-d78e4ce37548_106111_TABLET_LANDSCAPE_LARGE_16_9.jpg,,,,,,,,,,,Music,World,Brazil,6
K8vZ9175VWV,K8vZ9175VWV|https://www.ticketmaster.com/letz-zep-led-zeppelin-tribute-tickets/artist/30468,Letz Zep (Led Zeppelin Tribute),attraction,https://www.ticketmaster.com/letz-zep-led-zeppelin-tribute-tickets/artist/30468,https://s1.ticketm.net/dam/c/ab4/6367448e-7474-4650-bd2d-02a8f7166ab4_106161_TABLET_LANDSCAPE_LARGE_16_9.jpg,https://open.spotify.com/artist/7uzbL2dC9AXqIIykypao2l,https://www.instagram.com/letz_zep/,https://www.youtube.com/user/letzzep,https://www.facebook.com/pages/Letz-Zep-band-page/148699781847520,http://www.letzzep.com/,https://twitter.com/LetzZep,https://music.apple.com/us/artist/letz-zep/269720360,,,https://musicbrainz.org/artist/95d79f59-9582-4e04-b860-eba7cda5d9fe,Music,Undefined,Undefined,15
Z5uMVHtnMZ6ea,Z5uMVHtnMZ6ea|https://www.instagram.com/paulocezarlogos/?hl=pt,,attraction,https://www.instagram.com/paulocezarlogos/?hl=pt,https://s1.ticketm.net/dam/c/548/5fefbd1c-973b-4b0e-9b2e-d78e4ce37548_106111_TABLET_LANDSCAPE_LARGE_16_9.jpg,,,,,,,,,,,Music,World,World,1
Z5uMVHtnMZ6e1,Z5uMVHtnMZ6e1|https://www.instagram.com/cordevitaofficial/,,attraction,https://www.instagram.com/cordevitaofficial/,https://s1.ticketm.net/dam/c/548/5fefbd1c-973b-4b0e-9b2e-d78e4ce37548_106111_TABLET_LANDSCAPE_LARGE_16_9.jpg,,,,,,,,,,,Music,World,World,1
Z5uMVHtnMZka1,Z5uMVHtnMZka1|https://www.instagram.com/robertacamposoficial/?hl=pt-br,,attraction,https://www.instagram.com/robertacamposoficial/?hl=pt-br,https://s1.ticketm.net/dam/c/548/5fefbd1c-973b-4b0e-9b2e-d78e4ce37548_106111_TABLET_LANDSCAPE_LARGE_16_9.jpg,,,,,,,,,,,Music,World,World,1
K8vZ917Gx3V,K8vZ917Gx3V|https://www.ticketmaster.com/maria-rita-tickets/artist/1426013,Maria Rita,attraction,https://www.ticketmaster.com/maria-rita-tickets/artist/1426013,https://s1.ticketm.net/dam/c/ab4/6367448e-7474-4650-bd2d-02a8f7166ab4_106161_TABLET_LANDSCAPE_LARGE_16_9.jpg,,,,,,,,,,,Music,Undefined,Undefined,3
Z5uMVHtnMZ6dv,Z5uMVHtnMZ6dv|https://www.instagram.com/gabi_anias/,,attraction,https://www.instagram.com/gabi_anias/,https://s1.ticketm.net/dam/c/548/5fefbd1c-973b-4b0e-9b2e-d78e4ce37548_106111_TABLET_LANDSCAPE_LARGE_16_9.jpg,,,,,,,,,,,Music,World,World,1
K8vZ917rfA0,K8vZ917rfA0|https://www.ticketmaster.com/edu-falaschi-tickets/artist/3754637,Edu Falaschi,attraction,https://www.ticketmaster.com/edu-falaschi-tickets/artist/3754637,https://s1.ticketm.net/dam/c/e7c/86478562-7218-4e8f-b9d4-8080fe168e7c_105581_TABLET_LANDSCAPE_LARGE_16_9.jpg,,,,,https://www.edufalaschi.com.br/,,,,,,Music,Metal,Metal,1
K8vZ917ber0,K8vZ917ber0|https://www.ticketmaster.com/thiaguinho-tickets/artist/2244260,Thiaguinho,attraction,https://www.ticketmaster.com/thiaguinho-tickets/artist/2244260,https://s1.ticketm.net/dam/c/548/5fefbd1c-973b-4b0e-9b2e-d78e4ce37548_106111_TABLET_LANDSCAPE_LARGE_16_9.jpg,,,,,,,,,,,Music,World,Brazil,1
K8vZ917qCw7,K8vZ917qCw7|https://www.ticketmaster.com/jorge-vercillo-tickets/artist/3287439,Jorge Vercillo,attraction,https://www.ticketmaster.com/jorge-vercillo-tickets/artist/3287439,https://s1.ticketm.net/dam/c/548/5fefbd1c-973b-4b0e-9b2e-d78e4ce37548_106111_TABLET_LANDSCAPE_LARGE_16_9.jpg,,,,,,,,,,,Music,World,Brazil,4
K8vZ917hNsf,K8vZ917hNsf|https://www.ticketmaster.com/daniel-boaventura-tickets/artist/2507640,Daniel Boaventura,attraction,https://www.ticketmaster.com/daniel-boaventura-tickets/artist/2507640,https://s1.ticketm.net/dam/c/efe/3c52b28b-0180-4ddc-b4f3-72e93ea06efe_105451_TABLET_LANDSCAPE_LARGE_16_9.jpg,,,,,,,,,,,Music,Ballads/Romantic,Ballads/Romantic,2
Z5uMVHtnMZ71a,Z5uMVHtnMZ71a|https://www.instagram.com/carolbiazin/?hl=pt,,attraction,https://www.instagram.com/carolbiazin/?hl=pt,https://s1.ticketm.net/dam/c/548/5fefbd1c-973b-4b0e-9b2e-d78e4ce37548_106111_TABLET_LANDSCAPE_LARGE_16_9.jpg,,,,,,,,,,,Music,World,World,1
Z5uMVHtnMZkFF,Z5uMVHtnMZkFF|https://www.instagram.com/danielaaraujo/?hl=pt-br,,attraction,https://www.instagram.com/danielaaraujo/?hl=pt-br,https://s1.ticketm.net/dam/c/f6d/6f417e97-2981-4605-a837-a307d33e3f6d_105491_TABLET_LANDSCAPE_LARGE_16_9.jpg,,,,,,,,,,,Music,Religious,Gospel,1
K8vZ917G1j0,K8vZ917G1j0|https://www.ticketmaster.com/sven-vath-tickets/artist/888437,Sven Vath,attraction,https://www.ticketmaster.com/sven-vath-tickets/artist/888437,https://s1.ticketm.net/dam/c/df8/81eadad8-4449-412e-a2b1-3d8bbb78edf8_106181_TABLET_LANDSCAPE_LARGE_16_9.jpg,https://open.spotify.com/artist/5TQaBSTOSypp7S4jfSnN3F?autoplay=true,https://www.instagram.com/svenvaeth_official/,https://www.youtube.com/channel/UC65i9IyVAW59S9C428ou8RA,https://www.facebook.com/SvenVaethOfficial/,,https://twitter.com/svenvaeth,,,,,Music,Dance/Electronic,Club Dance,1
K8vZ917QpdV,K8vZ917QpdV|https://www.ticketmaster.com/matue-tickets/artist/2875593,Matuê,attraction,https://www.ticketmaster.com/matue-tickets/artist/2875593,https://s1.ticketm.net/dam/c/df8/81eadad8-4449-412e-a2b1-3d8bbb78edf8_106181_TABLET_LANDSCAPE_LARGE_16_9.jpg,,,,,,,,,,,Music,Dance/Electronic,Dance/Electronic,1
K8vZ917C0kV,K8vZ917C0kV|https://www.ticketmaster.com/jorge-aragao-tickets/artist/980973,Jorge Aragao,attraction,https://www.ticketmaster.com/jorge-aragao-tickets/artist/980973,https://s1.ticketm.net/dam/c/548/5fefbd1c-973b-4b0e-9b2e-d78e4ce37548_106111_TABLET_LANDSCAPE_LARGE_16_9.jpg,,,,,,,,,,,Music,World,Latin,2
K8vZ917jBL0,K8vZ917jBL0|https://www.ticketmaster.com/fresno-tickets/artist/3169137,Fresno,attraction,https://www.ticketmaster.com/fresno-tickets/artist/3169137,https://s1.ticketm.net/dam/c/548/5fefbd1c-973b-4b0e-9b2e-d78e4ce37548_106111_TABLET_LANDSCAPE_LARGE_16_9.jpg,,,,,https://www.fresnorock.com.br/,,,,,https://musicbrainz.org/artist/583aec45-62fc-4972-8da2-f09aacc70fc5,Music,World,Brazil,1
K8vZ917rKb7,K8vZ917rKb7|https://www.ticketmaster.com/sidney-magal-tickets/artist/3755024,Sidney Magal,attraction,https://www.ticketmaster.com/sidney-magal-tickets/artist/3755024,https://s1.ticketm.net/dam/c/f50/96fa13be-e395-429b-8558-a51bb9054f50_105951_TABLET_LANDSCAPE_LARGE_16_9.jpg,,,,,,,,,,,Music,Latin,Latin,2
K8vZ917Ckt0,K8vZ917Ckt0|https://www.ticketmaster.com/belo-tickets/artist/1561694,Belo,attraction,https://www.ticketmaster.com/belo-tickets/artist/1561694,https://s1.ticketm.net/dam/c/548/5fefbd1c-973b-4b0e-9b2e-d78e4ce37548_106111_TABLET_LANDSCAPE_LARGE_16_9.jpg,,,,,,,,,,,Music,World,Latin,1
K8vZ917Gbn7,K8vZ917Gbn7|https://www.ticketmaster.com/angra-tickets/artist/796018,Angra,attraction,https://www.ticketmaster.com/angra-tickets/artist/796018,https://s1.ticketm.net/dam/c/e7c/86478562-7218-4e8f-b9d4-8080fe168e7c_105581_TABLET_LANDSCAPE_LARGE_16_9.jpg,https://open.spotify.com/artist/7IAXZaLTb6nkJr8RmVPn5y,https://www.instagram.com/angraofficial/,https://www.youtube.com/channel/UCs2d4-YjBHDwQn4tgwvDNRw,https://www.facebook.com/AngraOfficialPage,http://www.angra.net/,https://twitter.com/angraofficial,https://itunes.apple.com/de/artist/id192030844,https://en.wikipedia.org/wiki/Angra_(band),http://www.last.fm/music/Angra,https://musicbrainz.org/artist/b0fe8ef0-d59b-4d41-afee-2d21b59112ab,Music,Metal,Heavy Metal,3
Z5uMVHtnMZkFa,Z5uMVHtnMZkFa|https://www.instagram.com/eltonjohndiamonds/?hl=pt,,attraction,https://www.instagram.com/eltonjohndiamonds/?hl=pt,https://s1.ticketm.net/dam/c/548/5fefbd1c-973b-4b0e-9b2e-d78e4ce37548_106111_TABLET_LANDSCAPE_LARGE_16_9.jpg,,,,,,,,,,,Music,World,World,4
K8vZ917r_Z0,K8vZ917r_Z0|https://www.ticketmaster.com/jotape-tickets/artist/3804539,Jota.pê,attraction,https://www.ticketmaster.com/jotape-tickets/artist/3804539,https://s1.ticketm.net/dam/c/548/5fefbd1c-973b-4b0e-9b2e-d78e4ce37548_106111_TABLET_LANDSCAPE_LARGE_16_9.jpg,,,,,,,,,,,Music,World,Brazil,2
K8vZ917qCs0,K8vZ917qCs0|https://www.ticketmaster.com/ze-ramalho-tickets/artist/3287294,Zé Ramalho,attraction,https://www.ticketmaster.com/ze-ramalho-tickets/artist/3287294,https://s1.ticketm.net/dam/c/548/5fefbd1c-973b-4b0e-9b2e-d78e4ce37548_106111_TABLET_LANDSCAPE_LARGE_16_9.jpg,,,,,,,,,,,Music,World,Brazil,1
Z5uMVHtnMZkeF,Z5uMVHtnMZkeF|https://www.instagram.com/joseaugustooficial/?hl=pt,,attraction,https://www.instagram.com/joseaugustooficial/?hl=pt,https://s1.ticketm.net/dam/c/548/5fefbd1c-973b-4b0e-9b2e-d78e4ce37548_106111_TABLET_LANDSCAPE_LARGE_16_9.jpg,,,,,,,,,,,Music,World,Brazil,1
K8vZ917jyI7,K8vZ917jyI7|https://www.ticketmaster.com/mauricio-manieri-tickets/artist/3168979,Maurício Manieri,attraction,https://www.ticketmaster.com/mauricio-manieri-tickets/artist/3168979,https://s1.ticketm.net/dam/c/548/5fefbd1c-973b-4b0e-9b2e-d78e4ce37548_106111_TABLET_LANDSCAPE_LARGE_16_9.jpg,,https://www.instagram.com/mauriciomanieri/,,,,,,,,,Music,World,Brazil,2
K8vZ9174TA7,K8vZ9174TA7|https://www.ticketmaster.com/paulo-ricardo-tickets/artist/782560,Paulo Ricardo,attraction,https://www.ticketmaster.com/paulo-ricardo-tickets/artist/782560,https://s1.ticketm.net/dam/a/96b/9ee3c610-6282-4f01-9326-4f9d5ec0c96b_SOURCE,,,,,,,,,,,Music,World,Latin,1
Z5uMVHtnMZ6da,Z5uMVHtnMZ6da|https://www.instagram.com/richardcourt/?hl=pt-br,,attraction,https://www.instagram.com/richardcourt/?hl=pt-br,https://s1.ticketm.net/dam/c/548/5fefbd1c-973b-4b0e-9b2e-d78e4ce37548_106111_TABLET_LANDSCAPE_LARGE_16_9.jpg,,,,,,,,,,,Music,World,World,1
Z5uMVHtnMZ6d1,Z5uMVHtnMZ6d1|https://www.instagram.com/patofu/,,attraction,https://www.instagram.com/patofu/,https://s1.ticketm.net/dam/c/548/5fefbd1c-973b-4b0e-9b2e-d78e4ce37548_106111_TABLET_LANDSCAPE_LARGE_16_9.jpg,,,,,,,,,,,Music,World,World,1
K8vZ9175ir0,K8vZ9175ir0|https://www.ticketmaster.com/joao-bosco-tickets/artist/734161,João Bosco,attraction,https://www.ticketmaster.com/joao-bosco-tickets/artist/734161,https://s1.ticketm.net/dam/c/bea/03d47f66-d37b-4aca-aa17-0135be64dbea_105801_TABLET_LANDSCAPE_LARGE_16_9.jpg,,,,,,,,,,,Music,Jazz,Jazz,1
Z1uMVHtnMZa6,Z1uMVHtnMZa6|https://www.instagram.com/joelmaareal/?hl=pt-br,,attraction,https://www.instagram.com/joelmaareal/?hl=pt-br,https://s1.ticketm.net/dam/c/548/5fefbd1c-973b-4b0e-9b2e-d78e4ce37548_106111_TABLET_LANDSCAPE_LARGE_16_9.jpg,,,,,,,,,,,Music,World,World,1
Z5uMVHtnMZ76F,Z5uMVHtnMZ76F|https://www.instagram.com/guilhermearantesoficial/,,attraction,https://www.instagram.com/guilhermearantesoficial/,https://s1.ticketm.net/dam/c/548/5fefbd1c-973b-4b0e-9b2e-d78e4ce37548_106111_TABLET_LANDSCAPE_LARGE_16_9.jpg,,,,,,,,,,,Music,World,World,1
K8vZ917GNaV,K8vZ917GNaV|https://www.ticketmaster.com/acdc-uk-tickets/artist/1428207,AC/DC UK,attraction,https://www.ticketmaster.com/acdc-uk-tickets/artist/1428207,https://s1.ticketm.net/dam/a/c71/30818df2-fc07-4e72-a244-2c0d20301c71_SOURCE,,https://www.instagram.com/acdcuk/,,https://www.facebook.com/acdcuk/,https://www.acdcuk.com/,,,,,https://musicbrainz.org/artist/74a1057a-4e64-43c5-b882-f21debe0a323,Music,Undefined,Undefined,6
Z5uMVHtnMZ67v,Z5uMVHtnMZ67v|https://www.instagram.com/elymarsantosoficial/?hl=pt-br,,attraction,https://www.instagram.com/elymarsantosoficial/?hl=pt-br,https://s1.ticketm.net/dam/c/548/5fefbd1c-973b-4b0e-9b2e-d78e4ce37548_106111_TABLET_LANDSCAPE_LARGE_16_9.jpg,,,,,,,,,,,Music,World,World,1
K8vZ917qoRf,K8vZ917qoRf|https://www.ticketmaster.com/after-forever-tickets/artist/3316407,After Forever,attraction,https://www.ticketmaster.com/after-forever-tickets/artist/3316407,https://s1.ticketm.net/dam/c/e7c/86478562-7218-4e8f-b9d4-8080fe168e7c_105581_TABLET_LANDSCAPE_LARGE_16_9.jpg,,,,,,,,,,,Music,Metal,Death Metal/Black Metal,1
K8vZ917rKbf,K8vZ917rKbf|https://www.ticketmaster.com/oswaldo-montenegro-tickets/artist/3755048,Oswaldo Montenegro,attraction,https://www.ticketmaster.com/oswaldo-montenegro-tickets/artist/3755048,https://s1.ticketm.net/dam/c/548/5fefbd1c-973b-4b0e-9b2e-d78e4ce37548_106111_TABLET_LANDSCAPE_LARGE_16_9.jpg,,,,,https://www.oswaldomontenegro.com.br/,,,,,,Music,World,Brazil,1
K8vZ917ooj7,K8vZ917ooj7|https://www.ticketmaster.com/ana-carolina-tickets/artist/1872596,Ana Carolina,attraction,https://www.ticketmaster.com/ana-carolina-tickets/artist/1872596,https://s1.ticketm.net/dam/a/b8e/2504ea92-1d47-4170-a028-640fadbf4b8e_SOURCE,,,,,,,,,,,Music,World,Latin,1
K8vZ91724O0,K8vZ91724O0|https://www.ticketmaster.com/victor-leo-tickets/artist/1679116,Victor & Leo,attraction,https://www.ticketmaster.com/victor-leo-tickets/artist/1679116,https://s1.ticketm.net/dam/c/548/5fefbd1c-973b-4b0e-9b2e-d78e4ce37548_106111_TABLET_LANDSCAPE_LARGE_16_9.jpg,,,,,,,,,,,Music,World,Latin,1
K8vZ917LJi7,K8vZ917LJi7|https://www.ticketmaster.com/os-garotin-tickets/artist/4327864,Os Garotin,attraction,https://www.ticketmaster.com/os-garotin-tickets/artist/4327864,https://s1.ticketm.net/dam/c/48b/2352e3b5-8496-496b-97a3-e605177e848b_105851_TABLET_LANDSCAPE_LARGE_16_9.jpg,,,,,,,,,,,Music,R&B,R&B,3
K8vZ917qOL7,K8vZ917qOL7|https://www.ticketmaster.com/ca7riel-paco-amoroso-tickets/artist/3350684,CA7RIEL & Paco Amoroso,attraction,https://www.ticketmaster.com/ca7riel-paco-amoroso-tickets/artist/3350684,https://s1.ticketm.net/dam/a/d70/4ae8fa11-7f13-4554-affb-3e5aba487d70_SOURCE,https://open.spotify.com/artist/6I8TDGeUmmLom8auKPzMdX,https://www.instagram.com/ca7rielypacoamoroso/,,,https://www.ca7rielypacoamoroso.com/,,,,,,Music,Latin,Latin,19
K8vZ917hEgV,K8vZ917hEgV|https://www.ticketmaster.com/gilsons-tickets/artist/3047500,Gilsons,attraction,https://www.ticketmaster.com/gilsons-tickets/artist/3047500,https://s1.ticketm.net/dam/a/79f/22053b1e-c4f8-4bec-8904-5fabf522879f_SOURCE,,,,,,,,,,,Music,World,Brazil,4
Z1uMVHtnMZka,Z1uMVHtnMZka|https://www.instagram.com/orquestrasinfonicavillalobos/,,attraction,https://www.instagram.com/orquestrasinfonicavillalobos/,https://s1.ticketm.net/dam/c/518/83a05c63-479c-4f7e-a7aa-1932aab77518_105461_TABLET_LANDSCAPE_LARGE_16_9.jpg,,,,,,,,,,,Music,Classical,Classical/Vocal,2
K8vZ9179rrV,K8vZ9179rrV|https://www.ticketmaster.com/mink-slide-tickets/artist/2552893,Mink Slide,attraction,https://www.ticketmaster.com/mink-slide-tickets/artist/2552893,https://s1.ticketm.net/dam/c/48b/2352e3b5-8496-496b-97a3-e605177e848b_105851_TABLET_LANDSCAPE_LARGE_16_9.jpg,,,,,,,,,,,Music,R&B,R&B,1
K8vZ9171G4V,K8vZ9171G4V|https://www.ticketmaster.com/iron-maiden-tickets/artist/735341,Iron Maiden,attraction,https://www.ticketmaster.com/iron-maiden-tickets/artist/735341,https://s1.ticketm.net/dam/a/467/dbeaa106-4590-4f5f-982b-ff3a504ff467_SOURCE,https://open.spotify.com/artist/6mdiAmATAx73kdxrNrnlao?autoplay=true,https://www.instagram.com/ironmaiden/,https://www.youtube.com/user/ironmaiden,https://www.facebook.com/ironmaiden,http://www.ironmaiden.com/,https://twitter.com/ironmaiden,https://itunes.apple.com/gb/artist/id546381,,https://www.last.fm/music/Iron+Maiden,https://musicbrainz.org/artist/ca891d65-d9b0-4258-89f7-e6ba29d83767,Music,Metal,Heavy Metal,22
K8vZ917184V,K8vZ917184V|https://www.ticketmaster.com/rush-tickets/artist/807344,RUSH,attraction,https://www.ticketmaster.com/rush-tickets/artist/807344,https://s1.ticketm.net/dam/a/6bd/c02199ad-8d22-4668-8973-f400d85826bd_SOURCE,https://open.spotify.com/artist/2Hkut4rAAyrQxRdof7FVJq,https://www.instagram.com/rush/,https://www.youtube.com/user/Rushofficialtv,https://www.facebook.com/rushtheband,https://www.rush.com/,https://twitter.com/rushtheband,https://music.apple.com/co/artist/rush/50526,,,https://musicbrainz.org/artist/e0d00886-c147-453b-be56-aaf4d3e3c09a,Music,Rock,Rock,74
K8vZ9171zxV,K8vZ9171zxV|https://www.ticketmaster.com/gorillaz-tickets/artist/807314,Gorillaz,attraction,https://www.ticketmaster.com/gorillaz-tickets/artist/807314,https://s1.ticketm.net/dam/a/88b/ce224ebd-7acf-4b04-8f04-0038dddc988b_SOURCE,https://open.spotify.com/artist/3AA28KZvwAUcZuOKwyblJQ,https://www.instagram.com/gorillaz/,https://www.youtube.com/user/gorillaz,https://www.facebook.com/Gorillaz,http://gorillaz.com/,https://twitter.com/gorillazband,https://music.apple.com/us/artist/gorillaz/567072,https://en.wikipedia.org/wiki/Gorillaz,http://www.last.fm/music/Gorillaz,https://musicbrainz.org/artist/e21857d5-3256-4547-afb3-4b6ded592596,Music,Rock,Alternative Rock,37
K8vZ9171qQ0,K8vZ9171qQ0|https://www.ticketmaster.com/robbie-williams-tickets/artist/783976,Robbie Williams,attraction,https://www.ticketmaster.com/robbie-williams-tickets/artist/783976,https://s1.ticketm.net/dam/a/f41/c568000b-fc0e-4489-ac31-74293c6e9f41_SOURCE,https://open.spotify.com/artist/2HcwFjNelS49kFbfvMxQYw?autoplay=true,https://instagram.com/robbiewilliams,https://www.youtube.com/user/robbiewilliamsvideos,https://www.facebook.com/robbiewilliams,http://www.robbiewilliams.com/,https://twitter.com/robbiewilliams,https://music.apple.com/ca/artist/robbie-williams/17973,https://en.wikipedia.org/wiki/Robbie_Williams,http://www.last.fm/music/Robbie+Williams,https://musicbrainz.org/artist/db4624cf-0e44-481e-a9dc-2142b833ec2f,Music,Rock,Pop,15
K8vZ9175-f7,K8vZ9175-f7|https://www.ticketmaster.com/fado-tickets/artist/905400,Fado,attraction,https://www.ticketmaster.com/fado-tickets/artist/905400,https://s1.ticketm.net/dam/a/028/6abca9d4-193e-40d4-bb82-382cf20b3028_SOURCE,,,,,,,,,,,Film,Music,Music,1
K8vZ917OMf7,K8vZ917OMf7|https://www.ticketmaster.com/el-amante-de-gardel-tickets/artist/4542024,El amante de Gardel,attraction,https://www.ticketmaster.com/el-amante-de-gardel-tickets/artist/4542024,https://s1.ticketm.net/dam/a/eee/f834917a-a183-4674-ba79-045e2d1d3eee_SOURCE,,,,,,,,,,,Arts & Theatre,Music,Chamber Music,3
K8vZ917rxIV,K8vZ917rxIV|https://www.ticketmaster.com/orquesta-nacional-de-jazz-tickets/artist/3895634,Orquesta Nacional de Jazz,attraction,https://www.ticketmaster.com/orquesta-nacional-de-jazz-tickets/artist/3895634,https://s1.ticketm.net/dam/a/b00/4d347eac-1c45-4258-934f-140c4650eb00_SOURCE,,,,https://www.facebook.com/TeatroDeLaCdEsperanzaIris/posts/pfbid0MGVv4hRNkYdhWjUWZy9CJgirQDu1ct8hTk725DcWq3CZQxtYWeQLztBgEH8XB9i5l,,,,,,,Arts & Theatre,Music,Chamber Music,1
K8vZ917qJy0,K8vZ917qJy0|https://www.ticketmaster.com/pim-pau-tickets/artist/2969724,Pim Pau,attraction,https://www.ticketmaster.com/pim-pau-tickets/artist/2969724,https://s1.ticketm.net/dam/a/e17/e0be4a41-31d2-4e7f-9606-2c6f88be6e17_SOURCE,,,,,,,,,,,Music,Children's Music,Children's Music,1
K8vZ9171CY7,K8vZ9171CY7|https://www.ticketmaster.com/def-leppard-tickets/artist/734898,Def Leppard,attraction,https://www.ticketmaster.com/def-leppard-tickets/artist/734898,https://s1.ticketm.net/dam/a/861/d7e41d08-4127-4710-b298-e566b30ac861_SOURCE,https://open.spotify.com/artist/6H1RjVyNruCmrBEWRbD0VZ,https://www.instagram.com/defleppard/,https://www.youtube.com/user/defleppardofficial,https://www.facebook.com/defleppard,http://www.defleppard.com/,https://twitter.com/defleppard,https://itunes.apple.com/us/artist/id117554,https://en.wikipedia.org/wiki/Def_Leppard,http://www.last.fm/music/Def+Leppard,https://musicbrainz.org/artist/7249b899-8db8-43e7-9e6e-22f1e736024e,Music,Rock,Pop,3
K8vZ9171Caf,K8vZ9171Caf|https://www.ticketmaster.com/extreme-tickets/artist/907103,Extreme,attraction,https://www.ticketmaster.com/extreme-tickets/artist/907103,https://s1.ticketm.net/dam/a/ff7/b9d7e1b5-e936-432c-94d9-e0049daacff7_SOURCE,https://open.spotify.com/artist/6w7j5wQ5AI5OQYlcM15s2L,https://www.instagram.com/extreme_band/,https://www.youtube.com/user/OfficiallyExtreme,https://www.facebook.com/extremeband,https://www.extreme-band.com,https://twitter.com/ExtremeBand,https://music.apple.com/us/artist/extreme/106804,,,https://musicbrainz.org/artist/6031b2df-faef-493f-a79c-891095b1df97,Music,Rock,Pop,25
K8vZ917Guhf,K8vZ917Guhf|https://www.ticketmaster.com/monstruos-tickets/artist/41137,Monstruos,attraction,https://www.ticketmaster.com/monstruos-tickets/artist/41137,https://s1.ticketm.net/dam/a/afc/c036b0ef-8c48-4bcf-a798-964c04550afc_SOURCE,,,,,,,,,,,Music,Children's Music,Children's Music,2
K8vZ9175HJ7,K8vZ9175HJ7|https://www.ticketmaster.com/festival-internacional-cervantino-tickets/artist/1066476,Festival Internacional Cervantino,attraction,https://www.ticketmaster.com/festival-internacional-cervantino-tickets/artist/1066476,https://s1.ticketm.net/dam/a/ea4/0d528bed-1d7f-4ed1-b6c5-56b240475ea4_SOURCE,,,,,,,,,,,Arts & Theatre,Cultural,Cultural,91
K8vZ917CIm7,K8vZ917CIm7|https://www.ticketmaster.com/corona-capital-tickets/artist/1608797,Corona Capital,attraction,https://www.ticketmaster.com/corona-capital-tickets/artist/1608797,https://s1.ticketm.net/dam/a/3ba/c9fdcbbf-7fd9-4ca8-a7d6-2e09920a23ba_SOURCE,,,,,,,,,,,Music,Undefined,Undefined,15
K8vZ917hjSf,K8vZ917hjSf|https://www.ticketmaster.com/absolutely-tickets/artist/3024316,Absolutely,attraction,https://www.ticketmaster.com/absolutely-tickets/artist/3024316,https://s1.ticketm.net/dam/a/23f/49df002b-dc80-4eb1-97c1-e2a9d44c023f_SOURCE,,,,,,,,,,,Music,R&B,Contemporary R&B,8
K8vZ9174jj0,K8vZ9174jj0|https://www.ticketmaster.com/anna-luna-tickets/artist/2286201,Anna Luna,attraction,https://www.ticketmaster.com/anna-luna-tickets/artist/2286201,https://s1.ticketm.net/dam/c/060/c5c08e7a-9912-456c-a060-2758be94e060_105881_TABLET_LANDSCAPE_LARGE_16_9.jpg,,,,,,,,,,,Music,Other,Other,6
K8vZ917rvD0,K8vZ917rvD0|https://www.ticketmaster.com/chezile-tickets/artist/3583194,Chezile,attraction,https://www.ticketmaster.com/chezile-tickets/artist/3583194,https://s1.ticketm.net/dam/a/765/5315ddf7-a456-447b-8eb7-c545b9c87765_SOURCE,https://open.spotify.com/artist/1EmdfupUQDpXOcb4Nj2mBH,https://www.instagram.com/chezile/,,https://www.facebook.com/profile.php#,https://www.chezilemusic.com/,,,,,,Music,Rock,Indie Rock,7
K8vZ9178PVf,K8vZ9178PVf|https://www.ticketmaster.com/chvrches-tickets/artist/1806203,CHVRCHES,attraction,https://www.ticketmaster.com/chvrches-tickets/artist/1806203,https://s1.ticketm.net/dam/a/cf4/9f822911-098a-4c90-b434-b00399f90cf4_SOURCE,https://open.spotify.com/artist/3CjlHNtplJyTf9npxaPl5w,https://www.instagram.com/chvrches/,https://www.youtube.com/user/CHVRCHES,https://www.facebook.com/CHVRCHES,http://chvrch.es/,https://twitter.com/CHVRCHES,https://itunes.apple.com/us/artist/id566867492,,http://www.last.fm/music/CHVRCHES,https://musicbrainz.org/artist/6a93afbb-257f-4166-b389-9f2a1e5c5df8,Music,Rock,Pop,6
K8vZ917_kof,K8vZ917_kof|https://www.ticketmaster.com/cmat-tickets/artist/2768566,CMAT,attraction,https://www.ticketmaster.com/cmat-tickets/artist/2768566,https://s1.ticketm.net/dam/a/d7b/ec6a4f29-66cf-444b-9ed3-efae683e9d7b_SOURCE,https://open.spotify.com/artist/3VBNIRx1LxVdRqOiPgkLwv?si=6tEkTdq4TRW-ajCoPqzrMQ,https://www.instagram.com/cmatbaby/,,https://www.facebook.com/CMATbaby/,https://www.cmatbaby.com/,,,,,https://musicbrainz.org/artist/2ac533ad-f3ec-4083-a2d4-6f30393414b3,Music,Pop,Pop,14
K8vZ917fLyV,K8vZ917fLyV|https://www.ticketmaster.com/daniel-caesar-tickets/artist/2219489,Daniel Caesar,attraction,https://www.ticketmaster.com/daniel-caesar-tickets/artist/2219489,https://s1.ticketm.net/dam/a/12f/b96760a8-2d4d-4e0b-88ca-21bf2be8b12f_SOURCE,,https://www.instagram.com/danielcaesar/,https://www.youtube.com/c/danielceasar,https://www.facebook.com/dannyixxi,,,,,http://www.last.fm/music/Daniel+Caesar,https://musicbrainz.org/artist/b46e298d-d3a5-4695-a03e-63e8c523b23e,Music,R&B,R&B,32
K8vZ917pkD0,K8vZ917pkD0|https://www.ticketmaster.com/durand-jones-the-indications-tickets/artist/2331400,Durand Jones & The Indications,attraction,https://www.ticketmaster.com/durand-jones-the-indications-tickets/artist/2331400,https://s1.ticketm.net/dam/a/caa/b068e3c4-b9fa-4a6d-9937-7754b8e7ccaa_SOURCE,https://open.spotify.com/artist/6TVVIyd0fsRDGg6WzHKyTP?autoplay=true,https://www.instagram.com/durandjonesandtheindications/,https://www.youtube.com/channel/UC0tCrsYU__ZOrGi-c3H_Vow,https://www.facebook.com/DurandJonesandTheIndications/,https://durandjonesandtheindications.com/,https://twitter.com/durand_jones,https://music.apple.com/us/artist/durand-jones-the-indications/1054693860,,,,Music,R&B,Soul,18
K8vZ917h-yf,K8vZ917h-yf|https://www.ticketmaster.com/fcukers-tickets/artist/3037412,Fcukers,attraction,https://www.ticketmaster.com/fcukers-tickets/artist/3037412,https://s1.ticketm.net/dam/a/dc8/a0378719-71f6-441d-81eb-0aefda86fdc8_SOURCE,,,,,,,,,,,Music,Dance/Electronic,Dance/Electronic,19
K8vZ917hvZV,K8vZ917hvZV|https://www.ticketmaster.com/friko-tickets/artist/2961539,Friko,attraction,https://www.ticketmaster.com/friko-tickets/artist/2961539,https://s1.ticketm.net/dam/a/0cf/2f10dac6-13fc-4b73-a5a7-8d6a28ca80cf_SOURCE,https://open.spotify.com/artist/5HViQsHNdOovxKa420CPGR,https://www.instagram.com/friko4u/,,https://www.facebook.com/frikochicago/,https://www.whoisfriko.com,,,,,https://musicbrainz.org/artist/718287f6-773f-4b43-a47d-15c8a6df89b9,Music,Alternative,Alternative Rock,27
K8vZfZ7veI6,K8vZfZ7veI6|https://www.ticketmaster.com/grace-ives-tickets/artist/2685678,Grace Ives,attraction,https://www.ticketmaster.com/grace-ives-tickets/artist/2685678,https://s1.ticketm.net/dam/a/574/4febe89e-df47-457c-9203-355c59f58574_SOURCE,,,,,,,,,,,Music,Pop,Indie Pop,29
K8vZ9179WG7,K8vZ9179WG7|https://www.ticketmaster.com/hot-milk-tickets/artist/2614910,Hot Milk,attraction,https://www.ticketmaster.com/hot-milk-tickets/artist/2614910,https://s1.ticketm.net/dam/a/2e4/108a1f0d-ea1a-4335-ae89-c08a5e9a62e4_SOURCE,https://open.spotify.com/artist/1koutXdSFq2PHqtxSWj9tK?autoplay=true,https://www.instagram.com/hotmilkhotmilk/,https://www.youtube.com/@HotMilkHotMilk,https://www.facebook.com/youlikehotmilk/,https://www.hotmilk.co.uk/,https://twitter.com/hotmilkhotmilk,https://music.apple.com/ca/artist/hot-milk/1449601841,,,https://musicbrainz.org/artist/0b719097-a77d-46aa-b93a-9b28491333c3,Music,Alternative,Indie Rock,6
K8vZ917uzff,K8vZ917uzff|https://www.ticketmaster.com/james-blake-tickets/artist/1543667,James Blake,attraction,https://www.ticketmaster.com/james-blake-tickets/artist/1543667,https://s1.ticketm.net/dam/a/994/09c0818d-e1c7-4eae-81b7-9102797ba994_SOURCE,https://open.spotify.com/artist/53KwLdlmrlCelAZMaLVZqU,https://www.instagram.com/jamesblake,https://www.youtube.com/user/jamesblakeproduction,https://www.facebook.com/jamesblakemusic,http://www.jamesblakemusic.com/,https://twitter.com/jamesblake,https://itunes.apple.com/artist/id59504818,https://en.wikipedia.org/wiki/James_Blake_(musician),http://www.last.fm/music/James+Blake,https://musicbrainz.org/artist/8dc08b1f-e393-4f85-a5dd-300f7693a8b8,Music,Dance/Electronic,Club Dance,25
K8vZ9178j1V,K8vZ9178j1V|https://www.ticketmaster.com/jmsn-tickets/artist/1794229,JMSN,attraction,https://www.ticketmaster.com/jmsn-tickets/artist/1794229,https://s1.ticketm.net/dam/a/79b/ae1f2750-3ed5-4ff7-b939-96fd89bf079b_SOURCE,https://open.spotify.com/artist/6HCkJzbswOIc7Qc5TJ1n5l,https://www.instagram.com/jmsn/,https://www.youtube.com/user/iamjmsn,https://www.facebook.com/officialJMSN,http://iamjmsn.com/,https://twitter.com/iamjmsn,https://music.apple.com/bm/artist/jmsn/478526667,https://en.wikipedia.org/wiki/JMSN,http://www.last.fm/music/JMSN,https://musicbrainz.org/artist/773bc0c0-a4ae-45a9-b71d-356174b67c08,Music,Rock,Pop,14
K8vZ917jqU0,K8vZ917jqU0|https://www.ticketmaster.com/olive-jones-tickets/artist/3120925,Olive Jones,attraction,https://www.ticketmaster.com/olive-jones-tickets/artist/3120925,https://s1.ticketm.net/dam/a/6b9/25fe9a45-2c95-4750-a774-37db29de46b9_TABLET_LANDSCAPE_LARGE_16_9.jpg,,,,,,,,,,,Music,Jazz,Soul Jazz,13
K8vZ917rA9f,K8vZ917rA9f|https://www.ticketmaster.com/rip-magic-tickets/artist/3621152,RIP Magic,attraction,https://www.ticketmaster.com/rip-magic-tickets/artist/3621152,https://s1.ticketm.net/dam/c/f50/96fa13be-e395-429b-8558-a51bb9054f50_105951_TABLET_LANDSCAPE_LARGE_16_9.jpg,,https://www.instagram.com/rip__magic/,,,,,,,,,Music,Alternative,Alternative,6
K8vZ917hs2V,K8vZ917hs2V|https://www.ticketmaster.com/sofia-isella-tickets/artist/3064252,SOFIA ISELLA,attraction,https://www.ticketmaster.com/sofia-isella-tickets/artist/3064252,https://s1.ticketm.net/dam/a/18b/d3a67dde-2420-4616-a241-560d801cc18b_SOURCE,,,,,,,,,,https://musicbrainz.org/artist/65d52cca-0cc8-4ebf-aabc-473da2e4458f,Music,Pop,Pop,6
K8vZ9175Wff,K8vZ9175Wff|https://www.ticketmaster.com/the-kooks-tickets/artist/1098654,The Kooks,attraction,https://www.ticketmaster.com/the-kooks-tickets/artist/1098654,https://s1.ticketm.net/dam/a/bbb/8725b2c2-4109-4127-bbd2-841a6a974bbb_SOURCE,https://open.spotify.com/artist/1GLtl8uqKmnyCWxHmw9tL4,http://instagram.com/thekooksmusic,https://www.youtube.com/user/thekooksofficial,https://www.facebook.com/thekooksofficial,https://www.thekooks.com/,https://twitter.com/thekooksmusic,https://music.apple.com/us/artist/the-kooks/68448386,https://en.wikipedia.org/wiki/The_Kooks,http://www.last.fm/music/The+Kooks,https://musicbrainz.org/artist/f82f3a3e-29c2-42ca-b589-bc5dc210fa9e,Music,Rock,Pop,10
K8vZ917bg5V,K8vZ917bg5V|https://www.ticketmaster.com/thee-sinseers-tickets/artist/2737981,Thee Sinseers,attraction,https://www.ticketmaster.com/thee-sinseers-tickets/artist/2737981,https://s1.ticketm.net/dam/a/827/d472e1d0-1ac6-4264-a5cd-855226537827_SOURCE,https://open.spotify.com/artist/5unhEp2PoIxAgEFNEyYdJS,https://www.instagram.com/theesinseers/,https://www.youtube.com/channel/UCVb9PVsydCN_3o7rye-_ACA,,https://www.theesinseers.com/,,https://music.apple.com/gb/artist/thee-sinseers/1457604920,,,https://musicbrainz.org/artist/f57fae16-a63e-4ac0-ad66-1c4a38491db2,Music,R&B,Soul,17
K8vZ917Qlcf,K8vZ917Qlcf|https://www.ticketmaster.com/violet-grohl-tickets/artist/2921727,Violet Grohl,attraction,https://www.ticketmaster.com/violet-grohl-tickets/artist/2921727,https://s1.ticketm.net/dam/a/8e2/8a55ecd3-85b2-490c-9cf6-0b3af8edd8e2_SOURCE,,,,,,,,,,,Music,Rock,Pop,33
K8vZ917oiT7,K8vZ917oiT7|https://www.ticketmaster.com/yung-lean-tickets/artist/1913465,Yung Lean,attraction,https://www.ticketmaster.com/yung-lean-tickets/artist/1913465,https://s1.ticketm.net/dam/a/52e/eedf44f4-6cbb-4b2b-aa6c-5341a165052e_SOURCE,https://open.spotify.com/artist/67lytN32YpUxiSeWlKfHJ3,https://www.instagram.com/yunglean2001/,https://www.youtube.com/user/YUNGSILLYLEAN,https://www.facebook.com/arizonaicedoutboys,https://yunglean.com,https://twitter.com/yungleann,https://music.apple.com/us/artist/yung-lean/472502104,https://en.wikipedia.org/wiki/Yung_Lean,,https://musicbrainz.org/artist/757ed661-fbad-4e45-b1cd-a6b09f06f54a,Music,Hip-Hop/Rap,Urban,6
K8vZ917_gRf,K8vZ917_gRf|https://www.ticketmaster.com/baby-queen-tickets/artist/2842745,Baby Queen,attraction,https://www.ticketmaster.com/baby-queen-tickets/artist/2842745,https://s1.ticketm.net/dam/a/672/2f628fe2-985e-4789-a536-80824f64b672_SOURCE,https://open.spotify.com/artist/4VqlewwKZJoIcA88PYHUDd,https://www.instagram.com/queenofthebabies/,,,https://www.babyqueen.world,,,,,https://musicbrainz.org/artist/31f7decf-2448-43f4-b792-3dfb8ea1d030,Music,Rock,Pop,6
K8vZ917bWwf,K8vZ917bWwf|https://www.ticketmaster.com/balu-brigada-tickets/artist/2759699,Balu Brigada,attraction,https://www.ticketmaster.com/balu-brigada-tickets/artist/2759699,https://s1.ticketm.net/dam/a/d1b/27b553e9-43e4-4902-96f6-3d08d0979d1b_SOURCE,https://open.spotify.com/intl-de/artist/6O9vGMmTwzihULICPCsNf2,,,,,,,,,https://musicbrainz.org/artist/f9ad56b5-6f41-4cdc-b859-3370c8bff3e2,Music,Pop,Pop,13
K8vZ9173yM7,K8vZ9173yM7|https://www.ticketmaster.com/brns-tickets/artist/2050615,Børns,attraction,https://www.ticketmaster.com/brns-tickets/artist/2050615,https://s1.ticketm.net/dam/a/e09/5528b372-d75a-4c1b-bfc2-044fa6bd4e09_SOURCE,https://open.spotify.com/artist/1KP6TWI40m7p3QBTU6u2xo,https://www.instagram.com/bornsmusic/,https://www.youtube.com/user/bornsmusic,https://www.facebook.com/bornsmusic,,https://twitter.com/bornsmusic,https://music.apple.com/us/artist/børns/923255950,https://en.wikipedia.org/wiki/B%C3%B8rns,https://www.last.fm/music/+noredirect/B%C3%98RNS,https://musicbrainz.org/artist/b2befbb4-c585-4b05-8efa-3deebc8e1385,Music,Rock,Alternative Rock,7
K8vZ917b690,K8vZ917b690|https://www.ticketmaster.com/dope-lemon-tickets/artist/2643772,Dope Lemon,attraction,https://www.ticketmaster.com/dope-lemon-tickets/artist/2643772,https://s1.ticketm.net/dam/a/dbe/f5925789-ad9c-441a-a98b-14d874638dbe_SOURCE,https://open.spotify.com/artist/7oZLKL1GjYiaAgssXsLmW8,https://www.instagram.com/dopelemonmusic/,https://www.youtube.com/dopelemon,https://www.facebook.com/dopelemon/,https://www.dopelemon.com/,https://twitter.com/dopelemonmusic/,https://music.apple.com/au/artist/dope-lemon/1087204900,,,https://musicbrainz.org/artist/77c5db7c-6d5b-49c2-9ea6-82f3efcd1da2,Music,Rock,Pop,6
K8vZ917bwRf,K8vZ917bwRf|https://www.ticketmaster.com/jordana-tickets/artist/2730226,Jordana,attraction,https://www.ticketmaster.com/jordana-tickets/artist/2730226,https://s1.ticketm.net/dam/a/354/3b6f1a0a-d6ac-4360-880f-3fcfc13c5354_SOURCE,https://open.spotify.com/artist/7tdmyWI7sZC48UZmOity9Z,https://www.instagram.com/noahwormyrauchwerk/,,,,https://twitter.com/noahwormy,https://music.apple.com/us/artist/wormy/1558719155,,,,Music,Pop,Indie Pop,6
K8vZ917pq90,K8vZ917pq90|https://www.ticketmaster.com/maisie-peters-tickets/artist/2433469,Maisie Peters,attraction,https://www.ticketmaster.com/maisie-peters-tickets/artist/2433469,https://s1.ticketm.net/dam/a/275/4ddd7c1b-73b9-4f5e-aab3-de5c894b9275_SOURCE,https://open.spotify.com/artist/2RVvqRBon9NgaGXKfywDSs,https://www.instagram.com/maisiehpeters/?hl=en,https://www.youtube.com/channel/UCJvnOmwPOgeLczo7zLzb5Xg,https://www.facebook.com/maisiepetersmusic/,https://www.maisiepeters.co.uk/,https://twitter.com/maisiehpeters?lang=en,https://www.instagram.com/maisiehpeters/?hl=en,,,https://musicbrainz.org/artist/c2f6c57f-27ba-4c0d-b2fd-3348961e79a1,Music,Pop,Pop,13
K8vZ917_U4V,K8vZ917_U4V|https://www.ticketmaster.com/militarie-gun-tickets/artist/2841939,Militarie Gun,attraction,https://www.ticketmaster.com/militarie-gun-tickets/artist/2841939,https://s1.ticketm.net/dam/a/b50/700af0a8-a581-4656-aece-0c62c95c5b50_SOURCE,,,,,,,,,,https://musicbrainz.org/artist/a521f1a8-a949-4dcf-ab33-94596cb02787,Music,Rock,Punk,29
K8vZ917Gydf,K8vZ917Gydf|https://www.ticketmaster.com/mother-mother-tickets/artist/1125964,Mother Mother,attraction,https://www.ticketmaster.com/mother-mother-tickets/artist/1125964,https://s1.ticketm.net/dam/a/771/58eb5559-dd52-46f0-b84c-361123282771_SOURCE,https://open.spotify.com/artist/0e86yPdC41PGRkLp2Q1Bph,https://www.instagram.com/mothermothermusic/,https://www.youtube.com/user/mothermothermusic,https://www.facebook.com/MotherMotherBook,http://www.mothermothersite.com/,https://twitter.com/mothermother,https://itunes.apple.com/ca/artist/mother-mother/id215388019,https://en.wikipedia.org/wiki/Mother_Mother,http://www.last.fm/music/Mother+Mother,https://musicbrainz.org/artist/69681b02-05b8-4685-80cb-e98983b7a96f,Music,Rock,Pop,8
K8vZ917hpbV,K8vZ917hpbV|https://www.ticketmaster.com/new-constellations-tickets/artist/3006667,New Constellations,attraction,https://www.ticketmaster.com/new-constellations-tickets/artist/3006667,https://s1.ticketm.net/dam/a/7a7/29447d45-a7d2-4cf9-bb9b-b1b72c62a7a7_SOURCE,,,,,,,,,,,Music,Rock,Pop,23
K8vZ9171VT7,K8vZ9171VT7|https://www.ticketmaster.com/peaches-tickets/artist/830136,Peaches,attraction,https://www.ticketmaster.com/peaches-tickets/artist/830136,https://s1.ticketm.net/dam/a/85f/341c6a8b-0174-4307-99ee-d76ace5ee85f_SOURCE,https://open.spotify.com/artist/1gkSl4XpHIHI4I1WQbfXOE,https://www.instagram.com/peachesnisker,https://www.youtube.com/user/PeachesTV,https://www.facebook.com/officialpeaches,https://www.teachesofpeaches.com/about,https://twitter.com/peaches,https://music.apple.com/us/artist/peaches/3028600,,,https://musicbrainz.org/artist/1a1ee9ec-371f-4aa3-b599-bfa5a2552b78,Music,Rock,Pop,23
K8vZ917GHdV,K8vZ917GHdV|https://www.ticketmaster.com/pierce-the-veil-tickets/artist/1487015,Pierce The Veil,attraction,https://www.ticketmaster.com/pierce-the-veil-tickets/artist/1487015,https://s1.ticketm.net/dam/a/576/474672f9-1001-4431-a66f-0b62aa12b576_SOURCE,https://open.spotify.com/artist/4iJLPqClelZOBCBifm8Fzv,https://www.instagram.com/piercetheveil/,https://www.youtube.com/channel/UCyipvkWkNpmEQPGovalDjFA,https://www.facebook.com/PierceTheVeil/,https://piercetheveil.net/,https://twitter.com/piercetheveil,,,,https://musicbrainz.org/artist/8ed919fb-eaee-45a1-ba99-b3ede9ca5f1d,Music,Rock,Punk,15
K8vZ917CS50,K8vZ917CS50|https://www.ticketmaster.com/princess-chelsea-tickets/artist/1625804,Princess Chelsea,attraction,https://www.ticketmaster.com/princess-chelsea-tickets/artist/1625804,https://s1.ticketm.net/dam/a/ede/3aa7c272-72a7-440b-bfb0-3520e792cede_SOURCE,,,,,,,,,,,Music,Rock,Pop,9
K8vZ917hZmf,K8vZ917hZmf|https://www.ticketmaster.com/quarters-tickets/artist/2960017,Quarters,attraction,https://www.ticketmaster.com/quarters-tickets/artist/2960017,https://s1.ticketm.net/dam/a/526/b52e28c7-4543-48f0-8fd2-ad2ad85b9526_SOURCE,https://open.spotify.com/artist/4UrTfQngEa3FBOUOjCipVq?si=FtVp_LAFQcioWuuK1cVppw&nd=1,https://www.instagram.com/quartersband/,,,,,,,,,Music,Pop,Pop Rock,6
K8vZ917_KIf,K8vZ917_KIf|https://www.ticketmaster.com/rikas-tickets/artist/2779846,Rikas,attraction,https://www.ticketmaster.com/rikas-tickets/artist/2779846,https://s1.ticketm.net/dam/c/f50/96fa13be-e395-429b-8558-a51bb9054f50_105951_TABLET_LANDSCAPE_LARGE_16_9.jpg,,,,,,,,,,,Music,Alternative,Indie Pop,20
K8vZ917j-AV,K8vZ917j-AV|https://www.ticketmaster.com/sawyer-hill-tickets/artist/3128508,Sawyer Hill,attraction,https://www.ticketmaster.com/sawyer-hill-tickets/artist/3128508,https://s1.ticketm.net/dam/a/476/a225c5f7-96fd-4455-8cc4-3e226478f476_SOURCE,,,,,https://sawyerhillmusic.com/home,,,,,https://musicbrainz.org/artist/2f1b9381-5269-4f80-817d-99663cad5c43,Music,Rock,Rock,27
K8vZ917j4LV,K8vZ917j4LV|https://www.ticketmaster.com/strawberry-guy-tickets/artist/3105942,Strawberry Guy,attraction,https://www.ticketmaster.com/strawberry-guy-tickets/artist/3105942,https://s1.ticketm.net/dam/a/a44/b627c12a-b3cc-44e3-8634-d0e3ff190a44_SOURCE,,,,,,,,,,https://musicbrainz.org/artist/287cb25a-9b05-474c-9ad1-38046a46c37f,Music,Pop,Indie Pop,18
K8vZ917bKv7,K8vZ917bKv7|https://www.ticketmaster.com/the-hellp-tickets/artist/2666416,The Hellp,attraction,https://www.ticketmaster.com/the-hellp-tickets/artist/2666416,https://s1.ticketm.net/dam/a/f52/7398f785-9e5b-464e-bc7b-fede7b16af52_SOURCE,,https://www.instagram.com/thehellp/,https://www.youtube.com/channel/UC5PUh3epnGcjBpDjfIdzcjw,,https://thehellp.com/,,,,,https://musicbrainz.org/artist/ca204bac-2768-4d6f-a5e4-8e8f9080817b,Music,Alternative,Alternative Rock,22
K8vZ91713uV,K8vZ91713uV|https://www.ticketmaster.com/the-offspring-tickets/artist/753206,The Offspring,attraction,https://www.ticketmaster.com/the-offspring-tickets/artist/753206,https://s1.ticketm.net/dam/a/6d9/7c2a846f-3607-4246-bba9-e599844fc6d9_SOURCE,https://open.spotify.com/artist/5LfGQac0EIXyAN8aUwmNAQ?autoplay=true,https://www.instagram.com/offspring/,https://www.youtube.com/channel/UCP3EX5VKeaG4Oa2qTKPuEFA,https://www.facebook.com/Offspring,http://offspring.com/,https://twitter.com/offspring,,https://en.wikipedia.org/wiki/The_Offspring,http://www.last.fm/music/The+Offspring,https://musicbrainz.org/artist/23a03e33-a603-404e-bcbf-2c00159d7067,Music,Rock,Alternative Rock,19
K8vZ9171bKf,K8vZ9171bKf|https://www.ticketmaster.com/underworld-tickets/artist/836365,Underworld,attraction,https://www.ticketmaster.com/underworld-tickets/artist/836365,https://s1.ticketm.net/dam/a/065/54aac8b7-119d-461b-a045-9d119dd77065_SOURCE,https://open.spotify.com/artist/1PXHzxRDiLnjqNrRn2Xbsa?autoplay=true,https://www.instagram.com/underworld/,https://www.youtube.com/user/underworldlivetv,,,https://twitter.com/underworldlive,https://music.apple.com/ca/artist/underworld/996876,,,https://musicbrainz.org/artist/ba2f4f3b-0293-4bc8-bb94-2f73b5207343,Music,Dance/Electronic,Club Dance,24
K8vZ9175SW7,K8vZ9175SW7|https://www.ticketmaster.com/we-are-scientists-tickets/artist/977988,We Are Scientists,attraction,https://www.ticketmaster.com/we-are-scientists-tickets/artist/977988,https://s1.ticketm.net/dam/a/997/4add6aeb-5adb-42be-8763-fee2a1e04997_SOURCE,https://open.spotify.com/artist/35YNL4wwv11ZkmeWWL51y7,https://www.instagram.com/wearescientists/?hl=en,https://www.youtube.com/user/wearescientists,https://www.facebook.com/wearescientists,http://wearescientists.com/,https://twitter.com/wearescientists,https://music.apple.com/us/artist/we-are-scientists/73501457,https://en.wikipedia.org/wiki/We_Are_Scientists,http://www.last.fm/music/We+Are+Scientists,https://musicbrainz.org/artist/9386b36e-87f3-4716-a219-79a07a4e29cc,Music,Rock,Alternative Rock,30
K8vZ917QlMV,K8vZ917QlMV|https://www.ticketmaster.com/tella-tickets/artist/2922197,Σtella,attraction,https://www.ticketmaster.com/tella-tickets/artist/2922197,https://s1.ticketm.net/dam/c/4f2/0109888a-61b5-4525-8432-b026ef04f4f2_105631_TABLET_LANDSCAPE_LARGE_16_9.jpg,,,,,,,,,,,Music,Pop,Pop,7
K8vZ917rFZ0,K8vZ917rFZ0|https://www.ticketmaster.com/angine-de-poitrine-tickets/artist/3648764,Angine de Poitrine,attraction,https://www.ticketmaster.com/angine-de-poitrine-tickets/artist/3648764,https://s1.ticketm.net/dam/a/c73/c4ad1790-07bb-4e7f-ab87-73920bf85c73_SOURCE,,https://www.instagram.com/anginedepoitrine/,,,,,,,,,Music,Rock,Rock,52
K8vZ9172nbf,K8vZ9172nbf|https://www.ticketmaster.com/bad-suns-tickets/artist/1714459,Bad Suns,attraction,https://www.ticketmaster.com/bad-suns-tickets/artist/1714459,https://s1.ticketm.net/dam/a/577/2ef9f93a-6a3e-455d-a84c-cee284f3b577_SOURCE,https://open.spotify.com/artist/0YhUSm86okLWldQVwJkLlP?autoplay=true,http://instagram.com/badsuns,https://www.youtube.com/user/BadSunsVideo,https://www.facebook.com/badsuns,https://badsuns.com/,https://twitter.com/badsuns,https://music.apple.com/ca/artist/bad-suns/623897863,https://en.wikipedia.org/wiki/Bad_Suns,http://www.last.fm/music/Bad+Suns,https://musicbrainz.org/artist/95015b4c-1aef-4e28-9d36-c9546c194f0c,Music,Rock,Pop,6
K8vZ917bQO0,K8vZ917bQO0|https://www.ticketmaster.com/bunt-tickets/artist/2677589,BUNT.,attraction,https://www.ticketmaster.com/bunt-tickets/artist/2677589,https://s1.ticketm.net/dam/a/134/0798270d-d1e5-4716-b16a-a961adf68134_SOURCE,https://open.spotify.com/intl-de/artist/2CpLIMBoE2ZzyY3ZBCRZ7j,,,,,,,,,https://musicbrainz.org/artist/070d3e4b-8559-4fd4-af63-4535ed1f69c9,Music,Dance/Electronic,Club Dance,18
K8vZ917pZ8V,K8vZ917pZ8V|https://www.ticketmaster.com/ela-minus-tickets/artist/2373957,Ela Minus,attraction,https://www.ticketmaster.com/ela-minus-tickets/artist/2373957,https://s1.ticketm.net/dam/a/4c5/ba10d298-eadd-46da-b792-8e32882e04c5_SOURCE,,,,,,,,,,,Music,Pop,Pop,7
K8vZ917q4iV,K8vZ917q4iV|https://www.ticketmaster.com/freak-slug-tickets/artist/3328069,Freak Slug,attraction,https://www.ticketmaster.com/freak-slug-tickets/artist/3328069,https://s1.ticketm.net/dam/a/d24/a9af4c82-30f2-4d41-af9c-618bccb61d24_TABLET_LANDSCAPE_LARGE_16_9.jpg,https://open.spotify.com/artist/5wk7sY8GIg5ihSI09EbWeS,https://www.instagram.com/freakslug/,,,,,,,,,Music,Alternative,Indie Rock,13
K8vZ917Q9l0,K8vZ917Q9l0|https://www.ticketmaster.com/good-kid-tickets/artist/2595052,Good Kid,attraction,https://www.ticketmaster.com/good-kid-tickets/artist/2595052,https://s1.ticketm.net/dam/a/fe9/99fb919f-e5c7-45e7-8658-f85f2dc34fe9_SOURCE,,,,,,,,,,https://musicbrainz.org/artist/adab38f4-297d-4af8-9450-4e84697240e7,Music,Pop,Pop Rock,16
K8vZ9175KZ7,K8vZ9175KZ7|https://www.ticketmaster.com/johnny-marr-tickets/artist/851781,Johnny Marr,attraction,https://www.ticketmaster.com/johnny-marr-tickets/artist/851781,https://s1.ticketm.net/dam/a/6e6/92b8ead2-8e5a-4e26-99f3-720ee39056e6_SOURCE,https://open.spotify.com/artist/2bA2YuQk2ID3PWNXUhQrWS,http://instagram.com/johnnymarrgram,http://www.youtube.com/officialjohnnymarr,http://www.facebook.com/officialjohnnymarr,https://johnnymarr.com/,https://twitter.com/Johnny_Marr,https://music.apple.com/gb/artist/johnny-marr/2969059,https://en.wikipedia.org/wiki/Johnny_Marr,http://www.last.fm/music/Johnny+Marr,https://musicbrainz.org/artist/ff621094-2a76-401f-8398-b75b5fd2be24,Music,Rock,Alternative Rock,9
K8vZ9174v57,K8vZ9174v57|https://www.ticketmaster.com/lil-yachty-tickets/artist/2240244,Lil Yachty,attraction,https://www.ticketmaster.com/lil-yachty-tickets/artist/2240244,https://s1.ticketm.net/dam/a/7d7/dae6fe28-1a86-424b-a655-ebf8071cb7d7_SOURCE,https://open.spotify.com/artist/6icQOAFXDZKsumw3YXyusw?autoplay=true,https://www.instagram.com/lilyachty/,https://www.youtube.com/channel/UCNTu7P3IyRRKJtibrrXG0Yg,https://www.facebook.com/lilyachtysailingteam,http://www.lilyachtyofficial.com/,https://twitter.com/lilyachty,https://music.apple.com/us/artist/lil-yachty/1080733657,,,https://musicbrainz.org/artist/a668565b-41b8-44a8-9d5c-8e609dbf69fc,Music,Hip-Hop/Rap,Hip-Hop/Rap,7
K8vZ917KUff,K8vZ917KUff|https://www.ticketmaster.com/loyle-carner-tickets/artist/2159846,Loyle Carner,attraction,https://www.ticketmaster.com/loyle-carner-tickets/artist/2159846,https://s1.ticketm.net/dam/a/781/42c860b2-fcc9-4dac-b640-7d5165a6b781_SOURCE,https://open.spotify.com/intl-de/artist/4oDjh8wNW5vDHyFRrDYC4k,https://www.instagram.com/LoyleCarner/,https://www.youtube.com/channel/UCSK1XOrBlCh1D8BPpUg-VvQ,https://www.facebook.com/LoyleCarner,http://www.loylecarner.com/,https://twitter.com/loylecarner,,,,https://musicbrainz.org/artist/09589937-20f0-40f8-a473-b22a0bac9ce5,Music,Hip-Hop/Rap,Hip-Hop/Rap,10
K8vZ9171_lV,K8vZ9171_lV|https://www.ticketmaster.com/manic-street-preachers-tickets/artist/741429,Manic Street Preachers,attraction,https://www.ticketmaster.com/manic-street-preachers-tickets/artist/741429,https://s1.ticketm.net/dam/a/bb6/5125eb94-7be6-4dc0-8ed2-f1832948dbb6_SOURCE,,,,,,@manicspostcards,,,,https://musicbrainz.org/artist/32efea44-6cb5-4b4f-bdaa-c8b8f6cef981,Music,Rock,Alternative Rock,23
K8vZ917b2P0,K8vZ917b2P0|https://www.ticketmaster.com/moyka-tickets/artist/2658477,Moyka,attraction,https://www.ticketmaster.com/moyka-tickets/artist/2658477,https://s1.ticketm.net/dam/c/4f2/0109888a-61b5-4525-8432-b026ef04f4f2_105631_TABLET_LANDSCAPE_LARGE_16_9.jpg,,,,,,,,,,,Music,Pop,Indie Pop,6
K8vZ917hOe7,K8vZ917hOe7|https://www.ticketmaster.com/ninajirachi-tickets/artist/3032539,Ninajirachi,attraction,https://www.ticketmaster.com/ninajirachi-tickets/artist/3032539,https://s1.ticketm.net/dam/a/c22/a3205a13-b36a-4d0b-959a-fb73b74bfc22_SOURCE,,,,,,,,,,,Music,Dance/Electronic,Dance/Electronic,12
K8vZ917CiZ0,K8vZ917CiZ0|https://www.ticketmaster.com/purity-ring-tickets/artist/1613361,PURITY RING,attraction,https://www.ticketmaster.com/purity-ring-tickets/artist/1613361,https://s1.ticketm.net/dam/a/426/07348921-c8c3-4e05-90ae-28bced370426_SOURCE,https://open.spotify.com/artist/1TtJ8j22Roc24e2Jx3OcU4,https://www.instagram.com/purityring,https://www.youtube.com/user/PurityRingVEVO,https://www.facebook.com/purityringmusic,http://purityringthing.com/,https://twitter.com/PURITY_RING,https://itunes.apple.com/artist/id461030854,https://en.wikipedia.org/wiki/Purity_Ring_(band),http://www.last.fm/music/Purity+Ring,https://musicbrainz.org/artist/fdb53441-e5e6-4657-9aad-8dab672e1cdc,Music,Rock,Pop,6
K8vZ917KzI0,K8vZ917KzI0|https://www.ticketmaster.com/ratboys-tickets/artist/2167670,Ratboys,attraction,https://www.ticketmaster.com/ratboys-tickets/artist/2167670,https://s1.ticketm.net/dam/a/23d/8648d974-7543-47eb-be96-7827601ae23d_SOURCE,https://open.spotify.com/artist/1SoBNpuC0N4nvaQFENS0qf,https://www.instagram.com/ratboysband/,https://www.youtube.com/channel/UCBRFx9wNwixjN__A-qDjjTQ,https://www.facebook.com/ratboysmusic,https://www.ratboysband.com/,https://twitter.com/ratboysband,https://music.apple.com/us/artist/ratboys/997909855,,,https://musicbrainz.org/artist/423a85de-66ba-4113-abdc-ba2678ee89ba,Music,Rock,Indie Rock,21
K8vZ917bAN0,K8vZ917bAN0|https://www.ticketmaster.com/rev-run-tickets/artist/2639571,Rev Run,attraction,https://www.ticketmaster.com/rev-run-tickets/artist/2639571,https://s1.ticketm.net/dam/a/018/cc9858af-24bc-45f7-8153-9e2925f27018_SOURCE,,,,,,,,,,,Music,Hip-Hop/Rap,Hip-Hop/Rap,6
K8vZ9178bIV,K8vZ9178bIV|https://www.ticketmaster.com/roar-tickets/artist/1788339,Roar,attraction,https://www.ticketmaster.com/roar-tickets/artist/1788339,https://s1.ticketm.net/dam/c/07d/fda8c807-42eb-4b81-9f16-f3a8367e107d_106371_TABLET_LANDSCAPE_LARGE_16_9.jpg,,,,,,,,,,,Arts & Theatre,Theatre,Musical,6
K8vZ9172oQf,K8vZ9172oQf|https://www.ticketmaster.com/santigold-tickets/artist/1671568,Santigold,attraction,https://www.ticketmaster.com/santigold-tickets/artist/1671568,https://s1.ticketm.net/dam/a/57a/5e52ae02-8bb9-4e5f-8940-0a5f4c8ff57a_SOURCE,https://open.spotify.com/artist/6Jrxnp0JgqmeUX1veU591p?autoplay=true,https://instagram.com/santivision,https://www.youtube.com/user/ibelieveinsantogold,https://www.facebook.com/Santigold,http://www.santigold.com/,https://twitter.com/Santigold,https://music.apple.com/us/artist/santigold/271500846,https://en.wikipedia.org/wiki/Santigold,http://www.last.fm/music/Santigold,https://musicbrainz.org/artist/97b20fe3-0924-4a5f-9955-d0b5c5f9587f,Music,Rock,Pop,8
K8vZ9171uef,K8vZ9171uef|https://www.ticketmaster.com/the-black-crowes-tickets/artist/734564,The Black Crowes,attraction,https://www.ticketmaster.com/the-black-crowes-tickets/artist/734564,https://s1.ticketm.net/dam/a/b9d/c3a62394-b30b-407a-8e03-16fb3d4a0b9d_SOURCE,https://open.spotify.com/artist/5krkohEVJYw0qoB5VWwxaC?autoplay=true,https://www.instagram.com/theblackcrowes/,https://www.youtube.com/channel/UC4ioqobfqRk8yawnN81ac5w,https://www.facebook.com/TheBlackCrowes,http://www.blackcrowes.com/,https://twitter.com/theblackcrowes,https://music.apple.com/us/artist/the-black-crowes/2969371,,https://www.last.fm/music/The+Black+Crowes,https://musicbrainz.org/artist/02ceff75-7363-493e-a78d-912dc86c7460,Music,Rock,Pop,22
K8vZ9171UUf,K8vZ9171UUf|https://www.ticketmaster.com/the-strokes-tickets/artist/807068,The Strokes,attraction,https://www.ticketmaster.com/the-strokes-tickets/artist/807068,https://s1.ticketm.net/dam/a/436/bf45b6be-dfa4-4b6f-b46b-9063416ef436_SOURCE,https://open.spotify.com/artist/0epOFNiUfyON9EYx7Tpr6V,https://www.instagram.com/thestrokes/,https://www.youtube.com/user/thestrokes,https://www.facebook.com/thestrokes,http://www.thestrokes.com/,https://x.com/thestrokes,https://music.apple.com/us/artist/the-strokes/560289?iqID=site,https://en.wikipedia.org/wiki/The_Strokes,http://www.last.fm/music/The+Strokes,https://musicbrainz.org/artist/f181961b-20f7-459e-89de-920ef03c7ed0,Music,Rock,Alternative Rock,31
K8vZ917G_X7,K8vZ917G_X7|https://www.ticketmaster.com/the-xx-tickets/artist/1355628,The xx,attraction,https://www.ticketmaster.com/the-xx-tickets/artist/1355628,https://s1.ticketm.net/dam/a/be4/7abac4a1-1296-4a3b-899a-69e5b89a9be4_SOURCE,,,,,,,,,,,Music,Pop,Pop,12
K8vZ9179Nc0,K8vZ9179Nc0|https://www.ticketmaster.com/tipling-rock-tickets/artist/2562050,Tipling Rock,attraction,https://www.ticketmaster.com/tipling-rock-tickets/artist/2562050,https://s1.ticketm.net/dam/a/ac6/973b7c5e-ccaa-4bb6-8d55-44fa3e2fcac6_SOURCE,https://open.spotify.com/artist/2ZDHVJnLtH2KJfBFzShihr,https://www.instagram.com/tiplingrock/,https://www.youtube.com/c/tiplingrock,https://www.facebook.com/tiplingrock,https://tiplingrock.com/,https://twitter.com/TiplingRock,https://music.apple.com/us/artist/tipling-rock/1032064264,,,,Music,Rock,Indie Rock,8
K8vZ91719PV,K8vZ91719PV|https://www.ticketmaster.com/tricky-tickets/artist/806788,Tricky,attraction,https://www.ticketmaster.com/tricky-tickets/artist/806788,https://s1.ticketm.net/dam/a/1d5/51419594-ddf0-43d4-af0f-1ba09af161d5_SOURCE,https://open.spotify.com/artist/6hhA8TKRNryM8FNzqCqdDO,https://www.instagram.com/trickyofficial,https://www.youtube.com/user/Trickyofficial,https://www.facebook.com/TrickyOfficial,https://www.trickysite.com/,https://twitter.com/Knowlewestboy,https://music.apple.com/gb/artist/tricky/254458,,,https://musicbrainz.org/artist/f5236303-ba14-4cc3-aa32-3d1569d30814,Music,Rock,Alternative Rock,16
K8vZ917jHEf,K8vZ917jHEf|https://www.ticketmaster.com/anyma-tickets/artist/3175130,Anyma,attraction,https://www.ticketmaster.com/anyma-tickets/artist/3175130,https://s1.ticketm.net/dam/a/edc/d0dba067-71cd-4c1f-8c37-541dea5c3edc_SOURCE,,,,,https://www.anyma.com/,,,,,https://musicbrainz.org/artist/788307a8-ca6a-4775-b9a2-8d27d2af71ce,Music,Dance/Electronic,Dance/Electronic,3
K8vZ9174XZ0,K8vZ9174XZ0|https://www.ticketmaster.com/harry-styles-tickets/artist/2366444,Harry Styles,attraction,https://www.ticketmaster.com/harry-styles-tickets/artist/2366444,https://s1.ticketm.net/dam/a/99c/b7fb39e7-bc22-4f95-9d25-e57fcd83999c_SOURCE,https://open.spotify.com/artist/6KImCVD70vtIoJWnq6nGn3,https://instagram.com/harrystyles/,https://www.youtube.com/channel/UCbOCbp5gXL8jigIBZLqMPrw,https://www.facebook.com/harrystyles,http://hstyles.co.uk/,https://twitter.com/Harry_Styles,https://itunes.apple.com/us/artist/id471260289,https://en.wikipedia.org/wiki/Harry_Styles,https://www.last.fm/music/Harry%20Styles,https://musicbrainz.org/artist/7eb1ce54-a355-41f9-8d68-e018b096d427,Music,Pop,Pop Rock,43
K8vZ917GJc7,K8vZ917GJc7|https://www.ticketmaster.com/bruno-mars-tickets/artist/1466801,Bruno Mars,attraction,https://www.ticketmaster.com/bruno-mars-tickets/artist/1466801,https://s1.ticketm.net/dam/a/386/bdd143e5-4726-49af-9523-7927682c9386_SOURCE,https://open.spotify.com/artist/0du5cEVh5yTK9QJze8zA0C,https://instagram.com/brunomars/,https://www.youtube.com/channel/UCoUM-UJ7rirJYP8CQ0EIaHA,https://www.facebook.com/brunomars,http://www.brunomars.com/,https://twitter.com/BRUNOMARS,https://itunes.apple.com/us/artist/id278873078,https://en.wikipedia.org/wiki/Bruno_Mars,http://www.last.fm/music/Bruno+Mars,https://musicbrainz.org/artist/afb680f2-b6eb-4cd7-a70b-a63b25c763d5,Music,Pop,Pop,37
K8vZ917QDEf,K8vZ917QDEf|https://www.ticketmaster.com/dj-pee-wee-tickets/artist/2955743,DJ Pee .Wee,attraction,https://www.ticketmaster.com/dj-pee-wee-tickets/artist/2955743,https://s1.ticketm.net/dam/a/8f6/e49aecfd-feac-4143-9d3f-c2c06fea18f6_SOURCE,,,,,,,,,,,Music,Dance/Electronic,Dance/Electronic,35
K8vZ917135f,K8vZ917135f|https://www.ticketmaster.com/rod-stewart-tickets/artist/736200,Rod Stewart,attraction,https://www.ticketmaster.com/rod-stewart-tickets/artist/736200,https://s1.ticketm.net/dam/a/b68/77391add-9f8f-4448-85f9-2e561bb75b68_SOURCE,https://open.spotify.com/artist/2y8Jo9CKhJvtfeKOsYzRdT,https://www.instagram.com/sirrodstewart/,https://www.youtube.com/channel/UCm09uYWfEygr5gWjDm9xmUA,https://www.facebook.com/rodstewart,http://www.rodstewart.com/,https://twitter.com/rodstewart,https://music.apple.com/us/artist/rod-stewart/57471,https://en.wikipedia.org/wiki/Rod_Stewart,https://www.last.fm/music/Rod+Stewart,https://musicbrainz.org/artist/a35237a0-4f47-40a6-b6f3-1e786db23402,Music,Rock,Pop,22
K8vZ91718N0,K8vZ91718N0|https://www.ticketmaster.com/zz-top-tickets/artist/736523,ZZ Top,attraction,https://www.ticketmaster.com/zz-top-tickets/artist/736523,https://s1.ticketm.net/dam/a/60b/945abba9-7ebf-4862-a8a5-a622c8b0560b_SOURCE,https://open.spotify.com/artist/2AM4ilv6UzW0uMRuqKtDgN,https://instagram.com/zztop,https://www.youtube.com/user/ZZTopOfficial1,https://www.facebook.com/ZZTop,http://www.zztop.com/,https://twitter.com/ZZTop,https://itunes.apple.com/us/artist/id215917,https://en.wikipedia.org/wiki/ZZ_Top,http://www.last.fm/music/ZZ+Top,https://musicbrainz.org/artist/a81259a0-a2f5-464b-866e-71220f2739f1,Music,Rock,Pop,36
K8vZ917h9Jf,K8vZ917h9Jf|https://www.ticketmaster.com/wave-to-earth-tickets/artist/3008978,Wave To Earth,attraction,https://www.ticketmaster.com/wave-to-earth-tickets/artist/3008978,https://s1.ticketm.net/dam/a/834/37641215-ed2e-4ecb-b34a-1c837d74b834_SOURCE,,,,,,,,,,https://musicbrainz.org/artist/89e95aa3-bd49-4af3-9c87-0d88b2093bb0,Music,Pop,Indie Pop,24
K8vZ917hhmV,K8vZ917hhmV|https://www.ticketmaster.com/festival-arre-tickets/artist/3022337,Festival Arre,attraction,https://www.ticketmaster.com/festival-arre-tickets/artist/3022337,https://s1.ticketm.net/dam/a/c15/3c706d35-4372-4ccd-aa1b-30ecbb786c15_SOURCE,,,,,,,,,,,Music,Undefined,Undefined,9
K8vZ917CCl7,K8vZ917CCl7|https://www.ticketmaster.com/banda-ms-tickets/artist/1571992,Banda MS,attraction,https://www.ticketmaster.com/banda-ms-tickets/artist/1571992,https://s1.ticketm.net/dam/a/890/79357391-1747-40f5-bb47-be35aebdc890_SOURCE,https://open.spotify.com/artist/2C6i0I5RiGzDKN9IAF8reh,https://www.instagram.com/bandamsoficial/,https://www.youtube.com/channel/UCV6ZlWpVitOcQvaL_RFgu5w,https://www.facebook.com/BANDAMSOFICIAL,http://www.bandams.com.mx/,https://twitter.com/banda_ms,https://music.apple.com/mx/artist/banda-sinaloense-ms-de-sergio-lizarraga/413048014,,https://www.last.fm/music/Banda+MS,https://musicbrainz.org/artist/04bb4a12-08a3-463b-a0df-63c1fb658497,Music,World,Latin,18
K8vZ917hmMf,K8vZ917hmMf|https://www.ticketmaster.com/gabito-ballesteros-tickets/artist/3059701,Gabito Ballesteros,attraction,https://www.ticketmaster.com/gabito-ballesteros-tickets/artist/3059701,https://s1.ticketm.net/dam/a/5b9/29ef99b3-5b23-4d85-9773-ee6cf456e5b9_SOURCE,,,,,,,,,,https://musicbrainz.org/artist/cb36380b-a3e9-4f85-a233-ca694f326d39,Music,Latin,Latin,6
K8vZ917_Xs0,K8vZ917_Xs0|https://www.ticketmaster.com/calle-24-tickets/artist/2850988,Calle 24,attraction,https://www.ticketmaster.com/calle-24-tickets/artist/2850988,https://s1.ticketm.net/dam/a/6cd/d7fc1618-ac21-4217-8d4d-0d631b43d6cd_SOURCE,,,,,,,,,,https://musicbrainz.org/artist/6e3ac07f-e83c-4fab-9ad0-fc1c13d8ceae,Music,Latin,Latin,20
K8vZ917QzG7,K8vZ917QzG7|https://www.ticketmaster.com/edgardo-nunez-tickets/artist/2951022,Edgardo Nuñez,attraction,https://www.ticketmaster.com/edgardo-nunez-tickets/artist/2951022,https://s1.ticketm.net/dam/a/773/7b639327-14e5-481b-b777-ea8b38180773_SOURCE,,,,,,,,,,https://musicbrainz.org/artist/897a31e8-8f07-4cd2-9776-bb20321c8e49,Music,Latin,Latin,8
K8vZ917_Yt0,K8vZ917_Yt0|https://www.ticketmaster.com/el-mimoso-tickets/artist/2833728,El Mimoso,attraction,https://www.ticketmaster.com/el-mimoso-tickets/artist/2833728,https://s1.ticketm.net/dam/a/041/0c9acc81-9e6a-47cc-bb23-92aa6d27e041_SOURCE,,,,,,,,,,,Music,Latin,Latin,6
K8vZ9171l90,K8vZ9171l90|https://www.ticketmaster.com/grupo-canaveral-tickets/artist/791914,Grupo Cañaveral,attraction,https://www.ticketmaster.com/grupo-canaveral-tickets/artist/791914,https://s1.ticketm.net/dam/c/548/5fefbd1c-973b-4b0e-9b2e-d78e4ce37548_106111_TABLET_LANDSCAPE_LARGE_16_9.jpg,https://open.spotify.com/artist/48zixAu4wMDZwpVbOenDU7?autoplay=true,https://www.instagram.com/grupocanaveral/,https://www.youtube.com/user/grupcanaveral,https://www.facebook.com/grupocanaveraloficial/,,https://twitter.com/maritzapavon,https://music.apple.com/us/artist/grupo-ca%C3%B1averal-de-humberto-pab%C3%B3n/475344077,,,https://musicbrainz.org/artist/7de5c03d-1335-4ebf-aeca-9e62f38c38e0,Music,World,Latin,6
K8vZ917Q0of,K8vZ917Q0of|https://www.ticketmaster.com/herencia-de-patrones-tickets/artist/2904660,Herencia de Patrones,attraction,https://www.ticketmaster.com/herencia-de-patrones-tickets/artist/2904660,https://s1.ticketm.net/dam/a/1c4/4056a8ca-f862-400c-af6f-7953b47121c4_SOURCE,,,,,,,,,,https://musicbrainz.org/artist/675715bf-3791-46bf-a67a-70620d4380f1,Music,World,Latin,7
K8vZ917-6s7,K8vZ917-6s7|https://www.ticketmaster.com/los-kdts-de-linares-tickets/artist/4583102,LOS KDT'S DE LINARES,attraction,https://www.ticketmaster.com/los-kdts-de-linares-tickets/artist/4583102,https://s1.ticketm.net/dam/c/f50/96fa13be-e395-429b-8558-a51bb9054f50_105951_TABLET_LANDSCAPE_LARGE_16_9.jpg,,https://www.instagram.com/kdtsdelinares_oficial/,,,,,,,,,Music,Latin,Latin,6
K8vZ917rbv7,K8vZ917rbv7|https://www.ticketmaster.com/los-plebes-del-rancho-tickets/artist/3800874,Los Plebes Del Rancho,attraction,https://www.ticketmaster.com/los-plebes-del-rancho-tickets/artist/3800874,https://s1.ticketm.net/dam/c/f50/96fa13be-e395-429b-8558-a51bb9054f50_105951_TABLET_LANDSCAPE_LARGE_16_9.jpg,,https://www.instagram.com/losplebesdelrancho_oficial/,,,,,,,,,Music,Latin,Latin,6
K8vZ917-Al0,K8vZ917-Al0|https://www.ticketmaster.com/rey-quinto-tickets/artist/4583107,Rey Quinto,attraction,https://www.ticketmaster.com/rey-quinto-tickets/artist/4583107,https://s1.ticketm.net/dam/c/f50/96fa13be-e395-429b-8558-a51bb9054f50_105951_TABLET_LANDSCAPE_LARGE_16_9.jpg,,https://www.instagram.com/reyquinto_/,,,,,,,,,Music,Latin,Latin,6
K8vZ9172gXf,K8vZ9172gXf|https://www.ticketmaster.com/regulo-caro-tickets/artist/1735679,Regulo Caro,attraction,https://www.ticketmaster.com/regulo-caro-tickets/artist/1735679,https://s1.ticketm.net/dam/a/f50/330e140d-a09b-4f09-8bde-4b62795e3f50_SOURCE,,,,,,,,,,,Music,World,Latin,6
K8vZ917rs-V,K8vZ917rs-V|https://www.ticketmaster.com/cumbia-pedregal-tickets/artist/4042179,Cumbia Pedregal,attraction,https://www.ticketmaster.com/cumbia-pedregal-tickets/artist/4042179,https://s1.ticketm.net/dam/a/478/9d62bcec-25a4-4386-bac1-6532e8c72478_SOURCE,https://open.spotify.com/intl-es/artist/5wApHJOjQqf9w4OPesyWca,,,,,,,,,,Music,Ballads/Romantic,Ballads/Romantic,6
K8vZ917-AlV,K8vZ917-AlV|https://www.ticketmaster.com/joaquin-coronel-tickets/artist/4583112,Joaquín Coronel,attraction,https://www.ticketmaster.com/joaquin-coronel-tickets/artist/4583112,https://s1.ticketm.net/dam/c/f50/96fa13be-e395-429b-8558-a51bb9054f50_105951_TABLET_LANDSCAPE_LARGE_16_9.jpg,,https://www.instagram.com/joaaquincoronel/,,,,,,,,,Music,Latin,Latin,6
K8vZ917-Ai7,K8vZ917-Ai7|https://www.ticketmaster.com/jorge-tapia-tickets/artist/4583117,Jorge Tapia,attraction,https://www.ticketmaster.com/jorge-tapia-tickets/artist/4583117,https://s1.ticketm.net/dam/c/f50/96fa13be-e395-429b-8558-a51bb9054f50_105951_TABLET_LANDSCAPE_LARGE_16_9.jpg,,https://www.instagram.com/jorgetapia_oficial/,,,,,,,,,Music,Latin,Latin,6
K8vZ917-6sf,K8vZ917-6sf|https://www.ticketmaster.com/juanpa-salazar-tickets/artist/4583142,Juanpa Salazar,attraction,https://www.ticketmaster.com/juanpa-salazar-tickets/artist/4583142,https://s1.ticketm.net/dam/c/f50/96fa13be-e395-429b-8558-a51bb9054f50_105951_TABLET_LANDSCAPE_LARGE_16_9.jpg,,https://www.instagram.com/juanpaasalazar/,,,,,,,,,Music,Latin,Latin,6
K8vZ917-6s0,K8vZ917-6s0|https://www.ticketmaster.com/la-coreanera-tickets/artist/4583152,La Coreañera,attraction,https://www.ticketmaster.com/la-coreanera-tickets/artist/4583152,https://s1.ticketm.net/dam/c/f50/96fa13be-e395-429b-8558-a51bb9054f50_105951_TABLET_LANDSCAPE_LARGE_16_9.jpg,,https://www.instagram.com/lacoreanera/,,,,,,,,,Music,Latin,Latin,6
K8vZ917-6sV,K8vZ917-6sV|https://www.ticketmaster.com/mar-solis-tickets/artist/4583167,Mar Solis,attraction,https://www.ticketmaster.com/mar-solis-tickets/artist/4583167,https://s1.ticketm.net/dam/a/5dd/bf9d8ab2-5f1d-407e-945d-6055eecfc5dd_SOURCE,,https://www.instagram.com/maroficial,,,,,,,,,Music,Latin,Latin,10
K8vZ917-Aif,K8vZ917-Aif|https://www.ticketmaster.com/mosmo-tickets/artist/4583197,Mosmo,attraction,https://www.ticketmaster.com/mosmo-tickets/artist/4583197,https://s1.ticketm.net/dam/c/f50/96fa13be-e395-429b-8558-a51bb9054f50_105951_TABLET_LANDSCAPE_LARGE_16_9.jpg,,https://www.instagram.com/mosmo,,,,,,,,,Music,Latin,Latin,6
K8vZ917-Ai0,K8vZ917-Ai0|https://www.ticketmaster.com/plan-de-escape-tickets/artist/4583149,Plan de Escape,attraction,https://www.ticketmaster.com/plan-de-escape-tickets/artist/4583149,https://s1.ticketm.net/dam/c/f50/96fa13be-e395-429b-8558-a51bb9054f50_105951_TABLET_LANDSCAPE_LARGE_16_9.jpg,,https://www.instagram.com/plandescape/,,,,,,,,,Music,Latin,Latin,6
K8vZ917-6w7,K8vZ917-6w7|https://www.ticketmaster.com/ria-tickets/artist/4583164,Ria,attraction,https://www.ticketmaster.com/ria-tickets/artist/4583164,https://s1.ticketm.net/dam/c/f50/96fa13be-e395-429b-8558-a51bb9054f50_105951_TABLET_LANDSCAPE_LARGE_16_9.jpg,,https://www.instagram.com/riagoca/,,,,,,,,,Music,Latin,Latin,6
K8vZ917-AiV,K8vZ917-AiV|https://www.ticketmaster.com/santiago-martell-tickets/artist/4583199,Santiago Martell,attraction,https://www.ticketmaster.com/santiago-martell-tickets/artist/4583199,https://s1.ticketm.net/dam/c/f50/96fa13be-e395-429b-8558-a51bb9054f50_105951_TABLET_LANDSCAPE_LARGE_16_9.jpg,,https://www.instagram.com/santiago_martell_/profilecard/,,,,,,,,,Music,Latin,Latin,6
K8vZ917O6zf,K8vZ917O6zf|https://www.ticketmaster.com/yng-naz-tickets/artist/4439999,Yng Naz,attraction,https://www.ticketmaster.com/yng-naz-tickets/artist/4439999,https://s1.ticketm.net/dam/a/4e3/92320477-f6cc-4c43-8a77-bca11f1174e3_SOURCE,,https://www.instagram.com/yng.naz_/,,,,,,,,,Music,Latin,Latin,8
K8vZ9171afV,K8vZ9171afV|https://www.ticketmaster.com/alejandro-fernandez-tickets/artist/761444,Alejandro Fernández,attraction,https://www.ticketmaster.com/alejandro-fernandez-tickets/artist/761444,https://s1.ticketm.net/dam/a/8bf/2be367a5-fc1b-43bf-869c-5245ef02f8bf_SOURCE,https://open.spotify.com/artist/6sq1yF0OZEWA4xoXVKW1L9?autoplay=true,https://www.instagram.com/alexoficial/,https://www.youtube.com/user/alejandrofernandez,https://www.facebook.com/alejandrofernandezoficial,http://www.alejandrofernandez.com/,https://twitter.com/alexoficial,https://music.apple.com/mx/artist/alejandro-fern%C3%A1ndez/893583,,https://www.last.fm/music/Alejandro+Fern%C3%A1ndez,https://musicbrainz.org/artist/772a8360-e81e-4647-92e2-195c19efddad,Music,Latin,Latin,11
K8vZ9171NCf,K8vZ9171NCf|https://www.ticketmaster.com/los-tucanes-de-tijuana-tickets/artist/764354,Los Tucanes De Tijuana,attraction,https://www.ticketmaster.com/los-tucanes-de-tijuana-tickets/artist/764354,https://s1.ticketm.net/dam/a/8ab/529a465e-d57e-408f-bd99-fc65a8cd68ab_SOURCE,https://open.spotify.com/artist/014WIDx7H4BRCHB1faiisK?autoplay=true,https://www.instagram.com/lostucanesdetijuana/?hl=en,https://www.youtube.com/channel/UCQfVQ8ycXpY9zzEhci6-0wg,https://www.facebook.com/lostucanesdetijuana/,https://www.lostucanesdetijuana.com/,https://twitter.com/LosTucanesDeTJ,https://music.apple.com/us/artist/los-tucanes-de-tijuana/90197,https://en.wikipedia.org/wiki/Los_Tucanes_de_Tijuana,,https://musicbrainz.org/artist/f1802d84-5885-4cc0-81c6-c4823510ebf4,Music,World,Latin,20
K8vZ917qMg7,K8vZ917qMg7|https://www.ticketmaster.com/clave-especial-tickets/artist/3499134,Clave Especial,attraction,https://www.ticketmaster.com/clave-especial-tickets/artist/3499134,https://s1.ticketm.net/dam/a/c1a/5d8fb19a-93dc-4dfa-bb4f-125860017c1a_SOURCE,https://open.spotify.com/artist/0NlNru2YcUz6RbnpYGQz26,https://www.instagram.com/claveespecial/,https://www.youtube.com/@claveespecial,,,,,,,,Music,Latin,Latin,6
K8vZ917_Wef,K8vZ917_Wef|https://www.ticketmaster.com/eslabon-armado-tickets/artist/2846206,Eslabon Armado,attraction,https://www.ticketmaster.com/eslabon-armado-tickets/artist/2846206,https://s1.ticketm.net/dam/a/d25/036b407e-fd96-4f7f-9cac-de2ce496cd25_SOURCE,,,,,,,,,,https://musicbrainz.org/artist/c748f5d2-eac8-4570-a9cc-d2d03d0a6092,Music,Latin,Latin,33
K8vZ917uPbf,K8vZ917uPbf|https://www.ticketmaster.com/la-sonora-dinamita-tickets/artist/755214,La Sonora Dinamita,attraction,https://www.ticketmaster.com/la-sonora-dinamita-tickets/artist/755214,https://s1.ticketm.net/dam/a/736/5103901a-71c7-44df-846a-715f109e5736_SOURCE,https://open.spotify.com/artist/13or1Wf6ipcvSIiurZATvw,http://www.instagram.com/sonora_dinamita,https://www.youtube.com/channel/UCE_KPQxpcMDtV2zX1ru24Zg,https://www.facebook.com/originalsonoradinamita,http://www.originalsonoradinamita.com/,https://twitter.com/dinamitaonline,https://music.apple.com/us/artist/la-sonora-dinamita/918315916,https://en.wikipedia.org/wiki/La_Sonora_Dinamita,,https://musicbrainz.org/artist/46a153df-a143-403b-948c-0131cb1a1067,Music,World,Latin,7
K8vZ917QhPV,K8vZ917QhPV|https://www.ticketmaster.com/los-2-de-la-s-tickets/artist/2888964,Los 2 de la S,attraction,https://www.ticketmaster.com/los-2-de-la-s-tickets/artist/2888964,https://s1.ticketm.net/dam/c/f50/96fa13be-e395-429b-8558-a51bb9054f50_105951_TABLET_LANDSCAPE_LARGE_16_9.jpg,,,,,,,,,,,Music,Latin,Latin,6
K8vZ917_f-V,K8vZ917_f-V|https://www.ticketmaster.com/los-dos-carnales-tickets/artist/2778512,Los Dos Carnales,attraction,https://www.ticketmaster.com/los-dos-carnales-tickets/artist/2778512,https://s1.ticketm.net/dam/a/bc7/694058a5-35c4-4865-9969-552bc2b43bc7_SOURCE,,,,,,,,,,https://musicbrainz.org/artist/c8dc5e69-a456-4d97-841a-404dd77367c9,Music,Latin,Latin,7
K8vZ917KQU0,K8vZ917KQU0|https://www.ticketmaster.com/mi-banda-el-mexicano-tickets/artist/2116945,Mi Banda El Mexicano,attraction,https://www.ticketmaster.com/mi-banda-el-mexicano-tickets/artist/2116945,https://s1.ticketm.net/dam/c/548/5fefbd1c-973b-4b0e-9b2e-d78e4ce37548_106111_TABLET_LANDSCAPE_LARGE_16_9.jpg,https://open.spotify.com/artist/0OhiQFSqbnnmB52NWEpsO5?autoplay=true,https://www.instagram.com/mibandaelmexicanoficial/,https://www.youtube.com/channel/UChl17tUZRPgXzLET3F3ykoA,https://www.facebook.com/mibandaelmexicanoficial,http://mibandaelmexicano.com/,,https://music.apple.com/ca/artist/mi-banda-el-mexicano/251561383,,,https://musicbrainz.org/artist/13908222-2865-4326-9495-06957533b6f3,Music,World,Latin,6
K8vZ917rbYf,K8vZ917rbYf|https://www.ticketmaster.com/damaris-bojor-tickets/artist/3800999,Damaris Bojor,attraction,https://www.ticketmaster.com/damaris-bojor-tickets/artist/3800999,https://s1.ticketm.net/dam/c/f50/96fa13be-e395-429b-8558-a51bb9054f50_105951_TABLET_LANDSCAPE_LARGE_16_9.jpg,,https://www.instagram.com/damarisbojor/,,,,,,,,,Music,Latin,Latin,7
K8vZ917jngf,K8vZ917jngf|https://www.ticketmaster.com/delilah-tickets/artist/3142585,Delilah,attraction,https://www.ticketmaster.com/delilah-tickets/artist/3142585,https://s1.ticketm.net/dam/c/4f2/0109888a-61b5-4525-8432-b026ef04f4f2_105631_TABLET_LANDSCAPE_LARGE_16_9.jpg,,,,,,,,,,,Music,Pop,Latin Pop,6
K8vZ917juYV,K8vZ917juYV|https://www.ticketmaster.com/franco-rey-tickets/artist/3091982,Franco Rey,attraction,https://www.ticketmaster.com/franco-rey-tickets/artist/3091982,https://s1.ticketm.net/dam/c/f50/96fa13be-e395-429b-8558-a51bb9054f50_105951_TABLET_LANDSCAPE_LARGE_16_9.jpg,,,,,,,,,,,Music,Latin,Latin Pop,9
K8vZ917rbvf,K8vZ917rbvf|https://www.ticketmaster.com/victor-mendivil-tickets/artist/3800879,Victor Mendivil,attraction,https://www.ticketmaster.com/victor-mendivil-tickets/artist/3800879,https://s1.ticketm.net/dam/a/aa7/6ce64aba-facb-486a-b85d-8a6e5998eaa7_SOURCE,,,https://www.youtube.com/@Ricoomuertomusicmx,,,,,,,,Music,Latin,Latin,6
K8vZ917-Ac7,K8vZ917-Ac7|https://www.ticketmaster.com/destino-tickets/artist/788276,Destino,attraction,https://www.ticketmaster.com/destino-tickets/artist/788276,https://s1.ticketm.net/dam/c/f50/96fa13be-e395-429b-8558-a51bb9054f50_105951_TABLET_LANDSCAPE_LARGE_16_9.jpg,,https://www.instagram.com/estoesdestino/,,,,,,,,,Music,Latin,Latin,6
K8vZ917-Acf,K8vZ917-Acf|https://www.ticketmaster.com/eddy-tickets/artist/4583202,Eddy,attraction,https://www.ticketmaster.com/eddy-tickets/artist/4583202,https://s1.ticketm.net/dam/c/f50/96fa13be-e395-429b-8558-a51bb9054f50_105951_TABLET_LANDSCAPE_LARGE_16_9.jpg,,https://www.instagram.com/eddyyhp/,,,,,,,,,Music,Latin,Latin,6
K8vZ917-Ac0,K8vZ917-Ac0|https://www.ticketmaster.com/el-junte-sabanero-tickets/artist/4583198,El Junte Sabanero,attraction,https://www.ticketmaster.com/el-junte-sabanero-tickets/artist/4583198,https://s1.ticketm.net/dam/c/f50/96fa13be-e395-429b-8558-a51bb9054f50_105951_TABLET_LANDSCAPE_LARGE_16_9.jpg,,https://www.instagram.com/eljuntesabanero/,,,,,,,,,Music,Latin,Latin,6
K8vZ917-6wf,K8vZ917-6wf|https://www.ticketmaster.com/juanchito-tickets/artist/4583209,Juanchito,attraction,https://www.ticketmaster.com/juanchito-tickets/artist/4583209,https://s1.ticketm.net/dam/c/f50/96fa13be-e395-429b-8558-a51bb9054f50_105951_TABLET_LANDSCAPE_LARGE_16_9.jpg,,https://www.instagram.com/zjuanchito/,,,,,,,,,Music,Latin,Latin,6
K8vZ917-AcV,K8vZ917-AcV|https://www.ticketmaster.com/kakalo-tickets/artist/4583224,Kakalo,attraction,https://www.ticketmaster.com/kakalo-tickets/artist/4583224,https://s1.ticketm.net/dam/c/f50/96fa13be-e395-429b-8558-a51bb9054f50_105951_TABLET_LANDSCAPE_LARGE_16_9.jpg,,https://www.instagram.com/elkakalo/,,,,,,,,,Music,Latin,Latin,6
K8vZ917-6w0,K8vZ917-6w0|https://www.ticketmaster.com/marcos-villalobos-tickets/artist/4583249,Marcos Villalobos,attraction,https://www.ticketmaster.com/marcos-villalobos-tickets/artist/4583249,https://s1.ticketm.net/dam/c/f50/96fa13be-e395-429b-8558-a51bb9054f50_105951_TABLET_LANDSCAPE_LARGE_16_9.jpg,,https://www.instagram.com/marcos.villalobosa/,,,,,,,,,Music,Latin,Latin,6
K8vZ917-Am7,K8vZ917-Am7|https://www.ticketmaster.com/nueva-h-tickets/artist/4583279,Nueva H,attraction,https://www.ticketmaster.com/nueva-h-tickets/artist/4583279,https://s1.ticketm.net/dam/c/f50/96fa13be-e395-429b-8558-a51bb9054f50_105951_TABLET_LANDSCAPE_LARGE_16_9.jpg,,https://www.instagram.com/nuevah_oficial/,,,,,,,,,Music,Latin,Latin,6
K8vZ917-6wV,K8vZ917-6wV|https://www.ticketmaster.com/pasabordo-tickets/artist/4583247,Pasabordo,attraction,https://www.ticketmaster.com/pasabordo-tickets/artist/4583247,https://s1.ticketm.net/dam/c/f50/96fa13be-e395-429b-8558-a51bb9054f50_105951_TABLET_LANDSCAPE_LARGE_16_9.jpg,,https://www.instagram.com/pasabordo/,,,,,,,,,Music,Latin,Latin,6
K8vZ917oP4f,K8vZ917oP4f|https://www.ticketmaster.com/melanie-martinez-tickets/artist/1901820,Melanie Martinez,attraction,https://www.ticketmaster.com/melanie-martinez-tickets/artist/1901820,https://s1.ticketm.net/dam/a/8bc/9afa470e-05d3-46e2-bdb6-47cd820fe8bc_SOURCE,https://open.spotify.com/artist/63yrD80RY3RNEM2YDpUpO8,https://www.instagram.com/littlebodybigheart/,https://www.youtube.com/user/Melmartinezx3,https://www.facebook.com/melaniemartinezmusic,http://melaniemartinezmusic.com/,https://x.com/MelanieLBBH,https://music.apple.com/us/artist/993014053?ign-itscg=30440&ign-itsct=catchall_p1,https://en.wikipedia.org/wiki/Melanie_Martinez_(singer),,https://musicbrainz.org/artist/0df563ec-1a79-486e-a46d-5b9862a40311,Music,Rock,Pop,21
K8vZ917hZR0,K8vZ917hZR0|https://www.ticketmaster.com/isabel-larosa-tickets/artist/2960310,Isabel LaRosa,attraction,https://www.ticketmaster.com/isabel-larosa-tickets/artist/2960310,https://s1.ticketm.net/dam/a/30f/b7cf0b9d-6adb-4dfd-983e-da683831830f_TABLET_LANDSCAPE_LARGE_16_9.jpg,https://open.spotify.com/artist/5arKwJZEvT5uKq4o0JfqR4,https://www.instagram.com/isabel.s.larosa/,,,https://www.isabel-larosa.com/,,,,,https://musicbrainz.org/artist/fa22eeda-8db9-4ae5-97c9-6d0b9ceb7cf3,Music,Pop,Pop,4
K8vZ917G080,K8vZ917G080|https://www.ticketmaster.com/flow-fest-tickets/artist/1435872,Flow Fest,attraction,https://www.ticketmaster.com/flow-fest-tickets/artist/1435872,https://s1.ticketm.net/dam/a/33b/aacd3a18-873c-481e-b3af-e6674b10733b_SOURCE,,,,,,,,,,,Music,Undefined,Undefined,9
K8vZ9179r_f,K8vZ9179r_f|https://www.ticketmaster.com/anuel-aa-tickets/artist/2553245,Anuel AA,attraction,https://www.ticketmaster.com/anuel-aa-tickets/artist/2553245,https://s1.ticketm.net/dam/a/f59/bc8cd2cb-97e8-49cb-b7ed-26c5842e6f59_SOURCE,,,,,,,,,,,Music,Hip-Hop/Rap,Hip-Hop/Rap,10
K8vZ917jBmf,K8vZ917jBmf|https://www.ticketmaster.com/tito-double-p-tickets/artist/3170160,Tito Double P,attraction,https://www.ticketmaster.com/tito-double-p-tickets/artist/3170160,https://s1.ticketm.net/dam/a/e64/ad4fec0e-5a1a-4f67-b545-d994c963ee64_SOURCE,https://open.spotify.com/artist/5eumcnUkdmGvkvcsx1WFNG,,,,,,,,,https://musicbrainz.org/artist/37316157-4e01-4ea8-b897-65a1a5a6bb30,Music,Latin,Latin,7
K8vZ917Q4H7,K8vZ917Q4H7|https://www.ticketmaster.com/chencho-corleone-tickets/artist/2875157,Chencho Corleone,attraction,https://www.ticketmaster.com/chencho-corleone-tickets/artist/2875157,https://s1.ticketm.net/dam/a/c0f/c3438e79-695c-43c1-916f-626c30175c0f_SOURCE,,,,,,,,,,https://musicbrainz.org/artist/60e7a87a-2a15-42cb-831a-fd699a8d9863,Music,Latin,Latin,8
K8vZ9179kF0,K8vZ9179kF0|https://www.ticketmaster.com/manuel-turizo-tickets/artist/2506196,Manuel Turizo,attraction,https://www.ticketmaster.com/manuel-turizo-tickets/artist/2506196,https://s1.ticketm.net/dam/a/3da/5ee7d752-7656-4261-83f4-8ecdb65293da_TABLET_LANDSCAPE_LARGE_16_9.jpg,https://open.spotify.com/album/7ubO2LZJZFpyhiWMZkRwcH,https://www.instagram.com/manuelturizo/,https://www.youtube.com/channel/UC5Jn-9jqrVvKm9Hx0WW8Pgw,,,,https://music.apple.com/us/album/2000/1674688983,,,https://musicbrainz.org/artist/30a57b7b-47c9-4234-86fd-9b8ff660e7cb,Music,Hip-Hop/Rap,Reggaeton,13
K8vZ9174XBV,K8vZ9174XBV|https://www.ticketmaster.com/nengo-flow-tickets/artist/2371327,Ñengo Flow,attraction,https://www.ticketmaster.com/nengo-flow-tickets/artist/2371327,https://s1.ticketm.net/dam/c/80b/f3cd8d24-c3ae-4fa0-b4bc-1ba99f9b380b_106091_TABLET_LANDSCAPE_LARGE_16_9.jpg,,,,,,,,,,https://musicbrainz.org/artist/b7f5054e-c9de-49d8-b0eb-6deefb89b86b,Music,Hip-Hop/Rap,Reggaeton,7
K8vZ91718x0,K8vZ91718x0|https://www.ticketmaster.com/zion-tickets/artist/783152,Zion,attraction,https://www.ticketmaster.com/zion-tickets/artist/783152,https://s1.ticketm.net/dam/c/fbc/b293c0ad-c904-4215-bc59-8d7f2414dfbc_106141_TABLET_LANDSCAPE_LARGE_16_9.jpg,,,,,,,,,,,Music,Rock,Pop,5
K8vZ917jtM0,K8vZ917jtM0|https://www.ticketmaster.com/el-bogueto-tickets/artist/3137701,El Bogueto,attraction,https://www.ticketmaster.com/el-bogueto-tickets/artist/3137701,https://s1.ticketm.net/dam/a/8c8/20ea81a9-6ee9-4b8a-ae69-04585f5d98c8_SOURCE,,,,https://www.instagram.com/elbogueto/?hl=es,,,,,,,Music,Latin,Latin Hip-Hop,7
K8vZ917QpDf,K8vZ917QpDf|https://www.ticketmaster.com/tokischa-tickets/artist/2876678,Tokischa,attraction,https://www.ticketmaster.com/tokischa-tickets/artist/2876678,https://s1.ticketm.net/dam/a/e21/ca1290f4-7450-427b-9587-e09e5223be21_SOURCE,,,,,,,,,,https://musicbrainz.org/artist/269b7311-66c8-4a07-bcc2-e6b31c5627ec,Music,Latin,Latin,6
K8vZ917fNkV,K8vZ917fNkV|https://www.ticketmaster.com/kevin-roldan-tickets/artist/2222560,Kevin Roldan,attraction,https://www.ticketmaster.com/kevin-roldan-tickets/artist/2222560,https://s1.ticketm.net/dam/a/90a/ec4474be-24db-482e-90aa-5dae0481c90a_SOURCE,,,,,,,,,,,Music,Hip-Hop/Rap,Reggaeton,6
K8vZ9173Ke7,K8vZ9173Ke7|https://www.ticketmaster.com/keny-tickets/artist/1976475,Ken-Y,attraction,https://www.ticketmaster.com/keny-tickets/artist/1976475,https://s1.ticketm.net/dam/c/80b/f3cd8d24-c3ae-4fa0-b4bc-1ba99f9b380b_106091_TABLET_LANDSCAPE_LARGE_16_9.jpg,,,,,,,,,,,Music,Hip-Hop/Rap,Reggaeton,7
K8vZ917rH3V,K8vZ917rH3V|https://www.ticketmaster.com/clarent-tickets/artist/4121244,Clarent,attraction,https://www.ticketmaster.com/clarent-tickets/artist/4121244,https://s1.ticketm.net/dam/a/df2/57b0b9a3-36ed-4218-a37f-41d9b752adf2_SOURCE,,,,,,,,,,,Music,Latin,Latin Pop,15
K8vZ917p6N7,K8vZ917p6N7|https://www.ticketmaster.com/noriel-tickets/artist/2389679,Noriel,attraction,https://www.ticketmaster.com/noriel-tickets/artist/2389679,https://s1.ticketm.net/dam/c/80b/f3cd8d24-c3ae-4fa0-b4bc-1ba99f9b380b_106091_TABLET_LANDSCAPE_LARGE_16_9.jpg,https://open.spotify.com/artist/3RtNN1VnooWEn3KQk03DUL?autoplay=true,https://music.apple.com/us/artist/noriel/582366656,https://www.youtube.com/channel/UCLDAM_6WwevNIPHz7IalMLw,https://www.facebook.com/NorielDangerr/,,https://twitter.com/Noriel_Danger,https://www.instagram.com/noriel/?hl=en,,,,Music,Hip-Hop/Rap,Reggaeton,6
K8vZ917_ZAV,K8vZ917_ZAV|https://www.ticketmaster.com/uzielito-mix-tickets/artist/2760977,Uzielito Mix,attraction,https://www.ticketmaster.com/uzielito-mix-tickets/artist/2760977,https://s1.ticketm.net/dam/c/80b/f3cd8d24-c3ae-4fa0-b4bc-1ba99f9b380b_106091_TABLET_LANDSCAPE_LARGE_16_9.jpg,,,,,,,,,,,Music,Hip-Hop/Rap,Urban,6
K8vZ917qCdV,K8vZ917qCdV|https://www.ticketmaster.com/cro-tickets/artist/3282479,C.R.O,attraction,https://www.ticketmaster.com/cro-tickets/artist/3282479,https://s1.ticketm.net/dam/a/d8e/b4e747ae-7c47-4092-b96d-b866ef4b5d8e_SOURCE,https://open.spotify.com/artist/4puAp107dCehraE47QXVQX,,,,,,,,,https://musicbrainz.org/artist/94efcf65-d9d4-4e71-a719-b1c81e6cb045,Music,Hip-Hop/Rap,Hip-Hop/Rap,6
K8vZ917rnB7,K8vZ917rnB7|https://www.ticketmaster.com/eme-malafe-tickets/artist/3970014,Eme Malafe,attraction,https://www.ticketmaster.com/eme-malafe-tickets/artist/3970014,https://s1.ticketm.net/dam/a/5da/7b1dccfb-4680-4c4a-9654-d1ccbee665da_SOURCE,,https://www.instagram.com/ememalafe/,,,,,,,,,Music,Latin,Latin,9
K8vZ917jl-f,K8vZ917jl-f|https://www.ticketmaster.com/legallyrxx-tickets/artist/3142584,legallyrxx,attraction,https://www.ticketmaster.com/legallyrxx-tickets/artist/3142584,https://s1.ticketm.net/dam/a/289/6fd67063-208b-4c6c-a1b4-a2feddacc289_SOURCE,,,https://www.youtube.com/channel/UC8QbNOqFzGY1bK97BB2Bb1A,,,,,,,,Music,Hip-Hop/Rap,Latin Hip-Hop,6
K8vZ917rqEV,K8vZ917rqEV|https://www.ticketmaster.com/six-sex-tickets/artist/3840194,Six Sex,attraction,https://www.ticketmaster.com/six-sex-tickets/artist/3840194,https://s1.ticketm.net/dam/a/eb9/99867878-90dc-4833-8e4e-1d42dbce6eb9_SOURCE,,https://www.instagram.com/sixsex_bb/,,,,,,,,,Music,Latin,Latin Hip-Hop,7
K8vZ917LhU7,K8vZ917LhU7|https://www.ticketmaster.com/alanis-yuki-tickets/artist/4268637,Alanis Yuki,attraction,https://www.ticketmaster.com/alanis-yuki-tickets/artist/4268637,https://s1.ticketm.net/dam/c/48b/2352e3b5-8496-496b-97a3-e605177e848b_105851_TABLET_LANDSCAPE_LARGE_16_9.jpg,https://open.spotify.com/intl-es/artist/78wDefnHex943QL32ggbx6,https://www.instagram.com/alanisyuki,,,,,,,,,Music,R&B,R&B,9
K8vZ917pvgf,K8vZ917pvgf|https://www.ticketmaster.com/dj-ish-tickets/artist/2377774,DJ Ish,attraction,https://www.ticketmaster.com/dj-ish-tickets/artist/2377774,https://s1.ticketm.net/dam/c/80b/f3cd8d24-c3ae-4fa0-b4bc-1ba99f9b380b_106091_TABLET_LANDSCAPE_LARGE_16_9.jpg,,,,,,,,,,,Music,Hip-Hop/Rap,Hip-Hop/Rap,6
K8vZ917QwgV,K8vZ917QwgV|https://www.ticketmaster.com/grupo-frontera-tickets/artist/2942293,Grupo Frontera,attraction,https://www.ticketmaster.com/grupo-frontera-tickets/artist/2942293,https://s1.ticketm.net/dam/a/16e/b7e30206-4b4a-4e23-8a88-371d5ac8916e_SOURCE,,,,,,,,,,https://musicbrainz.org/artist/4c57c827-4ce3-4cf4-9492-0ff7f1ee2b0f,Music,World,Mexican Grupero,27
K8vZ9174-y0,K8vZ9174-y0|https://www.ticketmaster.com/ozuna-tickets/artist/2298720,Ozuna,attraction,https://www.ticketmaster.com/ozuna-tickets/artist/2298720,https://s1.ticketm.net/dam/a/72c/9cf14261-dac5-4067-bfca-1e1491b9b72c_SOURCE,https://open.spotify.com/artist/1i8SpTcr7yvPOmcqrbnVXY?autoplay=true,https://www.instagram.com/ozuna/,https://www.youtube.com/channel/UCjIA3wwhi0QjSOXAZwOXbPA,https://www.facebook.com/ozunapr,,https://twitter.com/ozunapr,https://music.apple.com/ca/artist/ozuna/283578837,,,https://musicbrainz.org/artist/f2651b63-a44d-4d1d-ba64-d981d971ecd1,Music,World,Latin,10
K8vZ917K490,K8vZ917K490|https://www.ticketmaster.com/kali-uchis-tickets/artist/2107409,Kali Uchis,attraction,https://www.ticketmaster.com/kali-uchis-tickets/artist/2107409,https://s1.ticketm.net/dam/a/90e/00cb00f1-f4e2-4cd6-ac82-eefd1e17690e_SOURCE,https://open.spotify.com/artist/1U1el3k54VvEUzo3ybLPlM,https://instagram.com/kaliuchis,https://www.youtube.com/user/kar3marina,https://www.facebook.com/KaliUchis,http://www.kaliuchis.com/,https://twitter.com/KALIUCHIS,https://itunes.apple.com/artist/id894731301,https://en.wikipedia.org/wiki/Kali_Uchis,,https://musicbrainz.org/artist/d0c7656d-8169-4f77-9dbe-b8f24e40105d,Music,Pop,Pop,12
K8vZ917oID0,K8vZ917oID0|https://www.ticketmaster.com/yandel-tickets/artist/1907949,Yandel,attraction,https://www.ticketmaster.com/yandel-tickets/artist/1907949,https://s1.ticketm.net/dam/a/713/03bf0a0d-db5b-4839-9db1-6d19d53e5713_SOURCE,https://open.spotify.com/artist/0eHQ9o50hj6ZDNBt6Ys1sD,http://instagram.com/yandel,https://www.youtube.com/user/YandelVEVO,https://www.facebook.com/YandelelOficial,,https://twitter.com/llandel_malave,https://itunes.apple.com/us/artist/id72929426,https://en.wikipedia.org/wiki/Yandel,,https://musicbrainz.org/artist/3d291f48-a8be-4113-baad-c73618a7897d,Music,World,Latin,27
K8vZ9174dY7,K8vZ9174dY7|https://www.ticketmaster.com/trueno-tickets/artist/2263073,Trueno,attraction,https://www.ticketmaster.com/trueno-tickets/artist/2263073,https://s1.ticketm.net/dam/a/a31/6e667193-acd9-4ef5-8b71-76c19b06ba31_SOURCE,https://open.spotify.com/artist/2x7PC78TmgqpEIjaGAZ0Oz?autoplay=true,https://www.instagram.com/trueno/,https://www.youtube.com/channel/UCR8xLrhLmZoMirYnjj4zEWg,https://www.facebook.com/TruenoOficiaI,,https://twitter.com/TruenoOficiaI,https://music.apple.com/us/artist/trueno/269919603,,,https://musicbrainz.org/artist/db607377-aace-4a32-a439-373b7236df7e,Music,Hip-Hop/Rap,Latin Rap,9
K8vZ917G0HV,K8vZ917G0HV|https://www.ticketmaster.com/tito-el-bambino-tickets/artist/1333573,Tito El Bambino,attraction,https://www.ticketmaster.com/tito-el-bambino-tickets/artist/1333573,https://s1.ticketm.net/dam/c/548/5fefbd1c-973b-4b0e-9b2e-d78e4ce37548_106111_TABLET_LANDSCAPE_LARGE_16_9.jpg,,,,,,@tbambino,,,,https://musicbrainz.org/artist/ebe02d36-410d-4a85-a67e-36e2462e3e44,Music,World,Latin,7
K8vZ917oBR7,K8vZ917oBR7|https://www.ticketmaster.com/farruko-tickets/artist/1936418,Farruko,attraction,https://www.ticketmaster.com/farruko-tickets/artist/1936418,https://s1.ticketm.net/dam/a/29b/4444ed33-0dc5-403a-84d7-3651d1f9929b_SOURCE,https://open.spotify.com/artist/329e4yvIujISKGKz1BZZbO?autoplay=true,https://www.instagram.com/farruko/,https://www.youtube.com/channel/UCqFhfan_P2AmGVB1X2B-3Aw,https://www.facebook.com/FarrukoOfficial,https://farruko.com/,https://twitter.com/FarrukoOfficial,https://music.apple.com/us/artist/farruko/364377482,https://en.wikipedia.org/wiki/Farruko,,https://musicbrainz.org/artist/d2b3524f-67e8-45ef-bfc1-693cac525135,Music,Hip-Hop/Rap,Reggaeton,10
K8vZ917hqrV,K8vZ917hqrV|https://www.ticketmaster.com/dei-v-tickets/artist/3026767,Dei V,attraction,https://www.ticketmaster.com/dei-v-tickets/artist/3026767,https://s1.ticketm.net/dam/a/8ba/26010554-497a-4adf-97b6-be6df00718ba_SOURCE,,,,,,,,,,https://musicbrainz.org/artist/b9de03fa-04ac-4249-8481-badfd26b9190,Music,Latin,Latin Hip-Hop,9
K8vZ917rt90,K8vZ917rt90|https://www.ticketmaster.com/alleh-tickets/artist/3953514,Alleh,attraction,https://www.ticketmaster.com/alleh-tickets/artist/3953514,https://s1.ticketm.net/dam/c/f50/96fa13be-e395-429b-8558-a51bb9054f50_105951_TABLET_LANDSCAPE_LARGE_16_9.jpg,https://open.spotify.com/intl-es/artist/3DeOmVSmpv7WknXoo1OS8p,,,,,,,,,,Music,Latin,Latin,7
K8vZ9173abV,K8vZ9173abV|https://www.ticketmaster.com/j-alvarez-tickets/artist/1959395,J Alvarez,attraction,https://www.ticketmaster.com/j-alvarez-tickets/artist/1959395,https://s1.ticketm.net/dam/c/80b/f3cd8d24-c3ae-4fa0-b4bc-1ba99f9b380b_106091_TABLET_LANDSCAPE_LARGE_16_9.jpg,,,,,,,,,,,Music,Hip-Hop/Rap,Reggaeton,6
K8vZ917-6yV,K8vZ917-6yV|https://www.ticketmaster.com/floyymenor-tickets/artist/4584797,FloyyMenor,attraction,https://www.ticketmaster.com/floyymenor-tickets/artist/4584797,https://s1.ticketm.net/dam/a/f79/90146011-33f8-44e8-9638-03b198a6df79_SOURCE,https://open.spotify.com/artist/7CvTknweLr9feJtRGrpDBy,,,,,,,,,,Music,Latin,Latin Pop,7
K8vZ917rls0,K8vZ917rls0|https://www.ticketmaster.com/yan-block-tickets/artist/3978704,Yan Block,attraction,https://www.ticketmaster.com/yan-block-tickets/artist/3978704,https://s1.ticketm.net/dam/a/b23/4df612ce-5c0c-4313-aee7-8da3e1386b23_SOURCE,,https://www.instagram.com/yanblockpr/,,,,,,,,,Music,Hip-Hop/Rap,Hip-Hop/Rap,6
K8vZ917jyL7,K8vZ917jyL7|https://www.ticketmaster.com/kybba-tickets/artist/3168447,Kybba,attraction,https://www.ticketmaster.com/kybba-tickets/artist/3168447,https://s1.ticketm.net/dam/c/27e/458d1b62-6e4f-4ffd-8941-9ed303d8e27e_106041_TABLET_LANDSCAPE_LARGE_16_9.jpg,https://open.spotify.com/intl-de/artist/5I8OAPN5jY1wvHwpnsRRsA,,,,,,,,,https://musicbrainz.org/artist/1ce21562-47bc-43fa-9a4f-cebc18a56adf,Music,Reggae,Reggae,12
K8vZ917h_QV,K8vZ917h_QV|https://www.ticketmaster.com/ysy-a-tickets/artist/3015336,YSY A,attraction,https://www.ticketmaster.com/ysy-a-tickets/artist/3015336,https://s1.ticketm.net/dam/a/e4e/5191186b-889c-43c1-9257-b727b695de4e_SOURCE,,,,,,,,,,,Music,Hip-Hop/Rap,Hip-Hop/Rap,6
K8vZ917rJVV,K8vZ917rJVV|https://www.ticketmaster.com/kidd-voodoo-tickets/artist/3929459,Kidd Voodoo,attraction,https://www.ticketmaster.com/kidd-voodoo-tickets/artist/3929459,https://s1.ticketm.net/dam/a/6c7/fc611e99-9df5-49b3-8470-06441d8946c7_SOURCE,,,,,,,,,,,Music,Hip-Hop/Rap,Urban,6
K8vZ917O1Z7,K8vZ917O1Z7|https://www.ticketmaster.com/natt-calma-tickets/artist/4443434,Natt Calma,attraction,https://www.ticketmaster.com/natt-calma-tickets/artist/4443434,https://s1.ticketm.net/dam/a/56f/7b094d73-0b13-42aa-8289-6ea0463b156f_SOURCE,https://open.spotify.com/intl-es/artist/5Y33YrC415THaEjOYhzDUH,,,,,,,,,,Music,R&B,R&B,7
K8vZ9174ty7,K8vZ9174ty7|https://www.ticketmaster.com/achal-tickets/artist/2314986,A.Chal,attraction,https://www.ticketmaster.com/achal-tickets/artist/2314986,https://s1.ticketm.net/dam/a/5d7/19845e25-ce67-4d36-a569-914ba47d95d7_SOURCE,https://open.spotify.com/artist/0pkwrPVI8UyXtPkavyJoZ4,https://www.instagram.com/a.chal/,https://www.youtube.com/user/BALLROOMRIOTS,https://www.facebook.com/achal.music,https://www.achal.world,https://twitter.com/AlejandroChal,https://music.apple.com/us/artist/a-chal/462224362,,,https://musicbrainz.org/artist/5fc7fee6-3bcd-4421-97b3-3935efd87668,Music,R&B,R&B,6
K8vZ917rbp0,K8vZ917rbp0|https://www.ticketmaster.com/doony-graff-tickets/artist/3805659,Doony Graff,attraction,https://www.ticketmaster.com/doony-graff-tickets/artist/3805659,https://s1.ticketm.net/dam/c/f50/96fa13be-e395-429b-8558-a51bb9054f50_105951_TABLET_LANDSCAPE_LARGE_16_9.jpg,,https://www.instagram.com/serenomorenito/,,,,,,,,,Music,Latin,Latin Hip-Hop,6
K8vZ917raQ0,K8vZ917raQ0|https://www.ticketmaster.com/mila-tickets/artist/719033,Mila,attraction,https://www.ticketmaster.com/mila-tickets/artist/719033,https://s1.ticketm.net/dam/c/4f2/0109888a-61b5-4525-8432-b026ef04f4f2_105631_TABLET_LANDSCAPE_LARGE_16_9.jpg,,,,,,,,,,,Music,Pop,Pop,6
K8vZ917LS17,K8vZ917LS17|https://www.ticketmaster.com/zion-tickets/artist/4360774,Zion,attraction,https://www.ticketmaster.com/zion-tickets/artist/4360774,https://s1.ticketm.net/dam/c/f50/96fa13be-e395-429b-8558-a51bb9054f50_105951_TABLET_LANDSCAPE_LARGE_16_9.jpg,,https://www.instagram.com/zion/,,,,,,,,,Music,Latin,Latin Hip-Hop,3
K8vZ917bvff,K8vZ917bvff|https://www.ticketmaster.com/myke-towers-tickets/artist/2628001,Myke Towers,attraction,https://www.ticketmaster.com/myke-towers-tickets/artist/2628001,https://s1.ticketm.net/dam/a/005/b47a6b5b-c837-43b0-b5e3-be61711c2005_SOURCE,https://open.spotify.com/artist/7iK8PXO48WeuP03g8YR51W?autoplay=true,https://www.instagram.com/myketowers/,https://www.youtube.com/channel/UCLk8IJ1TwI7Xl7UUfAD8xPQ,,,https://twitter.com/MYKETOWERS,https://music.apple.com/us/artist/myke-towers/1210225867,,,https://musicbrainz.org/artist/d2945137-b01d-4195-9f82-64d20f8ba657,Music,Hip-Hop/Rap,Hip-Hop/Rap,18
K8vZ917Gdu7,K8vZ917Gdu7|https://www.ticketmaster.com/yuridia-tickets/artist/1169217,Yuridia,attraction,https://www.ticketmaster.com/yuridia-tickets/artist/1169217,https://s1.ticketm.net/dam/a/642/1eaefbdc-c18c-4b24-8730-a0df31883642_SOURCE,https://open.spotify.com/artist/5B8ApeENp4bE4EE3LI8jK2?autoplay=true,https://www.instagram.com/yuritaflowers/,https://www.youtube.com/user/YuridiaVEVO,,,https://twitter.com/yuridiaweb,https://music.apple.com/us/artist/yuridia/119903555,https://en.wikipedia.org/wiki/Yuridia,,https://musicbrainz.org/artist/15ba83b7-d89a-4dd6-9695-1290fb567493,Music,World,Latin,3
K8vZ9171Kyf,K8vZ9171Kyf|https://www.ticketmaster.com/mana-tickets/artist/759223,MANÁ,attraction,https://www.ticketmaster.com/mana-tickets/artist/759223,https://s1.ticketm.net/dam/a/ec6/5a50bf30-d0d8-4144-849b-5787430edec6_SOURCE,https://open.spotify.com/artist/7okwEbXzyT2VffBmyQBWLz?autoplay=true,https://www.instagram.com/manaoficial,https://www.youtube.com/user/officialmana,https://www.facebook.com/mana,http://www.mana.com.mx/,https://twitter.com/manaoficial,https://music.apple.com/ca/artist/man%C3%A1/89034,https://en.wikipedia.org/wiki/Man%C3%A1,http://www.last.fm/music/Man%C3%A1,https://musicbrainz.org/artist/55441123-89a2-49ab-ae3f-df7a3e86835a,Music,World,Latin,22
K8vZ9178pt7,K8vZ9178pt7|https://www.ticketmaster.com/sam-smith-tickets/artist/1785301,Sam Smith,attraction,https://www.ticketmaster.com/sam-smith-tickets/artist/1785301,https://s1.ticketm.net/dam/a/2b4/6d90c8c1-a023-46eb-b442-5d00182302b4_SOURCE,https://open.spotify.com/user/samsmithmusic,https://www.instagram.com/samsmith/,https://www.youtube.com/user/samsmithworld,https://www.facebook.com/samsmithworld,http://samsmithworld.com/,https://twitter.com/SAMSMITH,https://itunes.apple.com/gb/artist/id156488786,https://en.wikipedia.org/wiki/Sam_Smith_(singer),http://www.last.fm/music/Sam+Smith,https://musicbrainz.org/artist/5a85c140-dcf9-4dd2-b2c8-aff0471549f3,Music,Pop,Pop,19
K8vZ917fATV,K8vZ917fATV|https://www.ticketmaster.com/sofi-tukker-tickets/artist/2179638,SOFI TUKKER,attraction,https://www.ticketmaster.com/sofi-tukker-tickets/artist/2179638,https://s1.ticketm.net/dam/a/809/e30687b5-40aa-4e80-b0be-b475bb370809_SOURCE,https://open.spotify.com/artist/586uxXMyD5ObPuzjtrzO1Q?si=3wBFluXIQ_WJXQ6hqXDU7g&nd=1,https://www.instagram.com/sofitukker/,https://www.youtube.com/channel/UCZOWzC1SZPiIRRr52fdabvw,https://www.facebook.com/sofitukker,https://www.sofitukker.com/,https://twitter.com/sofitukker,https://music.apple.com/us/artist/sofi-tukker/998656537?ls=1&app=music&at=1l3vpUI&ct=wzqi73%7Csofitukker.com,,,https://musicbrainz.org/artist/4ac723f4-8be8-4a0d-a3ae-d5dda20f0a9a,Music,Dance/Electronic,Dance/Electronic,13
K8vZ917hrP0,K8vZ917hrP0|https://www.ticketmaster.com/dale-mixx-tickets/artist/3028674,Dale MIXX,attraction,https://www.ticketmaster.com/dale-mixx-tickets/artist/3028674,https://s1.ticketm.net/dam/a/870/cd4f66c5-b824-4188-a98f-007bb1f93870_SOURCE,,,,,,,,,,,Music,Hip-Hop/Rap,Urban,3
K8vZ917bAfV,K8vZ917bAfV|https://www.ticketmaster.com/paulo-londra-tickets/artist/2640843,Paulo Londra,attraction,https://www.ticketmaster.com/paulo-londra-tickets/artist/2640843,https://s1.ticketm.net/dam/a/3c4/ac1956ce-07d8-4b3d-bcea-e4b61ac773c4_SOURCE,https://open.spotify.com/artist/3vQ0GE3mI0dAaxIMYe5g7z,https://www.instagram.com/paulolondra/,https://www.youtube.com/channel/UCzI7wZyqk7jpXWT_MILjepw,https://www.facebook.com/paulolondra,,https://twitter.com/PauloLondra,https://music.apple.com/us/artist/paulo-londra/1275513130,,,https://musicbrainz.org/artist/3c490f79-d333-47d6-8a4a-8d676da4d1d2,Music,Hip-Hop/Rap,Urban,4
K8vZ917okqf,K8vZ917okqf|https://www.ticketmaster.com/arcangel-tickets/artist/1854185,Arcángel,attraction,https://www.ticketmaster.com/arcangel-tickets/artist/1854185,https://s1.ticketm.net/dam/a/4e9/464f3b9f-8fd0-4986-9565-c7e8ccd934e9_SOURCE,https://open.spotify.com/artist/4SsVbpTthjScTS7U2hmr1X?autoplay=true,https://www.instagram.com/arcangel/,https://www.youtube.com/channel/UCu4bj03KW4CwAsYtHSwMEsQ,https://www.facebook.com/yosoyarca,,https://twitter.com/ArcangelPrrra,https://music.apple.com/us/artist/arc%C3%A1ngel/28215216,,,https://musicbrainz.org/artist/0573ebd6-1d11-4bf3-a218-8276376d1783,Music,Hip-Hop/Rap,Reggaeton,25
K8vZ917Q4fV,K8vZ917Q4fV|https://www.ticketmaster.com/ryan-castro-tickets/artist/2872202,Ryan Castro,attraction,https://www.ticketmaster.com/ryan-castro-tickets/artist/2872202,https://s1.ticketm.net/dam/a/24e/a5343dcf-0d0d-4483-aaf0-dd7efd22e24e_SOURCE,,,,,,,,,,https://musicbrainz.org/artist/2f87ff5c-dd38-4e2f-8a63-ace112b44002,Music,Hip-Hop/Rap,Latin Rap,16
K8vZ917GIL7,K8vZ917GIL7|https://www.ticketmaster.com/ivy-queen-tickets/artist/795912,Ivy Queen,attraction,https://www.ticketmaster.com/ivy-queen-tickets/artist/795912,https://s1.ticketm.net/dam/a/73b/e948c0ad-9a99-4e66-a107-132e83d2073b_SOURCE,https://open.spotify.com/artist/6p2442ymrT9lZEuCZJdYcH?autoplay=true,https://www.instagram.com/ivyqueendiva/,https://www.youtube.com/channel/UCabtU2G5Iqx3PsiSLtPHxZQ,https://www.facebook.com/ivyqueenmusic,,https://twitter.com/IvyQueenDiva,https://music.apple.com/us/artist/ivy-queen/25514903,https://en.wikipedia.org/wiki/Ivy_Queen,,https://musicbrainz.org/artist/ff06ecc0-72a5-4a81-a253-d840d9aefb32,Music,World,Latin,4
K8vZ917bpZ7,K8vZ917bpZ7|https://www.ticketmaster.com/lunay-tickets/artist/2673383,Lunay,attraction,https://www.ticketmaster.com/lunay-tickets/artist/2673383,https://s1.ticketm.net/dam/a/d81/d224b4e1-d685-4782-9e37-303588e84d81_SOURCE,,,,,,,,,,https://musicbrainz.org/artist/cabbb345-e61c-4e80-a0a8-a3beb2823851,Music,Hip-Hop/Rap,Reggaeton,4
K8vZ917rt9f,K8vZ917rt9f|https://www.ticketmaster.com/yorghaki-tickets/artist/3953509,Yorghaki,attraction,https://www.ticketmaster.com/yorghaki-tickets/artist/3953509,https://s1.ticketm.net/dam/c/f50/96fa13be-e395-429b-8558-a51bb9054f50_105951_TABLET_LANDSCAPE_LARGE_16_9.jpg,https://open.spotify.com/intl-es/artist/4eq1q0o9XPyNq9RG3fNDD1,,,,,,,,,,Music,Latin,Latin,3
K8vZ917_fQf,K8vZ917_fQf|https://www.ticketmaster.com/emjay-tickets/artist/2778395,EMJAY,attraction,https://www.ticketmaster.com/emjay-tickets/artist/2778395,https://s1.ticketm.net/dam/a/f96/b6f16b08-7701-4463-9309-4841d1595f96_SOURCE,https://open.spotify.com/intl-es/artist/5TtCVmeuicGu9EIwiFQcyn,,,,,,,,,,Music,Dance/Electronic,Dance/Electronic,5
K8vZ917qOV7,K8vZ917qOV7|https://www.ticketmaster.com/la-joaqui-tickets/artist/3356889,La Joaqui,attraction,https://www.ticketmaster.com/la-joaqui-tickets/artist/3356889,https://s1.ticketm.net/dam/a/1ad/225f4c31-6631-4ad9-98ee-baf4749201ad_SOURCE,,https://www.instagram.com/lajoaqui/,,,,,,,,,Music,Hip-Hop/Rap,Reggaeton,4
K8vZ917rbOf,K8vZ917rbOf|https://www.ticketmaster.com/sayuri-y-sopholov-tickets/artist/3807334,Sayuri y Sopholov,attraction,https://www.ticketmaster.com/sayuri-y-sopholov-tickets/artist/3807334,https://s1.ticketm.net/dam/c/f50/96fa13be-e395-429b-8558-a51bb9054f50_105951_TABLET_LANDSCAPE_LARGE_16_9.jpg,,,https://www.youtube.com/channel/UCOAJJ7rfMNXZqhBh9d3CazQ,,,,,,,,Music,Latin,Latin,3
K8vZ917fad0,K8vZ917fad0|https://www.ticketmaster.com/dj-young-music-tickets/artist/2186612,DJ Young Music,attraction,https://www.ticketmaster.com/dj-young-music-tickets/artist/2186612,https://s1.ticketm.net/dam/c/80b/f3cd8d24-c3ae-4fa0-b4bc-1ba99f9b380b_106091_TABLET_LANDSCAPE_LARGE_16_9.jpg,,,,,,,,,,,Music,Hip-Hop/Rap,Hip-Hop/Rap,1
K8vZ9171WO7,K8vZ9171WO7|https://www.ticketmaster.com/intocable-tickets/artist/774393,Intocable,attraction,https://www.ticketmaster.com/intocable-tickets/artist/774393,https://s1.ticketm.net/dam/a/5f1/8e4d1bc4-af95-46db-9d5a-aff599ef75f1_SOURCE,https://open.spotify.com/artist/108moq3rq6bm1M4Ypz0J02?autoplay=true,https://www.instagram.com/grupointocable/,https://www.youtube.com/channel/UCvQcMlXzM9JdAgzkBo1B0Ew,https://www.facebook.com/grupointocable,http://www.grupointocable.com/,https://twitter.com/grupointocable,https://music.apple.com/us/artist/intocable/549010,https://en.wikipedia.org/wiki/Intocable,http://www.last.fm/music/Intocable,https://musicbrainz.org/artist/40b032dc-8035-4f2a-b478-eb15ddcf6674,Music,World,Latin,8
K8vZ917GL50,K8vZ917GL50|https://www.ticketmaster.com/two-door-cinema-club-tickets/artist/1407642,Two Door Cinema Club,attraction,https://www.ticketmaster.com/two-door-cinema-club-tickets/artist/1407642,https://s1.ticketm.net/dam/a/9ae/d514f001-870a-4720-8613-7aa7a60209ae_SOURCE,https://open.spotify.com/artist/536BYVgOnRky0xjsPT96zl,https://www.instagram.com/twodoorcinemaclub/,https://www.youtube.com/user/twodoorcinemaclub,https://www.facebook.com/twodoorcinemaclub,http://twodoorcinemaclub.com/,https://twitter.com/tdcinemaclub,https://music.apple.com/us/artist/two-door-cinema-club/291005449,https://en.wikipedia.org/wiki/Two_Door_Cinema_Club,http://www.last.fm/music/Two+Door+Cinema+Club,https://musicbrainz.org/artist/6f1de078-6684-4792-820d-2ffad64c15ed,Music,Rock,Pop,32
K8vZ91714h7,K8vZ91714h7|https://www.ticketmaster.com/vans-warped-tour-tickets/artist/807329,Vans Warped Tour,attraction,https://www.ticketmaster.com/vans-warped-tour-tickets/artist/807329,https://s1.ticketm.net/dam/a/171/d878a4b2-a9e4-4b2a-a9f3-8e5b1ef71171_SOURCE,https://open.spotify.com/user/warpedtour,https://www.instagram.com/vanswarpedtour/?hl=en,https://www.youtube.com/channel/UCkSjRbpnE-4xYx7rPgFT13g,https://www.facebook.com/vanswarpedtour/,https://www.vanswarpedtour.com/,https://twitter.com/vanswarpedtour?lang=en,,,,,Music,Undefined,Undefined,9
K8vZ917CD4V,K8vZ917CD4V|https://www.ticketmaster.com/omd-tickets/artist/1541803,OMD,attraction,https://www.ticketmaster.com/omd-tickets/artist/1541803,https://s1.ticketm.net/dam/a/5e8/7037370d-b629-4dce-8c5e-e13ade2f55e8_SOURCE,https://open.spotify.com/artist/7wJ9NwdRWtN92NunmXuwBk,https://www.instagram.com/omdhq/,https://www.youtube.com/user/OMDenglishelectric,https://www.facebook.com/omdofficial/,https://www.omd.uk.com,https://twitter.com/officialomd,https://music.apple.com/us/artist/orchestral-manoeuvres-in-the-dark/74157865,,,https://musicbrainz.org/artist/6d072aa8-c851-49c5-92f9-cbca05f4bed9,Music,Pop,Pop,9
K8vZ917hET7,K8vZ917hET7|https://www.ticketmaster.com/young-miko-tickets/artist/3048303,Young Miko,attraction,https://www.ticketmaster.com/young-miko-tickets/artist/3048303,https://s1.ticketm.net/dam/a/e01/bbe557c0-5c71-49b8-97da-f9b79d64de01_SOURCE,,,,,,,,,,https://musicbrainz.org/artist/c4442130-e7f2-40aa-bcab-b921cc45a365,Music,Latin,Latin,17
K8vZ917112V,K8vZ917112V|https://www.ticketmaster.com/caifanes-tickets/artist/754827,Caifanes,attraction,https://www.ticketmaster.com/caifanes-tickets/artist/754827,https://s1.ticketm.net/dam/a/7c8/63fa579e-2920-4f90-98f7-c5a8f16897c8_SOURCE,https://open.spotify.com/artist/1GImnM7WYVp95431ypofy9?autoplay=true,https://www.instagram.com/caifanesmex/,,https://www.facebook.com/CaifanesMex/,http://www.caifanes.com.mx/,https://twitter.com/CAIFANESMEX,https://music.apple.com/us/artist/caifanes/168944293,https://en.wikipedia.org/wiki/Caifanes,,https://musicbrainz.org/artist/77814bfb-f1b0-47fd-8492-65d6f72c246d,Music,World,Latin,9
K8vZ917pr90,K8vZ917pr90|https://www.ticketmaster.com/louis-tomlinson-tickets/artist/2434835,Louis Tomlinson,attraction,https://www.ticketmaster.com/louis-tomlinson-tickets/artist/2434835,https://s1.ticketm.net/dam/a/872/e49703f3-9430-445f-ab8a-1150685d5872_SOURCE,https://open.spotify.com/artist/57WHJIHrjOE3iAxpihhMnp,https://www.instagram.com/louist91/,https://www.youtube.com/channel/UCBSxVE6JoMg0WXvpm47OS3g,https://www.facebook.com/louis.tomlinson,https://www.louis-tomlinson.com/,https://twitter.com/Louis_Tomlinson,https://music.apple.com/us/artist/louis-tomlinson/471260295,https://en.wikipedia.org/wiki/Louis_Tomlinson,https://www.last.fm/music/Louis+Tomlinson,https://musicbrainz.org/artist/6d390061-b3cd-4db3-b905-e56b7f5357fd,Music,Rock,Pop,2
K8vZ91712cf,K8vZ91712cf|https://www.ticketmaster.com/scorpions-tickets/artist/736062,Scorpions,attraction,https://www.ticketmaster.com/scorpions-tickets/artist/736062,https://s1.ticketm.net/dam/a/ceb/17b224ca-ceb8-408c-b172-f282a2d0dceb_SOURCE,https://open.spotify.com/artist/27T030eWyCQRmDyuvr1kxY?autoplay=true,https://www.instagram.com/scorpions/,https://www.youtube.com/user/ScorpionsOfficial,https://www.facebook.com/Scorpions,http://www.the-scorpions.com/,https://twitter.com/scorpions,https://music.apple.com/us/artist/scorpions/602212,,https://www.last.fm/music/Scorpions,https://musicbrainz.org/artist/c3cceeed-3332-4cf0-8c4c-bbde425147b6,Music,Rock,Pop,13
K8vZ917C3NV,K8vZ917C3NV|https://www.ticketmaster.com/electric-daisy-carnival-tickets/artist/1329224,Electric Daisy Carnival,attraction,https://www.ticketmaster.com/electric-daisy-carnival-tickets/artist/1329224,https://s1.ticketm.net/dam/a/6d9/c19dd9ba-99e3-4579-8eef-062f5c1da6d9_SOURCE,,,,,,@edc_lasvegas,,,,,Music,Dance/Electronic,Club Dance,3
K8vZ9173vmf,K8vZ9173vmf|https://www.ticketmaster.com/jungle-tickets/artist/1947184,Jungle,attraction,https://www.ticketmaster.com/jungle-tickets/artist/1947184,https://s1.ticketm.net/dam/a/c79/fbb62bfa-1574-49a9-a03c-8609ff490c79_SOURCE,https://open.spotify.com/artist/59oA5WbbQvomJz2BuRG071,https://www.instagram.com/jungle4eva/,https://www.youtube.com/channel/UCR4a2QKvUuLvLGA6M5MM2ew,https://www.facebook.com/jungle4eva,https://www.junglejunglejungle.com/,https://twitter.com/jungle4eva,https://music.apple.com/us/artist/jungle/825833522,,,https://musicbrainz.org/artist/3dd6a140-4526-4792-94dd-ba271e6ed041,Music,R&B,Soul,39
K8vZ917CAcV,K8vZ917CAcV|https://www.ticketmaster.com/sports-tickets/artist/1561125,Sports,attraction,https://www.ticketmaster.com/sports-tickets/artist/1561125,https://s1.ticketm.net/dam/a/352/4326e8ee-5a47-4278-bdbe-fa479cdcf352_SOURCE,https://open.spotify.com/artist/4AGNJdJiVltImYk1UTLE0K,https://www.instagram.com/sportsband/,https://www.youtube.com/channel/UCr6Bv4M4Jsec9Xrc9lBOT7A,https://www.facebook.com/sportsband,https://sportsbandok.com,https://twitter.com/sportsband,https://music.apple.com/us/artist/sports/1074016247,,,https://musicbrainz.org/artist/b03bbf4e-4c7a-4acc-8d30-71c360d95b4b,Music,Dance/Electronic,Club Dance,16
K8vZ9175pMV,K8vZ9175pMV|https://www.ticketmaster.com/los-angeles-azules-tickets/artist/1039844,Los Angeles Azules,attraction,https://www.ticketmaster.com/los-angeles-azules-tickets/artist/1039844,https://s1.ticketm.net/dam/a/194/7033e55d-71d0-437f-a7d1-dd73113ef194_SOURCE,https://open.spotify.com/artist/0ZCO8oVkMj897cKgFH7fRW,https://www.instagram.com/angelesazulesmx/,https://www.youtube.com/channel/UCYTPYsuIRSu7o9xmeB_L4_g,https://www.facebook.com/angelesazulesmx,https://www.losangelesazules.com.mx,https://twitter.com/angelesazulesmx,https://music.apple.com/us/artist/los-ángeles-azules/3500477,,,https://musicbrainz.org/artist/dcb5e5c6-5f21-4266-b5b6-556f54a6b6b5,Music,World,Latin,11
K8vZ9175tWf,K8vZ9175tWf|https://www.ticketmaster.com/apocalyptica-tickets/artist/783820,Apocalyptica,attraction,https://www.ticketmaster.com/apocalyptica-tickets/artist/783820,https://s1.ticketm.net/dam/a/88f/b1bace0d-fc9b-42a8-9370-382f5badc88f_SOURCE,https://open.spotify.com/artist/4Lm0pUvmisUHMdoky5ch2I,https://www.instagram.com/apocalypticaofficial/,https://www.youtube.com/user/ApocalypticaVideos,https://www.facebook.com/Apocalyptica,http://www.apocalyptica.com/,https://twitter.com/apocalypticafi,https://music.apple.com/us/artist/apocalyptica/411644,https://en.wikipedia.org/wiki/Apocalyptica,http://www.last.fm/music/Apocalyptica,https://musicbrainz.org/artist/788ad31c-bf0c-4a31-83f8-b8b130d79c76,Music,Rock,Pop,4
K8vZ917j_s0,K8vZ917j_s0|https://www.ticketmaster.com/palomazo-norteno-tickets/artist/3017427,Palomazo Norteno,attraction,https://www.ticketmaster.com/palomazo-norteno-tickets/artist/3017427,https://s1.ticketm.net/dam/a/ba1/a452ef6c-f545-4ed8-a43f-9202c4cefba1_SOURCE,,,,,,,,,,,Music,Latin,Latin,10
K8vZ9171sp7,K8vZ9171sp7|https://www.ticketmaster.com/hombres-g-tickets/artist/754993,Hombres G,attraction,https://www.ticketmaster.com/hombres-g-tickets/artist/754993,https://s1.ticketm.net/dam/a/4b5/b33bdbb8-fafe-4369-b941-0dcc98aa84b5_SOURCE,https://open.spotify.com/artist/60uh2KYYSCqAgJNxcU4DA0,https://www.instagram.com/hombresgnet/,https://www.youtube.com/channel/UCUy2dLke7p-puCayGSWRydQ,https://www.facebook.com/hombresgnet,http://www.hombresg.net/,https://twitter.com/hombresgnet,https://music.apple.com/us/artist/hombres-g/725400,https://en.wikipedia.org/wiki/Hombres_G,,https://musicbrainz.org/artist/8b1628a7-130a-4faf-96d8-2418bd9043c2,Music,Pop,Pop Rock,26
K8vZ9172820,K8vZ9172820|https://www.ticketmaster.com/romeo-santos-tickets/artist/1670057,Romeo Santos,attraction,https://www.ticketmaster.com/romeo-santos-tickets/artist/1670057,https://s1.ticketm.net/dam/a/293/2f0e1940-9199-4a23-9ae3-7bc4db123293_SOURCE,https://open.spotify.com/artist/5lwmRuXgjX8xIwlnauTZIP,https://www.instagram.com/romeosantos/,https://www.youtube.com/user/RomeoSantosVEVO,https://www.facebook.com/RomeoSantosOfficial,,https://twitter.com/RomeoSantosPage,https://music.apple.com/us/artist/romeo-santos/434832774,https://en.wikipedia.org/wiki/Romeo_Santos,,https://musicbrainz.org/artist/35f343df-3b87-4475-b0e4-d2ba5cc26eea,Music,World,Latin,3
K8vZ917Gzdf,K8vZ917Gzdf|https://www.ticketmaster.com/prince-royce-tickets/artist/1483792,Prince Royce,attraction,https://www.ticketmaster.com/prince-royce-tickets/artist/1483792,https://s1.ticketm.net/dam/a/926/8b367d85-3eef-40b2-9574-054d3a4fd926_SOURCE,https://open.spotify.com/artist/3MHaV05u0io8fQbZ2XPtlC?si=BV63NWWrTY2gziVOtx6tSA&nd=1,https://www.instagram.com/princeroyce/,https://www.youtube.com/channel/UCAMpOm4QAk15tLyjuBNtQyg,https://www.facebook.com/princeroyce,https://www.princeroyce.com/,https://twitter.com/princeroyce,https://music.apple.com/us/artist/prince-royce/333299061,https://en.wikipedia.org/wiki/Prince_Royce,,https://musicbrainz.org/artist/d1689304-23ac-4eae-a147-bd2e4100581a,Music,World,Latin,3
K8vZ917Q93f,K8vZ917Q93f|https://www.ticketmaster.com/eden-munoz-tickets/artist/2878367,Edén Muñoz,attraction,https://www.ticketmaster.com/eden-munoz-tickets/artist/2878367,https://s1.ticketm.net/dam/a/23a/6494ce4f-490d-4c24-9244-6a42e6f5f23a_SOURCE,,,,,,,,,,https://musicbrainz.org/artist/a040fae5-844c-4014-9e05-2175e0d80a51,Music,Latin,Latin,11
K8vZ917p5tf,K8vZ917p5tf|https://www.ticketmaster.com/rawayana-tickets/artist/2334749,Rawayana,attraction,https://www.ticketmaster.com/rawayana-tickets/artist/2334749,https://s1.ticketm.net/dam/a/316/525f0ed8-7730-4797-90a5-01b1c4c21316_SOURCE,,,,,,,,,,https://musicbrainz.org/artist/7de398f0-b4cf-476d-ac60-41d47d3511ca,Music,Pop,Pop,33
K8vZ917urLV,K8vZ917urLV|https://www.ticketmaster.com/matute-tickets/artist/1515851,Matute,attraction,https://www.ticketmaster.com/matute-tickets/artist/1515851,https://s1.ticketm.net/dam/a/739/88645416-a38e-4a1a-8e56-b625d0742739_SOURCE,https://open.spotify.com/artist/6z7mf1FeKhq3GFy73o6PvC?autoplay=true,https://www.instagram.com/matutemx/,https://www.youtube.com/user/MatuteOficial,https://www.facebook.com/MATUTEmx,,https://twitter.com/MATUTEmx,https://music.apple.com/ca/artist/matute/643331041,,,https://musicbrainz.org/artist/ed495541-ecf2-4173-b3d6-a6379b268f0c,Music,Undefined,Undefined,11
K8vZ9171x47,K8vZ9171x47|https://www.ticketmaster.com/travis-tickets/artist/723651,Travis,attraction,https://www.ticketmaster.com/travis-tickets/artist/723651,https://s1.ticketm.net/dam/a/24d/efd2c043-a788-409d-866b-76d87272424d_SOURCE,https://open.spotify.com/artist/3bUwxJgNakzYKkqAVgZLlh,https://www.instagram.com/travistheband/,https://www.youtube.com/user/travistheband,https://www.facebook.com/travistheband,https://travisonline.com,https://twitter.com/travisband,https://music.apple.com/us/artist/travis/475835,https://en.wikipedia.org/wiki/Travis_(band),https://www.last.fm/music/Travis,https://musicbrainz.org/artist/960607c6-b0e3-483d-be67-8232eb50eb95,Music,Rock,Pop,2
K8vZ917fIvV,K8vZ917fIvV|https://www.ticketmaster.com/san-holo-tickets/artist/2232022,San Holo,attraction,https://www.ticketmaster.com/san-holo-tickets/artist/2232022,https://s1.ticketm.net/dam/a/9d1/0f0c84c7-8471-4717-bcb5-5faf1506a9d1_SOURCE,https://open.spotify.com/artist/0jNDKefhfSbLR9sFvcPLHo,https://instagram.com/sanholobeats,https://www.youtube.com/user/sanholobeats,https://www.facebook.com/sanholobeats,https://sanholo.com/,https://twitter.com/sanholobeats,https://itunes.apple.com/nl/artist/id630923298,https://en.wikipedia.org/wiki/San_Holo,https://www.last.fm/music/The+Wombats,https://musicbrainz.org/artist/23101701-cecf-4c9b-9b4c-d6a249eac118,Music,Dance/Electronic,Dance/Electronic,18
K8vZ917hI7V,K8vZ917hI7V|https://www.ticketmaster.com/atarashii-gakko-tickets/artist/3048651,ATARASHII GAKKO!,attraction,https://www.ticketmaster.com/atarashii-gakko-tickets/artist/3048651,https://s1.ticketm.net/dam/a/9e5/734d915d-09ff-49d5-adb3-ad031c89d9e5_SOURCE,,,,,,,,,,https://musicbrainz.org/artist/12a43a61-e31a-4cac-92a6-c95ce9cdfe3c,Music,Pop,Japanese Pop,1
K8vZ9175YN7,K8vZ9175YN7|https://www.ticketmaster.com/gloria-trevi-tickets/artist/956252,Gloria Trevi,attraction,https://www.ticketmaster.com/gloria-trevi-tickets/artist/956252,https://s1.ticketm.net/dam/a/37c/594dbb42-dffd-466f-9c0b-c32bbef6737c_SOURCE,https://open.spotify.com/artist/1Db5GsIoVWYktPoD2nnPZZ,https://www.instagram.com/gloriatrevi,https://www.youtube.com/user/MundoTreviTV,https://www.facebook.com/GloriaTreviOficial,,https://twitter.com/gloriatrevi,https://music.apple.com/us/artist/gloria-trevi/6711586,https://en.wikipedia.org/wiki/Gloria_Trevi,,https://musicbrainz.org/artist/f5b33d1b-e8bc-444e-bc5c-490473aa0f50,Music,Latin,Latin Pop,3
K8vZ91718R0,K8vZ91718R0|https://www.ticketmaster.com/david-byrne-tickets/artist/734679,David Byrne,attraction,https://www.ticketmaster.com/david-byrne-tickets/artist/734679,https://s1.ticketm.net/dam/a/bf0/0c028b99-dbef-4410-9b77-f4f32415dbf0_SOURCE,https://open.spotify.com/artist/20vuBdFblWUo2FCOvUzusB,https://www.instagram.com/davidbyrneofficial/,https://www.youtube.com/user/DavidByrneMusic,https://www.facebook.com/pages/David-Byrne/112716445405669,http://davidbyrne.com/,https://twitter.com/dbtodomundo,https://itunes.apple.com/us/artist/id47192943,https://en.wikipedia.org/wiki/David_Byrne,,https://musicbrainz.org/artist/d4659efb-b8eb-4f03-95e9-f69ce35967a9,Music,Rock,Alternative Rock,23
K8vZ917bV3f,K8vZ917bV3f|https://www.ticketmaster.com/hayley-williams-tickets/artist/2733627,Hayley Williams,attraction,https://www.ticketmaster.com/hayley-williams-tickets/artist/2733627,https://s1.ticketm.net/dam/a/bf6/9169658d-c617-4329-80b6-c234d637fbf6_SOURCE,https://open.spotify.com/artist/6Rx1JKzBrSzoKQtmbVmBnM?si=1t4xXWrqSAu548IabikNXg&nd=1,https://www.instagram.com/yelyahwilliams/,https://www.youtube.com/channel/UCoGbSChtzhQ4r1toYPmeiSA,https://www.facebook.com/hayleywilliams,https://www.hayleywilliams.com/,,https://music.apple.com/us/artist/hayley-williams/256673270,,,https://musicbrainz.org/artist/b4b5b5a7-feff-47d0-9458-83d0d135a692,Music,Pop,Pop,30
K8vZ9172pgf,K8vZ9172pgf|https://www.ticketmaster.com/mannequin-pussy-tickets/artist/1682822,Mannequin Pussy,attraction,https://www.ticketmaster.com/mannequin-pussy-tickets/artist/1682822,https://s1.ticketm.net/dam/a/883/535a0d54-4284-4325-bcb5-b0ed2d293883_SOURCE,https://open.spotify.com/artist/33yje3hgpNfdXpqdJQcrt9,https://www.instagram.com/mannequinpussy/,https://www.youtube.com/channel/UCT4j-47nOnRXe3anK7NWNqA,https://www.facebook.com/mannequinpword,https://mannequinpussy.com,https://twitter.com/mannequinpussy,https://music.apple.com/us/artist/mannequin-pussy/536709225,,,https://musicbrainz.org/artist/e160f589-dbe6-4b8f-88b5-f528ff4443b4,Music,Pop,Pop,32
K8vZ9171G_0,K8vZ9171G_0|https://www.ticketmaster.com/slayer-tickets/artist/736135,Slayer,attraction,https://www.ticketmaster.com/slayer-tickets/artist/736135,https://s1.ticketm.net/dam/a/b31/36956980-f95a-406a-a9d3-a1130f5ceb31_SOURCE,,,,,,@slayer,,,,,Music,Metal,Heavy Metal,5
K8vZ917uBif,K8vZ917uBif|https://www.ticketmaster.com/power-trip-tickets/artist/1546947,Power Trip,attraction,https://www.ticketmaster.com/power-trip-tickets/artist/1546947,https://s1.ticketm.net/dam/a/1c4/e7e54953-1f7c-4127-a6a6-d9b061d231c4_SOURCE,https://open.spotify.com/artist/3TmaQHOfq1olDKHtE38zYT?autoplay=true,https://www.instagram.com/powertriptx/,,https://www.facebook.com/powertripTX,,https://twitter.com/PowerTripTX,,,,https://musicbrainz.org/artist/7f179acc-d6eb-4ca9-af90-c14e397fb613,Music,Rock,Alternative Rock,3
K8vZ9173pH7,K8vZ9173pH7|https://www.ticketmaster.com/tove-lo-tickets/artist/1983301,Tove Lo,attraction,https://www.ticketmaster.com/tove-lo-tickets/artist/1983301,https://s1.ticketm.net/dam/a/ca4/d6945d03-98e5-4cee-b6e9-4fcbbc60bca4_SOURCE,https://open.spotify.com/artist/4NHQUGzhtTLFvgF5SZesLK,https://instagram.com/tovelo/,https://www.youtube.com/channel/UCN7gplqpfnrT-mxjoTR4ENg,https://www.facebook.com/tovelo,http://www.tove-lo.com/,https://twitter.com/ToveLo,https://itunes.apple.com/artist/id570136838,https://en.wikipedia.org/wiki/Tove_Lo,http://www.last.fm/music/Tove+Lo,https://musicbrainz.org/artist/56756959-1e78-429c-b897-e1d056cb0225,Music,Pop,Pop,19
K8vZ9175Taf,K8vZ9175Taf|https://www.ticketmaster.com/david-bisbal-tickets/artist/890644,David Bisbal,attraction,https://www.ticketmaster.com/david-bisbal-tickets/artist/890644,https://s1.ticketm.net/dam/a/1d1/65a47f8e-6696-4003-a33c-179363c8c1d1_SOURCE,https://open.spotify.com/artist/5gOJTI4TusSENizxhcG7jB,https://www.instagram.com/davidbisbal/,https://www.youtube.com/user/davidbisbal,https://www.facebook.com/davidbisbal,http://www.davidbisbal.com/,https://twitter.com/davidbisbal,https://music.apple.com/ca/artist/david-bisbal/19815831,https://en.wikipedia.org/wiki/David_Bisbal,,https://musicbrainz.org/artist/95c8b6b7-1e24-4987-804c-024f6b05cd91,Music,Pop,Latin Pop,9
K8vZ917G7y7,K8vZ917G7y7|https://www.ticketmaster.com/soda-stereo-tickets/artist/1138263,Soda Stereo,attraction,https://www.ticketmaster.com/soda-stereo-tickets/artist/1138263,https://s1.ticketm.net/dam/a/2be/44b99f52-1658-4f5a-b761-6ff55c2ba2be_SOURCE,https://open.spotify.com/artist/7An4yvF7hDYDolN4m5zKBp?autoplay=true,https://www.instagram.com/sodastereo/,https://www.youtube.com/sodastereo,https://www.facebook.com/sodastereo,http://www.sodastereo.com/,https://twitter.com/sodastereo,https://music.apple.com/us/artist/soda-stereo/302907,https://en.wikipedia.org/wiki/Soda_Stereo,http://www.last.fm/music/Soda+Stereo,https://musicbrainz.org/artist/3f8a5e5b-c24b-4068-9f1c-afad8829e06b,Music,Rock,Pop,6
K8vZ9172rxV,K8vZ9172rxV|https://www.ticketmaster.com/jessie-ware-tickets/artist/1695927,Jessie Ware,attraction,https://www.ticketmaster.com/jessie-ware-tickets/artist/1695927,https://s1.ticketm.net/dam/a/954/54d13bc4-8136-4bbc-910a-f82751b17954_SOURCE,https://open.spotify.com/artist/5Mq7iqCWBzofK39FBqblNc,http://instagram.com/jessieware,http://www.youtube.com/user/JessieWareVEVO,https://www.facebook.com/jessiewaremusic,http://jessieware.com/,https://twitter.com/jessieware,https://music.apple.com/gb/artist/jessie-ware/471286553,https://en.wikipedia.org/wiki/Jessie_Ware,http://www.last.fm/music/Jessie+Ware,https://musicbrainz.org/artist/6ed40778-8d03-4a5c-ad35-93cf814627c9,Music,Rock,Pop,21
K8vZ917QfR0,K8vZ917QfR0|https://www.ticketmaster.com/dhruv-tickets/artist/2860056,dhruv,attraction,https://www.ticketmaster.com/dhruv-tickets/artist/2860056,https://s1.ticketm.net/dam/a/a1f/68a20ddf-eb8a-4a2c-bf20-1d98032fba1f_SOURCE,https://open.spotify.com/artist/70NcAr4ZtA3FAqU16iQZSb?si=-Ctu7bH5RQuWsPDTEnKzYw,https://www.instagram.com/dhrvie/?hl=en,https://www.youtube.com/channel/UCGqoKUzBhSu87BOtqWapGFQ,https://www.facebook.com/Dhruv-105756385274805,https://dhrvie.com/,https://twitter.com/dhrvie,,,,https://musicbrainz.org/artist/57f8c80b-7255-4913-a096-713c6c6c51b4,Music,Pop,Pop,8
K8vZ917C2p7,K8vZ917C2p7|https://www.ticketmaster.com/cannons-tickets/artist/1574861,Cannons,attraction,https://www.ticketmaster.com/cannons-tickets/artist/1574861,https://s1.ticketm.net/dam/a/fc6/3bb1b959-d48a-4ad1-b917-20a58b9a7fc6_SOURCE,,,https://www.youtube.com/channel/UCq5ePOCJ5iYJEUQgojeGh8A,https://www.facebook.com/cannonstheband,https://www.cannonstheband.com,,,,,https://musicbrainz.org/artist/74b5dd4e-46df-47e5-8d08-f83e670a575c,Music,Rock,Punk,18
K8vZ917ubUV,K8vZ917ubUV|https://www.ticketmaster.com/the-vaccines-tickets/artist/1509836,The Vaccines,attraction,https://www.ticketmaster.com/the-vaccines-tickets/artist/1509836,https://s1.ticketm.net/dam/a/834/29c71ded-66d3-40db-b5cf-e71329858834_SOURCE,https://open.spotify.com/artist/0Ak6DLKHtpR6TEEnmcorKA,http://instagram.com/thevaccines,https://www.youtube.com/user/thevaccinesUK,https://www.facebook.com/thevaccines,http://www.thevaccines.co.uk/,https://twitter.com/TheRealVaccines,https://music.apple.com/us/artist/the-vaccines/5184234,https://en.wikipedia.org/wiki/The_Vaccines,http://www.last.fm/music/The+Vaccines,https://musicbrainz.org/artist/aa76ec08-45ab-4724-9411-d80b0e59ac59,Music,Rock,Pop,11
K8vZ917Kzef,K8vZ917Kzef|https://www.ticketmaster.com/the-neighbourhood-tickets/artist/2164718,The Neighbourhood,attraction,https://www.ticketmaster.com/the-neighbourhood-tickets/artist/2164718,https://s1.ticketm.net/dam/a/39f/bf4dafec-1365-42eb-aaa0-7be19943839f_SOURCE,https://open.spotify.com/artist/77SW9BnxLY8rJ0RciFqkHh?autoplay=true,https://www.instagram.com/thenbhd/,https://www.youtube.com/user/theneighbourhoodtube,https://www.facebook.com/TheNeighbourhood,http://thenbhd.com/,https://twitter.com/thenbhd,https://music.apple.com/us/artist/the-neighbourhood/219350813,https://en.wikipedia.org/wiki/The_Neighbourhood,http://www.last.fm/music/The+Neighbourhood,https://musicbrainz.org/artist/97b8d224-5660-419c-8dff-4b3bf0c33983,Music,Rock,Pop,39
K8vZ917pkj7,K8vZ917pkj7|https://www.ticketmaster.com/test-artist-tickets/artist/2385688,Test artist,attraction,https://www.ticketmaster.com/test-artist-tickets/artist/2385688,https://s1.ticketm.net/dam/a/f9c/e65a87b2-0f94-4046-b6af-439b6b8b8f9c_SOURCE,,http://www.instagram.com/test,,http://www.facebook.com/test,http://www.google.com,http://www.twitter.com/test,,,http://www.last.fm/test,,Music,Pop,Pop,28
K8vZ9178SO0,K8vZ9178SO0|https://www.ticketmaster.com/rhye-tickets/artist/1828422,Rhye,attraction,https://www.ticketmaster.com/rhye-tickets/artist/1828422,https://s1.ticketm.net/dam/a/a7f/fda1bf4b-dc6a-43a7-8659-015dffb34a7f_SOURCE,https://open.spotify.com/artist/2AcUPzkVWo81vumdzeLLRN?autoplay=true,https://www.instagram.com/rhye/?hl=en,https://www.youtube.com/user/RhyeVEVO,https://www.facebook.com/RhyeMusic,http://www.rhyemusic.com/,https://twitter.com/Rhyemusic,https://music.apple.com/us/artist/rhye/490808665,https://en.wikipedia.org/wiki/Rhye,,https://musicbrainz.org/artist/aa914efa-d6cb-4816-906f-8edafb08418e,Music,Rock,Pop,9
K8vZ917p6Ef,K8vZ917p6Ef|https://www.ticketmaster.com/bandmaid-tickets/artist/2390135,BAND-MAID,attraction,https://www.ticketmaster.com/bandmaid-tickets/artist/2390135,https://s1.ticketm.net/dam/a/962/d2e28c30-6a66-4097-9374-9e13e0ef4962_SOURCE,https://open.spotify.com/artist/5Wh3G01Xfxn2zzEZNpuYHH?autoplay=true,https://www.instagram.com/bandmaid.jp/,https://www.youtube.com/channel/UCJToUvYrmkmTCR-bluEaQfA,https://www.facebook.com/bandmaid/,https://bandmaid.tokyo/,https://twitter.com/bandmaid,https://music.apple.com/ca/artist/band-maid/1102275947,,,https://musicbrainz.org/artist/51dca3ab-7618-4816-9353-ac417462bb51,Music,Rock,Pop,6
K8vZ917_NsV,K8vZ917_NsV|https://www.ticketmaster.com/annie-dirusso-tickets/artist/2815032,Annie DiRusso,attraction,https://www.ticketmaster.com/annie-dirusso-tickets/artist/2815032,https://s1.ticketm.net/dam/a/68d/11713193-47b0-4d75-8a65-ccbd2b00568d_SOURCE,https://open.spotify.com/artist/58jk0945bnQBG9xfij6hHw?si=u9qv-H9cTCan2-7XFsDizg&dl_branch=1,https://www.instagram.com/anniedirusso/?hl=en,,https://www.facebook.com/anniedirusso/,https://www.anniedirusso.com/,https://twitter.com/AnnieDirusso,,,,https://musicbrainz.org/artist/9bd720ab-3aec-4ab0-b363-3a465ee65026,Music,Folk,Folk,2
K8vZ917GmVf,K8vZ917GmVf|https://www.ticketmaster.com/beach-fossils-tickets/artist/1478549,Beach Fossils,attraction,https://www.ticketmaster.com/beach-fossils-tickets/artist/1478549,https://s1.ticketm.net/dam/a/29a/6c4d15e8-2066-42a7-9deb-14878404e29a_SOURCE,https://open.spotify.com/artist/1bwUhKRmEkOZ1wuTnV9XjC,http://instagram.com/beachfossilsnyc,https://www.youtube.com/channel/UCd1WQeK3yT4JH-RB0kMeHuQ,https://www.facebook.com/beachfossils,http://www.beachfossils.com/,https://twitter.com/beachfossils,https://music.apple.com/us/artist/beach-fossils/351950953,https://en.wikipedia.org/wiki/Beach_Fossils,,https://musicbrainz.org/artist/3df3818e-7984-4c62-bee3-81f95f8c6651,Music,Rock,Pop,1
K8vZ9172MA0,K8vZ9172MA0|https://www.ticketmaster.com/lp-tickets/artist/903365,LP,attraction,https://www.ticketmaster.com/lp-tickets/artist/903365,https://s1.ticketm.net/dam/a/6ef/67eeb68d-efaf-46d8-9e34-02502489b6ef_SOURCE,https://open.spotify.com/artist/0J7U24vlOOIeMpuaO6Q85A,https://www.instagram.com/iamlpofficial/,https://www.youtube.com/iamlp,https://www.facebook.com/iamLP,http://www.iamlp.com/,https://twitter.com/iamlp,https://music.apple.com/us/artist/lp/516169807,https://en.wikipedia.org/wiki/LP_(singer),https://www.last.fm/music/L.P.,https://musicbrainz.org/artist/6301cda3-f614-4501-a1c4-b19b27c2efac,Music,Rock,Alternative Rock,46
K8vZ917Kuy0,K8vZ917Kuy0|https://www.ticketmaster.com/kabah-tickets/artist/2091034,Kabah,attraction,https://www.ticketmaster.com/kabah-tickets/artist/2091034,https://s1.ticketm.net/dam/a/083/7895746a-8d41-48c6-ba54-5546d3def083_SOURCE,,,,,,,,,,,Music,Rock,Pop,1
K8vZ9171u5f,K8vZ9171u5f|https://www.ticketmaster.com/belinda-carlisle-tickets/artist/734702,Belinda Carlisle,attraction,https://www.ticketmaster.com/belinda-carlisle-tickets/artist/734702,https://s1.ticketm.net/dam/a/261/15324bcd-bce2-4207-9904-b491143b3261_SOURCE,https://open.spotify.com/artist/7xkAwz0bQTGDSbkofyQt3U?autoplay=tr,https://www.instagram.com/travels_with_mrs_mason/,https://www.youtube.com/user/BelindaCarlisleTV,https://www.facebook.com/BelindaCarlisleOfficial,,,https://music.apple.com/us/artist/belinda-carlisle/98871,https://en.wikipedia.org/wiki/Belinda_Carlisle,http://www.last.fm/music/Belinda+Carlisle,https://musicbrainz.org/artist/2925aac9-5474-4030-b8a3-4151107010b2,Music,Rock,Pop,4
K8vZ9171CjV,K8vZ9171CjV|https://www.ticketmaster.com/joan-osborne-tickets/artist/774666,Joan Osborne,attraction,https://www.ticketmaster.com/joan-osborne-tickets/artist/774666,https://s1.ticketm.net/dam/a/baf/c00a3259-6af3-43b4-92cb-1024a27b0baf_SOURCE,http://open.spotify.com/artist/0djV4iaxhNfYWpH60ia85o,http://www.instagram.com/joan_osborne,http://www.youtube.com/channel/UC_lMTzzH40asLrlii4N6wxw,https://www.facebook.com/joanosbornemusic,http://www.joanosborne.com/,https://twitter.com/joan_osborne,https://music.apple.com/ca/artist/joan-osborne/107838,https://en.wikipedia.org/wiki/Joan_Osborne,http://www.last.fm/music/Joan%20Osborne,https://musicbrainz.org/artist/746916c9-fd36-44e6-823d-03185e596f58,Music,Rock,Pop,3
K8vZ9175DZV,K8vZ9175DZV|https://www.ticketmaster.com/peter-bjorn-and-john-tickets/artist/1104811,Peter Bjorn and John,attraction,https://www.ticketmaster.com/peter-bjorn-and-john-tickets/artist/1104811,https://s1.ticketm.net/dam/a/7d2/77a20180-0337-4e87-ae4f-388f9531f7d2_SOURCE,https://open.spotify.com/artist/6u11Qbko2N2hP4lTBYjX86?autoplay=true,https://www.instagram.com/peterbjornjohn,https://www.youtube.com/user/PeterBjornAndJohn,https://www.facebook.com/peterbjornandjohn,http://www.peterbjornandjohn.com/,https://twitter.com/PeterBjornJohn,https://music.apple.com/us/artist/peter-bjorn-and-john/80867677,https://en.wikipedia.org/wiki/Peter_Bjorn_and_John,http://www.last.fm/music/Peter+Bjorn+and+John,https://musicbrainz.org/artist/32a83250-7e26-422d-b9ac-f4564343e9ce,Music,Rock,Pop,5
K8vZ917LqeV,K8vZ917LqeV|https://www.ticketmaster.com/la-cantadera-tickets/artist/4278004,La Cantadera,attraction,https://www.ticketmaster.com/la-cantadera-tickets/artist/4278004,https://s1.ticketm.net/dam/a/970/18328a76-257e-49dc-976e-d7ea8b1d9970_SOURCE,,https://www.instagram.com/lacantadera/,,,,,,,,,Music,Rock,Pop,2
K8vZ917q4gf,K8vZ917q4gf|https://www.ticketmaster.com/surfistas-del-sistema-tickets/artist/3330764,Surfistas del Sistema,attraction,https://www.ticketmaster.com/surfistas-del-sistema-tickets/artist/3330764,https://s1.ticketm.net/dam/a/bea/45876230-6b79-4e8f-8760-f019b6a31bea_SOURCE,,,https://www.youtube.com/channel/UC0orJ-QeaNcsXaLvCZCebvQ,,,,,,,,Music,Rock,Pop,3
K8vZ917Lcsf,K8vZ917Lcsf|https://www.ticketmaster.com/carnival-of-kiss-tickets/artist/4358654,Carnival of KISS,attraction,https://www.ticketmaster.com/carnival-of-kiss-tickets/artist/4358654,https://s1.ticketm.net/dam/a/114/54f4de53-b797-460c-b240-8b715826b114_SOURCE,,https://www.instagram.com/carnivalofkiss/,,,,,,,,,Music,Rock,Classic Rock,1
K8vZ917O_jV,K8vZ917O_jV|https://www.ticketmaster.com/emilia-borlone-tickets/artist/4464799,Emilia Borlone,attraction,https://www.ticketmaster.com/emilia-borlone-tickets/artist/4464799,https://s1.ticketm.net/dam/a/c69/63fb44b2-6dc3-4042-8248-d222561dcc69_SOURCE,,,,https://www.facebook.com/TeatroBenitoJuarez/posts/pfbid02nF6G1gbn2Us8FB8UPsBeevs4A1JibjjvMvmN7dB3RCjGieUf9DUZj8tq1fEfs5wHl,,,,,,,Music,Pop,Latin Pop,0
K8vZpZAelAFk,K8vZpZAelAFk|https://www.ticketmaster.com/metawin-opasiamkajorn-tickets/artist/4494179,Metawin Opas-iamkajorn,attraction,https://www.ticketmaster.com/metawin-opasiamkajorn-tickets/artist/4494179,https://s1.ticketm.net/dam/a/512/ade0a13d-1b82-4243-a9f3-6a7b0d6cf512_SOURCE,,https://www.instagram.com/winmetawin/,,,,,,,,,Music,Pop,Taiwanese Pop,6
K8vZ917Lfg0,K8vZ917Lfg0|https://www.ticketmaster.com/sr-bikini-tickets/artist/4218584,Sr. Bikini,attraction,https://www.ticketmaster.com/sr-bikini-tickets/artist/4218584,https://s1.ticketm.net/dam/a/91d/b4f79e83-9bdc-4f15-8d27-9647fd13c91d_SOURCE,https://open.spotify.com/intl-es/artist/1BtFs6l5AAFQ8FV5SHiz1J,,,,,,,,,,Music,Rock,Surf,1
K8vZ917G4U7,K8vZ917G4U7|https://www.ticketmaster.com/ivan-ferreiro-tickets/artist/57853,Iván Ferreiro,attraction,https://www.ticketmaster.com/ivan-ferreiro-tickets/artist/57853,https://s1.ticketm.net/dam/a/7a5/04c6c380-75d6-4220-ae63-f128de6997a5_SOURCE,https://open.spotify.com/artist/3qUrABCNqnkb5gc2YmPVzP,https://www.instagram.com/ivanferreiro/,https://www.youtube.com/user/IVANFERREIRO,https://www.facebook.com/ivanferreiro.oficial,http://www.ivanferreiro.es,https://mobile.twitter.com/ivanferreiro,https://music.apple.com/us/artist/iván-ferreiro/75940789,,,,Music,Rock,Pop,3
K8vZ917jgY7,K8vZ917jgY7|https://www.ticketmaster.com/ana-sofi-w-tickets/artist/3165013,Ana Sofi W,attraction,https://www.ticketmaster.com/ana-sofi-w-tickets/artist/3165013,https://s1.ticketm.net/dam/a/408/36af5204-b23d-4d99-b69e-68a7d94e0408_SOURCE,,https://www.instagram.com/anasofiw/,,,,,,,,,Music,Pop,Pop,2
K8vZ917jpJf,K8vZ917jpJf|https://www.ticketmaster.com/tan-bionica-tickets/artist/3107784,Tan Biónica,attraction,https://www.ticketmaster.com/tan-bionica-tickets/artist/3107784,https://s1.ticketm.net/dam/a/66c/35defb96-1493-4544-844c-5d56cbac066c_SOURCE,,,,,,,,,,https://musicbrainz.org/artist/35e07a06-0e27-4fe4-a5c1-11b315f48d04,Music,Rock,Pop,3
K8vZ9179ck0,K8vZ9179ck0|https://www.ticketmaster.com/bengala-tickets/artist/2575892,Bengala,attraction,https://www.ticketmaster.com/bengala-tickets/artist/2575892,https://s1.ticketm.net/dam/a/0b7/408c3969-e2a3-44b1-9c5a-87a05415f0b7_SOURCE,,,,,,,,,,,Music,Rock,Indie Rock,3
K8vZ9173Fc7,K8vZ9173Fc7|https://www.ticketmaster.com/the-unreal-tickets/artist/1959792,The Unreal,attraction,https://www.ticketmaster.com/the-unreal-tickets/artist/1959792,https://s1.ticketm.net/dam/a/f2f/91323796-4290-42df-ae73-1c81b1043f2f_SOURCE,,,,,,,,,,,Music,Rock,Pop,1
K8vZ917_9_7,K8vZ917_9_7|https://www.ticketmaster.com/marco-mares-tickets/artist/2783813,Marco Mares,attraction,https://www.ticketmaster.com/marco-mares-tickets/artist/2783813,https://s1.ticketm.net/dam/a/87a/7840250b-cade-4ca9-9f7b-353c79a2487a_SOURCE,,,,,,,,,,,Music,Rock,Pop,2
K8vZ917KlL0,K8vZ917KlL0|https://www.ticketmaster.com/rebel-cats-tickets/artist/2143173,Rebel Cats,attraction,https://www.ticketmaster.com/rebel-cats-tickets/artist/2143173,https://s1.ticketm.net/dam/a/efe/0423785e-0786-4bc4-a750-e104da20befe_SOURCE,,,,,,@rebel_cats,,,,,Music,Rock,Rockabilly,1
K8vZ9171ISV,K8vZ9171ISV|https://www.ticketmaster.com/jessica-simpson-tickets/artist/776470,Jessica Simpson,attraction,https://www.ticketmaster.com/jessica-simpson-tickets/artist/776470,https://s1.ticketm.net/dam/a/3fa/e97ab4f5-6633-4de0-b185-4ebec4e013fa_SOURCE,,,,,,@JessicaSimpson,,,,,Music,Rock,Pop,1
K8vZ91740af,K8vZ91740af|https://www.ticketmaster.com/hija-de-la-luna-tickets/artist/2304875,Hija de la Luna,attraction,https://www.ticketmaster.com/hija-de-la-luna-tickets/artist/2304875,https://s1.ticketm.net/dam/a/fb1/03e0ad86-ea36-431e-a845-75ba45335fb1_SOURCE,,,,,,,,,,,Music,Pop,Pop Rock,1
K8vZ9171aq0,K8vZ9171aq0|https://www.ticketmaster.com/mecano-tickets/artist/755078,Mecano,attraction,https://www.ticketmaster.com/mecano-tickets/artist/755078,https://s1.ticketm.net/dam/c/548/5fefbd1c-973b-4b0e-9b2e-d78e4ce37548_106111_TABLET_LANDSCAPE_LARGE_16_9.jpg,,,,,,,,,,,Music,World,World,1
K8vZ917qe1f,K8vZ917qe1f|https://www.ticketmaster.com/denisse-de-kalafe-tickets/artist/3179265,Denisse de Kalafe,attraction,https://www.ticketmaster.com/denisse-de-kalafe-tickets/artist/3179265,https://s1.ticketm.net/dam/a/6bd/d6dde2a1-e7ec-4f3e-9b67-7ed79de446bd_SOURCE,,,,,,,,,,,Music,Pop,Latin Pop,1
K8vZ9172VC0,K8vZ9172VC0|https://www.ticketmaster.com/lost-acapulco-tickets/artist/1732790,Lost Acapulco,attraction,https://www.ticketmaster.com/lost-acapulco-tickets/artist/1732790,https://s1.ticketm.net/dam/a/5f2/c4b05552-a3d3-41e3-a5b0-db437f29a5f2_SOURCE,,,,,,,,,,,Music,Rock,Rock,1
K8vZ917hhTf,K8vZ917hhTf|https://www.ticketmaster.com/nicole-zignago-tickets/artist/3023605,Nicole Zignago,attraction,https://www.ticketmaster.com/nicole-zignago-tickets/artist/3023605,https://s1.ticketm.net/dam/a/741/d6614f84-3c0e-4ca7-85b8-3684c85d3741_SOURCE,,,,,,,,,,,Music,Pop,Latin Pop,3
K8vZ917-ag0,K8vZ917-ag0|https://www.ticketmaster.com/ltd-rock-tickets/artist/4602096,LTD Rock,attraction,https://www.ticketmaster.com/ltd-rock-tickets/artist/4602096,https://s1.ticketm.net/dam/a/bee/6ad72175-4be6-4234-b3e8-f68926478bee_SOURCE,,https://www.instagram.com/ltd_rock,,,,,,,,,Music,Rock,Rock,1
K8vZ917OcIf,K8vZ917OcIf|https://www.ticketmaster.com/la-santisima-voladora-tickets/artist/4537159,La Santisima Voladora,attraction,https://www.ticketmaster.com/la-santisima-voladora-tickets/artist/4537159,https://s1.ticketm.net/dam/a/9d7/ce00401a-affe-4d12-adcc-60e9b34709d7_SOURCE,,https://www.instagram.com/lasantisimavoladora/,,,,,,,,,Music,Rock,Rock,1
K8vZ917Gfg7,K8vZ917Gfg7|https://www.ticketmaster.com/jorge-drexler-tickets/artist/1331860,Jorge Drexler,attraction,https://www.ticketmaster.com/jorge-drexler-tickets/artist/1331860,https://s1.ticketm.net/dam/a/f7f/f2115424-9056-44c3-b847-60c08a21ef7f_SOURCE,https://open.spotify.com/artist/4ssUf5gLb1GBLxi1BhPrVt,https://www.instagram.com/drexlerjorge/,https://www.youtube.com/channel/UCh9gFyjZsmt_Fz3QXO_5fVA,https://www.facebook.com/JorgeDrexlerOficial/,http://jorgedrexler.com/,https://twitter.com/drexlerjorge,https://music.apple.com/us/artist/jorge-drexler/16421943,https://en.wikipedia.org/wiki/Jorge_Drexler,,https://musicbrainz.org/artist/abb91078-f7db-41f2-8f07-7f37bb739143,Music,Rock,Pop,6
K8vZ917G6i0,K8vZ917G6i0|https://www.ticketmaster.com/tatiana-tickets/artist/1170760,Tatiana,attraction,https://www.ticketmaster.com/tatiana-tickets/artist/1170760,https://s1.ticketm.net/dam/a/e12/6065d723-62c1-4dd1-a976-62cf40adfe12_SOURCE,https://open.spotify.com/artist/60alJNnwGVBdNXrx4kOfW0,https://www.instagram.com/oficial.tatiana,https://www.youtube.com/user/TatilandiaTV,https://www.facebook.com/Oficial.Tatiana,http://www.tatiana.tv/,https://twitter.com/tatianapalacios,https://music.apple.com/mx/artist/tatiana/87203,https://en.wikipedia.org/wiki/Tatiana_(singer),,https://musicbrainz.org/artist/3e3bc3d5-3100-48b3-b232-a474ba5075a9,Music,Pop,Pop,3
K8vZ917rmt7,K8vZ917rmt7|https://www.ticketmaster.com/adela-tickets/artist/4002524,ADÉLA,attraction,https://www.ticketmaster.com/adela-tickets/artist/4002524,https://s1.ticketm.net/dam/a/c02/dd24057d-2450-45e7-9add-f515ce518c02_SOURCE,https://open.spotify.com/artist/2qanRMyA5bNuTvz1dK45OP,,,,,,,,,,Music,Pop,Pop,25
K8vZ9173pN0,K8vZ9173pN0|https://www.ticketmaster.com/airbag-tickets/artist/1982102,Airbag,attraction,https://www.ticketmaster.com/airbag-tickets/artist/1982102,https://s1.ticketm.net/dam/a/9e9/00a81873-59b8-4d58-972a-a9d30b15e9e9_SOURCE,https://open.spotify.com/artist/1wKDGglKV4FsFS85r2Dmpr?si=y6MRcYiwQk-dooePxoQv2A,http://www.instagram.com/AIRBAG.OFICIAL,https://www.youtube.com/Airbagrock,https://www.facebook.com/AIRBAG.OFICIAL,http://www.airbag.la,https://twitter.com/airbaginfo,,,,https://musicbrainz.org/artist/2449e126-0046-4457-93a1-42b6425cb63d,Music,Rock,Pop,7
K8vZ917OatV,K8vZ917OatV|https://www.ticketmaster.com/los-autenticos-caligaris-tickets/artist/4436384,Los Autenticos Caligaris,attraction,https://www.ticketmaster.com/los-autenticos-caligaris-tickets/artist/4436384,https://s1.ticketm.net/dam/a/1e2/51badef6-3633-4159-9920-5c5dc0e141e2_SOURCE,,https://www.instagram.com/p/DYF3r_gj-4p/,,,,,,,,,Music,Rock,Pop,3
K8vZ917G697,K8vZ917G697|https://www.ticketmaster.com/los-autenticos-decadentes-tickets/artist/1166448,Los Auténticos Decadentes,attraction,https://www.ticketmaster.com/los-autenticos-decadentes-tickets/artist/1166448,https://s1.ticketm.net/dam/a/c1c/d2e0cd88-c945-4862-b2d4-63dd82babc1c_SOURCE,https://open.spotify.com/artist/3HrbmsYpKjWH1lzhad7alj,https://www.instagram.com/autenticosdecadentes/,https://www.youtube.com/channel/UCOFm_j0F5igEmydrjg1mMHw,https://www.facebook.com/AutenticosDecadentes/,https://www.losautenticosdecadentes.com.ar,https://twitter.com/LADecadentes,https://music.apple.com/us/artist/los-auténticos-decadentes/180334665,,,https://musicbrainz.org/artist/2d6d27d3-b18b-4436-b174-b155ca917ab6,Music,Rock,Pop,3
K8vZ917rCdf,K8vZ917rCdf|https://www.ticketmaster.com/los-caligaris-tickets/artist/3715869,Los Caligaris,attraction,https://www.ticketmaster.com/los-caligaris-tickets/artist/3715869,https://s1.ticketm.net/dam/a/519/d90afd8d-752d-47a3-bbeb-7800cd613519_SOURCE,,https://www.instagram.com/loscaligarisoficial/,,,,,,,,,Music,Latin,Latin Electronica,3
K8vZ917KM7f,K8vZ917KM7f|https://www.ticketmaster.com/trex-tickets/artist/2163852,Trex,attraction,https://www.ticketmaster.com/trex-tickets/artist/2163852,https://s1.ticketm.net/dam/a/be4/d43f196b-eca0-4aee-9f82-c82543b0ebe4_SOURCE,,,,,,,,,,,Music,Rock,Pop,1
K8vZ917LZL7,K8vZ917LZL7|https://www.ticketmaster.com/leire-martinez-tickets/artist/4124479,Leire Martínez,attraction,https://www.ticketmaster.com/leire-martinez-tickets/artist/4124479,https://s1.ticketm.net/dam/a/a51/b809dcd6-44a9-4df2-bcec-f255455c0a51_SOURCE,https://open.spotify.com/intl-es/artist/0B0esAjCSSwycZDx1bhpmD,,,,,,,,,,Music,Pop,Pop,2
K8vZ917_b6f,K8vZ917_b6f|https://www.ticketmaster.com/pancho-varona-tickets/artist/2789111,Pancho Varona,attraction,https://www.ticketmaster.com/pancho-varona-tickets/artist/2789111,https://s1.ticketm.net/dam/a/364/fff3edec-7706-4638-95fc-1c84856e8364_SOURCE,,,,,,,,,,,Music,Pop,Pop,1
K8vZ9178Kpf,K8vZ9178Kpf|https://www.ticketmaster.com/dld-tickets/artist/1780240,DLD,attraction,https://www.ticketmaster.com/dld-tickets/artist/1780240,https://s1.ticketm.net/dam/a/227/95f5ff61-5cb7-4657-899c-f60cca11a227_SOURCE,,,,,,,,,,,Music,Rock,Pop,1
K8vZ917rnF7,K8vZ917rnF7|https://www.ticketmaster.com/diezell-tickets/artist/3959299,Diezell,attraction,https://www.ticketmaster.com/diezell-tickets/artist/3959299,https://s1.ticketm.net/dam/a/3c2/9a31638f-c899-4d10-a6e1-18f3bfd2f3c2_SOURCE,,https://www.instagram.com/diezellmx/,,,,,,,,,Music,Rock,Rock,1
K8vZ917G6ff,K8vZ917G6ff|https://www.ticketmaster.com/babasonicos-tickets/artist/837396,Babasonicos,attraction,https://www.ticketmaster.com/babasonicos-tickets/artist/837396,https://s1.ticketm.net/dam/a/e64/e9f5b852-ed63-4011-8e1e-82fbdcd3fe64_SOURCE,https://open.spotify.com/artist/2F9pvj94b52wGKs0OqiNi2,https://www.instagram.com/babasonicos/,https://www.youtube.com/user/BabasonicosVEVO,https://www.facebook.com/BabasonicosOficial,http://www.babasonicos.com/,https://twitter.com/babasonicos,https://music.apple.com/us/artist/babas%C3%B3nicos/142116459,https://en.wikipedia.org/wiki/Babas%C3%B3nicos,http://www.last.fm/music/Babas%C3%B3nicos,https://musicbrainz.org/artist/e6e1e76f-afee-4990-aad0-056199d94918,Music,Rock,Pop,2
K8vZ917qBwf,K8vZ917qBwf|https://www.ticketmaster.com/arde-bogota-tickets/artist/3529989,Arde Bogota,attraction,https://www.ticketmaster.com/arde-bogota-tickets/artist/3529989,https://s1.ticketm.net/dam/a/22c/3c22e7dd-8052-4ec6-bad6-3714981c622c_SOURCE,https://open.spotify.com/artist/2Wwiu1wnq1W8AMYbWuRFDH,,,,,,,,,,Music,Rock,Rock,2
K8vZ917q5Y7,K8vZ917q5Y7|https://www.ticketmaster.com/maria-san-felipe-tickets/artist/3260144,María San Felipe,attraction,https://www.ticketmaster.com/maria-san-felipe-tickets/artist/3260144,https://s1.ticketm.net/dam/a/4b3/945f0317-532f-4f25-a1b4-cfc6c1f514b3_SOURCE,,https://www.instagram.com/mariasanfelipemusica/,,,,,,,,,Music,Pop,Pop,1
K8vZ917GCbf,K8vZ917GCbf|https://www.ticketmaster.com/la-gusana-ciega-tickets/artist/710790,La Gusana Ciega,attraction,https://www.ticketmaster.com/la-gusana-ciega-tickets/artist/710790,https://s1.ticketm.net/dam/a/4ad/4984a6b9-09d7-42b0-ba25-2412caa544ad_SOURCE,https://open.spotify.com/artist/4bx914GWsNvshDzfYNSKjY,https://www.instagram.com/lagusanaciega,https://www.youtube.com/user/lagusanaciegaoficial,https://www.facebook.com/lagusanaciega,http://www.lagusana.com.mx/,https://twitter.com/lagusanaciega,https://music.apple.com/us/artist/la-gusana-ciega/135564,https://en.wikipedia.org/wiki/La_Gusana_Ciega,http://www.last.fm/music/La%20Gusana%20Ciega,https://musicbrainz.org/artist/4db93f32-5462-4fdd-8046-aa925efc5a61,Music,Rock,Pop,1
K8vZ917G6yf,K8vZ917G6yf|https://www.ticketmaster.com/benny-tickets/artist/1170934,Benny,attraction,https://www.ticketmaster.com/benny-tickets/artist/1170934,https://s1.ticketm.net/dam/a/575/d90b84e0-7aaf-47ff-85c5-b65fe9190575_SOURCE,,,,,,,,,,,Music,Rock,Pop,1
K8vZ917O7Hf,K8vZ917O7Hf|https://www.ticketmaster.com/luisa-vox-tickets/artist/4415834,Luisa Vox,attraction,https://www.ticketmaster.com/luisa-vox-tickets/artist/4415834,https://s1.ticketm.net/dam/a/438/36ff0616-02a4-4610-8860-c402373cc438_SOURCE,,,https://www.youtube.com/channel/UC8qDake4YZiZnS_henYfgcg,,,,,,,,Music,Rock,Rock,1
K8vZ917GG27,K8vZ917GG27|https://www.ticketmaster.com/playa-limbo-tickets/artist/1224881,Playa Limbo,attraction,https://www.ticketmaster.com/playa-limbo-tickets/artist/1224881,https://s1.ticketm.net/dam/a/7c4/89381f01-ee31-4d62-ac7e-c85e2b0f17c4_SOURCE,,,,,,,,,,,Music,Pop,Pop,1
K8vZ917q517,K8vZ917q517|https://www.ticketmaster.com/katseye-tickets/artist/3259344,KATSEYE,attraction,https://www.ticketmaster.com/katseye-tickets/artist/3259344,https://s1.ticketm.net/dam/a/86d/a6af5508-491b-4be2-b04a-cbdf1776a86d_SOURCE,,https://www.instagram.com/katseyeworld/,,,https://www.katseye.world/,,,,,https://musicbrainz.org/artist/abbf7d85-9a7f-4a6c-80bd-bf71f2c7d520,Music,Pop,Pop,37
K8vZ917q7sV,K8vZ917q7sV|https://www.ticketmaster.com/kudai-tickets/artist/3189438,Kudai,attraction,https://www.ticketmaster.com/kudai-tickets/artist/3189438,https://s1.ticketm.net/dam/a/88e/2c27cd98-65d8-4cd7-8bc0-d65f20ef488e_SOURCE,,,https://www.youtube.com/watch,,,,,,,,Music,Rock,Pop,1
K8vZ917OgP0,K8vZ917OgP0|https://www.ticketmaster.com/nikki-clan-tickets/artist/4538904,Nikki Clan,attraction,https://www.ticketmaster.com/nikki-clan-tickets/artist/4538904,https://s1.ticketm.net/dam/a/4e7/14d799bb-c207-4319-96ec-08ad8a84e4e7_SOURCE,,https://www.instagram.com/nikkiclanoficial/,,,,,,,,,Music,Rock,Pop,1
K8vZ917jDpV,K8vZ917jDpV|https://www.ticketmaster.com/disco-bahia-tickets/artist/3173306,Disco Bahía,attraction,https://www.ticketmaster.com/disco-bahia-tickets/artist/3173306,https://s1.ticketm.net/dam/a/366/a4fecba8-f56a-467b-8c5d-14a55ff12366_SOURCE,,https://www.instagram.com/disco_bahia/,,,,,,,,,Music,Pop,Pop,1
K8vZ917Od97,K8vZ917Od97|https://www.ticketmaster.com/electrify-tickets/artist/4403274,Electrify,attraction,https://www.ticketmaster.com/electrify-tickets/artist/4403274,https://s1.ticketm.net/dam/c/fbc/b293c0ad-c904-4215-bc59-8d7f2414dfbc_106141_TABLET_LANDSCAPE_LARGE_16_9.jpg,https://open.spotify.com/intl-es/artist/4Hf6DxoplRHxpz1Mh2DRDi,,,,,,,,,,Music,Rock,Rock,1
K8vZ9178pS0,K8vZ9178pS0|https://www.ticketmaster.com/los-daniels-tickets/artist/1785768,Los Daniels,attraction,https://www.ticketmaster.com/los-daniels-tickets/artist/1785768,https://s1.ticketm.net/dam/a/64a/88888252-8e01-401c-9362-12b970a8c64a_SOURCE,https://open.spotify.com/artist/6wAdcWMCHvamfged5FsKBD?autoplay=true,,https://www.youtube.com/channel/UCHorKgbYuYQQZBL_7o3KC9Q,https://www.facebook.com/los.daniels,,https://twitter.com/losdaniels,https://music.apple.com/ca/artist/los-daniels/395576937,https://en.wikipedia.org/wiki/Los_Daniels,,https://musicbrainz.org/artist/de5a3b0b-c5c0-425a-9d7c-d0d675c8ae45,Music,World,Latin,1
K8vZ91719Wf,K8vZ91719Wf|https://www.ticketmaster.com/afi-tickets/artist/783767,AFI,attraction,https://www.ticketmaster.com/afi-tickets/artist/783767,https://s1.ticketm.net/dam/a/750/7b144a9f-0e6c-4f6e-8d95-c91a29506750_SOURCE,https://open.spotify.com/artist/19I4tYiChJoxEO5EuviXpz,https://www.instagram.com/afireinside/,https://www.youtube.com/user/afireinside,https://www.facebook.com/afireinside,http://afireinside.net/,https://twitter.com/afi,https://music.apple.com/us/artist/afi/3447440,https://en.wikipedia.org/wiki/AFI_(band),http://www.last.fm/music/AFI,https://musicbrainz.org/artist/1c3919b2-43ca-4a4a-935d-9d50135ec0ef,Music,Rock,Alternative Rock,21
K8vZ917G4k7,K8vZ917G4k7|https://www.ticketmaster.com/fangoria-tickets/artist/1371463,Fangoria,attraction,https://www.ticketmaster.com/fangoria-tickets/artist/1371463,https://s1.ticketm.net/dam/a/47c/bab4a9e1-2562-40d2-ba27-1745844fc47c_SOURCE,https://open.spotify.com/artist/7CJiKj8TrQSms0WSCKbHm4?autoplay=true,https://www.instagram.com/fangoriaoficial/,,https://www.facebook.com/FangoriaWarner,http://www.fangoriaoficial.com/,https://twitter.com/FangoriaWarner,https://music.apple.com/us/artist/fangoria/23969109,https://en.wikipedia.org/wiki/Fangoria_(band),,https://musicbrainz.org/artist/0579e174-f377-4fbb-a3bf-db7ddc7aabb1,Music,Rock,Pop,1
K8vZ917fB_V,K8vZ917fB_V|https://www.ticketmaster.com/andres-suarez-tickets/artist/2254509,Andres Suarez,attraction,https://www.ticketmaster.com/andres-suarez-tickets/artist/2254509,https://s1.ticketm.net/dam/a/186/bf381179-5d27-4f27-b1bf-78f4c0687186_SOURCE,,,,,,,,,,,Music,Pop,Pop,1
K8vZ9175rEf,K8vZ9175rEf|https://www.ticketmaster.com/hilary-duff-tickets/artist/882305,Hilary Duff,attraction,https://www.ticketmaster.com/hilary-duff-tickets/artist/882305,https://s1.ticketm.net/dam/a/85e/86bc6e24-ec1c-4f48-b942-47ce6d97385e_SOURCE,,https://www.instagram.com/hilaryduff/,,,https://www.hilaryduff.com/,@HilaryDuff,,,,,Music,Pop,Pop,32
K8vZ9175mu7,K8vZ9175mu7|https://www.ticketmaster.com/black-label-society-tickets/artist/857623,Black Label Society,attraction,https://www.ticketmaster.com/black-label-society-tickets/artist/857623,https://s1.ticketm.net/dam/a/197/5f1295dd-f818-41ce-83b4-50db41750197_SOURCE,https://open.spotify.com/artist/0zfT626RwO6zN3RDYeRit5?autoplay=true,,https://www.youtube.com/user/BLSOfficial,https://www.facebook.com/blacklabelsociety,http://blacklabelsociety.com/,,https://music.apple.com/us/artist/black-label-society/2778807,https://en.wikipedia.org/wiki/Black_Label_Society,,https://musicbrainz.org/artist/a8e935c6-3fcc-414c-900c-77e8170e7e7c,Music,Rock,Alternative Rock,49
K8vZ9174edf,K8vZ9174edf|https://www.ticketmaster.com/morat-tickets/artist/2261438,Morat,attraction,https://www.ticketmaster.com/morat-tickets/artist/2261438,https://s1.ticketm.net/dam/a/41d/b9617687-1aa1-4b14-b170-57f42c72141d_SOURCE,https://open.spotify.com/artist/5C4PDR4LnhZTbVnKWXuDKD?si=V4djhJbXQUWh4_zlOBf3QA&nd=1,https://www.instagram.com/morat/,https://www.youtube.com/channel/UCvQwfdlOR55OO82gFWJCnWQ,https://www.facebook.com/moratoficial,https://www.moratoficial.com/,https://twitter.com/moratbanda,https://music.apple.com/us/artist/morat/955657302,,,https://musicbrainz.org/artist/664f5669-a550-49fc-a38c-951594ddc9a4,Music,Pop,Pop Rock,39
K8vZ917Kit0,K8vZ917Kit0|https://www.ticketmaster.com/mon-laferte-tickets/artist/2144574,Mon Laferte,attraction,https://www.ticketmaster.com/mon-laferte-tickets/artist/2144574,https://s1.ticketm.net/dam/a/2ca/a1771aa9-0c8d-40f3-9b91-f5a7064762ca_SOURCE,https://open.spotify.com/artist/4boI7bJtmB1L3b1cuL75Zr?autoplay=true,https://www.instagram.com/monlaferte,https://www.youtube.com/user/Monlaferte,https://www.facebook.com/monlaferte,,https://twitter.com/monlaferte,https://music.apple.com/ca/artist/mon-laferte/447436990,https://en.wikipedia.org/wiki/Mon_Laferte,,https://musicbrainz.org/artist/ab966c0f-e526-46ae-b492-82c27b87f81f,Music,Pop,Latin Pop,29
K8vZ917f0v7,K8vZ917f0v7|https://www.ticketmaster.com/caloncho-tickets/artist/2228528,Caloncho,attraction,https://www.ticketmaster.com/caloncho-tickets/artist/2228528,https://s1.ticketm.net/dam/a/5d7/7f16ad95-d4b3-4843-8698-239800f4f5d7_SOURCE,,,,,,,,,,,Music,Alternative,Alternative,3
K8vZ917hy0f,K8vZ917hy0f|https://www.ticketmaster.com/elias-medina-tickets/artist/3075671,Elías Medina,attraction,https://www.ticketmaster.com/elias-medina-tickets/artist/3075671,https://s1.ticketm.net/dam/a/a77/49048a5f-a62e-41c8-8723-5f9947d4aa77_SOURCE,,,,,,,,,,,Music,Pop,Pop,11
K8vZ917pDpV,K8vZ917pDpV|https://www.ticketmaster.com/the-midnight-tickets/artist/2485101,The Midnight,attraction,https://www.ticketmaster.com/the-midnight-tickets/artist/2485101,https://s1.ticketm.net/dam/a/304/9b806ecf-1166-42c4-8769-52ea85b10304_SOURCE,https://open.spotify.com/artist/2NFrAuh8RQdQoS7iYFbckw,https://www.instagram.com/themidnightofficial/,https://www.youtube.com/channel/UC-sM_PLqzgktdUcW2LEKKkQ,https://www.facebook.com/TheMidnightOfficial/,https://www.themidnightofficial.com/,https://twitter.com/themidnightla,https://music.apple.com/us/artist/the-midnight/925515043,https://en.wikipedia.org/wiki/The_Midnight,https://www.last.fm/music/The+Midnight,https://musicbrainz.org/artist/46eb0fb7-9725-43af-97d7-6c717682a799,Music,Pop,Synth Pop,24
K8vZ917ji4V,K8vZ917ji4V|https://www.ticketmaster.com/sombr-tickets/artist/3144534,Sombr,attraction,https://www.ticketmaster.com/sombr-tickets/artist/3144534,https://s1.ticketm.net/dam/a/0b8/d1bc79bb-d6e6-4735-bc5c-190572eec0b8_SOURCE,https://open.spotify.com/artist/4G9NDjRyZFDlJKMRL8hx3S,https://www.instagram.com/somb.r/,,https://www.facebook.com/s0mbr/,https://www.sombrmusic.com/,,,,,https://musicbrainz.org/artist/502cf908-9921-48bc-bf0e-265c881c0156,Music,Alternative,Indie Rock,47
K8vZ9179uW0,K8vZ9179uW0|https://www.ticketmaster.com/king-princess-tickets/artist/2511622,King Princess,attraction,https://www.ticketmaster.com/king-princess-tickets/artist/2511622,https://s1.ticketm.net/dam/a/449/4d46422b-bd5a-4f2f-954d-c33eddb29449_TABLET_LANDSCAPE_LARGE_16_9.jpg,https://open.spotify.com/artist/6beUvFUlKliUYJdLOXNj9C,https://www.instagram.com/kingprincess69/,https://www.youtube.com/channel/UCd3ucTRSzlJYkANVcg73Dcw,https://www.facebook.com/KingPrincess69/,https://www.kingprincessmusic.com,https://twitter.com/kingprincess69,https://music.apple.com/us/artist/king-princess/1349968534,,,https://musicbrainz.org/artist/158778fe-55c1-4dd5-8a3a-9d1b968a5e52,Music,Pop,Pop,3
K8vZ917qARV,K8vZ917qARV|https://www.ticketmaster.com/jimmy-sea-tickets/artist/3194168,Jimmy Sea,attraction,https://www.ticketmaster.com/jimmy-sea-tickets/artist/3194168,https://s1.ticketm.net/dam/a/c5c/b20eef53-cd6d-40a3-889d-02435aed2c5c_SOURCE,,,https://www.youtube.com/watch,,,,,,,,Music,Pop,Taiwanese Pop,6
K8vZ917CUD0,K8vZ917CUD0|https://www.ticketmaster.com/siddhartha-tickets/artist/1629841,Siddhartha,attraction,https://www.ticketmaster.com/siddhartha-tickets/artist/1629841,https://s1.ticketm.net/dam/a/4b4/cf43650a-ec71-4722-aa9e-aeb1a25754b4_SOURCE,https://open.spotify.com/artist/2aqFBHOpM9uIgBpUsdq09x,https://www.instagram.com/iamsiddhartha,https://www.youtube.com/yosoysiddhartha,https://www.facebook.com/pages/Siddhartha/31009538851,,https://twitter.com/iamsiddhartha,https://music.apple.com/us/artist/siddhartha/1147002714,,,https://musicbrainz.org/artist/8245ec59-3254-4277-869c-e657fdb1123d,Music,Rock,Alternative Rock,10
K8vZ9171QKV,K8vZ9171QKV|https://www.ticketmaster.com/blonde-redhead-tickets/artist/781296,Blonde Redhead,attraction,https://www.ticketmaster.com/blonde-redhead-tickets/artist/781296,https://s1.ticketm.net/dam/a/958/06d4e1d2-1297-4340-b736-ab4e69b10958_SOURCE,https://open.spotify.com/artist/5isqImG0rLfAgBJSPMEVXF?autoplay=true,http://instagram.com/blonderedheadofficial,http://youtube.com/blonderedhead,https://www.facebook.com/blonderedheadofficial,http://blonde-redhead.com/,https://twitter.com/BlondeRedhead,https://music.apple.com/ca/artist/blonde-redhead/6112096,https://en.wikipedia.org/wiki/Blonde_Redhead,http://www.last.fm/music/Blonde+Redhead,https://musicbrainz.org/artist/6821bf3f-5d5b-4b0f-8fa4-79d2ab2d9219,Music,Rock,Alternative Rock,4
K8vZ917h4M0,K8vZ917h4M0|https://www.ticketmaster.com/cuarteto-de-nos-tickets/artist/1397894,Cuarteto de Nos,attraction,https://www.ticketmaster.com/cuarteto-de-nos-tickets/artist/1397894,https://s1.ticketm.net/dam/a/9dc/c703f039-22c1-4057-9d08-3567df8d19dc_SOURCE,,,,,,,,,,,Music,Alternative,Alternative Rock,1
K8vZ917pj27,K8vZ917pj27|https://www.ticketmaster.com/giant-rooks-tickets/artist/2430981,Giant Rooks,attraction,https://www.ticketmaster.com/giant-rooks-tickets/artist/2430981,https://s1.ticketm.net/dam/a/4bc/ee88d212-d32c-449d-adac-4cbda04764bc_SOURCE,https://open.spotify.com/artist/5wD0owYApRtYmjPWavWKvb,https://www.instagram.com/giantrooksmusic/,https://www.youtube.com/channel/UCzIi0O2b-T0M2GF0xe_5eEA/feed,https://www.facebook.com/giantrooks,https://www.giant-rooks.com,https://twitter.com/giantrooksmusic,https://music.apple.com/de/artist/giant-rooks/1181446985,,,https://musicbrainz.org/artist/917f3950-9a2a-4c0b-804c-06b1ffddd0c5,Music,Alternative,Indie Pop,13
K8vZ917_6ef,K8vZ917_6ef|https://www.ticketmaster.com/geese-tickets/artist/2768569,Geese,attraction,https://www.ticketmaster.com/geese-tickets/artist/2768569,https://s1.ticketm.net/dam/a/c25/70b5b47a-6ee8-4bd3-831a-3560d11e7c25_SOURCE,,,,,,,,,,,Music,Alternative,Alternative Rock,55
K8vZ9171Qvf,K8vZ9171Qvf|https://www.ticketmaster.com/los-amigos-invisibles-tickets/artist/800300,Los Amigos Invisibles,attraction,https://www.ticketmaster.com/los-amigos-invisibles-tickets/artist/800300,https://s1.ticketm.net/dam/a/119/027dc809-fae6-4e82-9057-b37529a2f119_SOURCE,https://open.spotify.com/artist/5x3mrCTZmkoTXURN7pWdGN,https://www.instagram.com/amgsinvisibles/,https://www.youtube.com/user/GozaderaRecords,https://www.facebook.com/LosAmigosInvisiblesUSA,http://www.amigosinvisibles.com/,https://twitter.com/AmgsInvisibles,https://music.apple.com/us/artist/los-amigos-invisibles/4511792,https://en.wikipedia.org/wiki/Los_Amigos_Invisibles,,https://musicbrainz.org/artist/c694bf65-83e9-47d5-aeb3-bb68f78ef981,Music,Alternative,Indie Rock,2
K8vZ9171lTV,K8vZ9171lTV|https://www.ticketmaster.com/lifehouse-tickets/artist/762555,Lifehouse,attraction,https://www.ticketmaster.com/lifehouse-tickets/artist/762555,https://s1.ticketm.net/dam/a/034/f0f8da01-33d9-4fca-8170-bffbad1de034_SOURCE,https://open.spotify.com/artist/5PokPZn11xzZXyXSfnvIM3,https://www.instagram.com/lifehouse/,https://www.youtube.com/user/LifehouseVEVO,https://www.facebook.com/lifehouse,http://www.lifehousemusic.com/,https://twitter.com/lifehouse,https://music.apple.com/us/artist/lifehouse/3447393,https://en.wikipedia.org/wiki/Lifehouse_(band),http://www.last.fm/music/Lifehouse,https://musicbrainz.org/artist/04591295-6d94-45cb-b6c7-1ae17c6f380e,Music,Rock,Alternative Rock,4
K8vZ917bqI7,K8vZ917bqI7|https://www.ticketmaster.com/dimash-qudaibergen-tickets/artist/2682294,Dimash Qudaibergen,attraction,https://www.ticketmaster.com/dimash-qudaibergen-tickets/artist/2682294,https://s1.ticketm.net/dam/a/a35/b3af2412-66f4-46ba-b328-9f916fc3ea35_SOURCE,,,,,,,,,,https://musicbrainz.org/artist/1582904d-c174-4b36-8608-861360e9325d,Music,Pop,Pop,5
K8vZ917uMNV,K8vZ917uMNV|https://www.ticketmaster.com/miami-horror-tickets/artist/1543461,Miami Horror,attraction,https://www.ticketmaster.com/miami-horror-tickets/artist/1543461,https://s1.ticketm.net/dam/a/290/356720b3-3909-45cf-8172-c0eb96c37290_SOURCE,https://open.spotify.com/artist/0Z5pcmXDCKTrFWLnDChC37,https://www.instagram.com/miamihorror/,https://www.youtube.com/channel/UCi6npYM3xgDR-ohvXeDtIPw,https://www.facebook.com/miamihorror,http://www.miamihorror.com/,https://twitter.com/Miami_Horror,https://music.apple.com/us/artist/miami-horror/292306267,https://en.wikipedia.org/wiki/Miami_Horror,,https://musicbrainz.org/artist/fa92553b-3cd5-4876-a7db-1d9dfcdf9fa9,Music,Rock,Alternative Rock,2
K8vZ917rb57,K8vZ917rb57|https://www.ticketmaster.com/dpr-cream-dpr-artic-tickets/artist/3804309,DPR CREAM & DPR ARTIC,attraction,https://www.ticketmaster.com/dpr-cream-dpr-artic-tickets/artist/3804309,https://s1.ticketm.net/dam/a/3b0/02dcf3f1-da2c-4c40-a8b7-29e49ee863b0_SOURCE,,,,,,,,,,,Music,Dance/Electronic,Dance Pop,1
K8vZ917rQo0,K8vZ917rQo0|https://www.ticketmaster.com/aot-the-last-concert-tickets/artist/3811499,AOT The Last Concert,attraction,https://www.ticketmaster.com/aot-the-last-concert-tickets/artist/3811499,https://s1.ticketm.net/dam/a/fcb/f58ef9b1-8d2b-4b8e-bf6b-d8cd4eb19fcb_SOURCE,,,,https://www.facebook.com/RedOrquestaMX/videos/aot-the-last-concert-vol-1/9736137009788965/,,,,,,,Music,Alternative,Alternative Rock,3
K8vZ917r4e0,K8vZ917r4e0|https://www.ticketmaster.com/yoon-san-ha-tickets/artist/3771279,Yoon San Ha,attraction,https://www.ticketmaster.com/yoon-san-ha-tickets/artist/3771279,https://s1.ticketm.net/dam/a/9ef/33c1c690-717d-4d7e-bbb3-a6a7f96df9ef_SOURCE,,https://www.instagram.com/ddana_yoon,,,,,,,,,Music,Pop,K-Pop,1
K8vZ917r1pf,K8vZ917r1pf|https://www.ticketmaster.com/los-vaguens-tickets/artist/3676124,Los Vaguens,attraction,https://www.ticketmaster.com/los-vaguens-tickets/artist/3676124,https://s1.ticketm.net/dam/a/fda/4e0cb6c6-e0fe-479d-85cd-3f47b8e2bfda_SOURCE,,https://www.instagram.com/losvaguens/,,,,,,,,,Music,Rock,Alternative Rock,3
K8vZ917hGjf,K8vZ917hGjf|https://www.ticketmaster.com/chingadazo-de-kung-fu-tickets/artist/2980988,Chingadazo de Kung Fu,attraction,https://www.ticketmaster.com/chingadazo-de-kung-fu-tickets/artist/2980988,https://s1.ticketm.net/dam/c/f50/96fa13be-e395-429b-8558-a51bb9054f50_105951_TABLET_LANDSCAPE_LARGE_16_9.jpg,,,,,,,,,,,Music,Alternative,Alternative Rock,1
K8vZ917GbV7,K8vZ917GbV7|https://www.ticketmaster.com/allison-tickets/artist/1409233,Allison,attraction,https://www.ticketmaster.com/allison-tickets/artist/1409233,https://s1.ticketm.net/dam/a/637/c6ad2fa9-4658-48e6-b7bf-adcb53a79637_SOURCE,https://open.spotify.com/artist/4AP5EFbVVcBv8cfyqO0oqr,https://www.instagram.com/allisonband/,https://www.youtube.com/user/allisonVEVO,https://www.facebook.com/Allisonoficial,http://allison.mx/,https://twitter.com/Allisonband,https://music.apple.com/us/artist/allison/1094679133,,,https://musicbrainz.org/artist/5a208259-8e28-4da3-ab71-5c333ebf03f3,Music,Rock,Alternative Rock,3
K8vZ9174rcf,K8vZ9174rcf|https://www.ticketmaster.com/laureano-brizuela-tickets/artist/2219626,Laureano Brizuela,attraction,https://www.ticketmaster.com/laureano-brizuela-tickets/artist/2219626,https://s1.ticketm.net/dam/a/913/aad84add-8313-4298-956b-5c4c909fe913_SOURCE,,,,,,,,,,,Music,Alternative,Alternative Rock,1
K8vZ917r4b0,K8vZ917r4b0|https://www.ticketmaster.com/paloma-morphy-tickets/artist/3778074,Paloma Morphy,attraction,https://www.ticketmaster.com/paloma-morphy-tickets/artist/3778074,https://s1.ticketm.net/dam/a/196/c1d14cdd-1d9e-4788-818b-d828218c6196_SOURCE,https://open.spotify.com/intl-es/artist/30Ph7pfibYhG9VcdOj7xZw,,,,,,,,,,Music,Pop,Pop,9
K8vZ917o9c7,K8vZ917o9c7|https://www.ticketmaster.com/ladrones-tickets/artist/1881655,Ladrones,attraction,https://www.ticketmaster.com/ladrones-tickets/artist/1881655,https://s1.ticketm.net/dam/a/85d/e9a32bca-8836-4c21-b568-767dbf6b085d_SOURCE,,,,,,,,,,,Music,Rock,Punk,32
K8vZ917G4j0,K8vZ917G4j0|https://www.ticketmaster.com/alexander-acha-tickets/artist/1395998,Alexander Acha,attraction,https://www.ticketmaster.com/alexander-acha-tickets/artist/1395998,https://s1.ticketm.net/dam/a/398/a408b5c6-ccf6-4d66-8e54-a79e50ec9398_SOURCE,,,,,,,,,,,Music,Pop,Pop,1
K8vZ917QTW0,K8vZ917QTW0|https://www.ticketmaster.com/bratty-tickets/artist/2960533,Bratty,attraction,https://www.ticketmaster.com/bratty-tickets/artist/2960533,https://s1.ticketm.net/dam/a/3be/3d209639-32f9-4be6-b141-bba706e403be_SOURCE,,,,,,,,,,,Music,Pop,Pop,1
K8vZ917rhnV,K8vZ917rhnV|https://www.ticketmaster.com/neo-5-live-show-tickets/artist/3821074,Neo 5 live show,attraction,https://www.ticketmaster.com/neo-5-live-show-tickets/artist/3821074,https://s1.ticketm.net/dam/a/6b2/3fd7e6ba-941d-42c4-96fd-946b0afe96b2_SOURCE,,https://www.instagram.com/neo5_liveshow,,,,,,,,,Music,Pop,Latin Pop,2
K8vZ917Lju0,K8vZ917Lju0|https://www.ticketmaster.com/alive-una-fiesta-en-el-tiempo-tickets/artist/4277759,"Alive, una fiesta en el tiempo",attraction,https://www.ticketmaster.com/alive-una-fiesta-en-el-tiempo-tickets/artist/4277759,https://s1.ticketm.net/dam/a/461/00ba08f2-daef-4696-904b-dc1931f77461_SOURCE,,https://www.instagram.com/aliveshowmx/,,,,,,,,,Music,Pop,Pop,2
K8vZ917rjP7,K8vZ917rjP7|https://www.ticketmaster.com/winona-riders-tickets/artist/3836944,Winona Riders,attraction,https://www.ticketmaster.com/winona-riders-tickets/artist/3836944,https://s1.ticketm.net/dam/a/399/afeefcd1-93bb-4d96-8222-a26725255399_SOURCE,https://open.spotify.com/artist/6ipac2Z0d0L6LWS7tTudcp,https://www.instagram.com/winona.riders/,https://music.youtube.com/channel/UCdZbckjCp1FLLZWjoTn0-iw,,,,,,,,Music,Rock,Alternative Rock,1
K8vZ917GJof,K8vZ917GJof|https://www.ticketmaster.com/marconi-tickets/artist/1469573,Marconi,attraction,https://www.ticketmaster.com/marconi-tickets/artist/1469573,https://s1.ticketm.net/dam/a/5f6/2c99206d-2ea6-43ef-af0e-0d249463d5f6_SOURCE,,,,,,,,,,,Music,Rock,Alternative Rock,1
K8vZ9175B57,K8vZ9175B57|https://www.ticketmaster.com/sebastian-tellier-tickets/artist/1267216,Sebastian Tellier,attraction,https://www.ticketmaster.com/sebastian-tellier-tickets/artist/1267216,https://s1.ticketm.net/dam/c/df8/81eadad8-4449-412e-a2b1-3d8bbb78edf8_106181_TABLET_LANDSCAPE_LARGE_16_9.jpg,,,,,,,,,,,Music,Dance/Electronic,Club Dance,2
K8vZ9178Bw0,K8vZ9178Bw0|https://www.ticketmaster.com/motorama-tickets/artist/1839529,Motorama,attraction,https://www.ticketmaster.com/motorama-tickets/artist/1839529,https://s1.ticketm.net/dam/a/79c/10c52f30-2e0f-4bf5-acfa-64908033879c_SOURCE,https://open.spotify.com/artist/3j0kMFxXTTYsuw1twLClw3?autoplay=true,https://www.instagram.com/wearemotorama/,https://www.youtube.com/user/motoramaofficial,https://www.facebook.com/wearemotorama,https://www.wearemotorama.com/,https://twitter.com/motorama_tweet,https://music.apple.com/us/artist/motorama/338919329,,,https://musicbrainz.org/artist/42bc8760-1d32-43f2-b8c9-73b0d075341f,Music,Rock,Alternative Rock,1
K8vZ917fBh0,K8vZ917fBh0|https://www.ticketmaster.com/carlos-sadness-tickets/artist/2254506,Carlos Sadness,attraction,https://www.ticketmaster.com/carlos-sadness-tickets/artist/2254506,https://s1.ticketm.net/dam/a/d21/2bcea0a7-336b-48b9-a303-281b72ce5d21_SOURCE,https://open.spotify.com/artist/2LCcy9CZWwZ7Vvykt8IVVq,https://www.instagram.com/carlossadness/,https://www.youtube.com/channel/UCeBJxabuwVO9sSeq55B3zuw,https://www.facebook.com/carlossadness,http://carlossadness.com,https://twitter.com/carlossadness,https://music.apple.com/us/artist/carlos-sadness/504412228,,,https://musicbrainz.org/artist/b928717d-5da2-4951-8951-feba52539413,Music,Pop,Pop,4
K8vZ917rw70,K8vZ917rw70|https://www.ticketmaster.com/mike-patton-tickets/artist/4042209,Mike Patton,attraction,https://www.ticketmaster.com/mike-patton-tickets/artist/4042209,https://s1.ticketm.net/dam/a/9ab/6c021632-759b-4ba1-a570-5d16e1c999ab_SOURCE,https://open.spotify.com/artist/34Ai24gPz5YJ8NbksiNFef,https://www.instagram.com/officialmikepatton/,,,,,,,,,Music,Rock,Alternative Rock,1
K8vZ9173k5f,K8vZ9173k5f|https://www.ticketmaster.com/renee-tickets/artist/1953940,Renee,attraction,https://www.ticketmaster.com/renee-tickets/artist/1953940,https://s1.ticketm.net/dam/a/15d/2742671d-c553-485a-baa3-8775bf1a715d_SOURCE,,,,,,,,,,,Music,Pop,Pop,1
K8vZ917GGFf,K8vZ917GGFf|https://www.ticketmaster.com/guillotina-tickets/artist/1223779,Guillotina,attraction,https://www.ticketmaster.com/guillotina-tickets/artist/1223779,https://s1.ticketm.net/dam/a/907/8309fc69-e65a-4e2f-9715-04d46d84b907_SOURCE,,,,,,,,,,,Music,Rock,Alternative Rock,1
K8vZ917jSo0,K8vZ917jSo0|https://www.ticketmaster.com/okills-tickets/artist/2526507,Okills,attraction,https://www.ticketmaster.com/okills-tickets/artist/2526507,https://s1.ticketm.net/dam/a/456/c654bd42-c3e5-4005-9843-b539bfe82456_SOURCE,,,,https://www.instagram.com/somosokills/?hl=es,,,,,,,Music,Alternative,Adult Alternative Pop/Rock,1
K8vZ917rdx0,K8vZ917rdx0|https://www.ticketmaster.com/yousuke-yukimatsu-uuk-uk1matu-tickets/artist/3599679,Yousuke Yukimatsu (¥ØU$UK€ ¥UK1MAT$U),attraction,https://www.ticketmaster.com/yousuke-yukimatsu-uuk-uk1matu-tickets/artist/3599679,https://s1.ticketm.net/dam/a/2da/17e118b7-c35d-4589-88d4-b7004770b2da_SOURCE,,https://www.instagram.com/yousukeyukimatsu/,,,,,,,,,Music,Dance/Electronic,Club Dance,17
K8vZ917jSF7,K8vZ917jSF7|https://www.ticketmaster.com/alcala-norte-tickets/artist/3162093,Alcalá Norte,attraction,https://www.ticketmaster.com/alcala-norte-tickets/artist/3162093,https://s1.ticketm.net/dam/c/4f2/0109888a-61b5-4525-8432-b026ef04f4f2_105631_TABLET_LANDSCAPE_LARGE_16_9.jpg,,,,,,,,,,,Music,Pop,Pop Rock,1
K8vZ917-1HV,K8vZ917-1HV|https://www.ticketmaster.com/entre-compas-tickets/artist/4594496,Entre Compas,attraction,https://www.ticketmaster.com/entre-compas-tickets/artist/4594496,https://s1.ticketm.net/dam/a/67e/a7055e45-e270-4b22-83cd-a0bb0015d67e_SOURCE,,,,,,,,,,,Music,Alternative,Alternative,1
K8vZ917hOs0,K8vZ917hOs0|https://www.ticketmaster.com/la-barranca-tickets/artist/1213701,La Barranca,attraction,https://www.ticketmaster.com/la-barranca-tickets/artist/1213701,https://s1.ticketm.net/dam/a/01a/fdd816d9-16ed-4579-afa3-49ebf4d7201a_SOURCE,,,,,,,,,,,Music,Alternative,Alternative Rock,1
K8vZ9179o0V,K8vZ9179o0V|https://www.ticketmaster.com/jackie-mendoza-tickets/artist/2524731,Jackie Mendoza,attraction,https://www.ticketmaster.com/jackie-mendoza-tickets/artist/2524731,https://s1.ticketm.net/dam/a/e65/bf734d85-8173-4c41-bf34-3452e7684e65_SOURCE,,,,,,,,,,,Music,Dance/Electronic,Dance/Electronic,1
K8vZ917rMrV,K8vZ917rMrV|https://www.ticketmaster.com/axel-muniz-tickets/artist/4076464,Axel Muñiz,attraction,https://www.ticketmaster.com/axel-muniz-tickets/artist/4076464,https://s1.ticketm.net/dam/a/4fd/4c3b5e53-61d8-4c47-89b6-3ed9a123c4fd_SOURCE,https://open.spotify.com/intl-es/artist/2TwjyKRJpvRn4SpsniXJka,,,,,,,,,,Music,Pop,Latin Pop,1
K8vZ917KBpV,K8vZ917KBpV|https://www.ticketmaster.com/jorge-muniz-tickets/artist/2168495,Jorge Muñiz,attraction,https://www.ticketmaster.com/jorge-muniz-tickets/artist/2168495,https://s1.ticketm.net/dam/a/76d/414e6e76-f3c8-41d3-ba6c-547b032d476d_SOURCE,https://open.spotify.com/artist/0NV9kotO8AcragqHykjdSd,https://www.instagram.com/coquemuniz/,https://www.youtube.com/channel/UCknzENehIHveoDJR2Rh5QhQ,https://www.facebook.com/jorgecoquemuniz/,,https://twitter.com/COQUEMUNIZ,https://music.apple.com/us/artist/jorge-muñiz/126066118,,,https://musicbrainz.org/artist/6c7fe11e-587f-45f3-b238-4fb9ede94309,Music,World,Latin,4
K8vZ917_p07,K8vZ917_p07|https://www.ticketmaster.com/serbia-tickets/artist/2656333,Serbia,attraction,https://www.ticketmaster.com/serbia-tickets/artist/2656333,https://s1.ticketm.net/dam/a/06b/ee89afe1-6999-4015-8765-d7f218d6506b_SOURCE,,,,,,,,,,,Music,Alternative,Alternative Rock,2
K8vZ917poh0,K8vZ917poh0|https://www.ticketmaster.com/puma-blue-tickets/artist/2410438,Puma Blue,attraction,https://www.ticketmaster.com/puma-blue-tickets/artist/2410438,https://s1.ticketm.net/dam/a/44c/c02989ba-797f-4b6d-abc8-3afed40b944c_SOURCE,https://open.spotify.com/search/Puma%20Blue,https://www.instagram.com/pumablue/,https://www.youtube.com/channel/UCYVsNALxJCI5ijUw_L1Ydfg,https://www.facebook.com/pumabluemusic/,https://pumablue.co.uk/,https://twitter.com/pumabluemusic,https://music.apple.com/us/artist/puma-blue/1231178386,,,,Music,Alternative,Adult Alternative Pop/Rock,3
K8vZ9174OS7,K8vZ9174OS7|https://www.ticketmaster.com/belako-tickets/artist/2296350,Belako,attraction,https://www.ticketmaster.com/belako-tickets/artist/2296350,https://s1.ticketm.net/dam/a/177/daa34ba6-c743-4c4f-b2a9-b5f9642a3177_SOURCE,https://open.spotify.com/artist/7znL32O79uRRRhojT25gug?si=7Wq_9NcSSLWUAxE4VQBAAg&nd=1,https://www.instagram.com/belakoo/,https://www.youtube.com/channel/UCFIPILDioGll78R6lQd9-iw,https://www.facebook.com/belakomusic/,https://belakoband.com/bio/,https://twitter.com/belakoband,,,,https://musicbrainz.org/artist/22048777-5e3f-44a1-8e50-80cad68f7f9c,Music,Pop,Pop Rock,1
K8vZ9174Uk0,K8vZ9174Uk0|https://www.ticketmaster.com/abel-pintos-tickets/artist/2344858,Abel Pintos,attraction,https://www.ticketmaster.com/abel-pintos-tickets/artist/2344858,https://s1.ticketm.net/dam/a/3b5/cf621964-9326-433f-bd72-2981aa61d3b5_SOURCE,https://open.spotify.com/artist/6HTUcOExehqydqa7C3usAa?autoplay=true,https://www.instagram.com/abelpintos/,https://www.youtube.com/channel/UCixmLJeBYEEPqstGWB27Y3g,https://www.facebook.com/oficial.abelpintos/,https://www.abelpintos.com/,https://twitter.com/AbelPintos,https://music.apple.com/us/artist/abel-pintos/273665850,,,,Music,Pop,Pop,1
K8vZ917Gu2V,K8vZ917Gu2V|https://www.ticketmaster.com/liquits-tickets/artist/1248101,Liquits,attraction,https://www.ticketmaster.com/liquits-tickets/artist/1248101,https://s1.ticketm.net/dam/a/2bd/1ce7fe6b-7180-4a05-ad7e-58e0a514e2bd_SOURCE,,,,,,,,,,,Music,Rock,Alternative Rock,1
K8vZ917bZ-V,K8vZ917bZ-V|https://www.ticketmaster.com/aitana-tickets/artist/2625343,Aitana,attraction,https://www.ticketmaster.com/aitana-tickets/artist/2625343,https://s1.ticketm.net/dam/a/331/c9f9bfde-3bdf-430d-bd2f-8fac6be22331_SOURCE,https://open.spotify.com/artist/7eLcDZDYHXZCebtQmVFL25?autoplay=true,https://www.instagram.com/aitanax/,https://www.youtube.com/channel/UCtakZatUqY-XaihWfMnz07w,,,https://mobile.twitter.com/aitanax,https://music.apple.com/us/artist/aitana/1302824608,,,,Music,Pop,Pop Vocal,7
K8vZ917hvgf,K8vZ917hvgf|https://www.ticketmaster.com/timo-tickets/artist/2961859,TIMO,attraction,https://www.ticketmaster.com/timo-tickets/artist/2961859,https://s1.ticketm.net/dam/a/d54/c7eb4585-1122-4c1d-9096-bf2061f5ed54_SOURCE,,,,,,,,,,,Music,Pop,Latin Pop,1
K8vZ917rCiV,K8vZ917rCiV|https://www.ticketmaster.com/jacinto-tickets/artist/3728294,Jacinto,attraction,https://www.ticketmaster.com/jacinto-tickets/artist/3728294,https://s1.ticketm.net/dam/a/670/c908f1a5-01aa-4032-93a7-d1747a48d670_SOURCE,https://open.spotify.com/intl-es/artist/1JYd1ixkJMTMLZ64Byk2uj,,,,,,,,,,Music,Pop,Indie Pop,1
K8vZ917rec0,K8vZ917rec0|https://www.ticketmaster.com/la-tremenda-korte-tickets/artist/2580050,La Tremenda Korte,attraction,https://www.ticketmaster.com/la-tremenda-korte-tickets/artist/2580050,https://s1.ticketm.net/dam/a/112/e0bee60a-22bd-442e-abbf-0d6998a3c112_SOURCE,,,https://www.youtube.com/channel/UCvpUiQBuphAB6BEfkR6X0zg,,,,,,,,Music,Alternative,Ska,1
K8vZ917KXv7,K8vZ917KXv7|https://www.ticketmaster.com/akira-yamaoka-tickets/artist/2175202,Akira Yamaoka,attraction,https://www.ticketmaster.com/akira-yamaoka-tickets/artist/2175202,https://s1.ticketm.net/dam/a/17c/9c130363-72a9-4aae-8774-dcead729417c_SOURCE,,,,,,,,,,,Music,Alternative,Adult Alternative Pop/Rock,1
K8vZ917KitV,K8vZ917KitV|https://www.ticketmaster.com/little-jesus-tickets/artist/2144575,Little Jesus,attraction,https://www.ticketmaster.com/little-jesus-tickets/artist/2144575,https://s1.ticketm.net/dam/a/df4/5611d899-dab0-453e-a102-32145e554df4_SOURCE,https://open.spotify.com/artist/5p1ARDx76hnOXoeigLIKit,https://www.instagram.com/thelittlejesus/,https://www.youtube.com/user/littlejesusband,https://www.facebook.com/thelittlejesus,,https://twitter.com/thelittlejesus,https://music.apple.com/us/artist/little-jesus/778972898,,,https://musicbrainz.org/artist/302258d2-0a19-4c55-a0cf-9273934c1141,Music,Pop,Pop,1
K8vZ917pwJ7,K8vZ917pwJ7|https://www.ticketmaster.com/el-kanka-tickets/artist/2472546,El Kanka,attraction,https://www.ticketmaster.com/el-kanka-tickets/artist/2472546,https://s1.ticketm.net/dam/a/897/83aafde8-71e2-4f5c-991d-e0effa37e897_SOURCE,https://open.spotify.com/artist/4Byu6VBhuMYzcoIUrIyLuL?autoplay=true,https://www.instagram.com/el_kanka/?hl=en,https://www.youtube.com/channel/UCxn6Ag-erNnNDViouKVkwLQ,https://www.facebook.com/elkankamusica,https://elkanka.com/,https://twitter.com/el_kanka,https://music.apple.com/us/artist/el-kanka/589223211,,,,Music,Pop,Pop,4
K8vZ917Gref,K8vZ917Gref|https://www.ticketmaster.com/love-of-lesbian-tickets/artist/170033,Love of Lesbian,attraction,https://www.ticketmaster.com/love-of-lesbian-tickets/artist/170033,https://s1.ticketm.net/dam/a/7dd/cbf89c95-f2f4-405b-8eaf-85025c5cd7dd_SOURCE,https://open.spotify.com/artist/6VCoG3MG7ZKRxDjaYOvtrF?autoplay=true,https://www.instagram.com/loveoflesbian/,https://www.youtube.com/user/loveoflesbian/videos,https://www.facebook.com/loveoflesbian/,http://blogoflesbian.com/,https://twitter.com/loveoflesbian?lang=es,https://music.apple.com/ca/artist/love-of-lesbian/41447591,,,https://musicbrainz.org/artist/31ab8f5f-b5d7-41a2-80ef-13084aaf0eab,Music,Pop,Pop,2
K8vZ917r_kV,K8vZ917r_kV|https://www.ticketmaster.com/malcriada-tickets/artist/3805599,Malcriada,attraction,https://www.ticketmaster.com/malcriada-tickets/artist/3805599,https://s1.ticketm.net/dam/c/fbc/b293c0ad-c904-4215-bc59-8d7f2414dfbc_106141_TABLET_LANDSCAPE_LARGE_16_9.jpg,https://open.spotify.com/intl-es/artist/2ZUqAIo5iiRcSaq7TQBW5C,,,,,,,,,,Music,Rock,Punk,1
K8vZ917oNef,K8vZ917oNef|https://www.ticketmaster.com/porter-tickets/artist/1898677,Porter,attraction,https://www.ticketmaster.com/porter-tickets/artist/1898677,https://s1.ticketm.net/dam/a/26d/b46df36e-9c2a-445c-8657-339f1139f26d_SOURCE,https://open.spotify.com/artist/7eBQrhxTHcor6gcbcLhqE5?si=NWIFH25iRu-PIxkKmJBzTg&nd=1,https://www.instagram.com/porteroficial/,https://www.youtube.com/c/PORTEROFICIAL,https://www.facebook.com/oficialporter,http://www.porteroficial.com/,https://twitter.com/PorterOficial,https://music.apple.com/mx/artist/porter/77624489,https://en.wikipedia.org/wiki/Porter_(band),,https://musicbrainz.org/artist/36ae137b-1e86-4ee3-8932-3eb312cfa714,Music,Rock,Alternative Rock,1
K8vZ917G1-f,K8vZ917G1-f|https://www.ticketmaster.com/motel-tickets/artist/1241339,Motel,attraction,https://www.ticketmaster.com/motel-tickets/artist/1241339,https://s1.ticketm.net/dam/a/576/07567da9-d181-4045-aadf-8ec8d8634576_SOURCE,,,,,,,,,,,Music,Pop,Pop,2
K8vZ917rY_7,K8vZ917rY_7|https://www.ticketmaster.com/navidad-con-the-beatles-tickets/artist/4022232,Navidad con The Beatles,attraction,https://www.ticketmaster.com/navidad-con-the-beatles-tickets/artist/4022232,https://s1.ticketm.net/dam/a/630/f5c063b4-d20d-4603-8545-51eba954f630_SOURCE,,https://www.instagram.com/morsabeatles,,,,,,,,,Music,Rock,Oldies & Classics,2
K8vZ91799o7,K8vZ91799o7|https://www.ticketmaster.com/hommage-a-willie-colon-tickets/artist/2536826,HOMMAGE A WILLIE COLON,attraction,https://www.ticketmaster.com/hommage-a-willie-colon-tickets/artist/2536826,https://s1.ticketm.net/dam/a/ca0/34758213-6698-4d46-85b7-cf1f23ae8ca0_SOURCE,,,,,,,,,,,Music,Dance/Electronic,Dance Band,2
K8vZ9179YP7,K8vZ9179YP7|https://www.ticketmaster.com/greeicy-tickets/artist/2582027,Greeicy,attraction,https://www.ticketmaster.com/greeicy-tickets/artist/2582027,https://s1.ticketm.net/dam/a/00f/e2fa9a01-62bc-4162-aeff-fffc916f100f_SOURCE,,,,,,,,,,https://musicbrainz.org/artist/b2aa6322-3617-4a0f-a2f0-778be6f78e95,Music,World,Colombia,5
K8vZ91711G7,K8vZ91711G7|https://www.ticketmaster.com/juan-gabriel-tickets/artist/761622,Juan Gabriel,attraction,https://www.ticketmaster.com/juan-gabriel-tickets/artist/761622,https://s1.ticketm.net/dam/a/94f/4340328b-51e3-4b7d-893b-0a6e1ebaa94f_SOURCE,https://open.spotify.com/artist/2MRBDr0crHWE5JwPceFncq,https://www.instagram.com/soyjuangabriel_/,https://www.youtube.com/channel/UCnLJnKKCxLRsAktAB9iMSeQ,https://www.facebook.com/JuanGabrielPorLosSiglos/,http://juangabriel.com.mx/,https://twitter.com/soyjuangabriel,https://music.apple.com/us/artist/juan-gabriel/295294,https://en.wikipedia.org/wiki/Juan_Gabriel,,https://musicbrainz.org/artist/bc9b7500-0afc-41ba-a056-b0bc81669702,Music,World,Latin,1
K8vZ9171BQ0,K8vZ9171BQ0|https://www.ticketmaster.com/bunbury-tickets/artist/796533,Bunbury,attraction,https://www.ticketmaster.com/bunbury-tickets/artist/796533,https://s1.ticketm.net/dam/a/6d6/2e3b8edb-67b8-47af-b36e-d78961dc16d6_SOURCE,https://open.spotify.com/artist/4uqzzJg3ww5eH7IgGV7DMT,https://www.instagram.com/bunburyoficial/,https://www.youtube.com/channel/UChGCSvYMfOOnTvwWYBJWENA,https://www.facebook.com/bunburyoficial,http://www.enriquebunbury.com/,,https://music.apple.com/us/artist/bunbury/2307216,https://en.wikipedia.org/wiki/Enrique_Bunbury,https://www.last.fm/music/Enrique+Bunbury,https://musicbrainz.org/artist/9047fd95-770f-4a8a-a6e3-3b071a882e4d,Music,World,Latin,16
K8vZ9173JU7,K8vZ9173JU7|https://www.ticketmaster.com/alvaro-diaz-tickets/artist/2008723,Alvaro Diaz,attraction,https://www.ticketmaster.com/alvaro-diaz-tickets/artist/2008723,https://s1.ticketm.net/dam/a/906/df6740a6-5065-41ce-a766-7a60ed872906_SOURCE,,,,,,,,,,https://musicbrainz.org/artist/75965083-1fce-4e76-b6c0-ed13322d6a04,Music,Hip-Hop/Rap,Urban,19
K8vZ9171110,K8vZ9171110|https://www.ticketmaster.com/grupo-niche-tickets/artist/754969,Grupo Niche,attraction,https://www.ticketmaster.com/grupo-niche-tickets/artist/754969,https://s1.ticketm.net/dam/a/e71/bd3b5a31-d286-455a-ae07-75ed62531e71_SOURCE,https://open.spotify.com/artist/1zng9JZpblpk48IPceRWs8,https://www.instagram.com/gruponicheoficial/,https://www.youtube.com/channel/UCf8Pbsw8fG4BdePN1R2KhmQ,https://www.facebook.com/elgruponiche,https://gruponiche.com,https://mobile.twitter.com/gruponiche,https://music.apple.com/us/artist/grupo-niche/89543,https://en.wikipedia.org/wiki/Grupo_Niche,http://www.last.fm/music/Grupo+Niche,https://musicbrainz.org/artist/5436ce22-af50-4714-addc-afd5d2efc77f,Music,World,Latin,7
K8vZ917owjf,K8vZ917owjf|https://www.ticketmaster.com/martin-garrix-tickets/artist/1923024,Martin Garrix,attraction,https://www.ticketmaster.com/martin-garrix-tickets/artist/1923024,https://s1.ticketm.net/dam/a/bd9/b4535c95-9d36-4dfb-b65e-29a4a2491bd9_SOURCE,https://open.spotify.com/artist/60d24wfXkVzDSfLS6hyCjZ,http://instagram.com/martingarrix,https://www.youtube.com/user/MartinGarrix,https://www.facebook.com/martin.garrix,http://www.martingarrix.com/,https://twitter.com/martingarrix,https://music.apple.com/nl/artist/martin-garrix/430932944,http://en.wikipedia.org/wiki/Martin_Garrix,,https://musicbrainz.org/artist/3e1f2ee4-16be-4406-bf18-6173840cf2b1,Music,Dance/Electronic,Club Dance,12
K8vZ9175I9V,K8vZ9175I9V|https://www.ticketmaster.com/panteon-rococo-tickets/artist/831227,Panteon Rococo,attraction,https://www.ticketmaster.com/panteon-rococo-tickets/artist/831227,https://s1.ticketm.net/dam/a/57e/fac02c85-eb33-4bca-83e8-19d6b731757e_SOURCE,https://open.spotify.com/artist/11mqrDSFRRz8g0Wb3syJj5?si=IUbj5L28T-y25w-V2iqNqg&nd=1,https://www.instagram.com/rococopix/,https://www.youtube.com/channel/UCmKU35Q-dkCoeyEpbDubJ8g,https://www.facebook.com/panteonrococo/,https://panteonrococo.com/,https://twitter.com/RococoTweets,https://music.apple.com/mx/artist/pante%C3%B3n-rococ%C3%B3/6613801,,,https://musicbrainz.org/artist/8536d91f-d976-4578-9776-9376a004e4f0,Music,World,Latin,3
K8vZ917Gpm7,K8vZ917Gpm7|https://www.ticketmaster.com/pimpinela-tickets/artist/1021509,Pimpinela,attraction,https://www.ticketmaster.com/pimpinela-tickets/artist/1021509,https://s1.ticketm.net/dam/a/5d3/abf800e0-4371-4831-ba70-39853b2215d3_SOURCE,https://open.spotify.com/artist/7E7CVSqFdLyh0K4AE9uTMo,https://www.instagram.com/duopimpinela/,https://www.youtube.com/user/PimpinelaNet,https://www.facebook.com/LuciayJoaquin,http://www.pimpinela.net/,https://twitter.com/PimpinelaNet,https://music.apple.com/us/artist/pimpinela/120658,https://en.wikipedia.org/wiki/Pimpinela,,https://musicbrainz.org/artist/80ccf0f1-f836-4e77-a89e-27031e4cf622,Music,World,Latin,4
K8vZ917pOjV,K8vZ917pOjV|https://www.ticketmaster.com/mario-aguilar-tickets/artist/2440961,Mario Aguilar,attraction,https://www.ticketmaster.com/mario-aguilar-tickets/artist/2440961,https://s1.ticketm.net/dam/a/ebe/9660a4e6-276d-4e97-a01d-656c29094ebe_SOURCE,,https://www.instagram.com/marioaguilarmg/?hl=en,https://www.youtube.com/user/MarioAguilarMG,https://www.facebook.com/MarioAguilarvideos,,https://twitter.com/MarioAguilarMG,,,,https://musicbrainz.org/artist/a699afd5-e26c-4f4f-a66e-73e159bb29fd,Music,Undefined,Undefined,7
K8vZ917o8rf,K8vZ917o8rf|https://www.ticketmaster.com/festival-urbano-tickets/artist/1872039,Festival Urbano,attraction,https://www.ticketmaster.com/festival-urbano-tickets/artist/1872039,https://s1.ticketm.net/dam/a/05f/5528a847-ea03-41e4-8a28-e5aaec60705f_SOURCE,,,,,,,,,,,Music,Undefined,Undefined,3
K8vZ9174vp7,K8vZ9174vp7|https://www.ticketmaster.com/ckan-tickets/artist/2258547,C-Kan,attraction,https://www.ticketmaster.com/ckan-tickets/artist/2258547,https://s1.ticketm.net/dam/c/80b/f3cd8d24-c3ae-4fa0-b4bc-1ba99f9b380b_106091_TABLET_LANDSCAPE_LARGE_16_9.jpg,,,,,,,,,,https://musicbrainz.org/artist/f9b24c46-e8e7-416d-b7d1-f6ff2b056522,Music,Hip-Hop/Rap,Hip-Hop/Rap,2
K8vZ9172_m7,K8vZ9172_m7|https://www.ticketmaster.com/of-monsters-and-men-tickets/artist/1687536,Of Monsters and Men,attraction,https://www.ticketmaster.com/of-monsters-and-men-tickets/artist/1687536,https://s1.ticketm.net/dam/a/05b/65c941ec-c8f8-4e27-a7eb-17115504a05b_SOURCE,,,,,,@monstersandmen,,,,,Music,Folk,Folk,18
K8vZ9171_60,K8vZ9171_60|https://www.ticketmaster.com/alejandro-sanz-tickets/artist/755193,Alejandro Sanz,attraction,https://www.ticketmaster.com/alejandro-sanz-tickets/artist/755193,https://s1.ticketm.net/dam/a/490/8b0fea23-1150-4b66-ac76-739f8a680490_SOURCE,,,,,,@AlejandroSanz,,,,,Music,World,Latin,4
K8vZ9171jZf,K8vZ9171jZf|https://www.ticketmaster.com/fey-tickets/artist/785162,Fey,attraction,https://www.ticketmaster.com/fey-tickets/artist/785162,https://s1.ticketm.net/dam/a/a2d/b22e2b59-6623-4281-b86e-a9f9521afa2d_SOURCE,,,,,,,,,,,Music,World,Latin,3
K8vZ917CMWV,K8vZ917CMWV|https://www.ticketmaster.com/maria-jose-tickets/artist/1632944,Maria Jose,attraction,https://www.ticketmaster.com/maria-jose-tickets/artist/1632944,https://s1.ticketm.net/dam/a/716/c143fb05-6199-4547-a28a-e57e5776a716_SOURCE,https://open.spotify.com/artist/1dJyh390MvfYPuNbhnbSDs,https://www.instagram.com/lajosa/,https://www.youtube.com/user/MariaJoseVEVO,https://www.facebook.com/lajosaloyola,https://www.mariajoseoficial.com,https://mobile.twitter.com/lajosa,https://music.apple.com/us/artist/maría-josé/192984514,,,https://musicbrainz.org/artist/5f1021da-ccbb-41ff-8b82-90f9f1eeb8ee,Music,World,Latin,11
K8vZ9171N20,K8vZ9171N20|https://www.ticketmaster.com/ricardo-montaner-tickets/artist/755095,Ricardo Montaner,attraction,https://www.ticketmaster.com/ricardo-montaner-tickets/artist/755095,https://s1.ticketm.net/dam/a/02e/79dc786e-63fb-4c28-ae45-2b164d9eb02e_SOURCE,https://open.spotify.com/artist/4uoz4FUMvpeyGClFTTDBsD,https://www.instagram.com/montaner/,https://www.youtube.com/channel/UCsTl5H5X4SvTUkCCaMbAWyg,https://www.facebook.com/ricardo.montaner,,https://twitter.com/montanertwiter,https://music.apple.com/us/artist/ricardo-montaner/142070,https://en.wikipedia.org/wiki/Ricardo_Montaner,https://www.last.fm/music/Ricardo+Montaner,https://musicbrainz.org/artist/9ea7c031-a2d0-4a89-b469-72b51c47417c,Music,World,Latin,18
K8vZ917GJC0,K8vZ917GJC0|https://www.ticketmaster.com/black-veil-brides-tickets/artist/1469883,Black Veil Brides,attraction,https://www.ticketmaster.com/black-veil-brides-tickets/artist/1469883,https://s1.ticketm.net/dam/a/2c9/92a512cd-28b9-441d-a886-1c8e95e432c9_SOURCE,https://open.spotify.com/artist/6O7MpKrY91vlCd4Osi6XKs,https://www.instagram.com/blackveilbrides/,https://www.youtube.com/channel/UCDdKEz8e7m5g-hXg42-HBQg,https://www.facebook.com/Blackveilbrides,http://blackveilbrides.net,https://twitter.com/officialbvb,https://music.apple.com/us/artist/black-veil-brides/276789923,https://en.wikipedia.org/wiki/Black_Veil_Brides,,https://musicbrainz.org/artist/33319aed-9bd7-4cd1-903c-716845c1b7cd,Music,Metal,Heavy Metal,31
K8vZ9175eSV,K8vZ9175eSV|https://www.ticketmaster.com/moenia-tickets/artist/794979,Moenia,attraction,https://www.ticketmaster.com/moenia-tickets/artist/794979,https://s1.ticketm.net/dam/a/1b1/241b27a6-c913-47c3-859f-c74d1bc091b1_SOURCE,https://open.spotify.com/artist/3QmmtMrEf7aQrsd1VtejAV,https://www.instagram.com/moeniamx/,https://www.youtube.com/channel/UCEJr7n8Brn1zj0ZuWZPPajw,https://www.facebook.com/moeniamx,,https://mobile.twitter.com/moeniamx,https://music.apple.com/us/artist/moenia/112531,,,https://musicbrainz.org/artist/7d7fd458-5486-4fb6-a8f8-f9eefe4ca68d,Music,World,Latin,9
K8vZ917CAS0,K8vZ917CAS0|https://www.ticketmaster.com/jose-maria-napoleon-tickets/artist/1283273,Jose Maria Napoleon,attraction,https://www.ticketmaster.com/jose-maria-napoleon-tickets/artist/1283273,https://s1.ticketm.net/dam/a/f2c/7c3ea5e0-1d83-4b41-906d-8dee8ff9ff2c_SOURCE,https://open.spotify.com/artist/72v53CufRiSyqcQ78KUQ5p?autoplay=true,,https://www.youtube.com/channel/UCV8PrOAZs9lrfiHRb0lT82g,,,,https://music.apple.com/us/artist/jos%C3%A9-mar%C3%ADa-napole%C3%B3n/6593323,,,https://musicbrainz.org/artist/5b5e3d14-fc4b-42a6-8c59-a4f6a6b3fef4,Music,World,Latin,6
K8vZ9172em0,K8vZ9172em0|https://www.ticketmaster.com/mocedades-tickets/artist/1446342,Mocedades,attraction,https://www.ticketmaster.com/mocedades-tickets/artist/1446342,https://s1.ticketm.net/dam/a/888/2ede9665-2811-4151-b44e-3da6f46ce888_SOURCE,https://open.spotify.com/artist/4Sm7JCttzWMwHJtb3UJ8SY?autoplay=true,https://www.instagram.com/mocedadesoficial_/,https://www.youtube.com/channel/UC5Wsj-hBxcPU0_ZDieY8-sw,,http://www.mocedades.com/,,https://music.apple.com/ca/artist/mocedades/332164,https://en.wikipedia.org/wiki/Mocedades,,https://musicbrainz.org/artist/9c2f1f4c-8e54-4ba8-8904-9c1edb33c739,Music,World,Latin,5
K8vZ917C_A0,K8vZ917C_A0|https://www.ticketmaster.com/la-santa-cecilia-tickets/artist/1588873,La Santa Cecilia,attraction,https://www.ticketmaster.com/la-santa-cecilia-tickets/artist/1588873,https://s1.ticketm.net/dam/a/0e7/55a026d2-0bfa-4482-8ad6-f86d117b20e7_SOURCE,,,,,,,,,,https://musicbrainz.org/artist/17f45b06-9072-4684-84da-bc54648fa267,Music,World,Latin,3
K8vZ9171JGV,K8vZ9171JGV|https://www.ticketmaster.com/mariachi-vargas-de-tecalitlan-tickets/artist/755066,Mariachi Vargas de Tecalitlán,attraction,https://www.ticketmaster.com/mariachi-vargas-de-tecalitlan-tickets/artist/755066,https://s1.ticketm.net/dam/a/69a/45cac7d4-ce6f-4eac-a39e-b5e81cf0869a_SOURCE,https://open.spotify.com/artist/0JTujDbHVqhWAGl06aaW78?autoplay=true,https://www.instagram.com/mariachimusic/,https://www.youtube.com/channel/UCUn-RtoeEr2C9xD7SuAWHjg,,http://www.mariachi-vargas.com/,,https://music.apple.com/ca/artist/mariachi-vargas-de-tecalitl%C3%A1n/164188070,https://en.wikipedia.org/wiki/Vargas_de_Tecalitl%C3%A1n,,https://musicbrainz.org/artist/0af02af6-311a-4ce3-a3e3-9b17c498f297,Music,World,Latin,23
K8vZ917GaqV,K8vZ917GaqV|https://www.ticketmaster.com/rey-ruiz-tickets/artist/763673,Rey Ruiz,attraction,https://www.ticketmaster.com/rey-ruiz-tickets/artist/763673,https://s1.ticketm.net/dam/a/7c3/55603699-2a9e-4318-b9b3-a9620be557c3_SOURCE,,,,,,,,,,,Music,World,Latin,2
K8vZ917G1wV,K8vZ917G1wV|https://www.ticketmaster.com/jesse-joy-tickets/artist/1208353,Jesse & Joy,attraction,https://www.ticketmaster.com/jesse-joy-tickets/artist/1208353,https://s1.ticketm.net/dam/a/100/9ddaff2d-36e9-4b50-8c18-13552fec0100_SOURCE,https://open.spotify.com/artist/1mX1TWKpNxDSAH16LgDfiR,https://instagram.com/jesseyjoy,https://www.youtube.com/channel/UC6awBq3lKY35T__puHY2OYQ,https://www.facebook.com/JesseyJoyOficial,https://jesseyjoy.com/,https://twitter.com/jesseyjoy,https://music.apple.com/us/artist/jesse-joy/167779502,,,https://musicbrainz.org/artist/64b85e52-08db-4995-a6e3-d2a6acc5a058,Music,Ballads/Romantic,Ballads/Romantic,13
K8vZ917psv7,K8vZ917psv7|https://www.ticketmaster.com/matisse-tickets/artist/2472165,Matisse,attraction,https://www.ticketmaster.com/matisse-tickets/artist/2472165,https://s1.ticketm.net/dam/a/030/b659b97b-aa2e-46c6-a681-3315b9ef6030_SOURCE,,,,,,,,,,https://musicbrainz.org/artist/b2ea06bf-82ee-42de-be8b-956f2edfbe62,Music,World,Latin,1
K8vZ917GkEV,K8vZ917GkEV|https://www.ticketmaster.com/robyn-tickets/artist/793727,Robyn,attraction,https://www.ticketmaster.com/robyn-tickets/artist/793727,https://s1.ticketm.net/dam/a/623/99ba4f26-2dc5-4924-9e6d-d5fd3487e623_SOURCE,https://open.spotify.com/artist/6UE7nl9mha6s8z0wFQFIZ2,https://instagram.com/robynkonichiwa,https://www.youtube.com/channel/UCC_JSfQlhrKeA_jNeqhLAiA,https://www.facebook.com/robyn,http://robyn.com/,https://twitter.com/robynkonichiwa,https://itunes.apple.com/artist/id535211,,https://www.last.fm/music/Robyn,https://musicbrainz.org/artist/5a8e07d5-d932-4484-a7f7-e700793a9c94,Music,Dance/Electronic,Club Dance,12
K8vZ917G1R0,K8vZ917G1R0|https://www.ticketmaster.com/lykke-li-tickets/artist/1229260,Lykke Li,attraction,https://www.ticketmaster.com/lykke-li-tickets/artist/1229260,https://s1.ticketm.net/dam/a/759/9418fc95-dfcf-4ba8-a39d-1c947ec86759_SOURCE,,,,,,@lykkeliofficial,,,,,Music,Rock,Alternative Rock,5
K8vZ917ueX7,K8vZ917ueX7|https://www.ticketmaster.com/natalia-lafourcade-tickets/artist/1492041,Natalia Lafourcade,attraction,https://www.ticketmaster.com/natalia-lafourcade-tickets/artist/1492041,https://s1.ticketm.net/dam/a/725/4d7f77d4-191a-4f6d-9558-5a5bc310c725_SOURCE,https://open.spotify.com/artist/1hcdI2N1023RvSwLzTtdsp,https://www.instagram.com/natalialafourcade/,https://www.youtube.com/user/NataliaLaFourcade,https://www.facebook.com/NataliaLafourcadeMx,http://www.lafourcade.com.mx/,https://twitter.com/lafourcade,https://music.apple.com/us/artist/natalia-lafourcade/14937569,https://en.wikipedia.org/wiki/Natalia_Lafourcade,http://www.last.fm/music/Natalia+Lafourcade,https://musicbrainz.org/artist/2ceb4e66-4eaa-4dba-ad3a-30df3b742557,Music,World,Latin,2
K8vZ9175dH7,K8vZ9175dH7|https://www.ticketmaster.com/aleks-syntek-tickets/artist/774932,Aleks Syntek,attraction,https://www.ticketmaster.com/aleks-syntek-tickets/artist/774932,https://s1.ticketm.net/dam/a/a1d/db7f0c9a-1950-4ce9-b2be-902f0cfaea1d_SOURCE,,,,,,@syntekoficial,,,,,Music,World,Latin,3
K8vZ9171sw0,K8vZ9171sw0|https://www.ticketmaster.com/lila-downs-tickets/artist/704790,Lila Downs,attraction,https://www.ticketmaster.com/lila-downs-tickets/artist/704790,https://s1.ticketm.net/dam/a/881/2e283b6c-b005-4484-989f-a59909206881_SOURCE,https://open.spotify.com/artist/3mXI2gpwWnNO9qbQG3n3EP?si=U9moPIeWTVCIJB_yWq3GNg&nd=1,https://www.instagram.com/liladowns/,https://www.youtube.com/channel/UCddIE0jG7qBBBMZ3WRPJZcQ,https://www.facebook.com/LilaDownsOficial/,http://liladowns.com/,https://twitter.com/liladowns,https://music.apple.com/mx/artist/lila-downs/653627,https://en.wikipedia.org/wiki/Lila_Downs,,https://musicbrainz.org/artist/ad29ae1c-2eda-4071-9dc8-31910e7e546c,Music,World,World,4
K8vZ9175Ml7,K8vZ9175Ml7|https://www.ticketmaster.com/sin-bandera-tickets/artist/849520,Sin Bandera,attraction,https://www.ticketmaster.com/sin-bandera-tickets/artist/849520,https://s1.ticketm.net/dam/a/5c8/ed415c48-2ee7-4110-8bad-70d2770d35c8_SOURCE,https://open.spotify.com/artist/7xeM7V59cA1X8GKyKKQV87?autoplay=true,https://www.instagram.com/sinbandera/,https://www.youtube.com/user/SinbanderaVEVO,https://www.facebook.com/sinbanderaoficial,http://www.sinbandera.com.mx/,https://twitter.com/sinbandera,https://music.apple.com/us/artist/sin-bandera/14483319,https://en.wikipedia.org/wiki/Sin_Bandera,,https://musicbrainz.org/artist/34e1542c-ad28-42c1-9438-724b324f66a4,Music,World,Latin,21
K8vZ917GkK0,K8vZ917GkK0|https://www.ticketmaster.com/high-on-fire-tickets/artist/868937,High On Fire,attraction,https://www.ticketmaster.com/high-on-fire-tickets/artist/868937,https://s1.ticketm.net/dam/a/873/f8f60dbf-37dd-41f6-bf9f-9886d41b9873_SOURCE,https://open.spotify.com/artist/1eiIIImNeUj3vpaocWqoOf?autoplay=true,https://www.instagram.com/highonfireband/,https://www.youtube.com/channel/UCAFMVgaY-5IdtaJaQdjj9hw,https://www.facebook.com/highonfire,https://highonfiremerch.com/,,https://music.apple.com/ca/artist/high-on-fire/19111598,,,https://musicbrainz.org/artist/720249d5-62c5-4679-8ead-dcda3329d6e7,Music,Metal,Heavy Metal,11
K8vZ9175Zyf,K8vZ9175Zyf|https://www.ticketmaster.com/averly-morillo-tickets/artist/15489,Averly Morillo,attraction,https://www.ticketmaster.com/averly-morillo-tickets/artist/15489,https://s1.ticketm.net/dam/a/998/437f50a1-f645-40dc-b628-05a6de4f3998_SOURCE,,,,,,,,,,https://musicbrainz.org/artist/d3fb6632-82fb-4433-8c6e-dd9baebf11c1,Music,Undefined,Undefined,4
K8vZ917__KV,K8vZ917__KV|https://www.ticketmaster.com/nanpa-basico-tickets/artist/2791339,Nanpa Básico,attraction,https://www.ticketmaster.com/nanpa-basico-tickets/artist/2791339,https://s1.ticketm.net/dam/a/e8d/f445097e-0e05-4fe5-8c94-d36b9afdfe8d_SOURCE,,,,,,,,,,https://musicbrainz.org/artist/6252f6ed-5b34-4afd-a0bc-ab8156c2a524,Music,Hip-Hop/Rap,Urban,4
K8vZ9173e80,K8vZ9173e80|https://www.ticketmaster.com/pablo-alboran-tickets/artist/1948520,Pablo Alboran,attraction,https://www.ticketmaster.com/pablo-alboran-tickets/artist/1948520,https://s1.ticketm.net/dam/a/d38/2d85358b-9f8e-4617-86dd-9cf1d4532d38_SOURCE,https://open.spotify.com/artist/5M9Bb4adKAgrOFOhc05Y50?si=Akuz0xbsQ9K2rlFYGJ1-Cw&nd=1,https://www.instagram.com/pabloalboran/,https://www.youtube.com/channel/UCf3L_9odIRo9G2L_-hsb7lg,https://www.facebook.com/PabloAlboranOficial,https://lacuartahoja.pabloalboran.es/,https://twitter.com/pabloalboran,https://music.apple.com/us/artist/pablo-albor%C3%A1n/376461725,,,https://musicbrainz.org/artist/c62936e1-7f2a-4c99-b09b-a5bc85d6c1f3,Music,World,Latin,5
K8vZ9175rm0,K8vZ9175rm0|https://www.ticketmaster.com/cristian-castro-tickets/artist/844826,Cristian Castro,attraction,https://www.ticketmaster.com/cristian-castro-tickets/artist/844826,https://s1.ticketm.net/dam/a/7ae/9d11bef4-876c-4977-af8c-3d2c269147ae_SOURCE,https://open.spotify.com/artist/2AZOALDIBORfbzKTuliwdJ,https://www.instagram.com/cristiancastropop/,https://www.youtube.com/channel/UCd2gYzCfSfsWIiRNR7WxjwA,https://www.facebook.com/profile.php?id=100031233141570,,https://twitter.com/cristiancastro,https://itunes.apple.com/mx/artist/id312044,https://en.wikipedia.org/wiki/Cristian_Castro,http://www.last.fm/music/Cristian+Castro,https://musicbrainz.org/artist/8cc00e45-94c9-40e0-882b-0e76dd5b472b,Music,World,Latin,22
K8vZ917boF0,K8vZ917boF0|https://www.ticketmaster.com/kneecap-tickets/artist/2661733,Kneecap,attraction,https://www.ticketmaster.com/kneecap-tickets/artist/2661733,https://s1.ticketm.net/dam/a/fcd/9eace3c6-efe6-4433-bde3-a3d5f2ba4fcd_SOURCE,https://open.spotify.com/artist/1ZVACPeq7ccGCoUXwtafUU,https://www.instagram.com/kneecap32,https://www.youtube.com/channel/UCR8_tdf_kr2tn01dFmRK6wQ,https://www.facebook.com/KNEECAP32/,https://www.kneecap.ie/,https://twitter.com/KNEECAPCEOL,https://music.apple.com/ca/artist/kneecap/1330315811,,,https://musicbrainz.org/artist/6ac275dd-eb37-42cf-9a60-6b147320c7be,Music,Hip-Hop/Rap,Urban,14
K8vZ9175RK7,K8vZ9175RK7|https://www.ticketmaster.com/enjambre-tickets/artist/957148,Enjambre,attraction,https://www.ticketmaster.com/enjambre-tickets/artist/957148,https://s1.ticketm.net/dam/a/d0f/f59d34b6-96f1-487e-a2e8-2372a0256d0f_SOURCE,https://open.spotify.com/artist/1ZdhAl62G6ZlEKqIwUAfZR,https://www.instagram.com/enjambremx/,https://www.youtube.com/channel/UCeWrTIZXmnw70czlsOHt0sg,https://www.facebook.com/enjambre,https://www.enjambremusica.com/,https://twitter.com/enjambremx?lang=bn,https://music.apple.com/us/artist/enjambre/55061637,,http://www.last.fm/music/Enjambre,https://musicbrainz.org/artist/acc7cb5a-8f3a-4f61-b199-a62d45374dec,Music,World,Latin,7
K8vZ917KUTV,K8vZ917KUTV|https://www.ticketmaster.com/beach-weather-tickets/artist/2163588,Beach Weather,attraction,https://www.ticketmaster.com/beach-weather-tickets/artist/2163588,https://s1.ticketm.net/dam/a/e8c/01ab6f3e-b2b9-4c2e-93b6-8d06a7c18e8c_SOURCE,,,,,,,,,,https://musicbrainz.org/artist/ddb0a21a-af9f-4333-aa31-214bdaafad37,Music,Dance/Electronic,Ambient,2
K8vZ91711k7,K8vZ91711k7|https://www.ticketmaster.com/arturo-sandoval-tickets/artist/737771,Arturo Sandoval,attraction,https://www.ticketmaster.com/arturo-sandoval-tickets/artist/737771,https://s1.ticketm.net/dam/a/b06/a4729610-0031-436e-a78f-12a8b5e3eb06_SOURCE,https://open.spotify.com/artist/0MGQZNEMaEICyku3cSDrnJ?autoplay=true,https://instagram.com/arttrumpet/,https://www.youtube.com/channel/UCnPkqxFhnwmXA1DQKdvRMUw,https://www.facebook.com/ArturoSandovalMusic,http://www.arturosandoval.com/,https://twitter.com/sandovalarturo1,https://music.apple.com/us/artist/arturo-sandoval/75007,https://en.wikipedia.org/wiki/Arturo_Sandoval,http://www.last.fm/music/Arturo+Sandoval,https://musicbrainz.org/artist/c5cda118-797f-4124-aef2-f1ada89d3408,Music,Jazz,Jazz,15
K8vZ917GEf7,K8vZ917GEf7|https://www.ticketmaster.com/espinoza-paz-tickets/artist/1388282,Espinoza Paz,attraction,https://www.ticketmaster.com/espinoza-paz-tickets/artist/1388282,https://s1.ticketm.net/dam/a/75c/1a8cf09a-2b1c-4512-adc0-87134db0a75c_SOURCE,https://open.spotify.com/album/4KgjEVleZmV78zflRLDAUF,https://www.instagram.com/espinozapaz/,https://www.youtube.com/user/EspinozaPazTV,https://www.facebook.com/EspinozaPaz,https://www.espinozapaz.co/,https://twitter.com/EspinozaOficial,https://music.apple.com/us/artist/espinoza-paz/151079916,https://en.wikipedia.org/wiki/Espinoza_Paz,,https://musicbrainz.org/artist/3c540922-e986-4f7f-87c9-8fe34ec72bb9,Music,World,Latin,1
K8vZ9172NOf,K8vZ9172NOf|https://www.ticketmaster.com/monsieur-perine-tickets/artist/1704902,Monsieur Perine,attraction,https://www.ticketmaster.com/monsieur-perine-tickets/artist/1704902,https://s1.ticketm.net/dam/a/145/2a167f3b-d878-4f36-bd5f-3d0d8b903145_SOURCE,https://open.spotify.com/artist/36KsCCwgI0Dep97yVJWmkK?si=ZpOuT3W8Rsy_t6Orw2Vfiw&nd=1,https://www.instagram.com/monsieurperine/,https://www.youtube.com/channel/UCWUnYzfIVQp5Vterkw-1GFA,https://www.facebook.com/monsieurperinemusic,https://www.mperine.com/,https://twitter.com/monsieurperine,https://music.apple.com/co/artist/monsieur-perin%C3%A9/524000465,,,https://musicbrainz.org/artist/644c9096-41be-4d89-87b6-deceabf08930,Music,Jazz,Jazz,9
K8vZ917K_l0,K8vZ917K_l0|https://www.ticketmaster.com/la-adictiva-banda-san-jose-de-tickets/artist/2114961,La Adictiva Banda San Jose De Mesillas,attraction,https://www.ticketmaster.com/la-adictiva-banda-san-jose-de-tickets/artist/2114961,https://s1.ticketm.net/dam/a/55b/e2f3c955-ba92-4a12-b68f-8a3c4058455b_SOURCE,,,,,,,,,,https://musicbrainz.org/artist/e369f32b-2524-41b2-abaf-03271f7cdf43,Music,World,Latin,1
K8vZ91715Lf,K8vZ91715Lf|https://www.ticketmaster.com/helloween-tickets/artist/735265,Helloween,attraction,https://www.ticketmaster.com/helloween-tickets/artist/735265,https://s1.ticketm.net/dam/a/9bb/b8ac49f0-e3ec-49f6-9b36-379199de89bb_SOURCE,https://open.spotify.com/artist/4pQN0GB0fNEEOfQCaWotsY,https://www.instagram.com/helloweenofficial/,https://www.youtube.com/user/helloweenorg,https://www.facebook.com/helloweenofficial,http://www.helloween.org/,https://mobile.twitter.com/helloweenorg,https://music.apple.com/us/artist/helloween/2320560,https://en.wikipedia.org/wiki/Helloween,http://www.last.fm/music/Helloween,https://musicbrainz.org/artist/765774a0-2060-469b-8b7d-612eea48579b,Music,Metal,Heavy Metal,3
K8vZ917-dIf,K8vZ917-dIf|https://www.ticketmaster.com/orquesta-colorado-naranjo-tickets/artist/4568244,Orquesta Colorado Naranjo,attraction,https://www.ticketmaster.com/orquesta-colorado-naranjo-tickets/artist/4568244,https://s1.ticketm.net/dam/a/617/15992ac1-a582-4d6c-b71a-df15732df617_SOURCE,,https://www.instagram.com/orquestacoloradonaranjo/,,https://www.facebook.com/OrquestaColoradoNaranjoColima/,,,,,,,Music,Classical,Classical/Vocal,1
K8vZ9172b67,K8vZ9172b67|https://www.ticketmaster.com/sonora-santanera-tickets/artist/969126,Sonora Santanera,attraction,https://www.ticketmaster.com/sonora-santanera-tickets/artist/969126,https://s1.ticketm.net/dam/a/4f0/0408dea8-8909-4aa3-b8a4-c564a84f84f0_SOURCE,https://open.spotify.com/artist/3CsPxFJGyNa9ep79CFWN77,https://www.instagram.com/santaneramx/,https://www.youtube.com/channel/UCTbSK1ejw6xeT5vGiK6vbig,https://www.facebook.com/SantaneraMx,,https://twitter.com/s_santanera,https://music.apple.com/us/artist/la-sonora-santanera/126067406,,,https://musicbrainz.org/artist/7a273984-edd9-4451-9c4d-39b38f05ebcd,Music,World,Latin,3
K8vZ917Qts0,K8vZ917Qts0|https://www.ticketmaster.com/liana-flores-tickets/artist/2915680,Liana Flores,attraction,https://www.ticketmaster.com/liana-flores-tickets/artist/2915680,https://s1.ticketm.net/dam/a/95c/5e5699ce-073b-43db-939b-64444c7fb95c_SOURCE,,,,,,,,,,https://musicbrainz.org/artist/9f93c34a-2dc2-400e-ada5-937c3efc3437,Music,Folk,Folk,10
K8vZ9171pC0,K8vZ9171pC0|https://www.ticketmaster.com/pedro-fernandez-tickets/artist/750158,Pedro Fernández,attraction,https://www.ticketmaster.com/pedro-fernandez-tickets/artist/750158,https://s1.ticketm.net/dam/a/e91/70ccfbfa-d8c2-454d-b9be-92b50d54de91_SOURCE,https://open.spotify.com/artist/24dYJ8P3YuFihvMcElFUWh,https://www.instagram.com/pedro.fer/,https://www.youtube.com/channel/UCPDAy-ra3dQ8fP0OcgHlHKA,https://www.facebook.com/PedroFernandezAventurero,,https://twitter.com/pedro_fer,https://music.apple.com/us/artist/pedro-fernández/50294,,,https://musicbrainz.org/artist/ce0646e2-98a4-4698-a494-c45034a03192,Music,World,Latin,2
K8vZ9171haf,K8vZ9171haf|https://www.ticketmaster.com/jerry-rivera-tickets/artist/755165,Jerry Rivera,attraction,https://www.ticketmaster.com/jerry-rivera-tickets/artist/755165,https://s1.ticketm.net/dam/a/28f/2c7fca14-a141-474f-b3d3-5740bf78e28f_SOURCE,https://open.spotify.com/artist/7wOZy3KdFVVINgNFFxkxwO?autoplay=true,https://www.instagram.com/jerryrivera/,https://www.youtube.com/user/jerryriveravideos,https://www.facebook.com/JerryRiveraFans,,https://twitter.com/jerry_rivera,https://music.apple.com/us/artist/jerry-rivera/6764253,https://en.wikipedia.org/wiki/Jerry_Rivera,,https://musicbrainz.org/artist/d53d5b18-eb28-4b2d-a2e0-3fe2891a385f,Music,World,Latin,2
K8vZ917u1Mf,K8vZ917u1Mf|https://www.ticketmaster.com/cultura-profetica-tickets/artist/1138470,Cultura Profética,attraction,https://www.ticketmaster.com/cultura-profetica-tickets/artist/1138470,https://s1.ticketm.net/dam/a/122/93ab62d2-aee1-4d89-b4e8-ce60cae45122_SOURCE,,https://www.instagram.com/culturaprofetica_oficial/,https://www.youtube.com/user/cproficial,https://www.facebook.com/culturaprofetica/,https://culturaprofetica.com/,https://twitter.com/culturaprofetic/,,,,https://musicbrainz.org/artist/6633c2a5-2f74-4164-9d88-b8f458399adf,Music,Reggae,Reggae,3
K8vZ91711K7,K8vZ91711K7|https://www.ticketmaster.com/mijares-tickets/artist/755086,Mijares,attraction,https://www.ticketmaster.com/mijares-tickets/artist/755086,https://s1.ticketm.net/dam/a/b2d/d4d936ac-3611-4e8a-a0c4-c593438a8b2d_SOURCE,https://open.spotify.com/artist/3zhijRRIZX2B6G2T7vJl9p?autoplay=true,https://instagram.com/oficialmijares,https://www.youtube.com/channel/UCKThSW8eYiFVcAWVD0qxwoA,https://www.facebook.com/MijaresOficial,,https://twitter.com/mijaresoficial,https://music.apple.com/ca/artist/mijares/413474,,,https://musicbrainz.org/artist/faaf1297-2dd0-447d-b562-006876a5f803,Music,World,Latin,3
K8vZ9174G-f,K8vZ9174G-f|https://www.ticketmaster.com/alta-consigna-tickets/artist/2272750,Alta Consigna,attraction,https://www.ticketmaster.com/alta-consigna-tickets/artist/2272750,https://s1.ticketm.net/dam/a/55b/ba2a821c-87c3-4f69-b7c4-03cc52ea755b_SOURCE,,,,,,,,,,https://musicbrainz.org/artist/3dfdddaa-546e-405a-9de4-91c268a2b89f,Music,World,Latin,1
K8vZ9171EX7,K8vZ9171EX7|https://www.ticketmaster.com/molotov-tickets/artist/795806,Molotov,attraction,https://www.ticketmaster.com/molotov-tickets/artist/795806,https://s1.ticketm.net/dam/a/9eb/c3839c32-0eef-41c1-bf81-2cf87724d9eb_SOURCE,https://open.spotify.com/artist/27Owkm4TGlMqb0BqaEt3PW,https://www.instagram.com/molotovbanda/?hl=es-la,https://www.youtube.com/channel/UCGeB59j5PTFjyIyWBNCo71g,https://www.facebook.com/molotovoficial,https://molotovoficial.mx/,https://twitter.com/molotovbanda?fbclid=IwAR2Pd7JZyRBnlBMSNe0PeB4KbnDbQwqBFcsbAABpWrEUCBMqAr6FqOwa6n0,https://music.apple.com/us/artist/molotov/101419,,,https://musicbrainz.org/artist/7daae91a-caf1-495f-a21a-912ece46501c,Music,World,Latin,4
K8vZ917oTG0,K8vZ917oTG0|https://www.ticketmaster.com/emmanuel-mijares-tickets/artist/1943111,Emmanuel & Mijares,attraction,https://www.ticketmaster.com/emmanuel-mijares-tickets/artist/1943111,https://s1.ticketm.net/dam/a/c60/3355f8d0-f8fe-4058-8998-9f0398c25c60_SOURCE,,,,,,,,,,,Music,World,Latin,2
K8vZ917CDzf,K8vZ917CDzf|https://www.ticketmaster.com/whiplash-tickets/artist/1637987,Whiplash,attraction,https://www.ticketmaster.com/whiplash-tickets/artist/1637987,https://s1.ticketm.net/dam/a/25c/1a5d98f3-2028-47fa-979d-73670cffc25c_SOURCE,,,,,,,,,,,Music,Undefined,Undefined,2
K8vZ917GnW0,K8vZ917GnW0|https://www.ticketmaster.com/michael-cavanaugh-tickets/artist/1073094,Michael Cavanaugh,attraction,https://www.ticketmaster.com/michael-cavanaugh-tickets/artist/1073094,https://s1.ticketm.net/dam/a/ce6/4325c48b-60a5-4085-99cf-912641f8dce6_SOURCE,https://open.spotify.com/artist/19ygD3mbwiHExSVAqMDen7?autoplay=true,https://www.instagram.com/cavanaugh_music,https://www.youtube.com/user/CavanaughVideo/featured,https://www.facebook.com/CavMusic?ref=hl,https://michaelcavanaugh.com/,https://www.twitter.com/cavanaugh_music,https://music.apple.com/ca/artist/michael-cavanaugh/31839893,https://en.wikipedia.org/wiki/Michael_Cavanaugh_(musician),,https://musicbrainz.org/artist/af31c691-49cb-426b-903d-179cd5ec7d0d,Music,Undefined,Undefined,3
K8vZ917G6qV,K8vZ917G6qV|https://www.ticketmaster.com/marcos-vidal-tickets/artist/1264154,Marcos Vidal,attraction,https://www.ticketmaster.com/marcos-vidal-tickets/artist/1264154,https://s1.ticketm.net/dam/a/f5f/cbc5c4f5-4d5b-4723-9e43-272d0baa7f5f_SOURCE,,,,,,,,,,,Music,Religious,Gospel,1
K8vZ9175Kv0,K8vZ9175Kv0|https://www.ticketmaster.com/marcos-witt-tickets/artist/884553,Marcos Witt,attraction,https://www.ticketmaster.com/marcos-witt-tickets/artist/884553,https://s1.ticketm.net/dam/a/c53/8ca73878-fa92-4955-b663-6e644b7d7c53_SOURCE,,,,,,,,,,,Music,Religious,Gospel,1
K8vZ917GfSf,K8vZ917GfSf|https://www.ticketmaster.com/marco-barrientos-tickets/artist/777456,Marco Barrientos,attraction,https://www.ticketmaster.com/marco-barrientos-tickets/artist/777456,https://s1.ticketm.net/dam/a/4ee/68b57ac6-5ff6-4a02-9512-e19362fdf4ee_SOURCE,,,,,,,,,,,Music,Undefined,Undefined,1
K8vZ9174_ef,K8vZ9174_ef|https://www.ticketmaster.com/elefante-tickets/artist/886746,Elefante,attraction,https://www.ticketmaster.com/elefante-tickets/artist/886746,https://s1.ticketm.net/dam/a/362/8b3839e9-f016-417c-83f0-9ee066405362_SOURCE,,,,,,,,,,,Music,World,Latin,16
K8vZ917CyS7,K8vZ917CyS7|https://www.ticketmaster.com/la-leyenda-tickets/artist/1636512,La Leyenda,attraction,https://www.ticketmaster.com/la-leyenda-tickets/artist/1636512,https://s1.ticketm.net/dam/a/06b/1b0db039-0764-48dd-803b-beedab82106b_SOURCE,,,,,,,,,,,Music,World,Latin,1
K8vZ917GGo7,K8vZ917GGo7|https://www.ticketmaster.com/edith-marquez-tickets/artist/1226103,Edith Marquez,attraction,https://www.ticketmaster.com/edith-marquez-tickets/artist/1226103,https://s1.ticketm.net/dam/a/71d/aad54468-f81a-4afd-91ef-6bfa3a85271d_SOURCE,,,,,,,,,,https://musicbrainz.org/artist/bf95f456-47b7-49e5-8050-ee5ac9eed2fa,Music,World,Latin,15
K8vZ9174UDV,K8vZ9174UDV|https://www.ticketmaster.com/justin-quiles-tickets/artist/2348737,Justin Quiles,attraction,https://www.ticketmaster.com/justin-quiles-tickets/artist/2348737,https://s1.ticketm.net/dam/a/47e/295f2ad4-1d5d-4f72-ba91-546d7b3c547e_SOURCE,https://open.spotify.com/artist/14zUHaJZo1mnYtn6IBRaRP?autoplay=true,https://www.instagram.com/jquiles/,https://www.youtube.com/channel/UC2uoWlDCtn8QuAwqn3T46zw,https://www.facebook.com/JQuilesOfficial/,,,https://music.apple.com/ca/artist/justin-quiles/875457681,,,https://musicbrainz.org/artist/e5fdb46c-eb73-4820-94ba-5dd5b35948cf,Music,Latin,Latin Hip-Hop,6
K8vZ917hLE0,K8vZ917hLE0|https://www.ticketmaster.com/lenny-tavarez-tickets/artist/3030269,Lenny Tavárez,attraction,https://www.ticketmaster.com/lenny-tavarez-tickets/artist/3030269,https://s1.ticketm.net/dam/a/5f7/7f8e1dfe-9d4c-403b-b0dc-113d5f6d05f7_SOURCE,,,,,,,,,,,Music,Latin,Latin Hip-Hop,6
K8vZ917Cbq0,K8vZ917Cbq0|https://www.ticketmaster.com/francisco-cespedes-tickets/artist/1009654,Francisco Cespedes,attraction,https://www.ticketmaster.com/francisco-cespedes-tickets/artist/1009654,https://s1.ticketm.net/dam/a/ecf/7e02436a-09bb-4560-995a-6c9ce05d8ecf_SOURCE,https://open.spotify.com/artist/54jti4nqabEAlBvIDU2zt8,https://www.instagram.com/franciscopanchocespedes/,https://www.youtube.com/channel/UCwBlGevZtx1pgt8prlBgNtQ,https://www.facebook.com/franciscopanchocespedes/,,https://twitter.com/fpanchocespedes?lang=en,https://music.apple.com/us/artist/francisco-céspedes/88980,,,,Music,World,Latin,3
K8vZ9175gZ0,K8vZ9175gZ0|https://www.ticketmaster.com/amanda-miguel-tickets/artist/987032,Amanda Miguel,attraction,https://www.ticketmaster.com/amanda-miguel-tickets/artist/987032,https://s1.ticketm.net/dam/a/e24/5ed64f23-c716-4f95-9c58-87c206224e24_SOURCE,https://open.spotify.com/artist/3v8mFhjLFa50QK8zDvAMYN?autoplay=true,https://www.instagram.com/yoamandamiguel,https://www.youtube.com/user/amandamigueltv,https://www.facebook.com/AmandaMiguels,http://www.amandamiguel.com/,https://twitter.com/amandamiguels,,https://en.wikipedia.org/wiki/Amanda_Miguel,,https://musicbrainz.org/artist/8ef7bbf6-04eb-43e4-ad3d-17cb8ad174b4,Music,World,Latin,3
K8vZ9175hnf,K8vZ9175hnf|https://www.ticketmaster.com/spanish-harlem-orchestra-tickets/artist/942299,Spanish Harlem Orchestra,attraction,https://www.ticketmaster.com/spanish-harlem-orchestra-tickets/artist/942299,https://s1.ticketm.net/dam/a/2af/17040dad-4b66-456c-a15c-67ac752ea2af_SOURCE,https://open.spotify.com/artist/0I7U5I66P88nCaVVPkIz6x?autoplay=true,https://www.instagram.com/shorchestra/,https://www.youtube.com/channel/UCjRbfpIUmShAg3yzf-cZWrg,https://www.facebook.com/SpanishHarlemOrchestra,https://www.spanishharlemorchestra.com/,https://twitter.com/TheOriginalSHO,https://music.apple.com/us/artist/spanish-harlem-orchestra/21910087,https://en.wikipedia.org/wiki/Spanish_Harlem_Orchestra,,https://musicbrainz.org/artist/5ddcd28d-e3b9-4e07-a853-d0a6316e64ea,Music,Jazz,Jazz,2
K8vZ917CREf,K8vZ917CREf|https://www.ticketmaster.com/gondwana-tickets/artist/714647,Gondwana,attraction,https://www.ticketmaster.com/gondwana-tickets/artist/714647,https://s1.ticketm.net/dam/a/179/10f471aa-2a8e-4394-b9fc-44617e174179_SOURCE,https://open.spotify.com/artist/4nSgEvZncnC5oNPVrtwnLd?autoplay=true,http://www.instagram.com/gondwanachile,https://www.youtube.com/user/GondwanaChile,https://www.facebook.com/GondwanaChile,https://gondwana.cl/,https://twitter.com/GondwanaChile,https://music.apple.com/ca/artist/gondwana/3204668,,,https://musicbrainz.org/artist/40425480-8285-4ba3-92b2-6326a733a464,Music,Reggae,Reggae,4
K8vZ917OPG0,K8vZ917OPG0|https://www.ticketmaster.com/quique-neira-tickets/artist/4500939,Quique Neira,attraction,https://www.ticketmaster.com/quique-neira-tickets/artist/4500939,https://s1.ticketm.net/dam/c/27e/458d1b62-6e4f-4ffd-8941-9ed303d8e27e_106041_TABLET_LANDSCAPE_LARGE_16_9.jpg,,,,,,,,,,,Music,Reggae,Reggae,3
K8vZ9171U2V,K8vZ9171U2V|https://www.ticketmaster.com/sentidos-opuestos-tickets/artist/787320,Sentidos Opuestos,attraction,https://www.ticketmaster.com/sentidos-opuestos-tickets/artist/787320,https://s1.ticketm.net/dam/a/bc4/371b2d43-1c02-4661-b0c1-d3f2e0e31bc4_SOURCE,,,,,,,,,,,Music,World,Latin,3
K8vZ91742H7,K8vZ91742H7|https://www.ticketmaster.com/flamenco-festival-tickets/artist/849733,Flamenco Festival,attraction,https://www.ticketmaster.com/flamenco-festival-tickets/artist/849733,https://s1.ticketm.net/dam/c/548/5fefbd1c-973b-4b0e-9b2e-d78e4ce37548_106111_TABLET_LANDSCAPE_LARGE_16_9.jpg,,,,,,,,,,,Music,World,Latin,1
K8vZ917uSl7,K8vZ917uSl7|https://www.ticketmaster.com/no-te-va-gustar-tickets/artist/1538377,No Te Va Gustar,attraction,https://www.ticketmaster.com/no-te-va-gustar-tickets/artist/1538377,https://s1.ticketm.net/dam/a/400/a6714c35-1b1f-42cf-bc72-5cca51b9d400_SOURCE,https://open.spotify.com/artist/4ZDoy7AWNgQVmX7T0u0B1j?autoplay=true,https://www.instagram.com/notevagustaroficial,https://www.youtube.com/@NoTeVaGustarOficial,http://www.facebook.com/notevagustaroficial,http://www.notevagustar.com/,https://twitter.com/ntvgoficial,https://music.apple.com/ca/artist/no-te-va-gustar/210087302,https://en.wikipedia.org/wiki/No_Te_Va_Gustar,,https://musicbrainz.org/artist/bbd05acc-33f0-4db6-bc01-41c8b4bfe2df,Music,World,Latin,4
K8vZ917CHQf,K8vZ917CHQf|https://www.ticketmaster.com/paty-cantu-tickets/artist/1639499,Paty Cantu,attraction,https://www.ticketmaster.com/paty-cantu-tickets/artist/1639499,https://s1.ticketm.net/dam/a/62c/cc081631-12af-446c-b4aa-237bbe36f62c_SOURCE,https://open.spotify.com/artist/7K9rdoOJSiKXoVXPlSkGKT?autoplay=true,https://www.instagram.com/patycantu/,https://www.youtube.com/user/patycantube,https://www.facebook.com/soypatycantu/,https://www.patycantu.com/,https://twitter.com/PatyCantu,https://music.apple.com/us/artist/paty-cant%C3%BA/137302984,,,https://musicbrainz.org/artist/20dac54f-07a0-4418-b545-49d09813951c,Music,Ballads/Romantic,Ballads/Romantic,3
K8vZfZ7aEdk,K8vZfZ7aEdk|https://www.ticketmaster.com/natanael-cano-tickets/artist/2797745,Natanael Cano,attraction,https://www.ticketmaster.com/natanael-cano-tickets/artist/2797745,https://s1.ticketm.net/dam/a/863/7eff115e-a69b-446b-abba-6fd4f8386863_SOURCE,https://open.spotify.com/artist/0elWFr7TW8piilVRYJUe4P,https://www.instagram.com/natanael_cano/,https://www.youtube.com/channel/UCW2_ESwKrYgSjqQjrR09n0g,https://www.facebook.com/NatanaelCano,,,https://music.apple.com/us/artist/natanael-cano/1406984792,,,https://musicbrainz.org/artist/41925f30-8737-4fb8-af65-da918c0e98f3,Music,Latin,Latin,2
K8vZ9172Myf,K8vZ9172Myf|https://www.ticketmaster.com/yolanda-del-rio-tickets/artist/1739491,Yolanda Del Rio,attraction,https://www.ticketmaster.com/yolanda-del-rio-tickets/artist/1739491,https://s1.ticketm.net/dam/a/72b/bb2f7774-dc88-4171-aa5a-71abb036872b_SOURCE,https://open.spotify.com/artist/0QdXxfTxlrbEQSY6FaxqaC?autoplay=true,,https://www.youtube.com/channel/UCBMZQrkwmIi8twY1W2tPXqA,https://www.facebook.com/YolandaDelRioLaUnicaGranSenora/,,https://twitter.com/yolandadelrio,https://music.apple.com/us/artist/yolanda-del-r%C3%ADo/212398604,,,https://musicbrainz.org/artist/d62a747a-cad9-427a-b664-79fc2df81891,Music,World,Latin,11
K8vZ917Ocpf,K8vZ917Ocpf|https://www.ticketmaster.com/con-cierto-bolero-tickets/artist/4530744,Con cierto... Bolero,attraction,https://www.ticketmaster.com/con-cierto-bolero-tickets/artist/4530744,https://s1.ticketm.net/dam/a/25d/c55d90f5-e208-4446-afd1-77e8e258b25d_SOURCE,,https://www.instagram.com/francisco.tenor,,,,,,,,,Music,Classical,Classical/Vocal,2
K8vZ9179t90,K8vZ9179t90|https://www.ticketmaster.com/antonio-vivaldi-tickets/artist/2571287,Antonio Vivaldi,attraction,https://www.ticketmaster.com/antonio-vivaldi-tickets/artist/2571287,https://s1.ticketm.net/dam/a/1dd/fd429977-f705-411d-8952-81b9979911dd_SOURCE,https://open.spotify.com/artist/2QOIawHpSlOwXDvSqQ9YJR,,,,,,https://music.apple.com/us/artist/antonio-vivaldi/242604,,,https://musicbrainz.org/artist/ad79836d-9849-44df-8789-180bbc823f3c,Music,Classical,Classical/Vocal,67
K8vZ917GF_0,K8vZ917GF_0|https://www.ticketmaster.com/susana-zabaleta-tickets/artist/1213689,Susana Zabaleta,attraction,https://www.ticketmaster.com/susana-zabaleta-tickets/artist/1213689,https://s1.ticketm.net/dam/a/656/18a8db2c-4648-457e-bfac-b19bebfbe656_SOURCE,,,,,,,,,,,Music,Latin,Latin,1
K8vZ917hx67,K8vZ917hx67|https://www.ticketmaster.com/trendline-tickets/artist/2374465,TrendLine,attraction,https://www.ticketmaster.com/trendline-tickets/artist/2374465,https://s1.ticketm.net/dam/a/2f5/faa184d5-ac9e-4e88-841d-3cbfa31f32f5_SOURCE,,,,,,,,,,,Music,Ballads/Romantic,Ballads/Romantic,4
K8vZ917OkT7,K8vZ917OkT7|https://www.ticketmaster.com/junior-klan-tickets/artist/749663,Junior Klan,attraction,https://www.ticketmaster.com/junior-klan-tickets/artist/749663,https://s1.ticketm.net/dam/a/593/a908d982-bcd1-41a4-aa34-d304a1717593_SOURCE,https://open.spotify.com/intl-es/artist/38nF3ZyCqorhu0SaQ7yMqI,,,,,,,,,,Music,World,Mexican Cumbia,1
K8vZ917raXV,K8vZ917raXV|https://www.ticketmaster.com/roa-tickets/artist/3668514,ROA,attraction,https://www.ticketmaster.com/roa-tickets/artist/3668514,https://s1.ticketm.net/dam/a/a8e/1adb276d-8cb3-46f7-9477-6466b48eba8e_SOURCE,,https://www.instagram.com/roapr__/,,,,,,,,,Music,Latin,Latin Hip-Hop,3
K8vZ917_etf,K8vZ917_etf|https://www.ticketmaster.com/baja-beach-fest-tickets/artist/2763549,Baja Beach Fest,attraction,https://www.ticketmaster.com/baja-beach-fest-tickets/artist/2763549,https://s1.ticketm.net/dam/a/c5a/a496f82e-302a-47c2-8839-822c4f712c5a_SOURCE,,,,,,,,,,,Music,Undefined,Undefined,16
K8vZ917ryWf,K8vZ917ryWf|https://www.ticketmaster.com/el-gran-showman-the-greatest-showman-tickets/artist/4093249,El Gran Showman (The Greatest Showman) Movie Concert,attraction,https://www.ticketmaster.com/el-gran-showman-the-greatest-showman-tickets/artist/4093249,https://s1.ticketm.net/dam/a/9a7/cd499da8-72eb-49b9-a534-eceded3099a7_SOURCE,,,,,,,,,,,Music,Other,Other,3
Z7r9jZaC2R,Z7r9jZaC2R|None,Baja Beach Fest,attraction,,https://s1.ticketm.net/dam/c/060/c5c08e7a-9912-456c-a060-2758be94e060_105881_TABLET_LANDSCAPE_LARGE_16_9.jpg,,,,,,,,,,,Music,Other,Other,7
K8vZ917Oa9V,K8vZ917Oa9V|https://www.ticketmaster.com/sinfonica-de-mineria-tickets/artist/4433044,Sinfónica de Minería,attraction,https://www.ticketmaster.com/sinfonica-de-mineria-tickets/artist/4433044,https://s1.ticketm.net/dam/a/1c1/3a717d4c-fcaf-451e-95ca-5d7cd90671c1_SOURCE,,,,,https://mineria.org.mx/,,,,,,Music,Classical,Classical/Vocal,13
K8vZ917rqd7,K8vZ917rqd7|https://www.ticketmaster.com/la-calandria-tickets/artist/3844589,La Calandria,attraction,https://www.ticketmaster.com/la-calandria-tickets/artist/3844589,https://s1.ticketm.net/dam/a/a47/75748c8d-c35d-4eb7-938d-c03436053a47_SOURCE,https://open.spotify.com/artist/78YUE4qwEpkFXtv2xzm0S3,,,,,,,,,,Music,Undefined,Undefined,1
K8vZ917rjwf,K8vZ917rjwf|https://www.ticketmaster.com/shey-band-tickets/artist/3839847,Shey Band,attraction,https://www.ticketmaster.com/shey-band-tickets/artist/3839847,https://s1.ticketm.net/dam/a/0a4/e12f9414-4831-44ca-8404-821e2f6160a4_SOURCE,,https://www.instagram.com/sheyband_/,,,,,,,,,Music,Latin,Latin,1
K8vZ917QxB7,K8vZ917QxB7|https://www.ticketmaster.com/charles-ans-tickets/artist/2902041,Charles Ans,attraction,https://www.ticketmaster.com/charles-ans-tickets/artist/2902041,https://s1.ticketm.net/dam/a/b0c/e14f38e0-2680-405a-9c10-ecc65b224b0c_SOURCE,,,,,,,,,,,Music,Hip-Hop/Rap,Hip-Hop/Rap,2
K8vZ917KfMf,K8vZ917KfMf|https://www.ticketmaster.com/los-cafres-tickets/artist/2104221,Los Cafres,attraction,https://www.ticketmaster.com/los-cafres-tickets/artist/2104221,https://s1.ticketm.net/dam/a/4bd/6ec82da3-3995-4fee-8fc4-1b017e2d04bd_SOURCE,https://open.spotify.com/artist/2ST5XwWB4uXGKk2NXP8DUI,http://instagram.com/loscafres,https://www.youtube.com/loscafresnet,https://www.facebook.com/loscafrespaginaoficial,http://loscafres.net/,https://twitter.com/loscafres,https://music.apple.com/us/artist/los-cafres/128904969,,,https://musicbrainz.org/artist/5e2943e7-4b74-438f-9b8a-abfcaa412ec0,Music,Reggae,Reggae,1
K8vZ917G6Wf,K8vZ917G6Wf|https://www.ticketmaster.com/los-estramboticos-tickets/artist/1171036,Los Estramboticos,attraction,https://www.ticketmaster.com/los-estramboticos-tickets/artist/1171036,https://s1.ticketm.net/dam/a/adf/97107888-241a-439a-b3d4-fa5db708badf_SOURCE,https://open.spotify.com/artist/53nmySG01mYmqoUx3fKymx?autoplay=true,https://www.instagram.com/losestramboticos/,https://www.youtube.com/channel/UCK_q0K8EwOK3rPRB3jpH_2g,https://www.facebook.com/FanDeLosEstramboticos/,,,https://music.apple.com/ca/artist/los-estramb%C3%B3ticos/153346415,,,,Music,Rock,Pop,1
K8vZ917Lqef,K8vZ917Lqef|https://www.ticketmaster.com/leyendas-el-show-tickets/artist/4277944,Leyendas el show,attraction,https://www.ticketmaster.com/leyendas-el-show-tickets/artist/4277944,https://s1.ticketm.net/dam/a/f91/3bd154f0-6925-42b7-b583-907a0d8fbf91_SOURCE,,https://www.instagram.com/leyendaselshow/,,,,,,,,,Music,Ballads/Romantic,Ballads/Romantic,4
K8vZ917rBC0,K8vZ917rBC0|https://www.ticketmaster.com/el-senor-de-los-anillos-concierto-tickets/artist/4093304,El Señor de los Anillos Concierto Tributo Audiovisual,attraction,https://www.ticketmaster.com/el-senor-de-los-anillos-concierto-tickets/artist/4093304,https://s1.ticketm.net/dam/a/1f8/5c64bc55-801f-4548-a2fe-9a0a05d1b1f8_SOURCE,,,,,,,,,,,Music,Other,Other,2
K8vZ917hdZV,K8vZ917hdZV|https://www.ticketmaster.com/bohemia-91-tickets/artist/2966757,Bohemia 91,attraction,https://www.ticketmaster.com/bohemia-91-tickets/artist/2966757,https://s1.ticketm.net/dam/c/f50/96fa13be-e395-429b-8558-a51bb9054f50_105951_TABLET_LANDSCAPE_LARGE_16_9.jpg,,,,,,,,,,,Music,Latin,Latin,2
K8vZ917OR_0,K8vZ917OR_0|https://www.ticketmaster.com/one-piece-in-concert-tickets/artist/4526514,One Piece In Concert,attraction,https://www.ticketmaster.com/one-piece-in-concert-tickets/artist/4526514,https://s1.ticketm.net/dam/c/518/83a05c63-479c-4f7e-a7aa-1932aab77518_105461_TABLET_LANDSCAPE_LARGE_16_9.jpg,,,,https://www.facebook.com/share/1ACMAksBeY/,,,,,,,Music,Classical,Classical/Vocal,1
K8vZ917pby7,K8vZ917pby7|https://www.ticketmaster.com/sala-principal-bellas-artes-tickets/artist/2422193,Sala Principal Bellas Artes,attraction,https://www.ticketmaster.com/sala-principal-bellas-artes-tickets/artist/2422193,https://s1.ticketm.net/dam/a/c5c/95524be5-d107-4b3b-90a0-d053dd4edc5c_SOURCE,,,,,,,,,,,Music,World,Argentina,4
K8vZ9173wI0,K8vZ9173wI0|https://www.ticketmaster.com/the-big-band-experience-tributo-a-tickets/artist/2032956,The Big Band Experience ¨Tributo a Ray Conniff y Gleen Miller¨,attraction,https://www.ticketmaster.com/the-big-band-experience-tributo-a-tickets/artist/2032956,https://s1.ticketm.net/dam/a/d2d/dfa8cbac-c324-4c79-8b85-3a6936c8bd2d_SOURCE,,,,,,,,,,,Music,Other,Other,2
K8vZ917Otr7,K8vZ917Otr7|https://www.ticketmaster.com/tributo-a-la-diva-con-jennely-tickets/artist/4516589,Tributo a la Diva con Jennely,attraction,https://www.ticketmaster.com/tributo-a-la-diva-con-jennely-tickets/artist/4516589,https://s1.ticketm.net/dam/a/7cc/20f96d84-9b49-478b-9305-6e6d801537cc_SOURCE,,https://www.instagram.com/jennelyjennely/,,,,,,,,,Music,World,Mexican Banda,1
K8vZ9174i3V,K8vZ9174i3V|https://www.ticketmaster.com/silvia-perez-cruz-tickets/artist/2319183,Silvia Pérez Cruz,attraction,https://www.ticketmaster.com/silvia-perez-cruz-tickets/artist/2319183,https://s1.ticketm.net/dam/a/2cd/62c2a4dc-cd2f-456c-b1a2-beb09ef972cd_SOURCE,https://open.spotify.com/artist/7qJXYbBDibZ1Zixi89aUnw?autoplay=true,https://www.instagram.com/silviaperezcruzzzzz/,https://www.youtube.com/channel/UCuGp-QCOQb_Ra4X5-hqGGAw,https://www.facebook.com/silviaperezcruz/,http://silviaperezcruz.com/,https://twitter.com/Sperezcruz,https://music.apple.com/us/artist/s%C3%ADlvia-p%C3%A9rez-cruz/326593423,,,,Music,World,World,1
K8vZ9171Hj0,K8vZ9171Hj0|https://www.ticketmaster.com/mercedes-sosa-tickets/artist/755220,Mercedes Sosa,attraction,https://www.ticketmaster.com/mercedes-sosa-tickets/artist/755220,https://s1.ticketm.net/dam/a/962/16ae7d2f-227f-4300-a3e7-f44f65c5f962_SOURCE,,,,,,@MercedesSosa,,,,,Music,World,Latin,1
K8vZ917Obnf,K8vZ917Obnf|https://www.ticketmaster.com/macuiles-tickets/artist/4464797,Macuiles,attraction,https://www.ticketmaster.com/macuiles-tickets/artist/4464797,https://s1.ticketm.net/dam/a/6d3/b35eb5f7-d2fc-423d-b351-85880106a6d3_SOURCE,,,,https://www.facebook.com/TeatroBenitoJuarez/posts/pfbid02QzyzeRKXzpBqEzAupkaE5x5Bp5gPtc1aoo2E81bBJcaSPyw9aRbaCJ9qCdZXKPLHl,,,,,,,Music,Latin,Latin,1
K8vZ917oWrV,K8vZ917oWrV|https://www.ticketmaster.com/michelle-williams-tickets/artist/1940310,Michelle Williams,attraction,https://www.ticketmaster.com/michelle-williams-tickets/artist/1940310,https://s1.ticketm.net/dam/a/116/75558cea-ee2b-49e7-892d-4b3956322116_SOURCE,,,,,,,,,,,Music,R&B,R&B,1
K8vZ917jssV,K8vZ917jssV|https://www.ticketmaster.com/festival-mundial-del-bolero-tickets/artist/3159236,Festival Mundial del Bolero,attraction,https://www.ticketmaster.com/festival-mundial-del-bolero-tickets/artist/3159236,https://s1.ticketm.net/dam/a/84e/8143a535-96d8-4825-8c1b-1e200964584e_SOURCE,,,,,,,,,,,Music,Ballads/Romantic,Ballads/Romantic,3
K8vZ917LzO7,K8vZ917LzO7|https://www.ticketmaster.com/los-terricolas-de-freddy-fuentes-tickets/artist/4374744,Los Terricolas de Freddy Fuentes,attraction,https://www.ticketmaster.com/los-terricolas-de-freddy-fuentes-tickets/artist/4374744,https://s1.ticketm.net/dam/a/be2/7f85efb4-0193-4a55-98bf-b17715da1be2_SOURCE,,,https://www.youtube.com/channel/UCEVahjHNPh_Nk5DGxugwaXw,,,,,,,,Music,Ballads/Romantic,Ballads/Romantic,1
K8vZ917rrLf,K8vZ917rrLf|https://www.ticketmaster.com/nxrcisistxs-tickets/artist/3856434,Nxrcisistxs,attraction,https://www.ticketmaster.com/nxrcisistxs-tickets/artist/3856434,https://s1.ticketm.net/dam/a/980/d6719ab4-60fe-4858-80af-f51c1d6d5980_SOURCE,,https://www.instagram.com/reel/DGwep5hu2xP/,,,,,,,,,Music,Undefined,Undefined,3
K8vZ917jc3f,K8vZ917jc3f|https://www.ticketmaster.com/sarai-rivera-tickets/artist/3147917,Sarai Rivera,attraction,https://www.ticketmaster.com/sarai-rivera-tickets/artist/3147917,https://s1.ticketm.net/dam/a/350/39392b64-923b-4819-900e-7c48dd6c9350_SOURCE,,,,https://www.instagram.com/saraicrivera/?hl=es,,,,,,,Music,Religious,Hymns,8
K8vZ917qSJ0,K8vZ917qSJ0|https://www.ticketmaster.com/victor-garcia-tickets/artist/3459954,Victor Garcia,attraction,https://www.ticketmaster.com/victor-garcia-tickets/artist/3459954,https://s1.ticketm.net/dam/a/a8d/df993a0f-5dd1-49d2-aba1-c3a1654eda8d_SOURCE,,,https://www.youtube.com/channel/UCoaK0m5qZx9FoR1CVpE4vGQ,,,,,,,,Music,Latin,Latin,1
K8vZ917GGgf,K8vZ917GGgf|https://www.ticketmaster.com/galas-de-mariachi-tickets/artist/1334934,Galas De Mariachi,attraction,https://www.ticketmaster.com/galas-de-mariachi-tickets/artist/1334934,https://s1.ticketm.net/dam/c/548/5fefbd1c-973b-4b0e-9b2e-d78e4ce37548_106111_TABLET_LANDSCAPE_LARGE_16_9.jpg,,,,,,,,,,,Music,World,Latin,6
K8vZ917hBbV,K8vZ917hBbV|https://www.ticketmaster.com/el-principe-y-el-divo-tickets/artist/3076636,El Príncipe y el Divo,attraction,https://www.ticketmaster.com/el-principe-y-el-divo-tickets/artist/3076636,https://s1.ticketm.net/dam/a/3fa/6548d0e5-545b-4f8f-b88d-d264e71c23fa_SOURCE,,,,https://www.instagram.com/p/Cvut3d9OPPd/?igshid=Y2NkYjk0MDhjYg==,,,,,,,Music,Undefined,Undefined,1
K8vZ917Q0b7,K8vZ917Q0b7|https://www.ticketmaster.com/willie-gonzalez-tickets/artist/2905232,Willie González,attraction,https://www.ticketmaster.com/willie-gonzalez-tickets/artist/2905232,https://s1.ticketm.net/dam/a/039/24c2b234-130b-49a5-846d-8d9b472a1039_SOURCE,,,,,,,,,,,Music,World,Latin,2
K8vZ9178RF0,K8vZ9178RF0|https://www.ticketmaster.com/maelo-ruiz-tickets/artist/798589,Maelo Ruiz,attraction,https://www.ticketmaster.com/maelo-ruiz-tickets/artist/798589,https://s1.ticketm.net/dam/a/c2d/d5247427-ba1c-49d0-b2a5-4e356ed2bc2d_SOURCE,,,,,,,,,,,Music,World,Latin,3
K8vZ917Qy8V,K8vZ917Qy8V|https://www.ticketmaster.com/prisma-tickets/artist/2952043,Prisma,attraction,https://www.ticketmaster.com/prisma-tickets/artist/2952043,https://s1.ticketm.net/dam/a/03d/c94b8c99-61a7-452d-9e04-95135e77003d_SOURCE,,,,,,,,,,,Music,Ballads/Romantic,Ballads/Romantic,1
K8vZ917rmRf,K8vZ917rmRf|https://www.ticketmaster.com/hector-ortiz-tickets/artist/4010314,Héctor Ortiz,attraction,https://www.ticketmaster.com/hector-ortiz-tickets/artist/4010314,https://s1.ticketm.net/dam/a/767/5c57095d-761b-46f6-8082-585aec4ab767_SOURCE,,https://www.instagram.com/hectorortizofficial,,,,,,,,,Music,Latin,Latin Pop,1
K8vZ917qd67,K8vZ917qd67|https://www.ticketmaster.com/hector-infanzon-tickets/artist/3182879,Héctor Infanzón,attraction,https://www.ticketmaster.com/hector-infanzon-tickets/artist/3182879,https://s1.ticketm.net/dam/a/e28/06a673c1-5e44-4209-bbb1-b8ff129cae28_SOURCE,,,,,,,,,,,Music,Jazz,Latin Jazz,1
K8vZ917Lzvf,K8vZ917Lzvf|https://www.ticketmaster.com/majo-cornejo-tickets/artist/4365314,Majo Cornejo,attraction,https://www.ticketmaster.com/majo-cornejo-tickets/artist/4365314,https://s1.ticketm.net/dam/a/268/fff34b6e-f89d-45c8-bc43-2e7a4bab5268_SOURCE,https://open.spotify.com/intl-es/artist/1gWIf8YFQcDLJWvbPFdoYn,,,,,,,,,,Music,Latin,Latin,1
K8vZ917OioV,K8vZ917OioV|https://www.ticketmaster.com/un-muerto-mas-tickets/artist/4520799,Un muerto más,attraction,https://www.ticketmaster.com/un-muerto-mas-tickets/artist/4520799,https://s1.ticketm.net/dam/c/f50/96fa13be-e395-429b-8558-a51bb9054f50_105951_TABLET_LANDSCAPE_LARGE_16_9.jpg,,,https://music.youtube.com/playlist,,,,,,,,Music,Latin,Latin,1
K8vZ9179kx7,K8vZ9179kx7|https://www.ticketmaster.com/alberto-barros-tickets/artist/784424,Alberto Barros,attraction,https://www.ticketmaster.com/alberto-barros-tickets/artist/784424,https://s1.ticketm.net/dam/a/cf0/3bf3e26b-0c41-4802-be3c-5a8b48429cf0_SOURCE,,,,,,,,,,,Music,World,Latin,2
K8vZ9174nn7,K8vZ9174nn7|https://www.ticketmaster.com/triciclo-circus-band-tickets/artist/2318667,Triciclo Circus Band,attraction,https://www.ticketmaster.com/triciclo-circus-band-tickets/artist/2318667,https://s1.ticketm.net/dam/a/56e/61facd05-e670-4515-90a2-1db5df75d56e_SOURCE,,,,,,,,,,,Music,Undefined,Undefined,1
K8vZ917qP-0,K8vZ917qP-0|https://www.ticketmaster.com/gustavo-lara-tickets/artist/785726,Gustavo Lara,attraction,https://www.ticketmaster.com/gustavo-lara-tickets/artist/785726,https://s1.ticketm.net/dam/a/6ad/4e4b061d-d66b-4b91-ba90-2f943c8af6ad_SOURCE,,,,,,,,,,,Music,Latin,Latin,1
K8vZ917_k30,K8vZ917_k30|https://www.ticketmaster.com/millonario-tickets/artist/2768580,Millonario,attraction,https://www.ticketmaster.com/millonario-tickets/artist/2768580,https://s1.ticketm.net/dam/a/add/872d1394-f37d-472f-be4f-d66669c02add_SOURCE,,,,,,,,,,,Music,Hip-Hop/Rap,Rap-Rock,1
K8vZ917O_c0,K8vZ917O_c0|https://www.ticketmaster.com/alexa-tarantino-tickets/artist/2965437,Alexa Tarantino,attraction,https://www.ticketmaster.com/alexa-tarantino-tickets/artist/2965437,https://s1.ticketm.net/dam/a/bd0/e7ee763e-2340-4a45-b937-2054489cdbd0_SOURCE,https://open.spotify.com/intl-es/artist/4iP863xgxxSQUbKm7SVwXh,,,,,,,,,,Music,Jazz,Jazz,1
K8vZ917Ok37,K8vZ917Ok37|https://www.ticketmaster.com/ciclo-ny-jazz-all-stars-tickets/artist/4427089,Ciclo NY Jazz All Stars,attraction,https://www.ticketmaster.com/ciclo-ny-jazz-all-stars-tickets/artist/4427089,https://s1.ticketm.net/dam/c/bea/03d47f66-d37b-4aca-aa17-0135be64dbea_105801_TABLET_LANDSCAPE_LARGE_16_9.jpg,,,,,https://www.imer.mx/horizonte/ny-jazz-all-stars-2026/,,,,,,Music,Jazz,Contemporary Jazz,5
K8vZ917q4wV,K8vZ917q4wV|https://www.ticketmaster.com/coro-gay-ciudad-de-mexico-tickets/artist/3329719,Coro Gay Ciudad de México,attraction,https://www.ticketmaster.com/coro-gay-ciudad-de-mexico-tickets/artist/3329719,https://s1.ticketm.net/dam/a/8e3/01076779-4333-4b3f-be5d-49e733f578e3_SOURCE,,https://www.instagram.com/cgcdmx/,,,,,,,,,Music,Latin,Latin,2
K8vZ917hJO7,K8vZ917hJO7|https://www.ticketmaster.com/inspector-tickets/artist/3044526,Inspector,attraction,https://www.ticketmaster.com/inspector-tickets/artist/3044526,https://s1.ticketm.net/dam/a/774/c1d02548-16ca-4373-9d31-917801498774_SOURCE,,,,,,,,,,https://musicbrainz.org/artist/b8711241-bd87-4f6f-ab22-fcdc3743544b,Music,Latin,Latin,3
K8vZ917qXe0,K8vZ917qXe0|https://www.ticketmaster.com/jorge-medina-y-josi-cuen-juntos-tickets/artist/3558349,Jorge Medina y Josi Cuen - JUNTOS,attraction,https://www.ticketmaster.com/jorge-medina-y-josi-cuen-juntos-tickets/artist/3558349,https://s1.ticketm.net/dam/a/70d/49b3a7dd-b708-4cc3-b388-b104484f770d_SOURCE,,https://www.instagram.com/josicuenoficial,,,,,,,,,Music,Latin,Latin,11
K8vZ917KmR7,K8vZ917KmR7|https://www.ticketmaster.com/ana-torroja-tickets/artist/1782378,Ana Torroja,attraction,https://www.ticketmaster.com/ana-torroja-tickets/artist/1782378,https://s1.ticketm.net/dam/a/8db/707e6884-abd8-4410-8465-36feb90a88db_SOURCE,https://open.spotify.com/artist/5YekZn3GGnPIURNA6RG124,https://www.instagram.com/ana_torroja,https://www.youtube.com/channel/UCLxb7Zx_lpijIOlDobJrL6Q,https://www.facebook.com/AnaTorrojaOficial,http://www.anatorrojaoficial.com/,https://twitter.com/ana_torroja,https://music.apple.com/us/artist/ana-torroja/6744589,https://en.wikipedia.org/wiki/Ana_Torroja,http://www.last.fm/music/Ana+Torroja,https://musicbrainz.org/artist/51d0f1d0-26c5-482d-b466-1ddbe09e735f,Music,Ballads/Romantic,Ballads/Romantic,4
K8vZ917r7HV,K8vZ917r7HV|https://www.ticketmaster.com/la-bandeson-imaginaire-tickets/artist/3612279,La bande-son imaginaire,attraction,https://www.ticketmaster.com/la-bandeson-imaginaire-tickets/artist/3612279,https://s1.ticketm.net/dam/a/2ed/d440ed13-55af-4392-944a-c5f08a34a2ed_SOURCE,,,https://www.youtube.com/channel/UCC1M-Gu8X5ua_eKGHdL4HVA,,,,,,,,Music,Rock,Power Metal,1
K8vZ917ujY7,K8vZ917ujY7|https://www.ticketmaster.com/grupo-yndio-tickets/artist/1513696,Grupo Yndio,attraction,https://www.ticketmaster.com/grupo-yndio-tickets/artist/1513696,https://s1.ticketm.net/dam/a/9db/0ae5a809-9730-43fb-bbc1-e426185c09db_SOURCE,,,,,,,,,,https://musicbrainz.org/artist/185126c1-9b1e-4d96-be99-9736e0e4e6b0,Music,World,Latin,4
K8vZ917G0s0,K8vZ917G0s0|https://www.ticketmaster.com/nach-tickets/artist/1440081,Nach,attraction,https://www.ticketmaster.com/nach-tickets/artist/1440081,https://s1.ticketm.net/dam/a/ed9/0855db68-846f-4731-a62e-9f982a3faed9_SOURCE,,https://www.instagram.com/nachsoyyo/,https://www.youtube.com/user/nachofficial,https://www.facebook.com/NachOfficial/,http://www.nach.es/,https://twitter.com/Nachsoyyo,https://music.apple.com/us/artist/nach/212416329,,,https://musicbrainz.org/artist/ff734df1-6795-43ec-84a7-ae04b356dad1,Music,Hip-Hop/Rap,Urban,3
K8vZ917_WAV,K8vZ917_WAV|https://www.ticketmaster.com/rosy-arango-tickets/artist/2846472,Rosy Arango,attraction,https://www.ticketmaster.com/rosy-arango-tickets/artist/2846472,https://s1.ticketm.net/dam/a/665/925b7189-529e-4dfe-86ef-3b79911bc665_SOURCE,,,,,,,,,,,Music,Latin,Latin,1
K8vZ917GPN7,K8vZ917GPN7|https://www.ticketmaster.com/pate-de-fua-tickets/artist/1458266,Pate De Fua,attraction,https://www.ticketmaster.com/pate-de-fua-tickets/artist/1458266,https://s1.ticketm.net/dam/a/55c/2f926308-eebc-4180-a153-39845c3b355c_SOURCE,https://open.spotify.com/artist/188pkeHUWXnROe7lFVYRRa?autoplay=true,https://www.instagram.com/patedefua/,https://www.youtube.com/user/patedefua,,https://www.facebook.com/patedefuaoficial,,https://music.apple.com/ca/artist/pat%C3%A9-de-fu%C3%A1/313996240,,,,Music,Jazz,Jazz,2
K8vZ917hIAV,K8vZ917hIAV|https://www.ticketmaster.com/carlos-macias-tickets/artist/3048831,Carlos Macías,attraction,https://www.ticketmaster.com/carlos-macias-tickets/artist/3048831,https://s1.ticketm.net/dam/a/60e/c3e6ccd6-dbef-4ce0-af83-8517e5c4e60e_SOURCE,,,,,,,,,,,Music,Latin,Latin Folk,2
K8vZ917hWX7,K8vZ917hWX7|https://www.ticketmaster.com/claudia-sierra-tickets/artist/3080022,Claudia Sierra,attraction,https://www.ticketmaster.com/claudia-sierra-tickets/artist/3080022,https://s1.ticketm.net/dam/a/e60/c7756a33-1fca-45e8-bb73-a556d8338e60_SOURCE,,,,https://instagram.com/claudiasierra_oficial?igshid=NzZlODBkYWE4Ng==,,,,,,,Music,Undefined,Undefined,1
K8vZ917hFRV,K8vZ917hFRV|https://www.ticketmaster.com/lagos-tickets/artist/2973993,LAGOS,attraction,https://www.ticketmaster.com/lagos-tickets/artist/2973993,https://s1.ticketm.net/dam/a/cd3/da26050c-90fa-4e75-9224-af2ae606dcd3_SOURCE,,,,,,,,,,,Music,Ballads/Romantic,Ballads/Romantic,4
K8vZ917-6xf,K8vZ917-6xf|https://www.ticketmaster.com/pablo-preciado-tickets/artist/4578729,Pablo Preciado,attraction,https://www.ticketmaster.com/pablo-preciado-tickets/artist/4578729,https://s1.ticketm.net/dam/a/5d5/159da138-82aa-408a-ad2d-b51156f545d5_SOURCE,https://open.spotify.com/intl-es/artist/7jvSyAWIufPC7ijNsh2BUU,,,,,,,,,,Music,Ballads/Romantic,Ballads/Romantic,1
K8vZ917j2Kf,K8vZ917j2Kf|https://www.ticketmaster.com/angelo-diep-tickets/artist/3095174,Angelo Diep,attraction,https://www.ticketmaster.com/angelo-diep-tickets/artist/3095174,https://s1.ticketm.net/dam/a/391/fbda9ba3-440e-4937-81ca-819bba594391_SOURCE,,,,,,,,,,,Music,Ballads/Romantic,Ballads/Romantic,1
K8vZ917LpDf,K8vZ917LpDf|https://www.ticketmaster.com/morejuice-fest-tickets/artist/4243488,Morejuice Fest,attraction,https://www.ticketmaster.com/morejuice-fest-tickets/artist/4243488,https://s1.ticketm.net/dam/a/922/393d78d1-3761-4cfe-9e76-10563fbe3922_SOURCE,,https://www.instagram.com/morejuice.ent/,,,https://morejuice.mx/,,,,,,Music,Undefined,Undefined,1
K8vZ9179g9f,K8vZ9179g9f|https://www.ticketmaster.com/reyno-tickets/artist/2596217,Reyno,attraction,https://www.ticketmaster.com/reyno-tickets/artist/2596217,https://s1.ticketm.net/dam/a/41e/6edc6717-48ff-4f39-8220-9c8cec88e41e_SOURCE,,,,,,,,,,https://musicbrainz.org/artist/dd8f0fb9-3efb-4a4b-9dde-f29af5396a2c,Music,World,Rock en Español,1
K8vZ917fYDf,K8vZ917fYDf|https://www.ticketmaster.com/virus-tickets/artist/2247265,Virus,attraction,https://www.ticketmaster.com/virus-tickets/artist/2247265,https://s1.ticketm.net/dam/c/e7c/86478562-7218-4e8f-b9d4-8080fe168e7c_105581_TABLET_LANDSCAPE_LARGE_16_9.jpg,,,,,,,,,,,Music,Metal,Heavy Metal,1
K8vZ9178wx7,K8vZ9178wx7|https://www.ticketmaster.com/nicho-hinojosa-tickets/artist/1309512,Nicho Hinojosa,attraction,https://www.ticketmaster.com/nicho-hinojosa-tickets/artist/1309512,https://s1.ticketm.net/dam/a/fe7/7bdaae2a-fea3-4952-bb25-f26d46fc9fe7_SOURCE,https://play.spotify.com/artist/6fs2zAuQ7tpU2kGIpyouQh,https://www.instagram.com/nichohinojosa/?hl=es,https://www.youtube.com/watch?v=Gew2jy2h8EA&list=RDEMu4XaeCs3k-lxquk8y4ZoKw&index=3,https://www.facebook.com/Nicho.Hinojosa.sitio.oficial/?fref=ts,http://www.nichohinojosa.com/,https://twitter.com/vivircomoantes,https://music.apple.com/ca/artist/nicho-hinojosa/6540235,,,https://musicbrainz.org/artist/1201dd30-eef8-4982-b83d-81acffa31331,Music,World,Latin,3
K8vZ917OX2f,K8vZ917OX2f|https://www.ticketmaster.com/la-fanfarria-del-capitan-tickets/artist/4559079,La Fanfarria del Capitan,attraction,https://www.ticketmaster.com/la-fanfarria-del-capitan-tickets/artist/4559079,https://s1.ticketm.net/dam/a/a66/50eb1401-f33f-4cb8-bf73-eb43f0e4ba66_SOURCE,https://open.spotify.com/intl-es/artist/3RtwbiB9DVyibUaEZo6ZYu,,,,,,,,,,Music,World,Argentina,1
K8vZ917bWZf,K8vZ917bWZf|https://www.ticketmaster.com/i-am-hardstyle-tickets/artist/2759487,I Am Hardstyle,attraction,https://www.ticketmaster.com/i-am-hardstyle-tickets/artist/2759487,https://s1.ticketm.net/dam/a/8e4/87c80c7f-1a30-4839-8b7a-77c16f54b8e4_SOURCE,,,,,,,,,,,Music,Dance/Electronic,Dance/Electronic,1
K8vZ917rgj7,K8vZ917rgj7|https://www.ticketmaster.com/majo-rivas-tickets/artist/4055089,Majo Rivas,attraction,https://www.ticketmaster.com/majo-rivas-tickets/artist/4055089,https://s1.ticketm.net/dam/a/5c3/94bd9606-7969-4ee7-aece-1c03d0d8b5c3_SOURCE,https://open.spotify.com/intl-es/artist/3S4muLLIYiYK4P9ApjyLbY,,,,,,,,,,Music,Latin,Latin Pop,1
K8vZ917uCnf,K8vZ917uCnf|https://www.ticketmaster.com/heavy-nopal-tickets/artist/1501028,Heavy Nopal,attraction,https://www.ticketmaster.com/heavy-nopal-tickets/artist/1501028,https://s1.ticketm.net/dam/a/961/511339fb-c5b4-474e-8fe4-ccfb9c32d961_SOURCE,,,,,,,,,,,Music,World,Latin,1
K8vZfZ7tA6k,K8vZfZ7tA6k|https://www.ticketmaster.com/son-rompe-pera-tickets/artist/2805529,Son Rompe Pera,attraction,https://www.ticketmaster.com/son-rompe-pera-tickets/artist/2805529,https://s1.ticketm.net/dam/a/592/0a066b11-e550-42c3-a7cd-a82e4282a592_SOURCE,https://open.spotify.com/intl-de/artist/0UKHKimjIGeFoS29LxWf4V,,,,,,,,,https://musicbrainz.org/artist/060cb78e-53bb-43a2-a6c6-0e9922f68a5e,Music,World,Cumbia,4
K8vZ917QQL0,K8vZ917QQL0|https://www.ticketmaster.com/mc-davo-tickets/artist/2887303,MC Davo,attraction,https://www.ticketmaster.com/mc-davo-tickets/artist/2887303,https://s1.ticketm.net/dam/a/53a/99316b35-3334-4689-9bfb-6912aab6653a_SOURCE,,,,,,,,,,https://musicbrainz.org/artist/817e4aba-caa7-4d89-b3d2-7e505399a2e1,Music,Hip-Hop/Rap,Latin Rap,3
K8vZ91714uV,K8vZ91714uV|https://www.ticketmaster.com/fobia-tickets/artist/754933,Fobia,attraction,https://www.ticketmaster.com/fobia-tickets/artist/754933,https://s1.ticketm.net/dam/a/b94/68386e4b-aa09-4c15-aca6-6a3422106b94_SOURCE,https://open.spotify.com/artist/3SqzxvGCKGJ9PYKXXPwjQS?autoplay=true,https://www.instagram.com/fobiamx/,https://www.youtube.com/channel/UCs1r5JVyNLXHSs2UAlPV7KA,https://www.facebook.com/fobia30/,,https://twitter.com/fobiamx,https://music.apple.com/ca/artist/fobia/3297308,https://en.wikipedia.org/wiki/Fobia,,https://musicbrainz.org/artist/43732dda-0963-4bf6-bc09-c657d44be875,Music,World,World,2
K8vZ917rajV,K8vZ917rajV|https://www.ticketmaster.com/de-la-rose-tickets/artist/3664759,De La Rose,attraction,https://www.ticketmaster.com/de-la-rose-tickets/artist/3664759,https://s1.ticketm.net/dam/a/8a0/623cd049-1a02-4ae3-a806-b5022f71d8a0_SOURCE,,,,,,,,,,,Music,Latin,Latin,1
K8vZ917GaQ7,K8vZ917GaQ7|https://www.ticketmaster.com/la-sonora-santanera-tickets/artist/1270519,La Sonora Santanera,attraction,https://www.ticketmaster.com/la-sonora-santanera-tickets/artist/1270519,https://s1.ticketm.net/dam/a/400/8c979ba7-cce0-4264-a30a-04bf97b1a400_SOURCE,,,,,,,,,,,Music,Folk,Folk,4
K8vZ917bsBV,K8vZ917bsBV|https://www.ticketmaster.com/alex-fernandez-tickets/artist/2729965,Alex Fernandez,attraction,https://www.ticketmaster.com/alex-fernandez-tickets/artist/2729965,https://s1.ticketm.net/dam/a/387/25ef785b-8e4a-4b44-96b4-97f719ba9387_SOURCE,,,,,,,,,,,Music,Latin,Latin,3
K8vZ917rHif,K8vZ917rHif|https://www.ticketmaster.com/lucero-tickets/artist/2759059,Lucero,attraction,https://www.ticketmaster.com/lucero-tickets/artist/2759059,https://s1.ticketm.net/dam/a/da0/29f9d3f2-b2da-4a50-9d67-3f86e5e19da0_SOURCE,https://open.spotify.com/intl-es/artist/3SNKhPPfra7g7Crq1QA330,,,,,,,,,,Music,Ballads/Romantic,Ballads/Romantic,1
K8vZ917KkAV,K8vZ917KkAV|https://www.ticketmaster.com/tony-vega-tickets/artist/755267,Tony Vega,attraction,https://www.ticketmaster.com/tony-vega-tickets/artist/755267,https://s1.ticketm.net/dam/a/7c3/7de95fa6-73a9-43e6-8a58-ef9fe49867c3_SOURCE,https://open.spotify.com/artist/3Yg61bt7pZYX1bbMXEj8oY,https://www.instagram.com/tonyvegaoficial/,https://www.youtube.com/user/tonyvegaoficial,https://www.facebook.com/tonyvegaoficial,https://www.tonyvegaoficial.com/,https://twitter.com/TonyVegaPr,https://music.apple.com/es/artist/tony-vega/33109,https://en.wikipedia.org/wiki/Tony_Vega,,https://musicbrainz.org/artist/40e5511f-2bc2-4d96-93a7-b3c1028a529f,Music,World,Latin,4
K8vZ9172ggV,K8vZ9172ggV|https://www.ticketmaster.com/adolescents-orquesta-tickets/artist/782786,Adolescent's Orquesta,attraction,https://www.ticketmaster.com/adolescents-orquesta-tickets/artist/782786,https://s1.ticketm.net/dam/a/e63/c7aa3d27-5db3-4b9c-82d6-84b8c647ae63_SOURCE,,,,,,,,,,,Music,World,Latin,2
K8vZ917QiS0,K8vZ917QiS0|https://www.ticketmaster.com/chetes-tickets/artist/2923290,Chetes,attraction,https://www.ticketmaster.com/chetes-tickets/artist/2923290,https://s1.ticketm.net/dam/a/9d4/da82d26b-d104-4be2-aa0e-8daf1aad89d4_SOURCE,,,,,,,,,,,Music,Latin,Latin,2
K8vZ917Qm2f,K8vZ917Qm2f|https://www.ticketmaster.com/la-garfield-tickets/artist/2800962,La Garfield,attraction,https://www.ticketmaster.com/la-garfield-tickets/artist/2800962,https://s1.ticketm.net/dam/a/9b8/e6205a05-7283-487f-9ea6-097edc6f09b8_SOURCE,,,,,,,,,,,Music,Ballads/Romantic,Ballads/Romantic,1
K8vZ917GQUf,K8vZ917GQUf|https://www.ticketmaster.com/estela-nunez-tickets/artist/755120,Estela Nunez,attraction,https://www.ticketmaster.com/estela-nunez-tickets/artist/755120,https://s1.ticketm.net/dam/a/0ab/b28ab9d9-9226-43d5-b4d7-56b5c2b7a0ab_SOURCE,,,,,,,,,,,Music,Ballads/Romantic,Ballads/Romantic,1
K8vZ917G6T0,K8vZ917G6T0|https://www.ticketmaster.com/rosana-tickets/artist/1170290,Rosana,attraction,https://www.ticketmaster.com/rosana-tickets/artist/1170290,https://s1.ticketm.net/dam/a/abb/3ff50cac-5959-49a1-b28e-9c861bab1abb_SOURCE,https://open.spotify.com/artist/47oTPbBYClrcvh8ndXJCmz,https://www.instagram.com/rosanaoficial/,https://www.youtube.com/channel/UCLbcFHjsv8Emur5Uacfbkaw,https://www.facebook.com/Rosanacantante,https://www.rosana.net,https://twitter.com/rosanaoficial,https://music.apple.com/us/artist/rosana/112969,,,https://musicbrainz.org/artist/48b9a301-c49e-438a-8190-7bee614c4ea9,Music,Ballads/Romantic,Ballads/Romantic,4
K8vZ917OYrf,K8vZ917OYrf|https://www.ticketmaster.com/joonas-ahonen-tickets/artist/4535509,Joonas Ahonen,attraction,https://www.ticketmaster.com/joonas-ahonen-tickets/artist/4535509,https://s1.ticketm.net/dam/a/bc9/c3474d8c-e515-4cab-967a-15f7090b2bc9_SOURCE,,,,,https://joonasahonen.com/,,,,,,Music,Other,Other,1
K8vZ917OYr7,K8vZ917OYr7|https://www.ticketmaster.com/julian-sartorius-tickets/artist/4535494,Julian Sartorius,attraction,https://www.ticketmaster.com/julian-sartorius-tickets/artist/4535494,https://s1.ticketm.net/dam/a/65c/57a4d416-6ded-43e4-8551-1573cdb6365c_SOURCE,https://open.spotify.com/intl-es/artist/6uZnp5qm39fcS98jofdiHz,,,,,,,,,,Music,Dance/Electronic,Experimental,1
K8vZ917QBrV,K8vZ917QBrV|https://www.ticketmaster.com/cox-tickets/artist/2954488,COX,attraction,https://www.ticketmaster.com/cox-tickets/artist/2954488,https://s1.ticketm.net/dam/a/661/3ee67505-79f6-42b3-895f-358bf3cff661_SOURCE,,,,,,,,,,,Music,Dance/Electronic,Dance/Electronic,1
K8vZ917OYqV,K8vZ917OYqV|https://www.ticketmaster.com/trio-mujeres-tamaulipecas-tickets/artist/4535489,Trio Mujeres Tamaulipecas,attraction,https://www.ticketmaster.com/trio-mujeres-tamaulipecas-tickets/artist/4535489,https://s1.ticketm.net/dam/a/1f3/86b07bf3-a657-4538-ad38-7ad51d1aa1f3_SOURCE,,,,https://www.facebook.com/MujeresTamaulipecasOficial/,,,,,,,Music,Latin,Latin,1
K8vZ917uqnV,K8vZ917uqnV|https://www.ticketmaster.com/american-modern-ensemble-tickets/artist/1515686,American Modern Ensemble,attraction,https://www.ticketmaster.com/american-modern-ensemble-tickets/artist/1515686,https://s1.ticketm.net/dam/a/1d8/5892c64d-e969-479a-b9e7-94b7e3eb31d8_SOURCE,,,,,,,,,,,Music,Classical,Classical/Vocal,1
K8vZ917LjhV,K8vZ917LjhV|https://www.ticketmaster.com/undertale-symphony-tickets/artist/4281809,UNDERTALE Symphony,attraction,https://www.ticketmaster.com/undertale-symphony-tickets/artist/4281809,https://s1.ticketm.net/dam/a/89f/cfc4e11c-9cb4-4c46-b44c-0140a127189f_SOURCE,,https://www.instagram.com/undertalesymph/,,,,https://x.com/UndertaleSymph,,,,,Music,Other,Other,38
K8vZ917-asf,K8vZ917-asf|https://www.ticketmaster.com/pasatono-orquesta-tickets/artist/4600711,Pasatono Orquesta,attraction,https://www.ticketmaster.com/pasatono-orquesta-tickets/artist/4600711,https://s1.ticketm.net/dam/a/1f2/977067da-ed2d-41c9-bc62-1be0c6d0b1f2_SOURCE,,,https://www.youtube.com/c/pasatonoorquesta,,,,,,,,Music,World,Mexican Folk,1
K8vZ917OcLf,K8vZ917OcLf|https://www.ticketmaster.com/les-metaboles-tickets/artist/4535534,Les Métaboles,attraction,https://www.ticketmaster.com/les-metaboles-tickets/artist/4535534,https://s1.ticketm.net/dam/a/44f/04eaf98f-b2a6-4892-9b2c-877bf4b4444f_SOURCE,,,,,https://lesmetaboles.fr/fr,,,,,,Music,Classical,Classical/Vocal,1
K8vZ917OcL0,K8vZ917OcL0|https://www.ticketmaster.com/rita-donte-tickets/artist/4535584,Rita Donte,attraction,https://www.ticketmaster.com/rita-donte-tickets/artist/4535584,https://s1.ticketm.net/dam/a/704/f83250fd-0472-4cc1-9883-fb202db1d704_SOURCE,,,,,https://ansoniarecords.com/rita-donte/,,,,,,Music,Latin,Latin,1
K8vZ9175owf,K8vZ9175owf|https://www.ticketmaster.com/los-pericos-tickets/artist/782857,Los Pericos,attraction,https://www.ticketmaster.com/los-pericos-tickets/artist/782857,https://s1.ticketm.net/dam/a/d09/7b49b07a-4eca-4983-a656-95c8fa0ecd09_SOURCE,https://open.spotify.com/artist/7FnZWGw9lwOr7WzieTKEPR,https://www.instagram.com/los_pericos/,https://www.youtube.com/user/pericoswebtv,https://www.facebook.com/Lospericos,http://www.pericos.com/,https://twitter.com/pericosreggae,https://music.apple.com/us/artist/los-pericos/559050,https://en.wikipedia.org/wiki/Los_Pericos,,https://musicbrainz.org/artist/fe50841b-f14b-4882-a4be-38a04f69374b,Music,World,Latin,2
K8vZ917OYLf,K8vZ917OYLf|https://www.ticketmaster.com/omar-cordova-tickets/artist/4535594,Omar Cordova,attraction,https://www.ticketmaster.com/omar-cordova-tickets/artist/4535594,https://s1.ticketm.net/dam/a/af4/4d02c364-64c8-4a1c-b7cb-0ced07156af4_SOURCE,,https://www.instagram.com/omar.cordova.a/,,,,,,,,,Music,New Age,Contemporary Instrumental,1
K8vZ917OYL7,K8vZ917OYL7|https://www.ticketmaster.com/orquesta-tipica-yukalpeten-tickets/artist/4535589,Orquesta Tipica Yukalpeten,attraction,https://www.ticketmaster.com/orquesta-tipica-yukalpeten-tickets/artist/4535589,https://s1.ticketm.net/dam/a/c8f/3028d73f-bba7-4bf1-b5c7-05e445c7bc8f_SOURCE,,,,,,,,,,,Music,Latin,Latin,1
K8vZ917rr-7,K8vZ917rr-7|https://www.ticketmaster.com/ensamble-a-tempo-tickets/artist/3856989,Ensamble A Tempo,attraction,https://www.ticketmaster.com/ensamble-a-tempo-tickets/artist/3856989,https://s1.ticketm.net/dam/a/83d/edbd5381-254a-4170-b023-b1ef5291b83d_SOURCE,,,,,https://www.musasensamble.com/,,,,,,Music,Classical,Classical/Vocal,1
K8vZ917OYc7,K8vZ917OYc7|https://www.ticketmaster.com/orquesta-moderna-tickets/artist/4537249,Orquesta Moderna,attraction,https://www.ticketmaster.com/orquesta-moderna-tickets/artist/4537249,https://s1.ticketm.net/dam/a/beb/0dcdc713-6502-4d11-b3e3-e83a9ebacbeb_SOURCE,,,,,,,,,,,Music,Jazz,Contemporary Jazz,1
K8vZ9175ajV,K8vZ9175ajV|https://www.ticketmaster.com/consorcio-en-concierto-tickets/artist/856827,Consorcio En Concierto,attraction,https://www.ticketmaster.com/consorcio-en-concierto-tickets/artist/856827,https://s1.ticketm.net/dam/a/c51/41d69bfa-dbe4-4b51-a4bf-3489fe9a0c51_SOURCE,,,,https://www.facebook.com/ElConsorcioOficial/?locale=es_LA,,,,,,,Music,World,Latin,1
K8vZ917u000,K8vZ917u000|https://www.ticketmaster.com/helado-negro-tickets/artist/1522035,Helado Negro,attraction,https://www.ticketmaster.com/helado-negro-tickets/artist/1522035,https://s1.ticketm.net/dam/a/8d2/bd2a1937-e756-417e-9a6b-34810b8d28d2_SOURCE,https://open.spotify.com/artist/69qhRLDvsWJOhWGXXQ0lQQ,https://www.instagram.com/heladonegro/,https://www.youtube.com/c/heladonegro,https://www.facebook.com/HeladoNegro,http://www.heladonegro.com/,https://twitter.com/HeladoNegro,https://music.apple.com/us/artist/helado-negro/321238719,,,https://musicbrainz.org/artist/aa0a54b3-d37e-4c1d-a53f-b3b94a3dfcad,Music,World,Latin,10
K8vZ917OYc0,K8vZ917OYc0|https://www.ticketmaster.com/coro-del-teatro-del-bicentenario-tickets/artist/2779670,Coro del Teatro del Bicentenario,attraction,https://www.ticketmaster.com/coro-del-teatro-del-bicentenario-tickets/artist/2779670,https://s1.ticketm.net/dam/a/abe/7108f903-b8ae-4f34-ba79-812a63fffabe_SOURCE,,,,,,,,,,,Music,Classical,Classical/Vocal,1
K8vZ917OcI7,K8vZ917OcI7|https://www.ticketmaster.com/natalia-cruz-y-la-istmena-tickets/artist/4537239,Natalia Cruz y La Istmeña,attraction,https://www.ticketmaster.com/natalia-cruz-y-la-istmena-tickets/artist/4537239,https://s1.ticketm.net/dam/a/204/242ee304-70fa-420b-b61d-714dabbb0204_SOURCE,,https://www.instagram.com/p/DWe6BO3E__z/,,,,,,,,,Music,Latin,Latin,1
K8vZ917oS57,K8vZ917oS57|https://www.ticketmaster.com/kurt-tickets/artist/1923817,Kurt,attraction,https://www.ticketmaster.com/kurt-tickets/artist/1923817,https://s1.ticketm.net/dam/c/efe/3c52b28b-0180-4ddc-b4f3-72e93ea06efe_105451_TABLET_LANDSCAPE_LARGE_16_9.jpg,,,,,,,,,,,Music,Ballads/Romantic,Ballads/Romantic,2
K8vZ917OYcf,K8vZ917OYcf|https://www.ticketmaster.com/pat-boy-tickets/artist/4537264,Pat Boy,attraction,https://www.ticketmaster.com/pat-boy-tickets/artist/4537264,https://s1.ticketm.net/dam/a/2f8/80f04cc2-a23f-40e7-9a7c-2648a4b9a2f8_SOURCE,https://open.spotify.com/intl-es/artist/2YwFy52xZrFpBx3IxPnQju,,,,,,,,,,Music,Latin,Latin Hip-Hop,1
K8vZ917C4q7,K8vZ917C4q7|https://www.ticketmaster.com/grupo-gale-tickets/artist/787496,Grupo Galé,attraction,https://www.ticketmaster.com/grupo-gale-tickets/artist/787496,https://s1.ticketm.net/dam/a/470/b709a00a-e11c-4934-9abf-5cdf980a2470_SOURCE,,,,,,,,,,,Music,World,Latin,3
K8vZ917r-90,K8vZ917r-90|https://www.ticketmaster.com/meme-del-real-tickets/artist/3883123,Meme del Real,attraction,https://www.ticketmaster.com/meme-del-real-tickets/artist/3883123,https://s1.ticketm.net/dam/a/27e/5dba4e97-852c-46c3-b3c2-de17e029427e_SOURCE,https://open.spotify.com/artist/0HkMgxowXkwqDN3Z0s7kAB,,,,,,,,,,Music,Latin,Latin Rock,2
K8vZ917jcLV,K8vZ917jcLV|https://www.ticketmaster.com/san-francisco-disco-band-tickets/artist/3149118,San Francisco Disco Band,attraction,https://www.ticketmaster.com/san-francisco-disco-band-tickets/artist/3149118,https://s1.ticketm.net/dam/a/2e4/ee70dd21-e9ef-4b1f-88dc-4308090cd2e4_SOURCE,,,,,,,,,,,Music,Dance/Electronic,Disco,2
K8vZ917jvGV,K8vZ917jvGV|https://www.ticketmaster.com/ricardo-caballero-tickets/artist/3085308,Ricardo Caballero,attraction,https://www.ticketmaster.com/ricardo-caballero-tickets/artist/3085308,https://s1.ticketm.net/dam/a/f28/60b6c478-16f1-43b3-b0ea-ecf2c227cf28_SOURCE,,,,,,,,,,,Music,Latin,Latin,1
K8vZ917jrr0,K8vZ917jrr0|https://www.ticketmaster.com/aquihayaquihay-tickets/artist/3124022,AQUIHAYAQUIHAY,attraction,https://www.ticketmaster.com/aquihayaquihay-tickets/artist/3124022,https://s1.ticketm.net/dam/a/084/4ef00350-7374-474d-aefc-1bb05fa96084_SOURCE,,,,https://www.instagram.com/aquihayaquihay?igsh=bjk0bW4yamMyeXZ6,,,,,,,Music,Hip-Hop/Rap,Hip-Hop/Rap,7
K8vZ917OcI0,K8vZ917OcI0|https://www.ticketmaster.com/grupo-yolotecuani-tickets/artist/4537124,Grupo Yolotecuani,attraction,https://www.ticketmaster.com/grupo-yolotecuani-tickets/artist/4537124,https://s1.ticketm.net/dam/a/692/9b89f5a2-2a3e-4367-a057-1c61c5b44692_SOURCE,https://open.spotify.com/intl-es/artist/6vEfQNQjcPQYM5WjsPRnE1,,,,,,,,,,Music,Latin,Latin,1
K8vZ917fJyV,K8vZ917fJyV|https://www.ticketmaster.com/estelares-tickets/artist/2230630,Estelares,attraction,https://www.ticketmaster.com/estelares-tickets/artist/2230630,https://s1.ticketm.net/dam/a/be2/7a6a63fb-c228-4536-98fb-3d35d81cfbe2_SOURCE,,,,,,,,,,,Music,World,Latin,1
K8vZ917OYmf,K8vZ917OYmf|https://www.ticketmaster.com/cuarteto-ruvalcaba-tickets/artist/4537244,Cuarteto Ruvalcaba,attraction,https://www.ticketmaster.com/cuarteto-ruvalcaba-tickets/artist/4537244,https://s1.ticketm.net/dam/a/3b2/008a5064-fa39-4404-972b-c7d6d064a3b2_SOURCE,,,,,,,,,,,Music,Latin,Latin,1
K8vZ917OctV,K8vZ917OctV|https://www.ticketmaster.com/bugallo-williams-piano-duo-tickets/artist/4537254,Bugallo Williams Piano Duo,attraction,https://www.ticketmaster.com/bugallo-williams-piano-duo-tickets/artist/4537254,https://s1.ticketm.net/dam/a/972/eeb138f0-927d-4861-bc54-990526d78972_SOURCE,,,,,https://www.bugallowilliams.com/,,,,,,Music,Classical,Classical/Vocal,1
K8vZ917fBhV,K8vZ917fBhV|https://www.ticketmaster.com/compania-de-antonio-gades-tickets/artist/2254468,Compania De Antonio Gades,attraction,https://www.ticketmaster.com/compania-de-antonio-gades-tickets/artist/2254468,https://s1.ticketm.net/dam/a/cfd/e978e725-4314-44d9-857c-756b679a6cfd_SOURCE,,,,,,,,,,,Music,Classical,Classical/Vocal,1
K8vZ917Octf,K8vZ917Octf|https://www.ticketmaster.com/camerata-de-salzburgo-tickets/artist/4537314,Camerata de Salzburgo,attraction,https://www.ticketmaster.com/camerata-de-salzburgo-tickets/artist/4537314,https://s1.ticketm.net/dam/a/2a4/508d4662-1737-4464-908c-d698df3932a4_SOURCE,,,,,https://www.salzburg.info/es/actividades/musica-clasica/camerata,,,,,,Music,Classical,Classical/Vocal,1
K8vZ917OYm7,K8vZ917OYm7|https://www.ticketmaster.com/mushamukas-tickets/artist/4537309,Mushamukas,attraction,https://www.ticketmaster.com/mushamukas-tickets/artist/4537309,https://s1.ticketm.net/dam/a/214/9bea4585-ee92-40da-a2dd-68fff1783214_SOURCE,,,,,,,,,,,Music,Classical,Classical/Vocal,1
K8vZ917Oct0,K8vZ917Oct0|https://www.ticketmaster.com/leila-ka-tickets/artist/4537304,Leila Ka,attraction,https://www.ticketmaster.com/leila-ka-tickets/artist/4537304,https://s1.ticketm.net/dam/a/db6/56a118bd-23f8-40b2-9015-b9ed1bc6adb6_SOURCE,https://open.spotify.com/intl-es/artist/61Da4fqVMgPoo9mYY0R3k6,,,,,,,,,,Music,Hip-Hop/Rap,Hip-Hop/Rap,2
K8vZ917Oct7,K8vZ917Oct7|https://www.ticketmaster.com/momi-maiga-tickets/artist/4537234,Momi Maiga,attraction,https://www.ticketmaster.com/momi-maiga-tickets/artist/4537234,https://s1.ticketm.net/dam/a/676/c84ec514-41d3-4cc7-90dc-34b12bc13676_SOURCE,https://open.spotify.com/intl-es/artist/4xZedDRKAzMEMC2azHlUun,,,,,,,,,,Music,World,Senegal & Gambia,1
K8vZ917rp3f,K8vZ917rp3f|https://www.ticketmaster.com/camila-fernandez-tickets/artist/3780299,Camila Fernandez,attraction,https://www.ticketmaster.com/camila-fernandez-tickets/artist/3780299,https://s1.ticketm.net/dam/a/af1/08c1deea-e987-4a59-89e2-40b471cd3af1_SOURCE,,,,,https://tbaagency.com/artist/camila-fernandez/,,,,,,Music,Latin,Latin,4
K8vZ9178ov0,K8vZ9178ov0|https://www.ticketmaster.com/grupo-palomo-tickets/artist/718353,Grupo Palomo,attraction,https://www.ticketmaster.com/grupo-palomo-tickets/artist/718353,https://s1.ticketm.net/dam/a/17c/ead380e1-6429-4c0d-80ac-c0c52ac0e17c_SOURCE,,,,,,,,,,,Music,World,Latin,1
K8vZ917rq7V,K8vZ917rq7V|https://www.ticketmaster.com/banda-de-musica-del-estado-de-tickets/artist/3844783,Banda de música del Estado de Guanajuato,attraction,https://www.ticketmaster.com/banda-de-musica-del-estado-de-tickets/artist/3844783,https://s1.ticketm.net/dam/a/313/b59672b5-d9eb-4bad-9d27-46ec9e0a2313_SOURCE,,,,,,,,,,,Music,Classical,Classical/Vocal,1
K8vZ917Og00,K8vZ917Og00|https://www.ticketmaster.com/samoyedo-tickets/artist/4538164,Samoyedo,attraction,https://www.ticketmaster.com/samoyedo-tickets/artist/4538164,https://s1.ticketm.net/dam/a/85a/98ad2507-d75e-4a09-b1d6-ef060ca0b85a_SOURCE,,https://www.instagram.com/samoyedo_oficial/,,,,,,,,,Music,Latin,Latin,1
K8vZ9172lb0,K8vZ9172lb0|https://www.ticketmaster.com/cypher-clique-tickets/artist/1716986,Cypher Clique,attraction,https://www.ticketmaster.com/cypher-clique-tickets/artist/1716986,https://s1.ticketm.net/dam/a/72d/3a95599b-af55-4dee-bc15-fb95353a472d_SOURCE,,,,,,,,,,,Music,Hip-Hop/Rap,Urban,1
K8vZ917-6YV,K8vZ917-6YV|https://www.ticketmaster.com/luigi-vidal-tickets/artist/4582552,Luigi Vidal,attraction,https://www.ticketmaster.com/luigi-vidal-tickets/artist/4582552,https://s1.ticketm.net/dam/a/8d3/ee70d80f-ba4d-4ec6-9199-2ef556a328d3_SOURCE,,https://www.instagram.com/iluigividal/,,,,,,,,,Music,Latin,Latin,1
K8vZ9173Wsf,K8vZ9173Wsf|https://www.ticketmaster.com/melissa-aldana-tickets/artist/2058448,Melissa Aldana,attraction,https://www.ticketmaster.com/melissa-aldana-tickets/artist/2058448,https://s1.ticketm.net/dam/a/381/b9078f3d-a894-4e21-94ad-7f52cc267381_SOURCE,https://open.spotify.com/artist/56qrzp61GEif1i0UjqkHrz?autoplay=true,https://www.instagram.com/melissaaldanasax/,https://www.youtube.com/channel/UCTuGg1AdaEikWnhn-yTLOUg/featured,https://www.facebook.com/melissa.aldana.3958/,https://www.melissaaldana.net/,https://twitter.com/melissaaldana,https://music.apple.com/ca/artist/melissa-aldana/400354738,,,https://musicbrainz.org/artist/faa21ccf-f0d3-4a84-95d4-ae596aa40744,Music,Jazz,Jazz,1
K8vZ917pYWf,K8vZ917pYWf|https://www.ticketmaster.com/karen-souza-tickets/artist/2173614,Karen Souza,attraction,https://www.ticketmaster.com/karen-souza-tickets/artist/2173614,https://s1.ticketm.net/dam/a/0e9/7018edc2-8abd-4edd-867b-476de1b250e9_SOURCE,,,,,,,,,,,Music,Jazz,Vocal Jazz,1
K8vZ917OMF0,K8vZ917OMF0|https://www.ticketmaster.com/angelica-retana-tickets/artist/4539319,Angelica Retana,attraction,https://www.ticketmaster.com/angelica-retana-tickets/artist/4539319,https://s1.ticketm.net/dam/a/7d0/c31bc5f3-93e6-4836-9833-de90331267d0_SOURCE,,,,,,,,https://vandoren.fr/fr/artistes-vandoren/retana-ramos-lapeyre-angelica/,,,Music,Classical,Classical/Vocal,1
K8vZ917OMFf,K8vZ917OMFf|https://www.ticketmaster.com/cuarteto-arod-tickets/artist/4539284,Cuarteto Arod,attraction,https://www.ticketmaster.com/cuarteto-arod-tickets/artist/4539284,https://s1.ticketm.net/dam/a/bc7/3eb87167-38f4-444e-b532-ff36c1a6fbc7_SOURCE,,,,,https://quatuorarod.com/en/,,,,,,Music,Classical,Classical/Vocal,1
K8vZ9174C9f,K8vZ9174C9f|https://www.ticketmaster.com/kotaro-fukuma-tickets/artist/2279866,Kotaro Fukuma,attraction,https://www.ticketmaster.com/kotaro-fukuma-tickets/artist/2279866,https://s1.ticketm.net/dam/a/c21/f50507c7-6263-4ae8-b664-b649d0e39c21_SOURCE,,,,,,,,,,,Music,Classical,Classical/Vocal,1
K8vZ917QIw0,K8vZ917QIw0|https://www.ticketmaster.com/dabeull-tickets/artist/2915037,Dabeull,attraction,https://www.ticketmaster.com/dabeull-tickets/artist/2915037,https://s1.ticketm.net/dam/a/a6b/e3cbdb98-d44e-4a8c-af54-5ac6646b1a6b_SOURCE,,,,,,,,,,,Music,Dance/Electronic,Dance/Electronic,3
K8vZ917Gu80,K8vZ917Gu80|https://www.ticketmaster.com/angelica-maria-y-enrique-guzman-tickets/artist/755062,Angélica María y Enrique Guzmán,attraction,https://www.ticketmaster.com/angelica-maria-y-enrique-guzman-tickets/artist/755062,https://s1.ticketm.net/dam/a/be8/7a09f72f-ce68-4d6e-b1e1-136f71de3be8_SOURCE,https://open.spotify.com/artist/4mQmpDH2FfT9FjSnAJV3U1,,https://www.youtube.com/channel/UCmJLFf44BxAliTq3k3h72yg,,,,https://music.apple.com/us/artist/angélica-maría/92742919,https://en.wikipedia.org/wiki/Ang%C3%A9lica_Mar%C3%ADa,,https://musicbrainz.org/artist/bdc4daaf-b379-4520-8223-cc9649bddb21,Music,Ballads/Romantic,Ballads/Romantic,1
K8vZ917OMFV,K8vZ917OMFV|https://www.ticketmaster.com/cuarteto-de-cuerdas-de-bellas-artes-tickets/artist/4539324,Cuarteto de Cuerdas de Bellas Artes,attraction,https://www.ticketmaster.com/cuarteto-de-cuerdas-de-bellas-artes-tickets/artist/4539324,https://s1.ticketm.net/dam/a/051/1449fc6a-ff95-4313-9d9b-d3105babe051_SOURCE,,,,,https://palacio.inba.gob.mx/cartelera/informacion/752/Cuarteto_de_Cuerdas_de_Bellas_Artes,,,,,,Music,Classical,Classical/Vocal,1
K8vZ917o02f,K8vZ917o02f|https://www.ticketmaster.com/the-lemon-bucket-orkestra-tickets/artist/1900001,The Lemon Bucket Orkestra,attraction,https://www.ticketmaster.com/the-lemon-bucket-orkestra-tickets/artist/1900001,https://s1.ticketm.net/dam/a/81c/03bf1a6b-a3a5-4fc1-934a-d4d18e4de81c_SOURCE,,,,,,,,,,,Music,World,World,1
K8vZ917OMB7,K8vZ917OMB7|https://www.ticketmaster.com/lina-tickets/artist/4539354,Lina,attraction,https://www.ticketmaster.com/lina-tickets/artist/4539354,https://s1.ticketm.net/dam/a/fc5/be104ddc-87bd-48ec-90f0-4f86f6094fc5_SOURCE,,,,,,,,,,,Music,Latin,Latin,1
K8vZ9172eh7,K8vZ9172eh7|https://www.ticketmaster.com/sofia-rei-tickets/artist/1650645,Sofia Rei,attraction,https://www.ticketmaster.com/sofia-rei-tickets/artist/1650645,https://s1.ticketm.net/dam/a/bc0/fee7857d-25e7-4dd8-942b-7206ba648bc0_SOURCE,,,,,,,,,,,Music,Jazz,Jazz,1
K8vZ9179IC7,K8vZ9179IC7|https://www.ticketmaster.com/festival-nescafe-vaiven-2026-tickets/artist/2569681,Festival Nescafé Vaivén 2026,attraction,https://www.ticketmaster.com/festival-nescafe-vaiven-2026-tickets/artist/2569681,https://s1.ticketm.net/dam/a/a17/c0e6353d-ca35-48ff-bca9-bae6b3fa1a17_SOURCE,,https://www.instagram.com/festivalvaiven,,https://www.facebook.com/festivalvaiven,https://festivalvaiven.com/,https://twitter.com/festivalvaiven,,,,,Music,Undefined,Undefined,3
K8vZ9175Hv7,K8vZ9175Hv7|https://www.ticketmaster.com/alejandro-filio-tickets/artist/1140203,Alejandro Filio,attraction,https://www.ticketmaster.com/alejandro-filio-tickets/artist/1140203,https://s1.ticketm.net/dam/a/ca7/905cd9d4-90a8-4b39-adac-fe5cd6d00ca7_SOURCE,,,,,,,,,,,Music,World,Trova,2
K8vZ917hay0,K8vZ917hay0|https://www.ticketmaster.com/juan-solo-tickets/artist/2975970,Juan Solo,attraction,https://www.ticketmaster.com/juan-solo-tickets/artist/2975970,https://s1.ticketm.net/dam/a/65b/3d542452-b7c3-44e7-8a1d-3b71a0ec065b_SOURCE,,,,,,,,,,,Music,Ballads/Romantic,Ballads/Romantic,1
K8vZ917OQ_f,K8vZ917OQ_f|https://www.ticketmaster.com/mike-lamadrid-tickets/artist/4482819,Mike Lamadrid,attraction,https://www.ticketmaster.com/mike-lamadrid-tickets/artist/4482819,https://s1.ticketm.net/dam/a/6c9/2e6344df-3add-44b2-957a-fe3d7b4e06c9_SOURCE,,,https://www.youtube.com/@mikelamadrid,,,,,,,,Music,Hip-Hop/Rap,Hip-Hop/Rap,1
K8vZ917OMBV,K8vZ917OMBV|https://www.ticketmaster.com/cuarteto-de-mario-nandayapa-tickets/artist/4539579,Cuarteto de Mario Nandayapa,attraction,https://www.ticketmaster.com/cuarteto-de-mario-nandayapa-tickets/artist/4539579,https://s1.ticketm.net/dam/a/c74/4614cd0f-bd2a-45b3-9b3b-0258889d9c74_SOURCE,,,,,https://marionandayapaquartet.com/es/,,,,,,Music,Latin,Latin,1
K8vZ917qkXV,K8vZ917qkXV|https://www.ticketmaster.com/mariana-ochoa-tickets/artist/3205698,Mariana Ochoa,attraction,https://www.ticketmaster.com/mariana-ochoa-tickets/artist/3205698,https://s1.ticketm.net/dam/a/fb7/61186041-17d8-4ca1-a060-ff5198b79fb7_SOURCE,,,https://www.youtube.com/@soymarianaochoa,,,,,,,,Music,Latin,Latin,1
K8vZ917rDi0,K8vZ917rDi0|https://www.ticketmaster.com/dabeull-live-band-tickets/artist/4111339,Dabeull Live Band,attraction,https://www.ticketmaster.com/dabeull-live-band-tickets/artist/4111339,https://s1.ticketm.net/dam/a/715/17c40fb4-f731-4c96-8ab3-b437d9906715_SOURCE,,,,,,,,,,,Music,R&B,Funk,2
K8vZ9171YfV,K8vZ9171YfV|https://www.ticketmaster.com/los-babys-tickets/artist/10962,Los Baby's,attraction,https://www.ticketmaster.com/los-babys-tickets/artist/10962,https://s1.ticketm.net/dam/a/e6b/495536b9-3056-4fb7-a803-443770fb5e6b_SOURCE,,,,,,,,,,,Music,World,World,1
K8vZ917jUq7,K8vZ917jUq7|https://www.ticketmaster.com/la-onda-vaselina-tickets/artist/3165184,La Onda Vaselina,attraction,https://www.ticketmaster.com/la-onda-vaselina-tickets/artist/3165184,https://s1.ticketm.net/dam/a/367/d51e3030-a42d-478c-865f-611bd9fbe367_SOURCE,,,,,,,,,,,Music,Undefined,Undefined,1
K8vZ917hfLV,K8vZ917hfLV|https://www.ticketmaster.com/pavel-loaria-tickets/artist/3000795,Pavel Loaria,attraction,https://www.ticketmaster.com/pavel-loaria-tickets/artist/3000795,https://s1.ticketm.net/dam/a/47a/b680a767-2c18-4719-bcf7-60b8cb0f247a_SOURCE,,,,,,,,,,,Music,Other,Other,1
K8vZ917pq9f,K8vZ917pq9f|https://www.ticketmaster.com/bad-gyal-tickets/artist/2433467,Bad Gyal,attraction,https://www.ticketmaster.com/bad-gyal-tickets/artist/2433467,https://s1.ticketm.net/dam/a/a53/0513f2a5-a57f-4350-928b-4c114ab8ca53_SOURCE,,https://www.instagram.com/akabadgyal/,,https://www.facebook.com/akabadgyaloficial/,https://akabadgyal.com/,https://twitter.com/bad_gyal_pussy,,,,https://musicbrainz.org/artist/9cb2e99f-d0ba-4aa5-a371-0006b0d34090,Music,Reggae,Dancehall Reggae,8
K8vZ917rCNV,K8vZ917rCNV|https://www.ticketmaster.com/la-casetera-tickets/artist/3724684,La Casetera,attraction,https://www.ticketmaster.com/la-casetera-tickets/artist/3724684,https://s1.ticketm.net/dam/a/441/f1b6c05e-8bc2-4df6-9a86-592f03716441_SOURCE,,,,https://www.facebook.com/LaCaseteraMX,,,,,,,Music,Latin,Latin,3
K8vZ917Oco7,K8vZ917Oco7|https://www.ticketmaster.com/flamencura-tickets/artist/4527819,Flamencura,attraction,https://www.ticketmaster.com/flamencura-tickets/artist/4527819,https://s1.ticketm.net/dam/a/4c8/e053a1b5-23ac-46e5-85c9-8fdbdb50a4c8_SOURCE,,https://www.instagram.com/marienluevano/,,,,,,,,,Music,World,Flamenco,1
K8vZ917hQo7,K8vZ917hQo7|https://www.ticketmaster.com/andres-obregon-tickets/artist/3018601,Andrés Obregón,attraction,https://www.ticketmaster.com/andres-obregon-tickets/artist/3018601,https://s1.ticketm.net/dam/a/692/a6f97d01-0955-4496-886a-d9276aadf692_SOURCE,,,,,,,,,,,Music,Ballads/Romantic,Ballads/Romantic,2
K8vZ917LSH7,K8vZ917LSH7|https://www.ticketmaster.com/transmetal-tickets/artist/4363159,Transmetal,attraction,https://www.ticketmaster.com/transmetal-tickets/artist/4363159,https://s1.ticketm.net/dam/a/517/42f70fd1-897a-4054-8752-2e9c38735517_SOURCE,https://open.spotify.com/intl-es/artist/5r1YlvQfX1TfuSRWzEEPlT,,,,,,,,,,Music,Metal,Metalcore,1
K8vZ917rQhf,K8vZ917rQhf|https://www.ticketmaster.com/kapo-tickets/artist/3813104,Kapo,attraction,https://www.ticketmaster.com/kapo-tickets/artist/3813104,https://s1.ticketm.net/dam/a/8a9/03d716a1-d4b9-4f6b-9dce-84299b6dc8a9_SOURCE,,,,,,,,,,,Music,Latin,Latin Pop,3
K8vZ917O_FV,K8vZ917O_FV|https://www.ticketmaster.com/carlos-vallarino-tickets/artist/4473914,Carlos Vallarino,attraction,https://www.ticketmaster.com/carlos-vallarino-tickets/artist/4473914,https://s1.ticketm.net/dam/a/aab/deed1fb3-d2cb-45a8-b876-6049547dfaab_SOURCE,https://open.spotify.com/intl-es/artist/5d9KoTojPUrURfVQDK6KL7,,,,,,,,,,Music,Latin,Latin Pop,1
K8vZ917O_a7,K8vZ917O_a7|https://www.ticketmaster.com/mar-maria-tickets/artist/4473909,Mar María,attraction,https://www.ticketmaster.com/mar-maria-tickets/artist/4473909,https://s1.ticketm.net/dam/a/388/307d8e6b-3d3f-4d98-b147-9d31833ae388_SOURCE,https://open.spotify.com/intl-es/artist/6K2FLYn2eBtSvEye5ZeMoG,,,,,,,,,,Music,World,Latin Pop,1
K8vZ917KWm0,K8vZ917KWm0|https://www.ticketmaster.com/lngsht-tickets/artist/2173187,LNG/SHT,attraction,https://www.ticketmaster.com/lngsht-tickets/artist/2173187,https://s1.ticketm.net/dam/a/335/3794a148-7353-452b-b668-7ce7a9069335_SOURCE,,,,,,,,,,,Music,Hip-Hop/Rap,Latin Hip-Hop,1
K8vZ9175HMf,K8vZ9175HMf|https://www.ticketmaster.com/fernando-delgadillo-tickets/artist/1174042,Fernando Delgadillo,attraction,https://www.ticketmaster.com/fernando-delgadillo-tickets/artist/1174042,https://s1.ticketm.net/dam/a/e77/5b816367-d80f-41fa-84be-42b621682e77_SOURCE,https://open.spotify.com/artist/3dzMXO1RxEyQnFemhMIvnc?autoplay=true,https://www.instagram.com/fernandodelgadillooficial/?hl=es-la,https://www.youtube.com/user/FernandoDelgadilloMx,https://www.facebook.com/FernandoDelgadilloOficial,http://www.fdelgadillo.com.mx/,https://twitter.com/DelgadilloFer,https://music.apple.com/us/artist/fernando-delgadillo/145982983,https://en.wikipedia.org/wiki/Fernando_Delgadillo,,https://musicbrainz.org/artist/80027de3-3b27-423c-b963-46d8c987202e,Music,World,Trova,3
K8vZ917fwIV,K8vZ917fwIV|https://www.ticketmaster.com/los-panchos-tickets/artist/2250936,Los Panchos,attraction,https://www.ticketmaster.com/los-panchos-tickets/artist/2250936,https://s1.ticketm.net/dam/a/998/31208b2b-0f7f-4989-ad7f-f6d36df29998_SOURCE,,,,,,,,,,,Music,World,Latin,2
K8vZ917qA-V,K8vZ917qA-V|https://www.ticketmaster.com/peces-raros-tickets/artist/3191283,Peces Raros,attraction,https://www.ticketmaster.com/peces-raros-tickets/artist/3191283,https://s1.ticketm.net/dam/a/b99/c0835b8c-c82a-4017-9447-efd34436eb99_SOURCE,,,https://www.youtube.com/channel/UCJxrtr-w94m7vzifcs2lA8w,,,,,,,,Music,Dance/Electronic,Dance/Electronic,2
K8vZ917OOr7,K8vZ917OOr7|https://www.ticketmaster.com/tombochio-tickets/artist/4497719,Tombochio,attraction,https://www.ticketmaster.com/tombochio-tickets/artist/4497719,https://s1.ticketm.net/dam/a/3a5/f2000650-6125-44d4-8f2b-b06e758693a5_SOURCE,https://open.spotify.com/intl-es/artist/76yamFWr2gZGn03EaAbX2r,https://www.instagram.com/tombochio/,https://www.youtube.com/channel/UCDmxAfLQSlYHv-Cls7IfWSQ,,,,,,,,Music,Latin,Latin,1
K8vZ917hE_f,K8vZ917hE_f|https://www.ticketmaster.com/rubio-tickets/artist/3045079,Rubio,attraction,https://www.ticketmaster.com/rubio-tickets/artist/3045079,https://s1.ticketm.net/dam/a/e5f/cbef6c0a-2199-4717-b422-b028bd861e5f_SOURCE,,,,,,,,,,,Music,Latin,Latin,2
K8vZ917Lv70,K8vZ917Lv70|https://www.ticketmaster.com/los-de-aguilera-tickets/artist/4136044,Los De Aguilera,attraction,https://www.ticketmaster.com/los-de-aguilera-tickets/artist/4136044,https://s1.ticketm.net/dam/a/27b/d86c6649-c46b-4f97-85c8-5b8948fb927b_SOURCE,,,https://youtube.com/@losdeaguilera,,,,,,,,Music,Latin,Latin,1
K8vZ917OzLV,K8vZ917OzLV|https://www.ticketmaster.com/coro-acardenchado-tickets/artist/4551584,Coro Acardenchado,attraction,https://www.ticketmaster.com/coro-acardenchado-tickets/artist/4551584,https://s1.ticketm.net/dam/a/0aa/d0ea0c17-711a-4e5b-b5cf-953d175040aa_SOURCE,https://open.spotify.com/intl-es/artist/5ugglsBF3ZGDYYAkXJkwuF,,,,,,,,,,Music,World,Latin,1
K8vZ917LyY7,K8vZ917LyY7|https://www.ticketmaster.com/jose-maria-tickets/artist/4370359,José María,attraction,https://www.ticketmaster.com/jose-maria-tickets/artist/4370359,https://s1.ticketm.net/dam/a/a9f/4d0903f8-34f2-495f-a8d8-7c8cdcd26a9f_SOURCE,https://open.spotify.com/intl-es/artist/0y1XgMv65pbWuGxqi83dAd,,,,,,,,,,Music,Ballads/Romantic,Ballads/Romantic,1
K8vZ917ph80,K8vZ917ph80|https://www.ticketmaster.com/pedro-y-el-lobo-tickets/artist/2427170,Pedro y el Lobo,attraction,https://www.ticketmaster.com/pedro-y-el-lobo-tickets/artist/2427170,https://s1.ticketm.net/dam/a/7b6/2c60830f-a0b3-4e01-bfb5-869f06f5d7b6_SOURCE,,,,,,,,,,,Music,Classical,Classical/Vocal,2
K8vZ917O6D0,K8vZ917O6D0|https://www.ticketmaster.com/jose-y-el-toro-tickets/artist/4441739,José y el Toro,attraction,https://www.ticketmaster.com/jose-y-el-toro-tickets/artist/4441739,https://s1.ticketm.net/dam/a/2da/509f22a0-ccaa-4c1f-a789-3ce6fb5a32da_SOURCE,https://open.spotify.com/intl-es/artist/5Bq8Ri1jFba5clhChG8Cex,,,,,,,,,,Music,Ballads/Romantic,Ballads/Romantic,1
K8vZ917Ot1V,K8vZ917Ot1V|https://www.ticketmaster.com/sin-fronteras-tickets/artist/4512619,Sin Fronteras,attraction,https://www.ticketmaster.com/sin-fronteras-tickets/artist/4512619,https://s1.ticketm.net/dam/a/397/62795613-a5e4-455f-926a-857c437b7397_SOURCE,,https://www.instagram.com/sinfronterasduet,,,,,,,,,Music,Ballads/Romantic,Ballads/Romantic,1
K8vZ9178Vi0,K8vZ9178Vi0|https://www.ticketmaster.com/beto-cuevas-tickets/artist/1195445,Beto Cuevas,attraction,https://www.ticketmaster.com/beto-cuevas-tickets/artist/1195445,https://s1.ticketm.net/dam/a/bfe/61634972-efb1-40cd-bfee-36baeef61bfe_SOURCE,https://open.spotify.com/artist/0kUZTk2JLPEAUyCWoN6eoL?autoplay=true,https://www.instagram.com/iambetocuevas/,https://www.youtube.com/channel/UCZryR0YkQwuPpUnP8--isMg,https://www.facebook.com/BetoCuevasOficial/,,,https://music.apple.com/us/artist/beto-cuevas/135269799,https://en.wikipedia.org/wiki/Beto_Cuevas,,https://musicbrainz.org/artist/f61cb5d3-795e-40fe-bb50-984d25c04e6a,Music,World,Latin,1
K8vZ917hdIf,K8vZ917hdIf|https://www.ticketmaster.com/majo-aguilar-tickets/artist/2965593,Majo Aguilar,attraction,https://www.ticketmaster.com/majo-aguilar-tickets/artist/2965593,https://s1.ticketm.net/dam/a/246/749a2e58-bec4-4fda-96a5-76d30700e246_SOURCE,,,,,,,,,,https://musicbrainz.org/artist/818d11de-dbf7-4640-9562-fb244a77b63e,Music,World,Mariachi,4
K8vZ917bkvf,K8vZ917bkvf|https://www.ticketmaster.com/maria-leon-tickets/artist/2642430,María León,attraction,https://www.ticketmaster.com/maria-leon-tickets/artist/2642430,https://s1.ticketm.net/dam/a/189/47f0c30b-8232-4b60-bd27-60ffaf1bc189_SOURCE,,,,,,,,,,,Music,Ballads/Romantic,Ballads/Romantic,1
K8vZ9175Hp7,K8vZ9175Hp7|https://www.ticketmaster.com/edgar-oceransky-tickets/artist/1213522,Edgar Oceransky,attraction,https://www.ticketmaster.com/edgar-oceransky-tickets/artist/1213522,https://s1.ticketm.net/dam/a/6d0/14027768-438e-434f-a72d-94b84beb06d0_SOURCE,https://open.spotify.com/artist/6genEcweKnEZ92TZvdeLFl?autoplay=true,https://www.instagram.com/eoceransky/,https://www.youtube.com/channel/UCJ7soMOf6KPWojkEhZtSiWA,https://www.facebook.com/eoceransky,http://edgaroceransky.com/,https://mobile.twitter.com/edgaroceransky,https://music.apple.com/us/artist/edgar-oceransky/146758660,,,https://musicbrainz.org/artist/f2e535c3-bb81-498d-8814-cc4f059d0453,Music,World,Trova,1
K8vZ917poK7,K8vZ917poK7|https://www.ticketmaster.com/daniele-di-bonaventura-tickets/artist/2409595,Daniele di Bonaventura,attraction,https://www.ticketmaster.com/daniele-di-bonaventura-tickets/artist/2409595,https://s1.ticketm.net/dam/c/bea/03d47f66-d37b-4aca-aa17-0135be64dbea_105801_TABLET_LANDSCAPE_LARGE_16_9.jpg,,,,,,,,,,,Music,Jazz,Jazz,1
K8vZ917KBp0,K8vZ917KBp0|https://www.ticketmaster.com/carlos-cuevas-tickets/artist/788221,Carlos Cuevas,attraction,https://www.ticketmaster.com/carlos-cuevas-tickets/artist/788221,https://s1.ticketm.net/dam/a/2f1/8a3a4155-32d1-4598-b484-3847205582f1_SOURCE,,,,,,,,,,,Music,World,Latin,1
K8vZ917O_cV,K8vZ917O_cV|https://www.ticketmaster.com/miguel-inzunza-tickets/artist/4466999,Miguel Inzunza,attraction,https://www.ticketmaster.com/miguel-inzunza-tickets/artist/4466999,https://s1.ticketm.net/dam/a/6f3/05a0228a-87a5-4cca-9227-91023b6966f3_SOURCE,,https://www.instagram.com/miguelinzunza,,,,,,,,,Music,Ballads/Romantic,Ballads/Romantic,1
K8vZ917bGP7,K8vZ917bGP7|https://www.ticketmaster.com/kalimba-tickets/artist/2655217,Kalimba,attraction,https://www.ticketmaster.com/kalimba-tickets/artist/2655217,https://s1.ticketm.net/dam/a/fd3/98494942-cacb-44d8-b8e1-27614fe11fd3_SOURCE,,,,,,,,,,,Music,Latin,Latin,10
K8vZ917qJg7,K8vZ917qJg7|https://www.ticketmaster.com/la-caravana-del-amor-tickets/artist/3408434,La Caravana del Amor,attraction,https://www.ticketmaster.com/la-caravana-del-amor-tickets/artist/3408434,https://s1.ticketm.net/dam/a/1d8/b128fc0c-a040-4bc9-a6ea-85dc573321d8_SOURCE,,,,,,,,,,,Music,Ballads/Romantic,Ballads/Romantic,1
K8vZ917ohU0,K8vZ917ohU0|https://www.ticketmaster.com/christian-sands-tickets/artist/1887566,Christian Sands,attraction,https://www.ticketmaster.com/christian-sands-tickets/artist/1887566,https://s1.ticketm.net/dam/a/9d0/434064b3-cefa-4e7a-b7bf-66c915e289d0_SOURCE,https://open.spotify.com/artist/1OVmnAhTevnwsr902sVIjU,https://www.instagram.com/christiansandsjazz/,https://www.youtube.com/channel/UCNZvU1tGjKrSA9JandjNxzQ,https://www.facebook.com/christiansandsjazz,http://christiansandsjazz.com/,https://twitter.com/christiansands1,https://music.apple.com/us/artist/christian-sands/272387208,,,https://musicbrainz.org/artist/6ed57886-30f5-46cd-8388-8fc7632ccf06,Music,Jazz,Jazz,3
K8vZ917hR1f,K8vZ917hR1f|https://www.ticketmaster.com/estela-nunez-y-jorge-muniz-tickets/artist/3057743,Estela Nuñez y Jorge Muñiz,attraction,https://www.ticketmaster.com/estela-nunez-y-jorge-muniz-tickets/artist/3057743,https://s1.ticketm.net/dam/a/2e3/0a570017-3691-402f-b641-3c37355772e3_SOURCE,,,,,,,,,,,Music,Ballads/Romantic,Ballads/Romantic,1
K8vZ917-ZeV,K8vZ917-ZeV|https://www.ticketmaster.com/rainao-tickets/artist/4569944,RaiNao,attraction,https://www.ticketmaster.com/rainao-tickets/artist/4569944,https://s1.ticketm.net/dam/a/31a/0846d166-e799-45d9-9af5-13f27414c31a_SOURCE,,,,,,,,,,,Music,R&B,R&B,5
K8vZ917CcN0,K8vZ917CcN0|https://www.ticketmaster.com/time-warp-tickets/artist/1614189,Time Warp,attraction,https://www.ticketmaster.com/time-warp-tickets/artist/1614189,https://s1.ticketm.net/dam/a/8a5/2cf50619-6e33-48f2-b52c-6f808fbe08a5_SOURCE,,,,,,,,,,,Music,Undefined,Undefined,31
K8vZ917C_IV,K8vZ917C_IV|https://www.ticketmaster.com/francisca-valenzuela-tickets/artist/1588090,Francisca Valenzuela,attraction,https://www.ticketmaster.com/francisca-valenzuela-tickets/artist/1588090,https://s1.ticketm.net/dam/a/16f/34ee983b-af01-4476-89aa-2e088ed5e16f_SOURCE,,,,,,,,,,,Music,World,Latin,4
K8vZ917rCf7,K8vZ917rCf7|https://www.ticketmaster.com/nuestros-boleros-de-cantina-carlos-carreira-tickets/artist/3724349,Nuestros Boleros de Cantina. Carlos Carreira y Salvador Aponte.,attraction,https://www.ticketmaster.com/nuestros-boleros-de-cantina-carlos-carreira-tickets/artist/3724349,https://s1.ticketm.net/dam/a/a55/7d8e00e5-6d2c-4fdf-9912-a2cd5789da55_SOURCE,,https://www.instagram.com/carloscarreiraoficial,,,,,,,,,Music,Ballads/Romantic,Ballads/Romantic,1
K8vZ9171aqV,K8vZ9171aqV|https://www.ticketmaster.com/menudo-tickets/artist/751999,Menudo,attraction,https://www.ticketmaster.com/menudo-tickets/artist/751999,https://s1.ticketm.net/dam/a/e1f/04f49382-9e94-4d7f-853f-c3c69e143e1f_SOURCE,,,,,,,,,,,Music,World,Latin,6
K8vZ917QwDf,K8vZ917QwDf|https://www.ticketmaster.com/piaf-symphonique-tickets/artist/2940426,Piaf Symphonique,attraction,https://www.ticketmaster.com/piaf-symphonique-tickets/artist/2940426,https://s1.ticketm.net/dam/c/0d2/1201f713-3288-4790-854a-ae42895450d2_105931_TABLET_LANDSCAPE_LARGE_16_9.jpg,,,,,,,,,,,Music,Chanson Francaise,Chanson Francaise,1
K8vZ917GaFV,K8vZ917GaFV|https://www.ticketmaster.com/los-angeles-negros-tickets/artist/1325997,Los Angeles Negros,attraction,https://www.ticketmaster.com/los-angeles-negros-tickets/artist/1325997,https://s1.ticketm.net/dam/a/c86/f983ca45-fd13-40c8-98bf-dcd24290dc86_SOURCE,,,,,,,,,,https://musicbrainz.org/artist/3febb873-0757-47a2-b9cb-baa2cf0e5b91,Music,World,Latin,2
K8vZ9172aSf,K8vZ9172aSf|https://www.ticketmaster.com/nacho-vegas-tickets/artist/1660442,Nacho Vegas,attraction,https://www.ticketmaster.com/nacho-vegas-tickets/artist/1660442,https://s1.ticketm.net/dam/c/548/5fefbd1c-973b-4b0e-9b2e-d78e4ce37548_106111_TABLET_LANDSCAPE_LARGE_16_9.jpg,https://open.spotify.com/artist/14CMndDKSsMSvZYXFLZRfn,https://www.instagram.com/nachovegasig/,https://www.youtube.com/channel/UCfQjJFNBl6yt9yeqYtnEo3A,https://www.facebook.com/nachovegasoficial/,https://nachovegas.net/,https://twitter.com/NachoVegasTwit,https://music.apple.com/us/artist/nacho-vegas/153050813,,,https://musicbrainz.org/artist/bdf93e3a-4101-46f9-8110-a942900bbaac,Music,World,Trova,3
K8vZ917rpkf,K8vZ917rpkf|https://www.ticketmaster.com/rz-tickets/artist/3781034,Røz,attraction,https://www.ticketmaster.com/rz-tickets/artist/3781034,https://s1.ticketm.net/dam/a/403/ddb22a4e-4f6d-4eaa-8292-d6801d596403_SOURCE,https://open.spotify.com/intl-es/artist/0aULg7LximLNhI6lLzxcXI,https://www.instagram.com/roz.wavvv/,,https://www.facebook.com/wearerozz/,https://roz.mx/,,,,,,Music,Dance/Electronic,Dance/Electronic,14
K8vZ917j_uf,K8vZ917j_uf|https://www.ticketmaster.com/nasa-histoires-tickets/artist/3112934,Nasa Histoires,attraction,https://www.ticketmaster.com/nasa-histoires-tickets/artist/3112934,https://s1.ticketm.net/dam/a/b3f/a4312982-c048-4db6-a32f-c8cca130cb3f_SOURCE,,,,,https://nasahistoires.com/,,,,,,Music,Other,Other,1
K8vZ9178-Gf,K8vZ9178-Gf|https://www.ticketmaster.com/rodrigo-de-la-cadena-tickets/artist/1799215,Rodrigo De La Cadena,attraction,https://www.ticketmaster.com/rodrigo-de-la-cadena-tickets/artist/1799215,https://s1.ticketm.net/dam/a/604/497af04a-4d68-48ca-b81a-93a78d1f6604_SOURCE,,,,,,,,,,,Music,Ballads/Romantic,Ballads/Romantic,1
K8vZ9173L80,K8vZ9173L80|https://www.ticketmaster.com/manuel-garcia-tickets/artist/1995730,Manuel Garcia,attraction,https://www.ticketmaster.com/manuel-garcia-tickets/artist/1995730,https://s1.ticketm.net/dam/a/49d/04378786-c1dc-4a01-85f5-84fb9c5f149d_SOURCE,,,,,,,,,,https://musicbrainz.org/artist/4855207b-0853-4ed3-b835-2b6726bd1ef8,Music,World,Latin,1
K8vZ917h4Q7,K8vZ917h4Q7|https://www.ticketmaster.com/i-love-dance-tickets/artist/3005741,I Love Dance,attraction,https://www.ticketmaster.com/i-love-dance-tickets/artist/3005741,https://s1.ticketm.net/dam/a/1eb/589c46a9-9228-482a-90fa-e11c25d461eb_SOURCE,,,,,,,,,,,Music,Undefined,Undefined,1
K8vZ917hpof,K8vZ917hpof|https://www.ticketmaster.com/lit-killah-tickets/artist/3006150,LIT Killah,attraction,https://www.ticketmaster.com/lit-killah-tickets/artist/3006150,https://s1.ticketm.net/dam/a/f4b/b8030b0b-8690-49b2-bb19-36526f84ff4b_SOURCE,,,,,,,,,,,Music,Hip-Hop/Rap,Urban,1
K8vZ917pvU0,K8vZ917pvU0|https://www.ticketmaster.com/javiera-mena-tickets/artist/2377779,Javiera Mena,attraction,https://www.ticketmaster.com/javiera-mena-tickets/artist/2377779,https://s1.ticketm.net/dam/a/5d4/67a2a747-5429-4aa6-a75e-43597f06f5d4_SOURCE,,,,,,,,,,,Music,World,Latin,2
K8vZ917pjG0,K8vZ917pjG0|https://www.ticketmaster.com/dragon-ball-live-symphonic-tickets/artist/2430870,Dragon Ball Live Symphonic,attraction,https://www.ticketmaster.com/dragon-ball-live-symphonic-tickets/artist/2430870,https://s1.ticketm.net/dam/a/0fa/405c8379-716d-4fa0-85e5-0f275decb0fa_SOURCE,,https://www.instagram.com/dragonballsymphonic/?hl=en,,https://www.facebook.com/DBSymphonicAdventure/,,,,,,,Music,Classical,Classical/Vocal,1
K8vZ917Oatf,K8vZ917Oatf|https://www.ticketmaster.com/leyendas-de-la-cumbia-tickets/artist/4388299,Leyendas de la Cumbia,attraction,https://www.ticketmaster.com/leyendas-de-la-cumbia-tickets/artist/4388299,https://s1.ticketm.net/dam/a/3b3/e3c64e30-b17a-454b-aeb2-ad55241153b3_SOURCE,,,,,,,,,,,Music,World,Cumbia,1
K8vZ9174SZ7,K8vZ9174SZ7|https://www.ticketmaster.com/los-socios-del-ritmo-tickets/artist/2337369,Los Socios del Ritmo,attraction,https://www.ticketmaster.com/los-socios-del-ritmo-tickets/artist/2337369,https://s1.ticketm.net/dam/c/548/5fefbd1c-973b-4b0e-9b2e-d78e4ce37548_106111_TABLET_LANDSCAPE_LARGE_16_9.jpg,,,,,,,,,,https://musicbrainz.org/artist/810b3a60-8645-43a9-9394-eab5075deef8,Music,World,Latin,2
K8vZ9174IGf,K8vZ9174IGf|https://www.ticketmaster.com/santiago-cruz-tickets/artist/2309146,Santiago Cruz,attraction,https://www.ticketmaster.com/santiago-cruz-tickets/artist/2309146,https://s1.ticketm.net/dam/a/826/89e48167-c8f5-4f77-a03e-92e5b588b826_SOURCE,https://open.spotify.com/artist/5ClJtuiNlr83ua45Dvpcf7?autoplay=true,https://www.instagram.com/santicruz/,https://www.youtube.com/user/SantiagoCruzVideo,https://www.facebook.com/santiagocruzmusica/,https://www.santiagocruz.co,https://twitter.com/SantiCruz,https://music.apple.com/ca/artist/santiago-cruz/337176959,,,https://musicbrainz.org/artist/e0a428d4-8ef7-4dbb-b112-40da0c5ebee1,Music,World,Latin,6
K8vZ917_kVf,K8vZ917_kVf|https://www.ticketmaster.com/paula-mattheus-tickets/artist/2770043,Paula Mattheus,attraction,https://www.ticketmaster.com/paula-mattheus-tickets/artist/2770043,https://s1.ticketm.net/dam/a/f38/82404210-c935-47dc-acb0-49c8a5465f38_SOURCE,,,,,,,,,,,Music,Other,Other,1
K8vZ9172cDV,K8vZ9172cDV|https://www.ticketmaster.com/julio-preciado-tickets/artist/796690,Julio Preciado,attraction,https://www.ticketmaster.com/julio-preciado-tickets/artist/796690,https://s1.ticketm.net/dam/a/280/7c95e381-08bb-4ae8-a959-754928f25280_SOURCE,,,,,,,,,,,Music,World,Latin,4
K8vZ917b1sf,K8vZ917b1sf|https://www.ticketmaster.com/les-legendes-de-la-salsa-hommage-tickets/artist/2653099,Les Légendes de la Salsa - Hommage à Héctor Lavoe,attraction,https://www.ticketmaster.com/les-legendes-de-la-salsa-hommage-tickets/artist/2653099,https://s1.ticketm.net/dam/a/5ab/6738255d-246b-450c-adb5-d513df6425ab_SOURCE,,,,,,,,,,,Music,World,Latin,2
K8vZ917_ZA0,K8vZ917_ZA0|https://www.ticketmaster.com/flor-amargo-tickets/artist/2522438,Flor Amargo,attraction,https://www.ticketmaster.com/flor-amargo-tickets/artist/2522438,https://s1.ticketm.net/dam/a/2ce/6c0486ac-7096-4a7f-8ad1-d544e9add2ce_SOURCE,,,,,,,,,,,Music,Ballads/Romantic,Ballads/Romantic,1
K8vZ9179Tf7,K8vZ9179Tf7|https://www.ticketmaster.com/carolina-ross-tickets/artist/2621613,Carolina Ross,attraction,https://www.ticketmaster.com/carolina-ross-tickets/artist/2621613,https://s1.ticketm.net/dam/a/e00/c35ae1cf-9421-43a0-9b8b-d5c833adfe00_SOURCE,https://open.spotify.com/artist/5wx70QuZtxRUIIYek3RSaV?autoplay=true,https://www.instagram.com/carolinaross/?hl=en,https://www.youtube.com/channel/UCYy5GwfbX8QB8F-KFZC0Xmg,https://www.facebook.com/carolinarossmusic/,,https://twitter.com/carolinaross,https://music.apple.com/us/artist/carolina-ross/731144150,,,,Music,Latin,Latin Pop,2
K8vZ917_ewV,K8vZ917_ewV|https://www.ticketmaster.com/gala-arturo-chacon-cruz-homenaje-a-tickets/artist/2764010,Gala Arturo Chacón - Cruz Homenaje a Juan Gabriel y José José.,attraction,https://www.ticketmaster.com/gala-arturo-chacon-cruz-homenaje-a-tickets/artist/2764010,https://s1.ticketm.net/dam/a/65e/98fd000f-1e31-432c-978d-7ac7c449565e_SOURCE,,,,,,,,,,,Arts & Theatre,Opera,Opera,1
K8vZ917hxcV,K8vZ917hxcV|https://www.ticketmaster.com/mariachi-gama-1000-tickets/artist/3037963,Mariachi Gama 1000,attraction,https://www.ticketmaster.com/mariachi-gama-1000-tickets/artist/3037963,https://s1.ticketm.net/dam/a/e5d/bdae2d18-d9f8-4e6f-9497-b51ea3aeee5d_SOURCE,,,,,,,,,,,Music,Latin,Latin Folk,1
K8vZ9171a90,K8vZ9171a90|https://www.ticketmaster.com/chayanne-tickets/artist/754853,Chayanne,attraction,https://www.ticketmaster.com/chayanne-tickets/artist/754853,https://s1.ticketm.net/dam/a/8d1/274af277-90d0-4cfb-87aa-76dc679f98d1_SOURCE,https://open.spotify.com/artist/1JbemQ1fPt2YmSLjAFhPBv,https://www.instagram.com/chayanne/,https://www.youtube.com/user/chayanne,https://www.facebook.com/CHAYANNE,http://www.chayanne.net/,https://twitter.com/CHAYANNEMUSIC,https://music.apple.com/us/artist/chayanne/1313256,https://en.wikipedia.org/wiki/Chayanne,,https://musicbrainz.org/artist/327e24c0-95b4-4754-b509-108dc7f8abfa,Music,World,Latin,25
K8vZ9171hn0,K8vZ9171hn0|https://www.ticketmaster.com/marco-antonio-solis-tickets/artist/781016,Marco Antonio Solis,attraction,https://www.ticketmaster.com/marco-antonio-solis-tickets/artist/781016,https://s1.ticketm.net/dam/a/8c1/d6bb3c51-df0f-46f1-bb08-ba0d1a5c88c1_SOURCE,https://open.spotify.com/artist/3tJnB0s6c3oXPq1SCCavnd?autoplay=true,http://www.instagram.com/marcoantoniosolis_oficial,http://youtube.com/user/MarcoASolisOficial,http://facebook.com/marcoantoniosolis,http://www.marcoantoniosolis.com/,http://twitter.com/marcoasolis,https://music.apple.com/ca/artist/marco-antonio-sol%C3%ADs/332900,https://en.wikipedia.org/wiki/Marco_Antonio_Sol%C3%ADs,,https://musicbrainz.org/artist/006631f4-5214-49ff-a386-a064853d1a1e,Music,World,Latin,25
K8vZ9171h9V,K8vZ9171h9V|https://www.ticketmaster.com/marc-anthony-tickets/artist/759949,Marc Anthony,attraction,https://www.ticketmaster.com/marc-anthony-tickets/artist/759949,https://s1.ticketm.net/dam/a/51e/c626e475-2fba-4ee0-a5a9-3095897a651e_SOURCE,https://open.spotify.com/artist/4wLXwxDeWQ8mtUIRPxGiD6,https://www.instagram.com/marcanthony/,https://www.youtube.com/channel/UCiKsRIULyLr783nNZm-JlAQ,https://www.facebook.com/officialmarcanthony,http://www.marcanthonyonline.com/,https://twitter.com/MarcAnthony,https://music.apple.com/us/artist/marc-anthony/217029,https://en.wikipedia.org/wiki/Marc_Anthony,http://www.last.fm/music/Marc+Anthony,https://musicbrainz.org/artist/25607613-aceb-445a-8519-83a2ee0f8402,Music,World,Latin,19
K8vZ917fhof,K8vZ917fhof|https://www.ticketmaster.com/fonseca-tickets/artist/1108359,Fonseca,attraction,https://www.ticketmaster.com/fonseca-tickets/artist/1108359,https://s1.ticketm.net/dam/a/5f4/f9a9173b-8249-431f-ac8d-95dbfec145f4_SOURCE,https://open.spotify.com/artist/53KTldaJ8tHSkYU3nigfwP?autoplay=true,https://www.instagram.com/fonsecamusic/,https://www.youtube.com/channel/UCN-HqNdnAcE509lcEAnWBpQ,https://www.facebook.com/fonsecamusic/,,https://twitter.com/Fonseca,https://music.apple.com/us/artist/fonseca/128327252,https://en.wikipedia.org/wiki/Fonseca_(singer),,https://musicbrainz.org/artist/f84e0f7d-86b0-4957-8b17-6b46d6e47246,Music,World,Latin,2
K8vZ917G6w7,K8vZ917G6w7|https://www.ticketmaster.com/insite-tickets/artist/1168377,Insite,attraction,https://www.ticketmaster.com/insite-tickets/artist/1168377,https://s1.ticketm.net/dam/c/fbc/b293c0ad-c904-4215-bc59-8d7f2414dfbc_106141_TABLET_LANDSCAPE_LARGE_16_9.jpg,https://open.spotify.com/artist/2Dh7EC5nA37i7JH3UNB8YX,https://www.instagram.com/insitemusic,https://www.youtube.com/@insitemexicali,https://www.facebook.com/insitemusic,,https://twitter.com/rockinsite,https://music.apple.com/mx/artist/insite/1606153104?l=en-GB,,,https://musicbrainz.org/artist/e8fb0272-5d1d-429d-98eb-19a4b7df7249,Music,Rock,Pop,1
K8vZ917G2Sf,K8vZ917G2Sf|https://www.ticketmaster.com/the-rasmus-tickets/artist/941617,The Rasmus,attraction,https://www.ticketmaster.com/the-rasmus-tickets/artist/941617,https://s1.ticketm.net/dam/a/056/7983bf07-b369-4110-a7a3-18a895089056_SOURCE,https://open.spotify.com/artist/76ptJV8617638xrpeoUtzl,https://www.instagram.com/therasmusofficial/,https://www.youtube.com/channel/UCDhEg3ByjFIju7bD4jhrctw,https://www.facebook.com/therasmusofficial/,http://therasmus.com/,,https://music.apple.com/us/artist/the-rasmus/6929309,https://en.wikipedia.org/wiki/The_Rasmus,http://www.last.fm/music/The+Rasmus,https://musicbrainz.org/artist/012e3432-71d3-4317-9ce5-b60cb6cdc38f,Music,Rock,Pop,32
K8vZ917pevf,K8vZ917pevf|https://www.ticketmaster.com/soy-luna-tickets/artist/2378559,Soy Luna,attraction,https://www.ticketmaster.com/soy-luna-tickets/artist/2378559,https://s1.ticketm.net/dam/a/5a0/fcd2960a-d7eb-43a8-a53c-4a8790e895a0_SOURCE,,,,,,,https://music.apple.com/us/album/soy-luna/1440805457,,,,Music,Pop,Pop,1
K8vZ91716M7,K8vZ91716M7|https://www.ticketmaster.com/a-flock-of-seagulls-tickets/artist/735094,A Flock of Seagulls,attraction,https://www.ticketmaster.com/a-flock-of-seagulls-tickets/artist/735094,https://s1.ticketm.net/dam/a/473/f04d9301-699a-4f6f-a468-6de6217ae473_SOURCE,https://open.spotify.com/artist/0uAjBatvB4ubpd4kCfjmNt,https://www.instagram.com/seagullsrunning/,https://www.youtube.com/channel/UCOuWMkubZ_Vfvr_B6O8qvbg,https://www.facebook.com/AFlockOfSeagullsOfficial,https://www.aflockofseagulls.org,https://mobile.twitter.com/seagullsrunning,https://music.apple.com/us/artist/a-flock-of-seagulls/2323031,https://en.wikipedia.org/wiki/A_Flock_of_Seagulls,,https://musicbrainz.org/artist/aaa436da-b331-4e58-a0fd-3d64d090c120,Music,Rock,Alternative Rock,12
K8vZ9171Fn7,K8vZ9171Fn7|https://www.ticketmaster.com/gene-loves-jezebel-tickets/artist/740962,Gene Loves Jezebel,attraction,https://www.ticketmaster.com/gene-loves-jezebel-tickets/artist/740962,https://s1.ticketm.net/dam/c/fbc/b293c0ad-c904-4215-bc59-8d7f2414dfbc_106141_TABLET_LANDSCAPE_LARGE_16_9.jpg,https://open.spotify.com/artist/4Egyhh5C7MvfJaWXFx1qc4,,https://www.youtube.com/user/officialgenelovesjez,https://www.facebook.com/GeneLovesJezebelOfficial/,http://www.genelovesjezebel.com/,https://mobile.twitter.com/geneluvsjezebel,https://music.apple.com/us/artist/gene-loves-jezebel/3025002,https://en.wikipedia.org/wiki/Gene_Loves_Jezebel,,https://musicbrainz.org/artist/d72c9ab4-0b73-44e3-8601-c4da02a43b25,Music,Rock,Alternative Rock,3
K8vZ917orZ0,K8vZ917orZ0|https://www.ticketmaster.com/pandora-tickets/artist/753219,Pandora,attraction,https://www.ticketmaster.com/pandora-tickets/artist/753219,https://s1.ticketm.net/dam/a/236/5d7af509-4a49-41d5-996e-88f1498ec236_SOURCE,,,,,,,,,,,Music,World,Latin,1
K8vZ9171hUV,K8vZ9171hUV|https://www.ticketmaster.com/black-eyed-peas-tickets/artist/726127,Black Eyed Peas,attraction,https://www.ticketmaster.com/black-eyed-peas-tickets/artist/726127,https://s1.ticketm.net/dam/a/818/4aa0216d-d760-4bed-a43e-dfb75e493818_SOURCE,https://open.spotify.com/artist/1yxSLGMDHlW21z4YXirZDS,https://www.instagram.com/blackeyedpeas/,https://www.youtube.com/user/BlackEyedPeasVEVO,https://www.facebook.com/blackeyedpeas,http://www.blackeyedpeas.com/,https://twitter.com/bep,https://music.apple.com/us/artist/black-eyed-peas/360391,,http://www.last.fm/music/Black+Eyed+Peas,https://musicbrainz.org/artist/d5be5333-4171-427e-8e12-732087c6b78e,Music,Hip-Hop/Rap,Urban,1
K8vZ9171yD0,K8vZ9171yD0|https://www.ticketmaster.com/raphael-tickets/artist/733809,Raphael,attraction,https://www.ticketmaster.com/raphael-tickets/artist/733809,https://s1.ticketm.net/dam/a/030/7b40603b-4bdd-4252-b1d2-243fc780a030_SOURCE,https://open.spotify.com/artist/796OSRuB0E9Hq55uTFL9U8?si=oyCiyOB_RleiIaJ4r9bUwA&nd=1,https://www.instagram.com/raphaelartista/,https://www.youtube.com/user/RAPHAELartista,https://www.facebook.com/raphaelartista,http://www.raphaelnet.com/,https://twitter.com/RAPHAELartista,https://music.apple.com/us/artist/raphael/2421574,,,https://musicbrainz.org/artist/b34cfe02-994d-40dc-854f-bf54a23dd405,Music,World,Latin,3
K8vZ917Q5n7,K8vZ917Q5n7|https://www.ticketmaster.com/blessd-tickets/artist/2865493,BLESSD,attraction,https://www.ticketmaster.com/blessd-tickets/artist/2865493,https://s1.ticketm.net/dam/a/449/52b54ca9-0e61-412e-ae6b-c233a340a449_SOURCE,,,,,,,,,,https://musicbrainz.org/artist/d6450b43-baab-4406-8f77-d4c6abb803c1,Music,Hip-Hop/Rap,Hip-Hop/Rap,1
K8vZ917bZg0,K8vZ917bZg0|https://www.ticketmaster.com/hugel-tickets/artist/2625348,Hugel,attraction,https://www.ticketmaster.com/hugel-tickets/artist/2625348,https://s1.ticketm.net/dam/a/1ca/eec3fc1e-1790-465a-addb-6ba5e857f1ca_SOURCE,,,,,,,,,,https://musicbrainz.org/artist/eead7215-59da-45f5-b719-62f349ef4133,Music,Dance/Electronic,Dance/Electronic,11
K8vZ9171aO7,K8vZ9171aO7|https://www.ticketmaster.com/ruben-blades-tickets/artist/734158,Rubén Blades,attraction,https://www.ticketmaster.com/ruben-blades-tickets/artist/734158,https://s1.ticketm.net/dam/a/62c/ee6cd00a-a77f-4089-a66d-5d2270d7462c_SOURCE,https://open.spotify.com/artist/5BwMgvRwlq61SmknvsVIQj?autoplay=true,https://www.instagram.com/ruben.blades/,https://www.youtube.com/channel/UCvRzNVtjYH8fumDk6FvRiHQ,https://www.facebook.com/Ruben.Blades.Oficial,https://www.rubenblades.com/,https://twitter.com/rubenblades,https://music.apple.com/us/artist/rub%C3%A9n-blades/553342,,,https://musicbrainz.org/artist/f050673a-dfb3-4200-b057-bf78213de36c,Music,World,Latin,1
K8vZ917188V,K8vZ917188V|https://www.ticketmaster.com/quiet-riot-tickets/artist/735921,Quiet Riot,attraction,https://www.ticketmaster.com/quiet-riot-tickets/artist/735921,https://s1.ticketm.net/dam/a/d5b/966dd495-27a6-4c7b-9f39-a0f34bad6d5b_SOURCE,https://open.spotify.com/artist/1dLWg6m8RRhizsdqJbhyj3?autoplay=true,https://www.instagram.com/quietriotband/,,https://www.facebook.com/quietriot,https://www.quietriot.band/,,https://music.apple.com/us/artist/quiet-riot/548598,https://en.wikipedia.org/wiki/Quiet_Riot,,https://musicbrainz.org/artist/5c6acb91-4b9b-4245-b92f-e817295c4ed0,Music,Metal,Heavy Metal,6
K8vZ9175vGf,K8vZ9175vGf|https://www.ticketmaster.com/carl-cox-tickets/artist/806867,Carl Cox,attraction,https://www.ticketmaster.com/carl-cox-tickets/artist/806867,https://s1.ticketm.net/dam/a/a71/d629288b-1635-410b-a7a3-35f5826fba71_SOURCE,https://open.spotify.com/artist/19SmlbABtI4bXz864MLqOS,http://instagram.com/carlcoxofficial,https://www.youtube.com/channel/UCCrHGOX6Uoj5PndNIoRkoFw,https://www.facebook.com/carlcox247,https://carlcox.com/,https://twitter.com/Carl_Cox,https://music.apple.com/us/artist/carl-cox/2811492,,,https://musicbrainz.org/artist/467fa60c-33f6-469d-b175-7aeafef05d28,Music,Dance/Electronic,Club Dance,17
K8vZ917G130,K8vZ917G130|https://www.ticketmaster.com/sonata-arctica-tickets/artist/707456,Sonata Arctica,attraction,https://www.ticketmaster.com/sonata-arctica-tickets/artist/707456,https://s1.ticketm.net/dam/a/eec/3e781871-685c-4a8b-a10d-094a042a0eec_SOURCE,https://open.spotify.com/artist/5YeoQ1L71cXDMpSpqxOjfH,https://www.instagram.com/sonataarcticaofficial/,https://www.youtube.com/user/SONATAARCTICA,https://www.facebook.com/sonataarctica,http://sonataarctica.info/,https://twitter.com/SonataKemi,https://music.apple.com/fi/artist/sonata-arctica/29048370?,https://en.wikipedia.org/wiki/Sonata_Arctica,,https://musicbrainz.org/artist/319b1175-ced9-438f-986b-9239c3edd92d,Music,Metal,Heavy Metal,5
Z5uMVHtnMZAa1,Z5uMVHtnMZAa1|None,,attraction,,https://s1.ticketm.net/dam/c/548/5fefbd1c-973b-4b0e-9b2e-d78e4ce37548_106111_TABLET_LANDSCAPE_LARGE_16_9.jpg,,,,,,,,,,,Music,World,Flamenco,1
K8vZ917jR8f,K8vZ917jR8f|https://www.ticketmaster.com/yami-safdie-tickets/artist/3153847,Yami Safdie,attraction,https://www.ticketmaster.com/yami-safdie-tickets/artist/3153847,https://s1.ticketm.net/dam/c/80b/f3cd8d24-c3ae-4fa0-b4bc-1ba99f9b380b_106091_TABLET_LANDSCAPE_LARGE_16_9.jpg,,,,,,,,,,,Music,Hip-Hop/Rap,Reggaeton,2
K8vZ917o3TV,K8vZ917o3TV|https://www.ticketmaster.com/bareto-tickets/artist/1840018,Bareto,attraction,https://www.ticketmaster.com/bareto-tickets/artist/1840018,https://s1.ticketm.net/dam/c/548/5fefbd1c-973b-4b0e-9b2e-d78e4ce37548_106111_TABLET_LANDSCAPE_LARGE_16_9.jpg,,,,,,,,,,,Music,World,Latin,1
Z5uMVHtnMZ6v1,Z5uMVHtnMZ6v1|None,,attraction,,https://s1.ticketm.net/dam/c/548/5fefbd1c-973b-4b0e-9b2e-d78e4ce37548_106111_TABLET_LANDSCAPE_LARGE_16_9.jpg,,,,,,,,,,,Music,World,Cumbia,1
